variation_id	position	wt_aa	mut_aa	set_primary	site_label	is_ca_consensus	is_direct_ca_ligand	cys_removing	structural_coverage	ablation_status	foldx_template	ddG_withca_mean	ddG_withca_sd	ddG_withca_run1	ddG_noion_mean	ddG_noion_sd	ddG_metal_attributable	partcov_withca	partcov_fired	elec_withca	elec_noion
16421	1137	R	P			False	False	False	True	ok	1LMJ	1.935	0.009	1.935	1.745	0.1	0.19	0.0	False	0.39	0.332
16422	2307	C	S			False		True	False	no_structure											
16425	1249	C	S			False		True	False	no_structure											
16426	1663	C	R			False		True	False	no_structure											
16427	2221	C	S			False		True	False	no_structure											
16428	1117	C	Y			False	False	True	True	ok	1LMJ	3.446	0.067	3.505	3.526	0.034	-0.079	-0.0	False	-0.195	-0.193
16429	1242	C	Y	pathogenic		False		True	False	no_structure											
16431	2144	N	S	pathogenic	ca_DN_bOH	True	True	False	True	ok	1EMN	0.987	0.111	1.001	0.27	0.211	0.718	2.671	True	0.231	0.031
16432	548	N	I	pathogenic	ca_DN_bOH	True		False	False	no_structure											
16433	723	D	A	pathogenic	ca_D1	True		False	False	no_structure											
16437	2447	E	K	pathogenic	ca_EH	True		False	False	no_structure											
16438	1074	C	R			False	False	True	True	ok	1LMJ	-0.613	0.338	-0.649	-0.573	0.525	-0.04	0.0	False	-0.152	-0.497
16440	122	R	C	pathogenic		False		False	False	no_structure											
16443	1127	G	S			False	False	False	True	ok	1LMJ	8.666	0.006	8.655	8.666	0.006	-0.0	0.0	False	0.0	0.0
16444	1223	C	Y			False		True	False	no_structure											
16445	2726	R	W	benign		False		False	False	no_structure											
16446	1043	K	R			False		False	False	no_structure											
16447	1131	N	Y		ca_DN_bOH	True	True	False	True	ok	1LMJ	0.458	0.655	1.456	-0.425	0.218	0.883	1.429	True	-0.484	-0.166
16450	1265	C	R			False		True	False	no_structure											
16451	1170	R	H	benign		False		False	False	no_structure											
16453	985	G	E			False		False	False	no_structure											
16455	1013	G	R			False		False	False	no_structure											
16457	1073	E	K	pathogenic	ca_EH	True	True	False	True	ok	1LMJ	-1.203	0.033	-1.151	-1.346	0.056	0.143	0.0	False	0.102	-0.035
16460	754	Y	C	pathogenic		False		False	False	no_structure											
16461	240	R	C	pathogenic		False		False	False	no_structure											
16462	1032	C	Y			False		True	False	no_structure											
16463	1129	C	Y			False	False	True	True	ok	1LMJ	2.314	0.882	1.555	2.115	0.419	0.199	0.0	False	0.001	0.028
16464	1221	C	Y			False		True	False	no_structure											
16465	1086	C	Y			False	False	True	True	ok	1LMJ	12.235	1.818	10.095	12.738	1.892	-0.503	-0.0	False	-0.057	-0.033
16466	485	R	C	pathogenic		False		False	False	no_structure											
16469	1570	W	C			False	False	False	True	ok	1UZJ	2.931	0.109	2.861	2.931	0.109	0.0	0.0	False	0.786	0.786
16470	1570	W	C			False	False	False	True	ok	1UZJ	2.994	0.111	3.103	2.994	0.111	0.0	0.0	False	0.768	0.768
16471	1564	C	S			False	False	True	True	ok	1UZJ	4.171	0.02	4.194	4.168	0.02	0.003	0.0	False	0.0	0.0
16472	1577	C	G			False	False	True	True	ok	1UZJ	3.949	0.013	3.959	3.949	0.013	0.0	0.0	False	0.021	0.021
29696	1699	Y	C	pathogenic		False		False	False	no_structure											
29697	1762	G	S	pathogenic		False		False	False	no_structure											
29698	1728	A	T			False		False	False	no_structure											
29699	1696	Y	C	pathogenic		False		False	False	no_structure											
29700	1750	S	R			False		False	False	no_structure											
29701	1700	Y	C	pathogenic		False		False	False	no_structure											
36034	545	R	H	vus		False		False	False	no_structure											
36042	650	R	C	pathogenic		False		False	False	no_structure											
36043	685	C	W	pathogenic		False		True	False	no_structure											
36045	686	A	D			False		False	False	no_structure											
36047	790	C	S	pathogenic		False		True	False	no_structure											
36051	827	S	P	vus	ca_backbone_3	False	True	False	True	ok	2W86	3.466	0.014	3.48	3.187	0.013	0.279	0.0	False	-0.088	0.018
36052	836	S	R	vus		False	False	False	True	ok	2W86	-1.769	0.487	-1.22	-1.769	0.487	0.0	0.0	False	-2.262	-2.262
36053	848	T	P			False	False	False	True	ok	2W86	6.819	0.391	6.43	6.819	0.391	0.0	0.0	False	0.001	0.001
36055	89	C	S			False		True	False	no_structure											
36056	893	D	H			False	False	False	True	ok	2W86	-1.036	0.023	-1.027	-1.048	0.023	0.012	0.0	False	1.16	1.157
36060	986	A	T	benign		False		False	False	no_structure											
36061	1009	P	R			False		False	False	no_structure											
36065	1148	P	A	benign		False	False	False	True	ok	1LMJ	0.531	0.004	0.531	0.53	0.005	0.001	0.0	False	0.0	-0.0
36067	1187	H	R			False		False	False	no_structure											
36073	1389	C	G			False		True	False	no_structure											
36074	1481	S	G	benign		False		False	False	no_structure											
36076	1489	N	K	pathogenic	ca_DN2	True	False	False	True	ok	1UZJ	-0.039	0.234	0.263	-0.126	0.211	0.087	0.0	False	-0.147	-0.146
36077	152	S	C			False		False	False	no_structure											
36078	1530	R	C	pathogenic		False	False	False	True	ok	1UZJ	3.086	0.474	2.709	3.086	0.474	0.0	0.0	False	2.866	2.866
36079	1562	C	S			False	False	True	True	ok	1UZJ	3.578	0.013	3.588	3.578	0.013	0.0	0.0	False	0.0	0.0
36083	162	A	T	vus		False		False	False	no_structure											
36090	1851	N	S		ca_DN2	True		False	False	no_structure											
36091	186	C	R			False		True	False	no_structure											
36092	1891	D	H	pathogenic	ca_D1	True		False	False	no_structure											
36094	19	S	F			False		False	False	no_structure											
36097	2025	A	S	benign		False		False	False	no_structure											
36100	2129	D	Y		ca_DN2	True	False	False	True	ok	1EMN	-1.142	0.195	-1.305	-1.144	0.088	0.002	-0.0	False	0.276	0.343
36101	217	W	G			False		False	False	no_structure											
36104	2234	V	M	benign		False		False	False	no_structure											
36107	2269	I	T	pathogenic		False		False	False	no_structure											
36108	2278	P	S	benign		False		False	False	no_structure											
36109	2324	A	T			False		False	False	no_structure											
36111	2358	V	I			False		False	False	no_structure											
36112	2410	H	P			False		False	False	no_structure											
36115	2471	P	R			False		False	False	no_structure											
36116	2556	F	V			False		False	False	no_structure											
36118	2576	R	C	pathogenic		False		False	False	no_structure											
36122	2627	G	R	pathogenic		False		False	False	no_structure											
36123	2633	C	S			False		True	False	no_structure											
36124	2667	E	K			False		False	False	no_structure											
36126	2740	N	S			False		False	False	no_structure											
36129	2771	V	I			False		False	False	no_structure											
36130	28	N	S			False		False	False	no_structure											
36133	329	I	T	benign		False		False	False	no_structure											
39667	974	R	C	pathogenic		False		False	False	no_structure											
42288	534	C	Y	pathogenic		False		True	False	no_structure											
42291	559	A	V	vus		False		False	False	no_structure											
42293	615	N	S	vus	ca_DN2	True		False	False	no_structure											
42294	616	E	K		ca_EH	True		False	False	no_structure											
42295	62	R	C	pathogenic		False		False	False	no_structure											
42296	62	R	H			False		False	False	no_structure											
42299	730	D	N	vus		False		False	False	no_structure											
42300	748	C	R	pathogenic		False		True	False	no_structure											
42301	781	C	R	pathogenic		False		True	False	no_structure											
42302	80	C	Y	pathogenic		False		True	False	no_structure											
42305	816	C	S			False	False	True	True	ok	2W86	4.633	0.012	4.634	4.633	0.012	0.0	0.0	False	0.0	0.0
42306	816	C	W			False	False	True	True	ok	2W86	18.149	0.176	18.064	18.143	0.172	0.006	0.0	False	0.001	-0.0
42309	830	C	G			False	False	True	True	ok	2W86	4.211	0.046	4.159	4.166	0.045	0.044	0.0	False	0.02	0.007
42310	830	C	S	pathogenic		False	False	True	True	ok	2W86	5.377	0.09	5.364	5.331	0.094	0.046	0.0	False	0.021	0.007
42311	832	C	Y	pathogenic		False	False	True	True	ok	2W86	2.511	0.398	2.218	2.511	0.398	0.0	0.0	False	-0.0	-0.0
42312	832	C	W	pathogenic		False	False	True	True	ok	2W86	4.365	0.528	4.531	4.365	0.528	0.0	0.0	False	-0.001	-0.001
42313	840	P	L			False	False	False	True	ok	2W86	1.48	0.026	1.495	1.48	0.026	0.0	-0.0	False	0.001	0.001
42321	976	R	H			False		False	False	no_structure											
42322	100	C	F			False		True	False	no_structure											
42325	1020	T	A	benign		False		False	False	no_structure											
42327	1055	C	Y	pathogenic		False		True	False	no_structure											
42332	1131	N	S		ca_DN_bOH	True	True	False	True	ok	1LMJ	1.342	0.892	2.454	1.31	0.303	0.032	1.691	True	-1.065	-0.035
42333	1138	C	F	pathogenic		False	False	True	True	ok	1LMJ	20.214	7.303	21.689	22.047	7.747	-1.834	0.0	False	-0.235	-0.281
42334	1141	P	L	benign		False	False	False	True	ok	1LMJ	3.221	0.048	3.25	3.255	0.013	-0.034	0.0	False	-0.013	-0.014
42338	1172	V	M			False		False	False	no_structure											
42339	1197	D	N	pathogenic	ca_D1	True		False	False	no_structure											
42340	123	C	Y	pathogenic		False		True	False	no_structure											
42341	1258	P	S	vus		False		False	False	no_structure											
42343	1283	E	A		ca_EH	True		False	False	no_structure											
42344	1296	C	R	pathogenic		False		True	False	no_structure											
42345	1334	G	D			False		False	False	no_structure											
42346	1339	C	S	pathogenic		False		True	False	no_structure											
42347	1350	C	S			False		True	False	no_structure											
42348	1369	N	S			False		False	False	no_structure											
42349	139	G	R			False		False	False	no_structure											
42350	1387	Y	C		ca_YF	True		False	False	no_structure											
42351	1408	C	R	pathogenic		False		True	False	no_structure											
42354	1420	C	Y	pathogenic		False		True	False	no_structure											
42355	1424	P	A			False		False	False	no_structure											
42356	1436	V	M	benign		False		False	False	no_structure											
42357	1456	C	Y	pathogenic		False		True	False	no_structure											
42358	1446	D	V		ca_D1	True		False	False	no_structure											
42359	1455	I	S	vus		False		False	False	no_structure											
42360	1456	C	S	pathogenic		False		True	False	no_structure											
42361	1469	R	P			False		False	False	no_structure											
42363	1502	C	Y	pathogenic		False	False	True	True	ok	1UZJ	4.418	0.786	5.755	4.712	0.645	-0.295	0.082	True	0.059	0.056
42364	1511	C	R	pathogenic		False	False	True	True	ok	1UZJ	10.869	1.911	12.89	11.239	2.366	-0.37	0.0	False	0.056	0.012
42367	1547	T	I	benign		False	False	False	True	ok	1UZJ	2.329	0.0	2.329	2.329	0.0	0.0	0.0	False	0.0	0.0
42370	1584	E	K	benign		False	False	False	True	ok	1UZJ	-0.072	0.046	-0.022	-0.086	0.041	0.013	0.0	False	-0.017	-0.02
42371	1594	G	D	pathogenic		False	False	False	True	ok	1UZJ	7.833	0.041	7.791	7.77	0.082	0.063	0.0	False	0.877	0.949
42372	1646	C	Y	pathogenic		False	False	True	True	ok	1UZJ	7.091	0.91	7.046	6.59	1.184	0.502	0.0	False	0.113	0.094
42375	1648	D	N	pathogenic	ca_D1	True		False	False	no_structure											
42376	1652	C	Y	pathogenic		False		True	False	no_structure											
42377	166	C	S			False		True	False	no_structure											
42380	177	C	R			False		True	False	no_structure											
42385	1835	C	Y	pathogenic		False		True	False	no_structure											
42386	1838	G	C	pathogenic		False		False	False	no_structure											
42387	1907	N	D	pathogenic	ca_DN_bOH	True		False	False	no_structure											
42388	1863	G	E	pathogenic		False		False	False	no_structure											
42390	1907	N	K		ca_DN_bOH	True		False	False	no_structure											
42391	1916	C	Y	pathogenic		False		True	False	no_structure											
42395	1947	C	Y	pathogenic		False		True	False	no_structure											
42397	2040	C	Y	pathogenic		False		True	False	no_structure											
42402	2149	Y	C	pathogenic	ca_YF	True	False	False	True	ok	1EMN	-1.169	0.071	-1.269	-1.112	0.057	-0.057	-0.0	False	0.296	0.199
42405	2210	C	W			False		True	False	no_structure											
42406	2219	F	S			False		False	False	no_structure											
42409	2249	D	G	vus	ca_DN2	True		False	False	no_structure											
42414	2307	C	Y			False		True	False	no_structure											
42415	233	R	C			False		False	False	no_structure											
42416	2331	C	Y			False		True	False	no_structure											
42418	2361	S	L	vus		False		False	False	no_structure											
42419	2365	C	Y			False		True	False	no_structure											
42421	2390	C	R	pathogenic		False		True	False	no_structure											
42423	2395	G	V	vus		False		False	False	no_structure											
42425	2449	N	S	benign		False		False	False	no_structure											
42428	2527	E	A		ca_EH	True		False	False	no_structure											
42429	2536	G	R	pathogenic		False		False	False	no_structure											
42430	2547	S	I		ca_backbone_3	False		False	False	no_structure											
42432	2595	G	V			False		False	False	no_structure											
42434	2618	G	R			False		False	False	no_structure											
42436	2631	C	Y	pathogenic		False		True	False	no_structure											
42438	2652	C	Y	pathogenic		False		True	False	no_structure											
42439	2691	G	S			False		False	False	no_structure											
42440	2740	N	D	vus		False		False	False	no_structure											
42443	2793	Y	C	pathogenic		False		False	False	no_structure											
42446	2867	Q	P			False		False	False	no_structure											
126960	129	C	G			False		True	False	no_structure											
155790	464	R	G			False		False	False	no_structure											
155791	499	C	Y	pathogenic		False		True	False	no_structure											
155792	1438	S	N			False		False	False	no_structure											
155793	1469	R	C	vus		False		False	False	no_structure											
155794	1928	C	F			False		True	False	no_structure											
161236	2832	S	G			False		False	False	no_structure											
161240	2694	R	Q			False		False	False	no_structure											
161237	2616	I	V			False		False	False	no_structure											
161238	2568	V	M	vus	ca_backbone_1	False		False	False	no_structure											
161241	2554	R	W			False		False	False	no_structure											
161239	2460	K	R	vus		False		False	False	no_structure											
161234	2414	R	Q			False		False	False	no_structure											
161235	1266	Y	F			False		False	False	no_structure											
161242	686	A	T			False		False	False	no_structure											
161243	449	V	I			False		False	False	no_structure											
161244	343	G	R			False		False	False	no_structure											
161245	20	Y	C	vus		False		False	False	no_structure											
163462	2585	I	T	pathogenic		False		False	False	no_structure											
179532	2230	C	W			False		True	False	no_structure											
180039	2118	I	M	pathogenic		False		False	False	no_structure											
177648	1013	G	R	pathogenic		False		False	False	no_structure											
163480	627	R	C	pathogenic		False		False	False	no_structure											
177856	346	S	P	vus		False		False	False	no_structure											
163486	27	A	T	benign		False		False	False	no_structure											
178034	2514	G	R	pathogenic		False		False	False	no_structure											
163467	2170	C	Y	pathogenic		False	False	True	True	ok	1EMN	3.267	3.159	5.951	4.634	2.414	-1.367	0.0	False	-0.638	-0.763
179119	1987	G	R			False		False	False	no_structure											
179244	1197	D	H		ca_D1	True		False	False	no_structure											
179765	981	C	S	pathogenic		False		True	False	no_structure											
180357	1954	F	C	pathogenic	ca_YF	True		False	False	no_structure											
180355	1509	Y	C	pathogenic	ca_YF	True	False	False	True	ok	1UZJ	1.603	0.351	1.751	1.67	0.064	-0.067	0.044	True	0.268	0.146
180354	1485	C	R			False		True	False	no_structure											
180353	1044	C	Y			False		True	False	no_structure											
180352	545	R	C	pathogenic		False		False	False	no_structure											
180349	1	M	V	pathogenic		False		False	False	no_structure											
190266	516	R	Q			False		False	False	no_structure											
195848	977	M	R			False		False	False	no_structure											
198345	2655	A	V	benign		False		False	False	no_structure											
200137	2860	D	G	vus		False		False	False	no_structure											
200136	2851	K	E			False		False	False	no_structure											
200135	2827	Y	S	vus		False		False	False	no_structure											
200134	2826	T	S	vus		False		False	False	no_structure											
200133	2821	K	Q	vus		False		False	False	no_structure											
200132	2817	F	V			False		False	False	no_structure											
200131	2804	F	L			False		False	False	no_structure											
200130	2802	G	D	vus		False		False	False	no_structure											
200202	2733	T	R			False		False	False	no_structure											
199954	2729	K	Q	benign		False		False	False	no_structure											
200128	2703	G	V	vus		False		False	False	no_structure											
200127	2680	R	C	pathogenic		False		False	False	no_structure											
200201	2670	Y	C		ca_YF	True		False	False	no_structure											
200125	2669	G	C	pathogenic	ca_backbone_3	False		False	False	no_structure											
200124	2665	N	S	vus	ca_DN_bOH	True		False	False	no_structure											
200123	2639	Y	C	pathogenic		False		False	False	no_structure											
200200	2626	L	Q			False		False	False	no_structure											
200199	2611	C	Y	pathogenic		False		True	False	no_structure											
200120	2592	C	Y	pathogenic		False		True	False	no_structure											
200118	2535	C	Y	pathogenic		False		True	False	no_structure											
200117	2534	L	M			False		False	False	no_structure											
200116	2533	N	S			False		False	False	no_structure											
200198	2526	N	S	pathogenic	ca_DN2	True		False	False	no_structure											
200115	2511	C	R	pathogenic		False		True	False	no_structure											
200114	2510	K	R			False		False	False	no_structure											
199953	2500	C	Y	pathogenic		False		True	False	no_structure											
200113	2477	Q	R	vus		False		False	False	no_structure											
2933381	2462	T	A	vus	ca_backbone_2	False		False	False	no_structure											
200110	2418	C	Y	pathogenic		False		True	False	no_structure											
200109	2416	G	R	pathogenic		False		False	False	no_structure											
3750550	2400	G	E			False		False	False	no_structure											
200107	2378	C	R			False		True	False	no_structure											
200104	2371	W	R			False		False	False	no_structure											
200103	2361	S	W	vus		False		False	False	no_structure											
200102	2351	G	S			False		False	False	no_structure											
200101	2350	I	V			False		False	False	no_structure											
200100	2335	R	W	pathogenic		False		False	False	no_structure											
200099	2320	D	V	vus		False		False	False	no_structure											
200197	2311	R	H			False		False	False	no_structure											
200098	2308	L	P			False		False	False	no_structure											
200097	2306	R	H			False		False	False	no_structure											
200094	2291	D	N		ca_D1	True		False	False	no_structure											
200093	2251	C	Y	pathogenic		False		True	False	no_structure											
200092	2236	Y	F	vus		False		False	False	no_structure											
200091	2233	P	S			False		False	False	no_structure											
200196	2219	F	C			False		False	False	no_structure											
200090	2217	C	Y	pathogenic		False		True	False	no_structure											
200089	2210	C	R	pathogenic		False		True	False	no_structure											
200195	2167	T	P		ca_backbone_1	False	True	False	True	ok	1EMN	2.726	0.066	2.599	2.864	0.019	-0.138	-0.0	False	-0.002	0.006
200194	2166	D	Y		ca_D1	True	True	False	True	ok	1EMN	0.898	0.227	0.737	-2.084	0.11	2.982	2.406	True	2.339	-0.207
200088	2166	D	H	vus	ca_D1	True	True	False	True	ok	1EMN	1.902	0.148	1.826	-1.142	0.127	3.044	2.406	True	2.099	-0.279
200087	2166	D	N		ca_D1	True	True	False	True	ok	1EMN	1.437	0.348	1.196	-1.408	0.196	2.845	0.408	True	2.128	-0.221
200086	2151	C	W	pathogenic		False	False	True	True	ok	1EMN	7.622	1.151	5.762	8.274	1.171	-0.652	-0.0	False	0.118	0.23
200085	2150	R	L			False	False	False	True	ok	1EMN	1.598	0.122	1.468	1.621	0.072	-0.024	-0.0	False	0.369	0.41
200084	2150	R	C	pathogenic		False	False	False	True	ok	1EMN	1.829	0.01	1.841	1.855	0.014	-0.025	-0.0	False	0.369	0.416
200192	2142	C	Y	pathogenic		False	False	True	True	ok	1EMN	1.389	1.564	-0.474	2.223	1.16	-0.834	-0.0	False	-0.351	-0.049
200083	2140	G	R	pathogenic		False	False	False	True	ok	1EMN	22.358	1.981	23.717	22.286	2.389	0.072	-0.0	False	-0.585	-0.628
200082	2139	H	R	vus		False	False	False	True	ok	1EMN	-0.291	0.042	-0.247	-0.115	0.071	-0.176	-0.0	False	-0.25	-0.261
200081	2135	D	N	vus		False	False	False	True	ok	1EMN	-0.384	0.164	-0.271	-0.303	0.06	-0.081	0.0	False	-0.145	-0.145
200191	2130	E	K	pathogenic	ca_EH	True	True	False	True	ok	1EMN	-0.705	0.138	-0.971	-1.007	0.085	0.302	-0.0	False	-0.1	-0.132
200080	2105	E	Q			False		False	False	no_structure											
200079	2092	W	R	pathogenic		False		False	False	no_structure											
200078	2084	C	F			False		True	False	no_structure											
200073	2018	V	I			False		False	False	no_structure											
200190	2009	E	K			False		False	False	no_structure											
200072	1991	N	Y		ca_DN_bOH	True		False	False	no_structure											
200071	1973	D	G		ca_D1	True		False	False	no_structure											
200070	1942	C	F			False		True	False	no_structure											
200069	1934	C	Y	pathogenic		False		True	False	no_structure											
200068	1923	S	P			False		False	False	no_structure											
200067	1916	C	R			False		True	False	no_structure											
200189	1909	I	T	pathogenic		False		False	False	no_structure											
200066	1900	C	Y	pathogenic		False		True	False	no_structure											
200065	1838	G	D			False		False	False	no_structure											
200064	1815	G	S	vus		False		False	False	no_structure											
200063	1811	E	K	pathogenic	ca_EH	True		False	False	no_structure											
200061	1733	C	G			False		True	False	no_structure											
1332330	1714	M	V	vus		False		False	False	no_structure											
200058	1674	C	F			False		True	False	no_structure											
200187	1672	C	Y	pathogenic		False		True	False	no_structure											
200055	1580	V	M	vus		False	False	False	True	ok	1UZJ	-0.072	0.041	-0.003	-0.072	0.041	-0.0	0.0	False	0.0	0.0
200054	1576	M	T			False	False	False	True	ok	1UZJ	0.488	0.004	0.484	0.491	0.006	-0.004	0.0	False	0.0	0.0
200053	1550	S	C	vus		False	False	False	True	ok	1UZJ	1.241	0.153	1.377	1.182	0.149	0.059	0.0	False	-0.801	-0.554
200051	1529	T	N	vus		False	False	False	True	ok	1UZJ	-0.267	0.023	-0.287	-0.274	0.019	0.007	0.0	False	0.004	0.011
200050	1521	P	T			False	False	False	True	ok	1UZJ	1.616	0.118	1.719	1.553	0.017	0.063	0.0	False	-0.0	0.0
200049	1507	G	D	pathogenic		False	False	False	True	ok	1UZJ	1.84	0.185	2.064	1.569	0.009	0.271	0.016	True	0.202	0.117
200048	1506	P	S			False	False	False	True	ok	1UZJ	0.747	0.004	0.744	0.601	0.001	0.145	0.0	False	-0.044	0.014
200047	1498	I	V			False	False	False	True	ok	1UZJ	0.069	0.004	0.076	0.078	0.007	-0.008	0.0	False	0.0	-0.0
200045	1483	G	R			False		False	False	no_structure											
200044	1479	D	E			False		False	False	no_structure											
200043	1448	D	G		ca_DN2	True		False	False	no_structure											
200042	1446	D	N	pathogenic	ca_D1	True		False	False	no_structure											
200041	1405	L	R	vus	ca_backbone_1	False		False	False	no_structure											
200040	1404	D	N		ca_D1	True		False	False	no_structure											
200039	1386	S	F	vus	ca_backbone_3	False		False	False	no_structure											
200038	1384	M	V			False		False	False	no_structure											
200037	1382	N	K		ca_DN_bOH	True		False	False	no_structure											
200036	1366	E	K	pathogenic	ca_EH	True		False	False	no_structure											
200035	1365	D	G		ca_DN2	True		False	False	no_structure											
200031	1325	E	D		ca_EH	True		False	False	no_structure											
200185	1325	E	A		ca_EH	True		False	False	no_structure											
200027	1297	E	G	benign		False		False	False	no_structure											
200025	1280	D	N	pathogenic	ca_D1	True		False	False	no_structure											
200024	1240	D	N		ca_DN2	True		False	False	no_structure											
200022	1238	D	N	pathogenic	ca_D1	True		False	False	no_structure											
200184	1223	C	F			False		True	False	no_structure											
200021	1205	N	S	vus		False		False	False	no_structure											
200020	1199	D	G	pathogenic	ca_DN2	True		False	False	no_structure											
200183	1169	G	V			False		False	False	no_structure											
200018	1159	C	S			False		True	False	no_structure											
200017	1155	D	N	pathogenic	ca_D1	True		False	False	no_structure											
200016	1130	H	R			False	False	False	True	ok	1LMJ	-0.402	0.028	-0.42	-0.408	0.023	0.006	0.0	False	-0.266	-0.285
200015	1115	D	G	pathogenic	ca_DN2	True	False	False	True	ok	1LMJ	1.122	0.04	1.165	1.224	0.017	-0.102	0.0	False	-0.376	-0.308
200014	1062	D	N	vus		False		False	False	no_structure											
200013	1058	G	V	pathogenic		False		False	False	no_structure											
200012	1049	G	C			False		False	False	no_structure											
199948	1026	F	S	benign		False		False	False	no_structure											
200010	1007	L	R			False		False	False	no_structure											
200009	1005	E	K			False		False	False	no_structure											
200008	985	G	R	pathogenic		False		False	False	no_structure											
199947	978	D	E	benign		False		False	False	no_structure											
200007	977	M	I			False		False	False	no_structure											
200006	976	R	C			False		False	False	no_structure											
200005	954	R	H			False		False	False	no_structure											
200004	916	V	M			False	False	False	True	ok	2W86	0.695	0.4	0.437	0.884	0.39	-0.189	0.0	False	-0.0	0.003
200001	882	A	V	pathogenic		False	False	False	True	ok	2W86	5.268	0.366	5.651	5.268	0.366	0.0	0.0	False	-0.005	-0.005
200000	880	G	S	pathogenic		False	False	False	True	ok	2W86	4.811	0.001	4.811	4.811	0.001	0.0	0.0	False	0.0	0.0
199999	876	C	Y	pathogenic		False	False	True	True	ok	2W86	4.923	0.403	4.467	4.923	0.403	0.0	0.0	False	0.021	0.021
200182	866	I	V			False	False	False	True	ok	2W86	1.271	0.066	1.313	1.281	0.059	-0.011	0.0	False	-0.0	-0.0
200181	861	R	Q	vus		False	False	False	True	ok	2W86	0.578	0.099	0.414	0.596	0.107	-0.019	0.0	False	0.496	0.496
199997	812	E	K			False	False	False	True	ok	2W86	-0.513	0.017	-0.509	-0.522	0.016	0.009	-0.0	False	-0.456	-0.585
199995	769	C	Y	pathogenic		False		True	False	no_structure											
199994	768	E	A		ca_EH	True		False	False	no_structure											
199993	743	R	C			False		False	False	no_structure											
199992	734	C	F	pathogenic		False		True	False	no_structure											
199991	727	C	Y	pathogenic		False		True	False	no_structure											
199990	718	T	M	vus		False		False	False	no_structure											
199989	716	G	E			False		False	False	no_structure											
199988	709	A	G	vus		False		False	False	no_structure											
199987	691	A	P			False		False	False	no_structure											
199986	674	L	F	vus		False		False	False	no_structure											
199985	658	R	Q	vus		False		False	False	no_structure											
199984	638	E	D	vus		False		False	False	no_structure											
199983	630	N	K		ca_DN_bOH	True		False	False	no_structure											
199982	630	N	I		ca_DN_bOH	True		False	False	no_structure											
199978	587	C	G	pathogenic		False		True	False	no_structure											
199977	576	C	G	pathogenic		False		True	False	no_structure											
199976	565	R	Q			False		False	False	no_structure											
199974	555	C	F	pathogenic		False		True	False	no_structure											
199973	530	D	G		ca_D1	True		False	False	no_structure											
199972	528	C	Y	pathogenic		False		True	False	no_structure											
199971	518	G	V	vus		False		False	False	no_structure											
199970	518	G	R			False		False	False	no_structure											
199968	485	R	L	vus		False		False	False	no_structure											
200179	476	C	G	pathogenic		False		True	False	no_structure											
199967	474	C	Y	pathogenic		False		True	False	no_structure											
199966	429	R	Q			False		False	False	no_structure											
200178	422	G	E			False		False	False	no_structure											
200177	383	E	K	pathogenic		False		False	False	no_structure											
199964	364	R	P	vus		False		False	False	no_structure											
1677349	351	Q	R	vus		False		False	False	no_structure											
199960	301	G	V			False		False	False	no_structure											
199959	272	K	Q	vus		False		False	False	no_structure											
199957	241	T	M	vus		False		False	False	no_structure											
200145	234	G	C			False		False	False	no_structure											
199956	214	G	S	pathogenic		False		False	False	no_structure											
200203	156	N	D			False		False	False	no_structure											
200144	118	H	R			False		False	False	no_structure											
200143	102	C	F			False		True	False	no_structure											
200142	96	R	T			False		False	False	no_structure											
200141	89	C	Y	pathogenic		False		True	False	no_structure											
200140	77	G	R			False		False	False	no_structure											
200139	71	W	S			False		False	False	no_structure											
200029	47	G	S			False		False	False	no_structure											
200011	17	L	S	vus		False		False	False	no_structure											
221117	2390	C	Y	pathogenic		False		True	False	no_structure											
220855	1852	E	G		ca_EH	True		False	False	no_structure											
222614	2590	C	Y	pathogenic		False		True	False	no_structure											
222613	2474	Y	C	pathogenic		False		False	False	no_structure											
222610	2274	C	R	pathogenic		False		True	False	no_structure											
222609	2232	C	R			False		True	False	no_structure											
222605	1477	E	K	vus		False		False	False	no_structure											
222604	1444	C	S	pathogenic		False		True	False	no_structure											
222603	1191	D	N			False		False	False	no_structure											
222602	899	G	R			False	False	False	True	ok	2W86	7.15	0.053	7.182	7.051	0.08	0.099	0.0	False	-0.185	-0.21
222600	113	S	C	pathogenic		False		False	False	no_structure											
225356	1015	A	T	benign		False		False	False	no_structure											
228689	2848	K	T			False		False	False	no_structure											
228684	846	I	T			False	False	False	True	ok	2W86	1.41	0.012	1.422	1.409	0.012	0.001	0.0	False	0.015	0.015
228683	524	T	M			False		False	False	no_structure											
228687	263	I	V	vus		False		False	False	no_structure											
228262	100	C	Y	pathogenic		False		True	False	no_structure											
234313	2119	V	M	vus		False		False	False	no_structure											
237107	2726	R	Q			False		False	False	no_structure											
237106	2717	E	K			False		False	False	no_structure											
237101	2091	G	D			False		False	False	no_structure											
237100	1895	C	R	pathogenic		False		True	False	no_structure											
237099	1835	C	S			False		True	False	no_structure											
237096	1714	M	I			False		False	False	no_structure											
237092	1485	C	S			False		True	False	no_structure											
237087	848	T	N	vus		False	False	False	True	ok	2W86	0.148	0.045	0.131	0.148	0.045	0.0	0.0	False	0.001	0.001
237085	736	N	D	vus		False		False	False	no_structure											
237084	724	I	T		ca_backbone_1	False		False	False	no_structure											
237083	639	C	Y			False		True	False	no_structure											
237091	145	C	Y	pathogenic		False		True	False	no_structure											
255306	2193	E	K			False	False	False	True	ok	1EMN	-1.027	0.045	-0.976	-1.012	0.032	-0.015	0.0	False	-0.199	-0.198
255295	1282	N	S		ca_DN2	True		False	False	no_structure											
255292	1152	A	T			False	False	False	True	ok	1LMJ	1.354	0.029	1.316	1.352	0.036	0.003	0.0	False	0.0	0.003
263832	2788	T	M	benign		False		False	False	no_structure											
263390	2700	P	L	vus		False		False	False	no_structure											
263642	2669	G	V	pathogenic	ca_backbone_3	False		False	False	no_structure											
264272	2610	E	K		ca_EH	True		False	False	no_structure											
263693	2650	N	S	vus	ca_DN2	True		False	False	no_structure											
264033	2730	R	Q			False		False	False	no_structure											
263562	2694	R	G	vus		False		False	False	no_structure											
263398	2570	E	K	pathogenic	ca_EH	True		False	False	no_structure											
263901	2356	N	S	vus		False		False	False	no_structure											
263805	2455	C	R			False		True	False	no_structure											
264152	2371	W	C			False		False	False	no_structure											
264354	2236	Y	C	pathogenic		False		False	False	no_structure											
264235	2302	C	S	pathogenic		False		True	False	no_structure											
264438	2204	C	Y	pathogenic		False	False	True	True	ok	1EMN	5.138	1.346	6.294	6.346	0.61	-1.208	-0.0	False	-0.054	-0.079
263688	2331	C	S			False		True	False	no_structure											
264000	2101	T	M			False		False	False	no_structure											
263837	2144	N	H	pathogenic	ca_DN_bOH	True	True	False	True	ok	1EMN	0.666	0.29	0.568	0.331	0.348	0.335	2.696	True	0.031	-0.222
263823	2023	I	T	vus		False		False	False	no_structure											
263849	2295	C	Y	pathogenic		False		True	False	no_structure											
263898	2011	C	Y	pathogenic		False		True	False	no_structure											
263922	2195	G	R	pathogenic		False	False	False	True	ok	1EMN	2.513	0.067	2.605	2.543	0.029	-0.03	0.0	False	-0.396	-0.377
264106	2258	C	Y			False		True	False	no_structure											
264487	1974	I	T		ca_backbone_1	False		False	False	no_structure											
263865	2027	G	V			False		False	False	no_structure											
263804	1942	C	S			False		True	False	no_structure											
263396	1909	I	L	vus		False		False	False	no_structure											
263568	1791	C	Y	pathogenic		False		True	False	no_structure											
263524	1719	C	R			False		True	False	no_structure											
263788	1662	T	K	vus		False		False	False	no_structure											
264314	1526	C	Y	pathogenic		False	False	True	True	ok	1UZJ	23.576	0.601	24.331	23.436	0.422	0.14	0.0	False	0.0	-0.0
263831	1444	C	Y	pathogenic		False		True	False	no_structure											
264424	1651	E	K		ca_EH	True		False	False	no_structure											
263872	1366	E	Q		ca_EH	True		False	False	no_structure											
264533	1439	A	V			False		False	False	no_structure											
263875	1321	T	I	vus		False		False	False	no_structure											
263388	1336	H	R	vus		False		False	False	no_structure											
263427	1195	C	Y			False		True	False	no_structure											
263998	1168	N	S			False		False	False	no_structure											
263470	1066	R	T	vus		False		False	False	no_structure											
264619	1058	G	S			False		False	False	no_structure											
263632	1030	N	S	benign	ca_DN2	True		False	False	no_structure											
264289	1041	H	Q			False		False	False	no_structure											
263789	1230	M	T	benign		False		False	False	no_structure											
263660	1153	C	R	pathogenic		False	False	True	True	ok	1LMJ	0.36	0.22	0.186	0.249	0.138	0.111	-0.0	False	-0.102	-0.128
264248	961	R	K	vus		False		False	False	no_structure											
263855	880	G	D			False	False	False	True	ok	2W86	14.926	0.48	14.584	14.926	0.48	0.0	0.0	False	-0.298	-0.3
264089	875	C	Y	pathogenic		False	False	True	True	ok	2W86	28.137	3.407	23.367	28.186	3.322	-0.049	0.0	False	0.311	0.289
263937	792	C	F			False		True	False	no_structure											
264139	780	Q	L			False		False	False	no_structure											
263790	734	C	Y	pathogenic		False		True	False	no_structure											
264197	698	P	L			False		False	False	no_structure											
263953	626	G	R			False		False	False	no_structure											
263638	386	N	K			False		False	False	no_structure											
264435	399	P	A	vus		False		False	False	no_structure											
263825	138	K	Q			False		False	False	no_structure											
264355	50	H	L			False		False	False	no_structure											
264175	1	M	I	pathogenic		False		False	False	no_structure											
264158	377	C	R	pathogenic		False		True	False	no_structure											
265142	1805	V	I	vus		False		False	False	no_structure											
265347	1278	C	W	pathogenic		False		True	False	no_structure											
280307	1	M	R	pathogenic		False		False	False	no_structure											
281609	2353	S	G	vus		False		False	False	no_structure											
284953	327	R	T			False		False	False	no_structure											
289267	2015	D	N	vus	ca_DN2	True		False	False	no_structure											
289671	500	A	P	vus		False		False	False	no_structure											
316364	2554	R	Q			False		False	False	no_structure											
316375	1299	T	M	benign	ca_backbone_2	False		False	False	no_structure											
316376	1247	N	I			False		False	False	no_structure											
316390	197	G	R	vus		False		False	False	no_structure											
316393	75	P	S			False		False	False	no_structure											
316382	968	T	I	vus		False		False	False	no_structure											
316387	398	R	K	vus		False		False	False	no_structure											
316365	2329	D	E	benign		False		False	False	no_structure											
316369	2032	T	S	vus	ca_backbone_2	False		False	False	no_structure											
316373	1802	K	R			False		False	False	no_structure											
316388	295	I	M			False		False	False	no_structure											
373598	1489	N	S	vus	ca_DN2	True	False	False	True	ok	1UZJ	2.112	0.024	2.091	1.747	0.032	0.365	0.0	False	-0.024	-0.09
372659	1422	N	S		ca_DN_bOH	True		False	False	no_structure											
372606	2627	G	R	pathogenic		False		False	False	no_structure											
373268	2314	Y	C	vus	ca_YF	True		False	False	no_structure											
372558	2029	C	Y	pathogenic		False		True	False	no_structure											
373256	1482	G	S	vus		False		False	False	no_structure											
373743	1832	R	H			False		False	False	no_structure											
373490	1263	C	W			False		True	False	no_structure											
374081	2672	C	W			False		True	False	no_structure											
373976	2425	Y	C		ca_YF	True		False	False	no_structure											
373981	2267	N	I		ca_DN_bOH	True		False	False	no_structure											
374032	1727	R	Q			False		False	False	no_structure											
374079	494	C	F			False		True	False	no_structure											
374203	160	C	R	pathogenic		False		True	False	no_structure											
375299	2002	P	S			False		False	False	no_structure											
377096	596	C	G	pathogenic		False		True	False	no_structure											
381609	2668	G	C	pathogenic		False		False	False	no_structure											
393275	2636	G	S			False		False	False	no_structure											
393048	2402	D	H		ca_D1	True		False	False	no_structure											
379655	2265	C	Y	pathogenic		False		True	False	no_structure											
391735	2100	P	L			False		False	False	no_structure											
387780	1461	C	F	pathogenic		False		True	False	no_structure											
391621	1139	E	Q			False	False	False	True	ok	1LMJ	-0.429	0.069	-0.497	-0.446	0.076	0.017	-0.0	False	0.188	0.22
381611	557	C	Y	pathogenic		False		True	False	no_structure											
381612	494	C	Y	pathogenic		False		True	False	no_structure											
391616	127	G	R			False		False	False	no_structure											
392209	2557	S	P			False		False	False	no_structure											
379778	2489	C	R	pathogenic		False		True	False	no_structure											
384344	2242	R	C	vus		False		False	False	no_structure											
387797	1212	C	S			False		True	False	no_structure											
392364	982	C	S	pathogenic		False		True	False	no_structure											
389041	937	C	Y	pathogenic		False	False	True	True	ok	2W86	5.884	1.148	7.457	5.325	0.427	0.56	0.0	False	-0.008	-0.001
381934	592	G	C			False		False	False	no_structure											
380285	2278	P	A	benign		False		False	False	no_structure											
385605	2265	C	G	pathogenic		False		True	False	no_structure											
379489	2258	C	R	pathogenic		False		True	False	no_structure											
381613	154	C	S	pathogenic		False		True	False	no_structure											
392242	51	D	E	vus		False		False	False	no_structure											
381610	1894	E	K	pathogenic	ca_EH	True		False	False	no_structure											
392910	1762	G	V			False		False	False	no_structure											
389343	908	C	S	pathogenic		False	False	True	True	ok	2W86	4.015	0.051	4.041	4.01	0.049	0.004	0.0	False	-0.004	-0.004
402848	1837	P	S	vus		False		False	False	no_structure											
402849	915	E	K	vus		False	False	False	True	ok	2W86	-0.757	0.047	-0.698	-0.799	0.026	0.042	0.0	False	-1.018	-1.053
402851	124	M	V	vus		False		False	False	no_structure											
406304	2742	E	D			False		False	False	no_structure											
406263	2674	C	R	pathogenic		False		True	False	no_structure											
406349	2489	C	Y			False		True	False	no_structure											
406366	2444	D	G		ca_D1	True		False	False	no_structure											
406326	2412	V	A			False		False	False	no_structure											
406333	2192	C	W			False	False	True	True	ok	1EMN	7.307	1.783	8.837	4.682	2.403	2.624	-0.0	False	-1.438	-1.117
406371	1926	N	D	vus		False		False	False	no_structure											
406341	1777	C	Y	pathogenic		False		True	False	no_structure											
406285	1591	G	E	vus		False	False	False	True	ok	1UZJ	0.542	0.084	0.611	0.559	0.091	-0.017	0.0	False	0.164	0.167
406329	1456	C	F	pathogenic		False		True	False	no_structure											
406364	905	G	E	vus		False	False	False	True	ok	2W86	2.124	0.005	2.119	2.351	0.27	-0.227	0.0	False	-0.122	-0.113
406321	849	I	M			False	False	False	True	ok	2W86	0.586	0.028	0.638	0.588	0.028	-0.002	0.0	False	-0.007	-0.007
406267	617	C	G	pathogenic		False		True	False	no_structure											
406353	87	H	R	vus		False		False	False	no_structure											
406279	2864	M	K			False		False	False	no_structure											
406309	2798	G	E			False		False	False	no_structure											
406302	2776	R	Q			False		False	False	no_structure											
406281	2660	S	R			False		False	False	no_structure											
406268	2374	H	R			False		False	False	no_structure											
406360	1907	N	S		ca_DN_bOH	True		False	False	no_structure											
406346	1511	C	Y	pathogenic		False	False	True	True	ok	1UZJ	18.2	0.832	19.423	18.534	1.767	-0.334	0.0	False	0.054	-0.055
406297	1262	R	K			False		False	False	no_structure											
406328	1169	G	D			False		False	False	no_structure											
406347	1140	C	Y			False	False	True	True	ok	1LMJ	2.981	0.531	3.669	2.842	0.354	0.139	0.0	False	-1.972	-1.794
406351	639	C	S			False		True	False	no_structure											
406298	585	G	A			False		False	False	no_structure											
406350	412	V	D			False		False	False	no_structure											
406352	165	R	P			False		False	False	no_structure											
406316	42	A	P			False		False	False	no_structure											
406357	2824	A	D	vus		False		False	False	no_structure											
406361	2757	D	G			False		False	False	no_structure											
406315	2232	C	Y	pathogenic		False		True	False	no_structure											
406344	2209	E	A		ca_EH	True		False	False	no_structure											
406303	2070	C	F			False		True	False	no_structure											
406318	1888	M	I			False		False	False	no_structure											
406296	1876	C	Y			False		True	False	no_structure											
406289	1861	S	N			False		False	False	no_structure											
406342	1736	C	Y			False		True	False	no_structure											
406339	1667	V	I			False		False	False	no_structure											
406334	1294	G	V	vus		False		False	False	no_structure											
406367	1076	I	L			False	False	False	True	ok	1LMJ	-0.24	0.004	-0.24	-0.245	0.004	0.004	0.0	False	-0.0	-0.0
406272	769	C	R	pathogenic		False		True	False	no_structure											
406359	661	C	Y	pathogenic		False		True	False	no_structure											
406372	543	N	I			False		False	False	no_structure											
406288	513	C	F	pathogenic		False		True	False	no_structure											
406345	509	G	C			False		False	False	no_structure											
406325	476	C	R	pathogenic		False		True	False	no_structure											
406269	271	C	G	pathogenic		False		True	False	no_structure											
406312	2767	N	S			False		False	False	no_structure											
406273	2616	I	M			False		False	False	no_structure											
406317	2509	C	G	pathogenic		False		True	False	no_structure											
406276	2270	G	C			False		False	False	no_structure											
406283	2247	D	G		ca_D1	True		False	False	no_structure											
406305	2047	S	F	vus		False		False	False	no_structure											
406277	1389	C	S	pathogenic		False		True	False	no_structure											
406271	908	C	R	pathogenic		False	False	True	True	ok	2W86	0.831	0.126	0.847	0.631	0.234	0.2	0.0	False	-2.307	-2.461
406356	886	P	L			False	False	False	True	ok	2W86	1.606	0.009	1.598	1.607	0.01	-0.001	-0.0	False	-0.0	-0.0
406335	880	G	R	pathogenic		False	False	False	True	ok	2W86	26.09	3.522	22.47	23.448	1.364	2.643	0.0	False	0.002	-0.052
406322	790	C	F	pathogenic		False		True	False	no_structure											
406265	430	P	L			False		False	False	no_structure											
418202	2676	P	L			False		False	False	no_structure											
423498	2592	C	F	pathogenic		False		True	False	no_structure											
423862	2590	C	W	pathogenic		False		True	False	no_structure											
418200	2140	G	E	pathogenic		False	False	False	True	ok	1EMN	16.125	0.73	15.773	16.191	0.795	-0.066	-0.0	False	0.313	0.338
418199	2093	G	R			False		False	False	no_structure											
423987	2038	C	G			False		True	False	no_structure											
424594	1726	G	D	pathogenic		False		False	False	no_structure											
418197	1646	C	G			False	False	True	True	ok	1UZJ	4.469	0.004	4.47	4.472	0.003	-0.004	0.0	False	-0.001	0.001
418196	1418	G	C			False		False	False	no_structure											
420926	1166	C	R			False		True	False	no_structure											
421062	1127	G	V	pathogenic		False	False	False	True	ok	1LMJ	14.792	0.387	14.426	14.83	0.368	-0.038	0.0	False	-0.165	-0.337
418195	1125	R	Q			False	False	False	True	ok	1LMJ	0.551	0.141	0.495	0.551	0.141	0.0	-0.0	False	0.157	0.157
418194	1095	C	S			False	False	True	True	ok	1LMJ	1.675	0.06	1.643	1.65	0.031	0.025	0.0	False	0.0	0.004
418193	798	Y	C			False		False	False	no_structure											
420086	748	C	Y	pathogenic		False		True	False	no_structure											
419660	727	C	R	pathogenic		False		True	False	no_structure											
418630	627	R	H			False		False	False	no_structure											
419187	609	R	H	vus		False		False	False	no_structure											
420087	560	G	S			False		False	False	no_structure											
423986	428	P	T			False		False	False	no_structure											
423542	281	E	D	vus		False		False	False	no_structure											
425069	46	G	D			False		False	False	no_structure											
427024	2724	P	S			False		False	False	no_structure											
426992	2621	S	C			False		False	False	no_structure											
427047	2485	D	G	pathogenic	ca_D1	True		False	False	no_structure											
427179	2468	C	R	pathogenic		False		True	False	no_structure											
426268	1998	C	Y	pathogenic		False		True	False	no_structure											
426624	1436	V	L			False		False	False	no_structure											
427006	1420	C	F	pathogenic		False		True	False	no_structure											
426218	905	G	R	vus		False	False	False	True	ok	2W86	3.082	0.012	3.082	3.09	0.023	-0.008	0.0	False	-0.003	-0.006
426442	698	P	S			False		False	False	no_structure											
426255	585	G	R			False		False	False	no_structure											
426283	274	P	H			False		False	False	no_structure											
426140	210	C	Y	pathogenic		False		True	False	no_structure											
429595	2406	C	Y	pathogenic		False		True	False	no_structure											
429425	2181	C	R	pathogenic		False	False	True	True	ok	1EMN	5.608	0.638	6.505	6.027	0.888	-0.42	-0.0	False	-0.288	-0.344
429578	2111	C	Y	pathogenic		False		True	False	no_structure											
430149	2099	C	F			False		True	False	no_structure											
430389	1947	C	R	pathogenic		False		True	False	no_structure											
429562	1858	N	S	vus		False		False	False	no_structure											
429594	1824	C	R	pathogenic		False		True	False	no_structure											
430150	1728	A	V	pathogenic		False		False	False	no_structure											
430267	1563	C	S			False	False	True	True	ok	1UZJ	4.712	0.023	4.695	4.712	0.01	0.0	0.0	False	0.021	0.021
430423	1461	C	S	pathogenic		False		True	False	no_structure											
429778	1380	C	R			False		True	False	no_structure											
430151	1254	C	Y			False		True	False	no_structure											
430152	1138	C	R			False	False	True	True	ok	1LMJ	11.992	1.304	11.311	11.145	1.036	0.847	0.0	False	-0.183	-0.135
429763	1097	C	R			False	False	True	True	ok	1LMJ	1.824	0.852	2.508	1.696	0.818	0.128	0.0	False	-1.014	-0.978
429319	1028	D	G	pathogenic	ca_D1	True		False	False	no_structure											
432086	2674	C	Y	pathogenic		False		True	False	no_structure											
432905	2116	G	L			False		False	False	no_structure											
431924	2038	C	Y	pathogenic		False		True	False	no_structure											
432128	1497	C	R			False	False	True	True	ok	1UZJ	14.537	2.309	16.054	14.452	3.715	0.085	0.0	False	-0.113	-0.209
432123	1326	C	Y	pathogenic		False		True	False	no_structure											
432164	1032	C	R			False		True	False	no_structure											
432343	1031	E	K		ca_EH	True		False	False	no_structure											
431935	890	C	Y	pathogenic		False	False	True	True	ok	2W86	4.288	0.917	3.744	4.041	1.124	0.247	0.0	False	0.071	0.062
437420	2206	D	N		ca_D1	True		False	False	no_structure											
439718	1387	Y	D	vus	ca_YF	True		False	False	no_structure											
439709	609	R	C	vus		False		False	False	no_structure											
439699	392	P	L			False		False	False	no_structure											
439705	1074	C	Y			False	False	True	True	ok	1LMJ	-0.931	0.309	-0.34	0.593	0.764	-1.524	0.0	False	-0.263	-0.256
439707	2063	A	T			False		False	False	no_structure											
439708	2221	C	R	pathogenic		False		True	False	no_structure											
439715	743	R	H			False		False	False	no_structure											
439719	1928	C	Y	pathogenic		False		True	False	no_structure											
439720	511	Y	C		ca_YF	True		False	False	no_structure											
446121	628	C	F			False		True	False	no_structure											
449653	2716	Y	C			False		False	False	no_structure											
451315	2674	C	S	pathogenic		False		True	False	no_structure											
449756	2627	G	E	pathogenic		False		False	False	no_structure											
450946	2539	G	D			False		False	False	no_structure											
449160	2502	N	I		ca_DN_bOH	True		False	False	no_structure											
449794	2459	C	Y	pathogenic		False		True	False	no_structure											
449435	2455	C	Y	pathogenic		False		True	False	no_structure											
449436	2318	C	Y	pathogenic		False		True	False	no_structure											
450683	2273	M	I			False		False	False	no_structure											
449437	2168	D	G	pathogenic	ca_DN2	True	False	False	True	ok	1EMN	1.063	0.055	1.153	1.038	0.077	0.025	0.0	False	-0.207	-0.283
451249	1981	P	H			False		False	False	no_structure											
449439	1791	C	R	pathogenic		False		True	False	no_structure											
449440	1427	Y	C	pathogenic	ca_YF	True		False	False	no_structure											
449441	1284	C	Y	pathogenic		False		True	False	no_structure											
452521	1149	N	S			False	False	False	True	ok	1LMJ	1.005	0.011	1.007	0.988	0.014	0.017	0.0	False	0.0	-0.0
449897	1044	C	F			False		True	False	no_structure											
452428	1028	D	N		ca_D1	True		False	False	no_structure											
449603	965	E	K	vus		False		False	False	no_structure											
453168	890	C	S			False	False	True	True	ok	2W86	0.566	0.165	0.676	0.641	0.028	-0.075	0.0	False	0.027	0.027
450130	867	N	I			False	False	False	True	ok	2W86	2.493	0.082	2.423	2.491	0.086	0.002	0.0	False	0.0	0.0
449842	814	S	R	vus		False	False	False	True	ok	2W86	-1.579	0.088	-1.531	-1.631	0.116	0.052	-0.0	False	-0.269	-0.284
451090	695	P	H	vus		False		False	False	no_structure											
452287	673	P	S	vus		False		False	False	no_structure											
449898	474	C	R			False		True	False	no_structure											
451043	404	P	R			False		False	False	no_structure											
450997	403	P	L			False		False	False	no_structure											
451847	278	K	E			False		False	False	no_structure											
449122	240	R	H	vus		False		False	False	no_structure											
450846	175	P	S			False		False	False	no_structure											
449282	168	C	F	pathogenic		False		True	False	no_structure											
449605	156	N	S			False		False	False	no_structure											
457269	2744	Q	H			False		False	False	no_structure											
457267	2681	I	R	pathogenic		False		False	False	no_structure											
457256	2302	C	W			False		True	False	no_structure											
457253	2282	R	Q			False		False	False	no_structure											
457252	2267	N	K		ca_DN_bOH	True		False	False	no_structure											
457248	2211	A	S			False		False	False	no_structure											
457240	2017	C	R	pathogenic		False		True	False	no_structure											
457233	1919	G	S	vus		False		False	False	no_structure											
457229	1783	I	F	vus		False		False	False	no_structure											
457227	1631	C	S	pathogenic		False	False	True	True	ok	1UZJ	4.574	0.017	4.578	4.573	0.007	0.001	0.0	False	0.003	0.004
457222	1565	S	F	pathogenic		False	False	False	True	ok	1UZJ	9.394	3.899	10.288	9.417	2.839	-0.023	0.16	True	-0.451	-0.11
457221	1564	C	Y	pathogenic		False	False	True	True	ok	1UZJ	32.209	4.262	30.275	36.71	4.779	-4.501	0.0	False	-0.019	0.013
457209	1439	A	G			False		False	False	no_structure											
457181	924	G	V			False	False	False	True	ok	2W86	8.995	0.012	8.995	8.993	0.012	0.001	0.0	False	0.0	0.0
457167	621	G	E	vus		False		False	False	no_structure											
457163	512	T	I	vus		False		False	False	no_structure											
457255	229	H	Q	vus		False		False	False	no_structure											
457264	2535	C	W	pathogenic		False		True	False	no_structure											
457262	2506	G	S		ca_backbone_3	False		False	False	no_structure											
457260	2467	Q	R			False		False	False	no_structure											
457246	2183	N	K		ca_DN_bOH	True	True	False	True	ok	1EMN	-0.584	0.05	-0.527	-0.616	0.05	0.032	0.0	False	-0.542	-0.494
457245	2131	C	S			False	False	True	True	ok	1EMN	-2.069	0.22	-1.919	-1.893	0.051	-0.176	-0.0	False	0.023	0.004
457237	1942	C	G			False		True	False	no_structure											
457236	1941	L	F			False		False	False	no_structure											
457232	1838	G	S			False		False	False	no_structure											
457215	1513	C	W	pathogenic		False	False	True	True	ok	1UZJ	1.625	0.046	1.546	1.668	0.068	-0.044	0.0	False	-0.477	-0.526
457207	1431	C	W	pathogenic		False		True	False	no_structure											
457206	1415	C	Y			False		True	False	no_structure											
457202	1348	C	Y	pathogenic		False		True	False	no_structure											
457196	1174	L	P		ca_backbone_2	False		False	False	no_structure											
457190	1049	G	S			False		False	False	no_structure											
457184	984	V	I			False		False	False	no_structure											
457183	959	F	L	vus		False		False	False	no_structure											
457182	958	C	S			False		True	False	no_structure											
457180	913	E	A		ca_EH	True	True	False	True	ok	2W86	0.943	0.271	0.704	-1.812	0.33	2.754	2.291	True	1.541	-0.376
457173	876	C	R			False	False	True	True	ok	2W86	-0.248	0.725	-0.674	-0.366	0.3	0.118	-0.0	False	-0.542	-0.636
457172	806	E	K			False		False	False	no_structure											
457170	749	I	V	vus		False		False	False	no_structure											
457166	557	C	F			False		True	False	no_structure											
457164	525	R	W	vus		False		False	False	no_structure											
457270	276	G	R	vus		False		False	False	no_structure											
457160	47	G	C			False		False	False	no_structure											
457251	2227	S	P		ca_backbone_3	False		False	False	no_structure											
457194	1153	C	Y	pathogenic		False	False	True	True	ok	1LMJ	0.838	0.377	0.624	0.745	0.16	0.094	0.0	False	-0.035	-0.121
457186	1011	G	R			False		False	False	no_structure											
457185	985	G	W			False		False	False	no_structure											
457174	883	W	R	pathogenic		False	False	False	True	ok	2W86	1.693	0.49	1.666	2.174	0.339	-0.481	-0.0	False	-1.009	-0.837
457168	661	C	W			False		True	False	no_structure											
457162	488	C	R	pathogenic		False		True	False	no_structure											
457261	2504	I	F	vus		False		False	False	no_structure											
457211	145	C	R	pathogenic		False		True	False	no_structure											
457203	136	C	G			False		True	False	no_structure											
457192	11	L	Q			False		False	False	no_structure											
457244	2116	G	A			False		False	False	no_structure											
457199	1265	C	S	pathogenic		False		True	False	no_structure											
457198	1206	G	R			False		False	False	no_structure											
457191	1099	E	K			False	False	False	True	ok	1LMJ	-0.22	0.269	-0.074	0.091	0.21	-0.311	0.0	False	-0.313	-0.287
457157	360	C	Y			False		True	False	no_structure											
488792	1	M	I	pathogenic		False		False	False	no_structure											
492831	2367	G	R	vus		False		False	False	no_structure											
492830	2221	C	Y	pathogenic		False		True	False	no_structure											
492828	1171	C	W			False		True	False	no_structure											
492826	750	C	R	pathogenic		False		True	False	no_structure											
493158	2230	C	Y	pathogenic		False		True	False	no_structure											
493159	16	L	V			False		False	False	no_structure											
495645	2461	N	K		ca_DN_bOH	True		False	False	no_structure											
495640	2244	M	I	vus		False		False	False	no_structure											
495638	2228	Y	C	vus	ca_YF	True		False	False	no_structure											
495625	1880	F	V	vus		False		False	False	no_structure											
495624	1863	G	R			False		False	False	no_structure											
495615	1662	T	S	vus		False		False	False	no_structure											
495603	1341	N	S		ca_DN_bOH	True		False	False	no_structure											
495599	1236	C	Y	pathogenic		False		True	False	no_structure											
495583	980	C	F			False		True	False	no_structure											
495582	954	R	C	pathogenic		False		False	False	no_structure											
495566	639	C	S			False		True	False	no_structure											
495562	616	E	G		ca_EH	True		False	False	no_structure											
495557	504	C	S			False		True	False	no_structure											
495555	474	C	G			False		True	False	no_structure											
495662	304	C	Y	pathogenic		False		True	False	no_structure											
495602	134	C	Y	pathogenic		False		True	False	no_structure											
495659	2714	A	V			False		False	False	no_structure											
495657	2695	G	R	vus		False		False	False	no_structure											
495600	129	C	S			False		True	False	no_structure											
495661	30	E	D			False		False	False	no_structure											
495656	2693	G	D			False		False	False	no_structure											
495649	2520	T	M			False		False	False	no_structure											
495658	28	N	D	vus		False		False	False	no_structure											
495646	2501	V	L			False		False	False	no_structure											
495644	2339	C	Y	pathogenic		False		True	False	no_structure											
495605	1388	R	P			False		False	False	no_structure											
495594	1186	Y	C	pathogenic		False		False	False	no_structure											
495585	1049	G	D			False		False	False	no_structure											
495568	656	H	R	vus		False		False	False	no_structure											
495560	547	I	N	vus		False		False	False	no_structure											
495554	394	V	G			False		False	False	no_structure											
495660	2861	N	I			False		False	False	no_structure											
495639	22	S	R			False		False	False	no_structure											
495643	2335	R	G			False		False	False	no_structure											
495614	16	L	R			False		False	False	no_structure											
495637	2165	V	L	vus		False	False	False	True	ok	1EMN	-2.274	0.101	-2.246	-2.333	0.121	0.059	0.0	False	0.001	0.0
495629	1915	R	C	pathogenic		False		False	False	no_structure											
495626	1881	K	N			False		False	False	no_structure											
495623	1847	C	Y	pathogenic		False		True	False	no_structure											
495617	1672	C	G	pathogenic		False		True	False	no_structure											
495607	1441	G	R			False		False	False	no_structure											
495598	1226	G	V	vus		False		False	False	no_structure											
495655	2669	G	S	vus	ca_backbone_3	False		False	False	no_structure											
495652	2606	V	I			False		False	False	no_structure											
495651	2595	G	D			False		False	False	no_structure											
495595	1191	D	E	vus		False		False	False	no_structure											
495641	2285	D	V			False		False	False	no_structure											
495635	2029	C	S			False		True	False	no_structure											
495573	742	L	P		ca_backbone_2	False		False	False	no_structure											
495570	681	S	Y			False		False	False	no_structure											
495616	1729	W	R	vus		False		False	False	no_structure											
495597	1192	R	K			False		False	False	no_structure											
495561	613	D	Y		ca_D1	True		False	False	no_structure											
495590	1138	C	S	pathogenic		False	False	True	True	ok	1LMJ	1.6	0.255	1.171	1.39	0.322	0.209	0.0	False	-0.0	0.0
495610	148	P	S			False		False	False	no_structure											
495589	1127	G	D			False	False	False	True	ok	1LMJ	15.593	0.763	16.165	15.388	0.716	0.205	0.0	False	0.065	0.164
495569	1	M	L	pathogenic		False		False	False	no_structure											
495580	929	T	S	vus	ca_backbone_2	False	True	False	True	ok	2W86	0.757	0.001	0.756	0.732	0.003	0.025	-0.0	False	0.005	-0.005
495575	796	F	L			False		False	False	no_structure											
495574	746	Y	C	pathogenic	ca_YF	True		False	False	no_structure											
495572	711	C	R	pathogenic		False		True	False	no_structure											
495565	630	N	Y		ca_DN_bOH	True		False	False	no_structure											
495563	617	C	Y	pathogenic		False		True	False	no_structure											
495558	544	G	R	pathogenic		False		False	False	no_structure											
498253	2727	G	S	vus		False		False	False	no_structure											
500066	1391	C	F			False		True	False	no_structure											
501654	1453	P	L	vus		False		False	False	no_structure											
502437	1839	Y	F			False		False	False	no_structure											
502478	494	C	S	pathogenic		False		True	False	no_structure											
504529	2500	C	S	pathogenic		False		True	False	no_structure											
505164	1401	T	N			False		False	False	no_structure											
513328	2848	K	Q	benign		False		False	False	no_structure											
517124	474	C	W			False		True	False	no_structure											
517135	209	C	Y			False		True	False	no_structure											
519710	2868	V	D			False		False	False	no_structure											
519779	2816	H	R			False		False	False	no_structure											
519775	2776	R	G	vus		False		False	False	no_structure											
520239	2742	E	K			False		False	False	no_structure											
519693	2672	C	G	pathogenic		False		True	False	no_structure											
519752	2668	G	D			False		False	False	no_structure											
519749	2651	E	Q		ca_EH	True		False	False	no_structure											
520232	2633	C	R	pathogenic		False		True	False	no_structure											
519697	2622	C	Y			False		True	False	no_structure											
519750	2581	C	F			False		True	False	no_structure											
519756	2550	C	S			False		True	False	no_structure											
519787	2468	C	Y	pathogenic		False		True	False	no_structure											
519765	2466	Y	C	vus	ca_YF	True		False	False	no_structure											
519781	2461	N	S		ca_DN_bOH	True		False	False	no_structure											
519771	2347	M	V			False		False	False	no_structure											
519780	2251	C	S	pathogenic		False		True	False	no_structure											
519696	2185	I	T			False	False	False	True	ok	1EMN	0.264	0.0	0.265	0.076	0.0	0.189	0.0	False	0.008	-0.011
519782	2178	N	K	vus		False	False	False	True	ok	1EMN	0.021	0.019	-0.003	0.012	0.05	0.009	-0.0	False	-0.23	-0.334
519735	2169	E	Q		ca_EH	True	True	False	True	ok	1EMN	-0.964	0.357	-1.036	-0.636	0.073	-0.328	-1.417	True	-0.021	0.039
519770	2137	C	S			False	False	True	True	ok	1EMN	3.181	0.053	3.197	3.177	0.055	0.004	-0.0	False	-0.036	-0.029
519773	2116	G	E	vus		False		False	False	no_structure											
519736	2062	Y	S	vus		False		False	False	no_structure											
520238	1994	G	A	vus		False		False	False	no_structure											
519772	1989	C	W	pathogenic		False		True	False	no_structure											
519792	1984	C	Y	pathogenic		False		True	False	no_structure											
519761	1976	E	A	pathogenic	ca_EH	True		False	False	no_structure											
519743	1968	G	R	vus		False		False	False	no_structure											
519734	1959	N	K			False		False	False	no_structure											
519797	1900	C	S			False		True	False	no_structure											
519722	1879	G	R			False		False	False	no_structure											
519783	1840	R	C	pathogenic		False		False	False	no_structure											
519757	1782	C	Y	pathogenic		False		True	False	no_structure											
519774	1684	G	R			False		False	False	no_structure											
519715	1644	R	Q			False	False	False	True	ok	1UZJ	2.585	0.347	2.944	2.731	0.29	-0.145	-0.0	False	0.936	1.008
519692	1530	R	P	pathogenic		False	False	False	True	ok	1UZJ	3.383	0.338	3.597	3.466	0.296	-0.083	0.0	False	2.65	2.609
519764	1508	S	I		ca_backbone_3	False	True	False	True	ok	1UZJ	0.771	0.052	0.743	0.82	0.05	-0.05	0.0	False	0.04	-0.002
519730	1507	G	V	pathogenic		False	False	False	True	ok	1UZJ	3.038	0.0	3.038	3.061	0.0	-0.024	-0.0	False	0.015	-0.005
519707	1415	C	R	pathogenic		False		True	False	no_structure											
519799	1402	C	Y	pathogenic		False		True	False	no_structure											
519726	1361	C	Y	pathogenic		False		True	False	no_structure											
519762	1359	I	V			False		False	False	no_structure											
519794	1262	R	S	vus		False		False	False	no_structure											
519795	1243	E	G			False		False	False	no_structure											
519748	1208	C	F	pathogenic		False		True	False	no_structure											
519721	1126	G	S	vus		False	False	False	True	ok	1LMJ	0.786	0.039	0.863	0.766	0.002	0.02	0.0	False	0.0	0.0
519740	1042	G	D	pathogenic		False		False	False	no_structure											
519571	1042	G	S	pathogenic		False		False	False	no_structure											
519704	977	M	V	vus		False		False	False	no_structure											
519785	966	E	D	vus		False		False	False	no_structure											
519754	925	L	V			False	False	False	True	ok	2W86	0.744	0.011	0.738	0.74	0.002	0.004	0.0	False	0.0	0.0
520236	914	C	G			False	False	True	True	ok	2W86	3.659	0.027	3.667	3.729	0.021	-0.069	-0.0	False	-0.049	-0.061
519733	908	C	Y	pathogenic		False	False	True	True	ok	2W86	3.174	0.301	3.3	3.376	0.163	-0.201	-0.0	False	0.582	0.647
519713	877	S	F	vus		False	False	False	True	ok	2W86	-1.77	0.138	-1.921	-1.769	0.125	-0.001	-0.0	False	-0.307	-0.306
519804	867	N	S			False	False	False	True	ok	2W86	2.745	0.024	2.731	2.81	0.093	-0.065	-0.0	False	0.0	-0.0
519723	821	C	W			False	False	True	True	ok	2W86	4.306	0.918	3.936	3.787	0.453	0.518	-0.73	True	-0.687	0.018
519759	770	V	I			False		False	False	no_structure											
519758	763	C	R	pathogenic		False		True	False	no_structure											
519800	753	G	V			False		False	False	no_structure											
519803	705	A	V	vus		False		False	False	no_structure											
519796	692	F	Y			False		False	False	no_structure											
519705	684	C	R	pathogenic		False		True	False	no_structure											
519731	644	A	P			False		False	False	no_structure											
519778	547	I	V			False		False	False	no_structure											
519712	439	R	Q			False		False	False	no_structure											
519753	373	A	T			False		False	False	no_structure											
519711	344	R	P			False		False	False	no_structure											
519791	288	D	G	vus	ca_D1	True		False	False	no_structure											
519802	261	N	S			False		False	False	no_structure											
519737	166	C	S	pathogenic		False		True	False	no_structure											
519745	158	G	R	vus		False		False	False	no_structure											
519790	156	N	H	vus		False		False	False	no_structure											
519727	150	C	R	pathogenic		False		True	False	no_structure											
520235	136	C	W			False		True	False	no_structure											
519698	117	Q	R	vus		False		False	False	no_structure											
520234	68	C	S			False		True	False	no_structure											
520499	1876	C	R	pathogenic		False		True	False	no_structure											
520497	1672	C	W			False		True	False	no_structure											
520495	965	E	Q	vus		False		False	False	no_structure											
520494	899	G	E			False	False	False	True	ok	2W86	8.864	0.064	8.888	8.817	0.066	0.047	0.0	False	0.292	0.403
520498	739	C	Y	pathogenic		False		True	False	no_structure											
520493	635	Y	C	pathogenic	ca_YF	True		False	False	no_structure											
521729	2000	C	Y	pathogenic		False		True	False	no_structure											
521833	1353	G	R			False		False	False	no_structure											
521083	220	P	L			False		False	False	no_structure											
523335	2610	E	G		ca_EH	True		False	False	no_structure											
523334	1463	N	S		ca_DN_bOH	True		False	False	no_structure											
527153	2680	R	H			False		False	False	no_structure											
527191	2547	S	R		ca_backbone_3	False		False	False	no_structure											
527160	2511	C	Y	pathogenic		False		True	False	no_structure											
527188	2378	C	W			False		True	False	no_structure											
527199	1931	V	I	vus	ca_backbone_1	False		False	False	no_structure											
527208	1912	F	L		ca_YF	True		False	False	no_structure											
527178	1766	D	H		ca_D1	True		False	False	no_structure											
527159	1367	C	S			False		True	False	no_structure											
527181	1344	G	E	pathogenic		False		False	False	no_structure											
527155	2454	P	L			False		False	False	no_structure											
527143	1188	S	L	vus		False		False	False	no_structure											
527165	2320	D	G	vus		False		False	False	no_structure											
527149	2152	E	K	vus		False	False	False	True	ok	1EMN	-0.071	0.039	-0.091	-0.082	0.017	0.012	-0.0	False	0.162	0.155
527180	1871	S	R	vus	ca_backbone_3	False		False	False	no_structure											
527203	1806	C	F	pathogenic		False		True	False	no_structure											
527168	1504	N	Y		ca_DN_bOH	True	True	False	True	ok	1UZJ	1.302	0.044	1.285	-0.94	0.226	2.242	3.785	True	0.32	-0.033
527144	1448	D	N		ca_DN2	True		False	False	no_structure											
527187	993	C	R			False		True	False	no_structure											
527217	781	C	Y	pathogenic		False		True	False	no_structure											
527207	644	A	S			False		False	False	no_structure											
527206	639	C	R			False		True	False	no_structure											
527179	393	M	V			False		False	False	no_structure											
527175	265	T	S	vus	ca_backbone_2	False		False	False	no_structure											
527141	134	C	R			False		True	False	no_structure											
527193	2433	Y	C			False		False	False	no_structure											
527182	2222	V	L			False		False	False	no_structure											
527145	2053	C	Y			False		True	False	no_structure											
527152	1977	C	Y	pathogenic		False		True	False	no_structure											
527205	1487	D	G	pathogenic	ca_D1	True	True	False	True	ok	1UZJ	0.572	0.031	0.555	-0.086	0.033	0.658	2.474	True	1.489	0.181
527200	1348	C	W			False		True	False	no_structure											
527204	1204	M	V			False		False	False	no_structure											
527151	996	C	R			False		True	False	no_structure											
527216	926	C	Y	pathogenic		False	False	True	True	ok	2W86	3.39	0.583	3.054	3.575	0.574	-0.185	-0.0	False	-0.012	-0.016
527166	918	P	S	vus		False	False	False	True	ok	2W86	2.038	0.0	2.038	2.038	0.001	0.001	0.0	False	0.0	0.0
527201	884	G	E	pathogenic		False	False	False	True	ok	2W86	6.294	0.241	6.163	6.143	0.412	0.152	-0.0	False	0.089	0.209
527174	234	G	D			False		False	False	no_structure											
527186	2778	L	R			False		False	False	no_structure											
527167	2701	V	I	vus		False		False	False	no_structure											
527194	2652	C	R			False		True	False	no_structure											
527210	2455	C	W			False		True	False	no_structure											
527154	2204	C	R	pathogenic		False	False	True	True	ok	1EMN	4.69	1.106	3.412	4.384	0.452	0.306	-0.0	False	-0.571	-0.574
527197	1814	N	S			False		False	False	no_structure											
527218	1658	C	Y			False		True	False	no_structure											
527147	1592	G	E	vus		False	False	False	True	ok	1UZJ	3.643	0.019	3.67	3.643	0.017	0.0	-0.0	False	0.314	0.285
527189	1285	D	N			False		False	False	no_structure											
527185	1072	D	N	vus	ca_DN2	True	False	False	True	ok	1LMJ	0.322	0.036	0.309	0.346	0.082	-0.024	0.0	False	0.163	0.133
527173	979	A	S			False		False	False	no_structure											
527163	753	G	E			False		False	False	no_structure											
527209	535	L	I			False		False	False	no_structure											
527148	532	D	G	vus	ca_DN2	True		False	False	no_structure											
546101	1152	A	V	vus		False	False	False	True	ok	1LMJ	0.857	0.079	0.821	0.853	0.081	0.004	0.0	False	-0.003	-0.0
546316	1099	E	D			False	False	False	True	ok	1LMJ	0.638	0.009	0.638	0.661	0.022	-0.023	-0.0	False	0.325	0.313
546242	913	E	K	pathogenic	ca_EH	True	True	False	True	ok	2W86	1.305	0.257	1.171	-3.619	0.607	4.924	2.255	True	0.997	-1.624
546752	215	R	Q	vus		False		False	False	no_structure											
547351	2831	I	S			False		False	False	no_structure											
547350	2831	I	F			False		False	False	no_structure											
547346	2500	C	R	pathogenic		False		True	False	no_structure											
547344	2401	A	S			False		False	False	no_structure											
547343	2339	C	R	pathogenic		False		True	False	no_structure											
547340	2164	C	Y	pathogenic		False	False	True	True	ok	1EMN	19.396	1.459	21.74	20.219	2.133	-0.823	-0.0	False	-0.0	-0.0
547339	2107	F	C	vus		False		False	False	no_structure											
547338	2085	C	Y	pathogenic		False		True	False	no_structure											
547333	1930	D	N	pathogenic	ca_D1	True		False	False	no_structure											
547332	1914	C	F			False		True	False	no_structure											
547331	1806	C	R	pathogenic		False		True	False	no_structure											
547326	1674	C	Y	pathogenic		False		True	False	no_structure											
547325	1663	C	F	pathogenic		False		True	False	no_structure											
547322	1513	C	Y	pathogenic		False	False	True	True	ok	1UZJ	1.783	0.089	1.791	1.849	0.066	-0.066	-0.0	False	-0.229	-0.26
547321	1497	C	Y	pathogenic		False	False	True	True	ok	1UZJ	16.95	0.23	17.043	16.99	0.203	-0.04	-0.0	False	0.01	-0.027
547319	1388	R	H			False		False	False	no_structure											
547318	1382	N	I		ca_DN_bOH	True		False	False	no_structure											
547313	1235	S	P			False		False	False	no_structure											
547312	1206	G	D			False		False	False	no_structure											
547310	1173	N	T	pathogenic	ca_DN_bOH	True		False	False	no_structure											
547309	1159	C	Y	pathogenic		False		True	False	no_structure											
547308	1137	R	H			False	False	False	True	ok	1LMJ	1.426	0.025	1.405	1.29	0.008	0.135	0.0	False	0.316	0.457
547307	1053	C	G	pathogenic		False		True	False	no_structure											
547304	795	G	V	vus		False		False	False	no_structure											
547302	697	Q	H			False		False	False	no_structure											
547301	684	C	F	pathogenic		False		True	False	no_structure											
547300	576	C	S			False		True	False	no_structure											
547298	305	T	A			False		False	False	no_structure											
547297	75	P	R	vus		False		False	False	no_structure											
547296	63	Y	C	vus		False		False	False	no_structure											
548587	2713	E	G	vus		False		False	False	no_structure											
549464	2816	H	P			False		False	False	no_structure											
549461	2793	Y	H			False		False	False	no_structure											
549460	2777	I	T			False		False	False	no_structure											
549458	2767	N	D			False		False	False	no_structure											
549457	2730	R	W	vus		False		False	False	no_structure											
549453	2690	M	T			False		False	False	no_structure											
549452	2685	H	R	vus		False		False	False	no_structure											
549450	2672	C	S			False		True	False	no_structure											
549449	2672	C	Y			False		True	False	no_structure											
549448	2661	Y	C	pathogenic		False		False	False	no_structure											
549447	2659	C	G			False		True	False	no_structure											
549445	2658	P	A			False		False	False	no_structure											
549444	2646	C	R			False		True	False	no_structure											
549440	2635	A	T	benign		False		False	False	no_structure											
549439	2631	C	F	pathogenic		False		True	False	no_structure											
549438	2627	G	V			False		False	False	no_structure											
549437	2624	N	S	pathogenic	ca_DN_bOH	True		False	False	no_structure											
549436	2622	C	R	pathogenic		False		True	False	no_structure											
549435	2622	C	S			False		True	False	no_structure											
549434	2617	C	Y			False		True	False	no_structure											
549433	2610	E	V		ca_EH	True		False	False	no_structure											
549426	2581	C	Y			False		True	False	no_structure											
549423	2571	C	F			False		True	False	no_structure											
549422	2571	C	Y	pathogenic		False		True	False	no_structure											
549418	2535	C	R			False		True	False	no_structure											
549414	2496	C	F			False		True	False	no_structure											
549413	2496	C	S			False		True	False	no_structure											
549412	2489	C	G			False		True	False	no_structure											
549411	2483	C	S			False		True	False	no_structure											
549410	2483	C	R	pathogenic		False		True	False	no_structure											
549408	2470	C	W	pathogenic		False		True	False	no_structure											
549407	2470	C	Y			False		True	False	no_structure											
549406	2470	C	R	pathogenic		False		True	False	no_structure											
549401	2444	D	Y		ca_D1	True		False	False	no_structure											
549400	2442	C	S	pathogenic		False		True	False	no_structure											
549398	2418	C	R			False		True	False	no_structure											
549397	2416	G	V			False		False	False	no_structure											
549396	2403	I	N		ca_backbone_1	False		False	False	no_structure											
549386	2348	C	R			False		True	False	no_structure											
549381	2318	C	R	pathogenic		False		True	False	no_structure											
549379	2316	C	F			False		True	False	no_structure											
549378	2316	C	Y	pathogenic		False		True	False	no_structure											
549374	2295	C	G			False		True	False	no_structure											
549373	2294	E	A		ca_EH	True		False	False	no_structure											
549371	2282	R	W			False		False	False	no_structure											
549370	2267	N	K		ca_DN_bOH	True		False	False	no_structure											
549360	2230	C	R	pathogenic		False		True	False	no_structure											
549358	2223	N	H		ca_DN_bOH	True		False	False	no_structure											
549357	2220	R	Q	vus		False		False	False	no_structure											
549354	2210	C	S			False		True	False	no_structure											
549353	2204	C	F			False	False	True	True	ok	1EMN	6.022	0.826	5.632	6.401	0.101	-0.379	-0.0	False	-0.057	-0.094
549350	2185	I	S			False	False	False	True	ok	1EMN	0.677	0.034	0.704	0.496	0.027	0.181	0.0	False	0.012	-0.007
549345	2154	P	R			False	False	False	True	ok	1EMN	0.167	0.245	-0.261	0.441	0.313	-0.274	-0.0	False	-0.708	-0.904
549344	2142	C	S			False	False	True	True	ok	1EMN	0.815	0.057	0.907	0.857	0.105	-0.042	0.0	False	0.0	-0.0
549341	2127	D	N		ca_D1	True	True	False	True	ok	1EMN	-0.044	0.01	-0.034	-0.265	0.027	0.22	0.432	True	0.208	-0.185
549340	2111	C	R	pathogenic		False		True	False	no_structure											
549339	2108	R	C	pathogenic		False		False	False	no_structure											
549337	2085	C	S			False		True	False	no_structure											
549336	2084	C	Y			False		True	False	no_structure											
549335	2079	S	C			False		False	False	no_structure											
549333	2061	C	R	pathogenic		False		True	False	no_structure											
549330	2029	C	W			False		True	False	no_structure											
549328	2015	D	V	vus	ca_DN2	True		False	False	no_structure											
549325	2013	D	H		ca_D1	True		False	False	no_structure											
549323	1998	C	W			False		True	False	no_structure											
549322	1995	S	P		ca_backbone_3	False		False	False	no_structure											
549320	1984	C	R	pathogenic		False		True	False	no_structure											
549319	1976	E	G		ca_EH	True		False	False	no_structure											
549316	1971	C	Y			False		True	False	no_structure											
549315	1971	C	G			False		True	False	no_structure											
549310	1945	G	D			False		False	False	no_structure											
549308	1934	C	S			False		True	False	no_structure											
549307	1932	D	A		ca_DN2	True		False	False	no_structure											
549306	1930	D	Y		ca_D1	True		False	False	no_structure											
549302	1924	H	R			False		False	False	no_structure											
549301	1915	R	S			False		False	False	no_structure											
549300	1912	F	S		ca_YF	True		False	False	no_structure											
549299	1908	T	P		ca_backbone_2	False		False	False	no_structure											
549298	1900	C	F			False		True	False	no_structure											
549291	1865	C	R			False		True	False	no_structure											
549290	1853	C	S			False		True	False	no_structure											
549289	1853	C	S			False		True	False	no_structure											
549286	1847	C	R			False		True	False	no_structure											
549284	1835	C	F			False		True	False	no_structure											
549283	1835	C	R			False		True	False	no_structure											
549282	1835	C	S			False		True	False	no_structure											
549277	1812	C	Y			False		True	False	no_structure											
549275	1793	C	S			False		True	False	no_structure											
549274	1791	C	W			False		True	False	no_structure											
549273	1790	R	P			False		False	False	no_structure											
549272	1790	R	Q			False		False	False	no_structure											
549263	1719	C	Y	pathogenic		False		True	False	no_structure											
549262	1708	G	E	vus		False		False	False	no_structure											
549258	1674	C	R			False		True	False	no_structure											
549257	1672	C	S	pathogenic		False		True	False	no_structure											
549253	1633	C	Y			False	False	True	True	ok	1UZJ	7.479	0.635	7.697	6.377	0.931	1.102	-0.0	False	0.145	-0.021
549249	1599	P	T			False	False	False	True	ok	1UZJ	1.433	0.021	1.435	1.432	0.021	0.001	-0.0	False	0.074	0.074
549248	1596	R	P			False	False	False	True	ok	1UZJ	5.934	0.419	6.254	6.086	0.318	-0.152	-0.0	False	2.404	2.718
549246	1589	C	F	pathogenic		False	False	True	True	ok	1UZJ	15.315	3.611	19.763	16.156	2.581	-0.841	-0.0	False	-1.065	-0.291
549243	1534	C	W			False	False	True	True	ok	1UZJ	33.708	1.391	32.468	32.97	0.811	0.738	-0.0	False	0.29	0.278
549240	1511	C	G			False	False	True	True	ok	1UZJ	4.286	0.018	4.262	4.284	0.031	0.002	-0.0	False	-0.005	-0.008
549239	1504	N	S		ca_DN_bOH	True	True	False	True	ok	1UZJ	2.649	0.009	2.66	0.306	0.014	2.342	3.767	True	0.305	-0.0
549237	1497	C	S			False	False	True	True	ok	1UZJ	3.969	0.153	3.794	4.149	0.129	-0.18	-0.0	False	0.01	0.0
549235	1490	E	K	pathogenic	ca_EH	True	True	False	True	ok	1UZJ	0.397	0.136	0.587	-0.533	0.212	0.929	1.823	True	1.633	-0.126
549234	1487	D	A		ca_D1	True	True	False	True	ok	1UZJ	0.665	0.034	0.598	-0.357	0.078	1.021	2.446	True	1.475	0.135
549232	1487	D	N	pathogenic	ca_D1	True	True	False	True	ok	1UZJ	0.051	0.077	0.063	-0.724	0.013	0.775	-1.883	True	1.298	0.189
549231	1485	C	Y			False		True	False	no_structure											
549229	1472	C	R	pathogenic		False		True	False	no_structure											
549228	1463	N	K		ca_DN_bOH	True		False	False	no_structure											
549227	1450	C	Y			False		True	False	no_structure											
549226	1450	C	S			False		True	False	no_structure											
549225	1449	E	D	vus	ca_EH	True		False	False	no_structure											
549219	1431	C	Y	pathogenic		False		True	False	no_structure											
549218	1429	C	W			False		True	False	no_structure											
549216	1429	C	Y	pathogenic		False		True	False	no_structure											
549215	1429	C	S			False		True	False	no_structure											
549212	1395	Y	H			False		False	False	no_structure											
549211	1384	M	T			False		False	False	no_structure											
549210	1375	S	R			False		False	False	no_structure											
549209	1367	C	R			False		True	False	no_structure											
549204	1350	C	F	pathogenic		False		True	False	no_structure											
549203	1350	C	Y			False		True	False	no_structure											
549202	1349	S	T			False		False	False	no_structure											
549200	1339	C	Y			False		True	False	no_structure											
549199	1337	A	P			False		False	False	no_structure											
549198	1322	D	G		ca_D1	True		False	False	no_structure											
549197	1320	C	F			False		True	False	no_structure											
549196	1320	C	S			False		True	False	no_structure											
549195	1313	G	S			False		False	False	no_structure											
549194	1311	Y	C	pathogenic		False		False	False	no_structure											
549190	1283	E	K		ca_EH	True		False	False	no_structure											
549189	1280	D	V		ca_D1	True		False	False	no_structure											
549187	1272	S	Y			False		False	False	no_structure											
549184	1250	D	Y			False		False	False	no_structure											
549182	1236	C	R			False		True	False	no_structure											
549181	1219	Y	C	pathogenic	ca_YF	True		False	False	no_structure											
549180	1217	G	D	pathogenic		False		False	False	no_structure											
549179	1214	N	S		ca_DN_bOH	True		False	False	no_structure											
549176	1201	C	Y			False		True	False	no_structure											
549173	1185	G	D	pathogenic		False		False	False	no_structure											
549172	1180	C	Y			False		True	False	no_structure											
549171	1178	Y	C	pathogenic	ca_YF	True		False	False	no_structure											
549170	1171	C	Y			False		True	False	no_structure											
549169	1170	R	C	vus		False		False	False	no_structure											
549168	1159	C	R	pathogenic		False		True	False	no_structure											
549164	1140	C	F			False	False	True	True	ok	1LMJ	2.356	0.445	2.287	2.462	0.258	-0.106	0.0	False	-1.648	-1.787
549161	1128	V	L			False	False	False	True	ok	1LMJ	-0.103	0.027	-0.083	0.066	0.005	-0.169	0.0	False	-0.0	-0.0
549159	1116	E	K		ca_EH	True	True	False	True	ok	1LMJ	-0.118	0.257	0.001	-0.96	0.356	0.842	2.223	True	1.842	0.627
549158	1113	D	G	pathogenic	ca_D1	True	True	False	True	ok	1LMJ	0.899	0.419	0.961	-0.894	0.112	1.794	2.295	True	1.141	-0.344
549154	1101	Y	C	pathogenic		False	False	False	True	ok	1LMJ	1.303	0.24	1.324	1.536	0.248	-0.233	-0.0	False	0.104	0.21
549152	1100	G	V			False	False	False	True	ok	1LMJ	2.043	0.234	2.181	1.907	0.639	0.136	-0.0	False	0.102	-0.316
549151	1100	G	A	pathogenic		False	False	False	True	ok	1LMJ	-0.96	0.0	-0.96	-0.73	0.094	-0.23	0.0	False	0.0	-0.017
549150	1097	C	Y	pathogenic		False	False	True	True	ok	1LMJ	1.425	0.137	1.356	1.479	0.219	-0.054	0.0	False	-0.164	-0.173
549149	1090	P	S			False	False	False	True	ok	1LMJ	0.909	0.055	0.837	0.8	0.153	0.109	0.0	False	0.027	-0.014
549148	1088	N	S		ca_DN_bOH	True	True	False	True	ok	1LMJ	0.587	0.063	0.559	0.763	0.27	-0.176	2.637	True	0.274	-0.106
549147	1086	C	R			False	False	True	True	ok	1LMJ	3.765	1.594	5.925	3.956	0.86	-0.191	0.0	False	-0.226	-0.385
549144	1075	R	C	vus		False	False	False	True	ok	1LMJ	0.734	0.04	0.743	0.993	0.055	-0.259	0.0	False	0.518	0.878
549143	1072	D	H		ca_DN2	True	False	False	True	ok	1LMJ	0.846	0.102	0.995	0.748	0.197	0.099	-0.0	False	0.183	0.16
549142	1071	I	S		ca_backbone_1	False	True	False	True	ok	1LMJ	-1.794	0.054	-1.896	-1.456	0.034	-0.338	0.0	False	0.012	-0.009
549141	1070	D	G		ca_D1	True	True	False	True	ok	1LMJ	1.137	0.27	0.774	-0.297	0.231	1.434	2.161	True	1.622	-0.17
549138	1068	C	Y			False		True	False	no_structure											
549137	1068	C	R			False		True	False	no_structure											
549136	1055	C	W			False		True	False	no_structure											
549135	1053	C	S			False		True	False	no_structure											
549134	1051	F	S		ca_YF	True		False	False	no_structure											
549133	1050	S	I		ca_backbone_3	False		False	False	no_structure											
549131	1048	I	T	pathogenic		False		False	False	no_structure											
549128	1027	K	N			False		False	False	no_structure											
549125	1008	C	R	pathogenic		False		True	False	no_structure											
549121	981	C	Y			False		True	False	no_structure											
549117	950	C	F			False	False	True	True	ok	2W86	13.407	1.287	14.369	13.859	0.168	-0.452	-0.0	False	-0.018	-0.002
549116	950	C	Y			False	False	True	True	ok	2W86	16.695	5.944	8.887	18.879	4.842	-2.185	-0.0	False	-0.026	-0.018
549115	938	P	L	vus		False	False	False	True	ok	2W86	1.354	0.035	1.337	1.338	0.003	0.016	0.0	False	0.0	0.0
549112	931	G	V			False	False	False	True	ok	2W86	6.296	0.445	5.502	6.298	0.217	-0.001	-0.0	False	-0.029	0.014
549110	914	C	S			False	False	True	True	ok	2W86	2.199	0.028	2.165	2.228	0.036	-0.029	-0.0	False	0.001	-0.008
549109	913	E	G		ca_EH	True	True	False	True	ok	2W86	2.198	0.231	2.043	-0.844	0.3	3.042	2.223	True	1.503	-0.598
549107	908	C	F			False	False	True	True	ok	2W86	2.9	0.18	2.845	2.923	0.18	-0.023	-0.0	False	0.444	0.356
549105	899	G	R			False	False	False	True	ok	2W86	7.233	0.13	7.48	7.076	0.028	0.158	0.0	False	-0.191	-0.196
549101	893	D	N			False	False	False	True	ok	2W86	0.648	0.062	0.605	0.758	0.099	-0.11	-0.0	False	1.2	1.191
549097	862	C	Y	pathogenic		False	False	True	True	ok	2W86	11.561	0.716	11.183	12.02	0.923	-0.459	-0.0	False	-0.721	-0.893
549094	853	C	W			False	False	True	True	ok	2W86	33.771	1.331	33.76	32.306	2.075	1.464	-0.0	False	0.046	0.059
549093	853	C	S	pathogenic		False	False	True	True	ok	2W86	5.731	0.362	5.756	5.712	0.038	0.019	-0.0	False	0.0	0.0
549090	830	C	Y			False	False	True	True	ok	2W86	17.948	1.839	19.287	17.255	1.965	0.692	-0.0	False	0.113	0.142
549088	826	G	D			False	False	False	True	ok	2W86	3.484	0.032	3.444	3.705	0.02	-0.221	0.0	False	0.22	0.251
549084	816	C	R	pathogenic		False	False	True	True	ok	2W86	10.329	2.222	14.165	7.897	1.093	2.432	-0.485	True	-0.613	-0.369
549082	811	C	W			False	False	True	True	ok	2W86	2.84	0.108	2.895	2.659	0.071	0.181	0.0	False	-0.422	-0.392
549081	811	C	Y	pathogenic		False	False	True	True	ok	2W86	3.72	0.441	2.992	3.698	0.079	0.023	0.0	False	-0.19	-0.15
549080	809	D	G		ca_DN2	True	False	False	True	ok	2W86	1.194	0.08	1.105	1.265	0.01	-0.071	0.0	False	-0.354	-0.277
549076	790	C	Y	pathogenic		False		True	False	no_structure											
549075	790	C	S			False		True	False	no_structure											
549074	781	C	S			False		True	False	no_structure											
549073	776	C	Y			False		True	False	no_structure											
549070	763	C	G	pathogenic		False		True	False	no_structure											
549067	723	D	Y		ca_D1	True		False	False	no_structure											
549062	685	C	Y	pathogenic		False		True	False	no_structure											
549061	684	C	S			False		True	False	no_structure											
549055	643	L	R			False		False	False	no_structure											
549054	617	C	R	pathogenic		False		True	False	no_structure											
549049	611	C	R	pathogenic		False		True	False	no_structure											
549047	602	F	S			False		False	False	no_structure											
549045	598	C	W			False		True	False	no_structure											
549044	598	C	Y			False		True	False	no_structure											
549043	592	G	D			False		False	False	no_structure											
549041	589	N	S	pathogenic	ca_DN_bOH	True		False	False	no_structure											
549040	587	C	Y			False		True	False	no_structure											
549039	585	G	E	pathogenic		False		False	False	no_structure											
549038	576	C	Y	pathogenic		False		True	False	no_structure											
549037	572	D	V		ca_D1	True		False	False	no_structure											
549035	570	C	Y	pathogenic		False		True	False	no_structure											
549034	560	G	D			False		False	False	no_structure											
549033	555	C	Y	pathogenic		False		True	False	no_structure											
549030	546	C	R			False		True	False	no_structure											
549029	541	C	F			False		True	False	no_structure											
549024	519	Y	C	pathogenic		False		False	False	no_structure											
549022	513	C	R	pathogenic		False		True	False	no_structure											
549021	504	C	Y	pathogenic		False		True	False	no_structure											
549020	504	C	R	pathogenic		False		True	False	no_structure											
549019	490	D	Y	pathogenic	ca_D1	True		False	False	no_structure											
549018	488	C	F			False		True	False	no_structure											
549017	488	C	Y	pathogenic		False		True	False	no_structure											
549015	474	C	F	pathogenic		False		True	False	no_structure											
549013	464	R	C	pathogenic		False		False	False	no_structure											
549007	390	S	F			False		False	False	no_structure											
549004	366	W	C	pathogenic		False		False	False	no_structure											
549003	359	C	Y			False		True	False	no_structure											
549002	359	C	R			False		True	False	no_structure											
549001	358	C	Y	pathogenic		False		True	False	no_structure											
548999	344	R	C	pathogenic		False		False	False	no_structure											
548997	336	C	R	pathogenic		False		True	False	no_structure											
549475	329	I	V	benign		False		False	False	no_structure											
549472	313	C	W			False		True	False	no_structure											
549470	287	E	G			False		False	False	no_structure											
549428	259	G	E			False		False	False	no_structure											
549362	224	C	R			False		True	False	no_structure											
549338	209	C	S			False		True	False	no_structure											
549259	168	C	W			False		True	False	no_structure											
549250	160	C	Y	pathogenic		False		True	False	no_structure											
549223	145	C	G			False		True	False	no_structure											
549214	142	G	E			False		False	False	no_structure											
549206	136	C	R			False		True	False	no_structure											
549205	136	C	S			False		True	False	no_structure											
549183	124	M	I			False		False	False	no_structure											
549127	102	C	S			False		True	False	no_structure											
549100	89	C	R			False		True	False	no_structure											
549077	80	C	G			False		True	False	no_structure											
549066	71	W	R			False		False	False	no_structure											
549065	71	W	R			False		False	False	no_structure											
549059	66	Y	C			False		False	False	no_structure											
549042	59	C	F			False		True	False	no_structure											
549251	16	L	H			False		False	False	no_structure											
549153	11	L	R	pathogenic		False		False	False	no_structure											
549124	1	M	T	pathogenic		False		False	False	no_structure											
560218	652	C	W			False		True	False	no_structure											
561296	215	R	G			False		False	False	no_structure											
571346	2846	E	K	vus		False		False	False	no_structure											
582674	2686	C	R			False		True	False	no_structure											
576623	2663	C	R			False		True	False	no_structure											
572714	2555	G	V	pathogenic		False		False	False	no_structure											
576527	2427	C	R			False		True	False	no_structure											
571705	2415	N	I	vus		False		False	False	no_structure											
576463	2017	C	W	pathogenic		False		True	False	no_structure											
572562	1256	N	H		ca_DN_bOH	True		False	False	no_structure											
573764	1116	E	G		ca_EH	True	True	False	True	ok	1LMJ	-7.505	0.696	-7.142	-7.999	0.15	0.495	2.119	True	2.062	0.492
571004	769	C	F			False		True	False	no_structure											
572871	714	G	R			False		False	False	no_structure											
569768	654	D	H			False		False	False	no_structure											
576493	619	T	N			False		False	False	no_structure											
575196	570	C	W			False		True	False	no_structure											
573231	547	I	T			False		False	False	no_structure											
581985	513	C	S	pathogenic		False		True	False	no_structure											
576755	363	G	S	vus		False		False	False	no_structure											
574053	177	C	Y	pathogenic		False		True	False	no_structure											
571222	2588	Y	C		ca_YF	True		False	False	no_structure											
567107	2555	G	R	pathogenic		False		False	False	no_structure											
574697	2448	C	R			False		True	False	no_structure											
573316	2404	D	N		ca_DN2	True		False	False	no_structure											
581358	2291	D	G		ca_D1	True		False	False	no_structure											
579213	1993	D	N	vus		False		False	False	no_structure											
570737	1962	Y	C	pathogenic		False		False	False	no_structure											
577401	1943	R	I	vus		False		False	False	no_structure											
566202	1877	H	R			False		False	False	no_structure											
576549	1450	C	R	pathogenic		False		True	False	no_structure											
569815	1048	I	V			False		False	False	no_structure											
576840	1043	K	N			False		False	False	no_structure											
570805	224	C	Y	pathogenic		False		True	False	no_structure											
566266	2413	C	S	pathogenic		False		True	False	no_structure											
568619	2388	K	E			False		False	False	no_structure											
570431	2261	K	N	benign		False		False	False	no_structure											
573034	2251	C	R	pathogenic		False		True	False	no_structure											
583258	2233	P	L	pathogenic		False		False	False	no_structure											
566383	2190	C	S			False	False	True	True	ok	1EMN	2.534	0.003	2.536	2.53	0.003	0.005	0.0	False	0.0	0.0
567503	1942	C	Y			False		True	False	no_structure											
566815	1937	G	E			False		False	False	no_structure											
565697	1934	C	S			False		True	False	no_structure											
576709	1889	C	F			False		True	False	no_structure											
570671	1173	N	I		ca_DN_bOH	True		False	False	no_structure											
575810	1091	G	E			False	False	False	True	ok	1LMJ	0.856	0.01	0.864	0.888	0.01	-0.033	-0.0	False	0.171	0.191
569691	895	I	T	vus		False	False	False	True	ok	2W86	0.92	0.394	0.739	1.398	0.362	-0.478	0.0	False	0.048	0.082
569969	807	D	N		ca_D1	True	True	False	True	ok	2W86	0.826	0.139	1.064	-1.281	0.094	2.107	-3.317	True	0.04	-0.155
572039	623	C	Y			False		True	False	no_structure											
570815	458	Y	C			False		False	False	no_structure											
577426	1	M	L	pathogenic		False		False	False	no_structure											
571314	2796	E	K			False		False	False	no_structure											
567978	2295	C	R			False		True	False	no_structure											
575545	2199	G	S	vus		False	False	False	True	ok	1EMN	0.17	0.039	0.162	0.2	0.151	-0.03	0.0	False	0.0	-0.0
582086	1892	I	L		ca_backbone_1	False		False	False	no_structure											
565385	1391	C	Y	pathogenic		False		True	False	no_structure											
567633	1283	E	V		ca_EH	True		False	False	no_structure											
581299	696	C	F			False		True	False	no_structure											
568701	634	S	P		ca_backbone_3	False		False	False	no_structure											
581987	508	Q	H			False		False	False	no_structure											
581305	303	E	K	vus		False		False	False	no_structure											
579559	209	C	F	pathogenic		False		True	False	no_structure											
573035	207	T	S	vus		False		False	False	no_structure											
581628	171	G	R			False		False	False	no_structure											
574616	129	C	Y			False		True	False	no_structure											
590852	2550	C	Y	pathogenic		False		True	False	no_structure											
590974	1748	C	F			False		True	False	no_structure											
617616	598	C	S			False		True	False	no_structure											
617873	2707	D	E			False		False	False	no_structure											
617871	2289	C	F			False		True	False	no_structure											
617872	2199	G	D			False	False	False	True	ok	1EMN	1.66	0.145	1.58	1.613	0.053	0.047	0.0	False	0.537	0.534
617874	1143	G	D	vus		False	False	False	True	ok	1LMJ	3.817	0.0	3.817	3.817	0.0	0.0	-0.0	False	0.01	0.01
617875	736	N	S			False		False	False	no_structure											
617870	271	C	W			False		True	False	no_structure											
618648	2707	D	G			False		False	False	no_structure											
618123	2685	H	Q			False		False	False	no_structure											
618118	2596	Y	C	pathogenic		False		False	False	no_structure											
618653	2406	C	F			False		True	False	no_structure											
618119	2062	Y	C	vus		False		False	False	no_structure											
618121	2002	P	L	vus		False		False	False	no_structure											
618650	1910	G	D	pathogenic		False		False	False	no_structure											
618652	1840	R	H	vus		False		False	False	no_structure											
618120	1670	Y	C	pathogenic	ca_YF	True		False	False	no_structure											
618646	623	C	F	pathogenic		False		True	False	no_structure											
618124	574	D	G		ca_DN2	True		False	False	no_structure											
618647	129	C	W			False		True	False	no_structure											
623167	2190	C	F			False	False	True	True	ok	1EMN	18.256	0.297	18.343	18.538	0.378	-0.282	0.0	False	0.25	0.249
623870	2019	E	K			False		False	False	no_structure											
625128	2565	C	Y			False		True	False	no_structure											
625127	2528	C	R	pathogenic		False		True	False	no_structure											
625125	2129	D	G		ca_DN2	True	False	False	True	ok	1EMN	-0.388	0.061	-0.444	-0.513	0.011	0.125	0.0	False	0.326	0.18
625121	1346	F	V		ca_YF	True		False	False	no_structure											
625120	1200	E	V		ca_EH	True		False	False	no_structure											
625119	1111	C	Y			False	False	True	True	ok	1LMJ	10.914	2.514	10.378	10.2	0.938	0.714	0.0	False	-1.566	-1.32
625118	853	C	R			False	False	True	True	ok	2W86	17.669	1.768	16.726	16.542	0.99	1.128	-0.0	False	-0.145	-0.383
625115	102	C	R			False		True	False	no_structure											
626103	1488	V	L	vus	ca_backbone_1	False	True	False	True	ok	1UZJ	-0.511	0.042	-0.589	-0.394	0.053	-0.117	-0.0	False	-0.046	-0.053
626876	2552	C	R	pathogenic		False		True	False	no_structure											
626877	2550	C	S	pathogenic		False		True	False	no_structure											
626586	2296	Q	H			False		False	False	no_structure											
626587	2083	C	S			False		True	False	no_structure											
626588	2027	G	R			False		False	False	no_structure											
626591	1842	T	I	vus		False		False	False	no_structure											
626593	1834	D	E	vus		False		False	False	no_structure											
626594	1828	A	T	vus		False		False	False	no_structure											
626880	1450	C	F	pathogenic		False		True	False	no_structure											
626881	1428	R	H	vus		False		False	False	no_structure											
626882	1361	C	R	pathogenic		False		True	False	no_structure											
626883	1277	T	S			False		False	False	no_structure											
626596	1097	C	F			False	False	True	True	ok	1LMJ	1.846	0.071	1.912	1.741	0.113	0.105	-0.0	False	-0.182	-0.188
626597	928	N	I		ca_DN_bOH	True	True	False	True	ok	2W86	5.417	0.249	4.977	0.782	0.409	4.635	3.75	True	0.042	0.055
626600	816	C	F			False	False	True	True	ok	2W86	15.706	0.192	15.699	15.589	0.204	0.117	-0.0	False	0.003	0.003
626884	127	G	D	vus		False		False	False	no_structure											
626885	59	C	Y			False		True	False	no_structure											
628178	2484	K	R			False		False	False	no_structure											
628701	2189	E	Q			False	False	False	True	ok	1EMN	-0.25	0.052	-0.275	-0.273	0.127	0.023	-0.0	False	-0.044	-0.065
629673	2149	Y	F		ca_YF	True	False	False	True	ok	1EMN	0.145	0.034	0.165	0.165	0.032	-0.02	-0.4	True	-0.266	-0.028
629518	2108	R	H	vus		False		False	False	no_structure											
628860	2048	S	F			False		False	False	no_structure											
629678	1906	R	G			False		False	False	no_structure											
629532	1301	G	A			False		False	False	no_structure											
629616	1121	P	S			False	False	False	True	ok	1LMJ	0.687	0.003	0.681	0.673	0.032	0.014	-0.0	False	0.007	0.006
630592	970	P	S			False		False	False	no_structure											
628357	929	T	A	vus	ca_backbone_2	False	True	False	True	ok	2W86	0.791	0.001	0.792	0.634	0.002	0.157	0.0	False	0.005	-0.008
629374	918	P	R	benign		False	False	False	True	ok	2W86	0.815	0.197	0.957	0.834	0.257	-0.019	-0.0	False	-0.603	-0.515
629651	633	G	A			False		False	False	no_structure											
629467	487	E	A	vus		False		False	False	no_structure											
629654	312	F	L			False		False	False	no_structure											
629334	230	P	S	vus		False		False	False	no_structure											
628674	122	R	H	vus		False		False	False	no_structure											
628807	3	R	P			False		False	False	no_structure											
632818	2753	L	V	vus		False		False	False	no_structure											
632816	2495	N	S	vus		False		False	False	no_structure											
633209	2395	G	R			False		False	False	no_structure											
632817	2297	T	M			False		False	False	no_structure											
632813	2289	C	S	pathogenic		False		True	False	no_structure											
632805	2276	C	Y			False		True	False	no_structure											
632820	2270	G	D	vus		False		False	False	no_structure											
633210	2244	M	I			False		False	False	no_structure											
633211	2137	C	Y	pathogenic		False	False	True	True	ok	1EMN	13.915	0.035	13.902	13.482	0.247	0.432	0.0	False	-0.089	0.027
632806	1967	D	E			False		False	False	no_structure											
632819	1853	C	Y	pathogenic		False		True	False	no_structure											
633216	1832	R	S			False		False	False	no_structure											
632803	1652	C	R			False		True	False	no_structure											
632810	1647	D	V			False	False	False	True	ok	1UZJ	1.491	0.016	1.505	1.502	0.008	-0.01	0.0	False	0.271	0.276
632809	1534	C	S			False	False	True	True	ok	1UZJ	5.575	0.029	5.542	5.565	0.019	0.01	0.0	False	-0.0	-0.0
632808	1353	G	W			False		False	False	no_structure											
633214	935	C	Y			False	False	True	True	ok	2W86	15.521	1.498	16.8	13.65	1.266	1.871	-0.0	False	0.142	0.057
633213	450	T	A	vus		False		False	False	no_structure											
632802	223	M	I			False		False	False	no_structure											
635278	1646	C	F			False	False	True	True	ok	1UZJ	5.928	1.1	5.236	5.921	1.012	0.007	0.0	False	0.015	0.011
636638	2607	D	N	pathogenic	ca_D1	True		False	False	no_structure											
636935	2364	C	Y			False		True	False	no_structure											
636975	2350	I	M			False		False	False	no_structure											
636543	2251	C	G			False		True	False	no_structure											
636946	2206	D	G		ca_D1	True		False	False	no_structure											
636895	2170	C	R	pathogenic		False	False	True	True	ok	1EMN	-0.913	0.585	-1.689	-0.152	0.251	-0.762	-0.0	False	-0.832	-0.506
636784	1642	D	G			False	False	False	True	ok	1UZJ	0.589	0.008	0.582	0.591	0.007	-0.001	0.0	False	0.098	0.104
636765	1337	A	V			False		False	False	no_structure											
636757	1198	I	T	vus	ca_backbone_1	False		False	False	no_structure											
637004	845	C	S			False	False	True	True	ok	2W86	4.741	0.019	4.736	4.733	0.038	0.008	-0.0	False	-0.0	-0.0
636896	737	G	R	vus		False		False	False	no_structure											
636747	612	K	N			False		False	False	no_structure											
636447	513	C	Y			False		True	False	no_structure											
636640	460	C	Y	pathogenic		False		True	False	no_structure											
636478	45	R	G	vus		False		False	False	no_structure											
638157	2402	D	N		ca_D1	True		False	False	no_structure											
638555	2276	C	W			False		True	False	no_structure											
638559	1989	C	F	pathogenic		False		True	False	no_structure											
638563	739	C	W			False		True	False	no_structure											
638643	921	C	R			False	False	True	True	ok	2W86	11.259	2.001	13.822	9.861	0.895	1.398	-0.0	False	-0.196	-0.104
638676	950	C	S			False	False	True	True	ok	2W86	4.15	0.034	4.141	4.132	0.016	0.018	-0.0	False	-0.001	-0.001
650768	2866	I	N			False		False	False	no_structure											
662665	2864	M	T			False		False	False	no_structure											
659714	2790	H	R			False		False	False	no_structure											
659948	2786	T	A			False		False	False	no_structure											
654730	2772	S	G			False		False	False	no_structure											
661655	2715	C	Y			False		True	False	no_structure											
652442	2687	V	F	vus		False		False	False	no_structure											
654002	2672	C	F			False		True	False	no_structure											
661431	2663	C	Y	pathogenic		False		True	False	no_structure											
653296	2646	C	Y			False		True	False	no_structure											
659715	2646	C	S			False		True	False	no_structure											
659764	2638	Q	H			False		False	False	no_structure											
660361	2589	R	G			False		False	False	no_structure											
656559	2560	Q	H			False		False	False	no_structure											
654126	2471	P	L			False		False	False	no_structure											
664702	2459	C	F			False		True	False	no_structure											
646261	2442	C	Y	pathogenic		False		True	False	no_structure											
648865	2366	D	N			False		False	False	no_structure											
662097	2306	R	C	pathogenic		False		False	False	no_structure											
653363	2289	C	Y	pathogenic		False		True	False	no_structure											
662944	2250	E	K		ca_EH	True		False	False	no_structure											
643925	2208	N	S		ca_DN2	True		False	False	no_structure											
649846	2201	M	L	vus		False	False	False	True	ok	1EMN	0.525	0.487	0.766	0.427	0.36	0.098	-0.0	False	-0.0	0.0
647088	2195	G	V			False	False	False	True	ok	1EMN	4.326	0.026	4.299	4.321	0.021	0.005	-0.0	False	-0.0	-0.0
662658	2151	C	Y			False	False	True	True	ok	1EMN	4.941	1.349	4.13	4.392	2.259	0.549	0.0	False	0.021	0.037
664437	2131	C	W	pathogenic		False	False	True	True	ok	1EMN	3.722	2.119	4.168	2.876	0.884	0.847	-0.0	False	-0.27	0.03
640534	1994	G	L			False		False	False	no_structure											
641330	1910	G	C			False		False	False	no_structure											
659198	1893	N	K		ca_DN2	True		False	False	no_structure											
652102	1880	F	S			False		False	False	no_structure											
645309	1860	C	Y	pathogenic		False		True	False	no_structure											
642146	1839	Y	C			False		False	False	no_structure											
649332	1829	G	R			False		False	False	no_structure											
660084	1824	C	Y			False		True	False	no_structure											
655979	1812	C	R	pathogenic		False		True	False	no_structure											
647812	1793	C	R	pathogenic		False		True	False	no_structure											
647128	1760	Y	C	vus		False		False	False	no_structure											
640108	1672	C	F	pathogenic		False		True	False	no_structure											
661945	1572	T	A	vus		False	False	False	True	ok	1UZJ	0.499	0.0	0.499	0.499	0.001	0.0	-0.0	False	0.0	0.0
652226	1525	G	D			False	False	False	True	ok	1UZJ	15.731	0.612	15.67	15.013	0.373	0.718	0.0	False	0.13	0.136
640417	1514	P	L			False	False	False	True	ok	1UZJ	1.371	0.015	1.381	1.38	0.01	-0.009	0.0	False	0.0	0.0
660076	1428	R	C			False		False	False	no_structure											
641887	1426	G	R		ca_backbone_3	False		False	False	no_structure											
647282	1376	Q	R	vus		False		False	False	no_structure											
639403	1320	C	R	pathogenic		False		True	False	no_structure											
658778	1225	P	L			False		False	False	no_structure											
639700	1209	E	V			False		False	False	no_structure											
639698	1197	D	V		ca_D1	True		False	False	no_structure											
647760	1158	E	G		ca_EH	True		False	False	no_structure											
660460	1134	G	R			False	False	False	True	ok	1LMJ	3.046	0.307	2.971	2.556	0.094	0.49	0.0	False	-0.252	-0.226
665324	1068	C	S			False		True	False	no_structure											
646221	1058	G	D			False		False	False	no_structure											
652696	1054	R	S			False		False	False	no_structure											
650941	975	H	Y	vus		False		False	False	no_structure											
661278	968	T	S	vus		False		False	False	no_structure											
641157	963	E	K	vus		False		False	False	no_structure											
652247	914	C	R			False	False	True	True	ok	2W86	1.343	0.787	2.24	1.698	0.448	-0.354	-0.0	False	-1.068	-1.056
642667	875	C	S			False	False	True	True	ok	2W86	4.409	0.025	4.444	4.416	0.019	-0.007	-0.0	False	0.042	0.034
647275	832	C	S			False	False	True	True	ok	2W86	4.332	0.179	4.169	4.275	0.098	0.058	-0.0	False	0.0	-0.0
656190	805	C	Y			False		True	False	no_structure											
642750	705	A	T			False		False	False	no_structure											
646759	685	C	S			False		True	False	no_structure											
650371	624	M	R			False		False	False	no_structure											
654480	608	G	E	vus		False		False	False	no_structure											
660849	572	D	G		ca_D1	True		False	False	no_structure											
653004	504	C	S			False		True	False	no_structure											
664156	486	G	E			False		False	False	no_structure											
657652	404	P	L			False		False	False	no_structure											
660486	402	P	L			False		False	False	no_structure											
654549	392	P	R			False		False	False	no_structure											
643422	386	N	H			False		False	False	no_structure											
647600	366	W	C	pathogenic		False		False	False	no_structure											
661976	332	R	L			False		False	False	no_structure											
649153	68	C	Y	pathogenic		False		True	False	no_structure											
662622	49	G	A	vus		False		False	False	no_structure											
667006	1138	C	Y			False	False	True	True	ok	1LMJ	24.801	9.112	19.311	22.17	8.406	2.631	0.0	False	-0.118	-0.631
667456	2275	I	M			False		False	False	no_structure											
667452	2147	G	D			False	False	False	True	ok	1EMN	0.37	0.023	0.381	0.51	0.03	-0.14	-0.0	False	0.368	0.42
667451	1146	L	R			False	False	False	True	ok	1LMJ	0.749	1.981	-0.206	-0.16	0.671	0.909	0.0	False	-0.01	-0.05
667457	871	L	F			False	False	False	True	ok	2W86	-0.398	0.406	-0.654	0.074	0.313	-0.472	-0.0	False	-0.495	-0.235
667455	524	T	K			False		False	False	no_structure											
667453	486	G	W			False		False	False	no_structure											
667454	95	S	W			False		False	False	no_structure											
684493	1570	W	R			False	False	False	True	ok	1UZJ	6.918	0.727	6.263	6.232	0.794	0.686	0.0	False	-0.629	-0.451
684608	2295	C	W			False		True	False	no_structure											
684600	2049	S	G			False		False	False	no_structure											
684599	2040	C	R			False		True	False	no_structure											
684598	1893	N	S	pathogenic	ca_DN2	True		False	False	no_structure											
684597	1833	C	Y			False		True	False	no_structure											
684596	1806	C	G			False		True	False	no_structure											
684590	1022	G	E			False		False	False	no_structure											
684588	880	G	C			False	False	False	True	ok	2W86	7.19	0.034	7.213	7.18	0.03	0.01	0.0	False	-0.0	0.0
684582	685	C	R			False		True	False	no_structure											
684580	630	N	H		ca_DN_bOH	True		False	False	no_structure											
684579	628	C	N			False		True	False	no_structure											
684577	545	R	P			False		False	False	no_structure											
684576	460	C	S			False		True	False	no_structure											
684575	327	R	G	vus		False		False	False	no_structure											
684574	212	T	P			False		False	False	no_structure											
684571	100	C	R			False		True	False	no_structure											
684570	68	C	R			False		True	False	no_structure											
684730	1095	C	S			False	False	True	True	ok	1LMJ	2.309	0.395	1.656	1.936	0.17	0.373	0.0	False	0.011	0.023
684777	1793	C	Y			False		True	False	no_structure											
684779	805	C	W	pathogenic		False		True	False	no_structure											
684790	1889	C	Y	pathogenic		False		True	False	no_structure											
684789	1398	D	N			False		False	False	no_structure											
689478	1876	C	S			False		True	False	no_structure											
689491	1824	C	F			False		True	False	no_structure											
689583	2592	C	G			False		True	False	no_structure											
689552	2315	T	A	vus		False		False	False	no_structure											
690431	2390	C	S	pathogenic		False		True	False	no_structure											
690432	2363	C	G	pathogenic		False		True	False	no_structure											
690486	1777	C	R			False		True	False	no_structure											
691913	265	T	I	vus	ca_backbone_2	False		False	False	no_structure											
694262	1847	C	S			False		True	False	no_structure											
724608	2037	K	R			False		False	False	no_structure											
803079	2610	E	D		ca_EH	True		False	False	no_structure											
803082	2027	G	C			False		False	False	no_structure											
803086	1695	C	G			False		True	False	no_structure											
803087	1663	C	S			False		True	False	no_structure											
803088	1563	C	S			False	False	True	True	ok	1UZJ	4.704	0.011	4.72	4.7	0.008	0.004	0.0	False	0.021	0.021
803089	1350	C	G			False		True	False	no_structure											
803090	1350	C	R	pathogenic		False		True	False	no_structure											
803091	1182	C	Y	pathogenic		False		True	False	no_structure											
803095	587	C	R			False		True	False	no_structure											
803096	560	G	V	pathogenic		False		False	False	no_structure											
803097	377	C	Y	pathogenic		False		True	False	no_structure											
803098	166	C	R	pathogenic		False		True	False	no_structure											
807242	2201	M	V	vus		False	False	False	True	ok	1EMN	0.888	1.104	3.087	0.876	1.101	0.012	0.0	False	0.0	-0.002
807243	1752	R	S			False		False	False	no_structure											
807244	1720	C	R	pathogenic		False		True	False	no_structure											
807245	1529	T	I			False	False	False	True	ok	1UZJ	-0.343	0.012	-0.343	-0.355	0.015	0.012	0.0	False	-0.003	-0.004
807248	692	F	C			False		False	False	no_structure											
807250	299	C	R	pathogenic		False		True	False	no_structure											
807251	293	S	N			False		False	False	no_structure											
807252	165	R	Q			False		False	False	no_structure											
807254	50	H	Q			False		False	False	no_structure											
810672	2038	C	S			False		True	False	no_structure											
811957	2024	C	Y	pathogenic		False		True	False	no_structure											
811830	2003	G	R	vus		False		False	False	no_structure											
811411	1942	C	R	pathogenic		False		True	False	no_structure											
812041	168	C	Y	pathogenic		False		True	False	no_structure											
811134	2	R	G	vus		False		False	False	no_structure											
828000	2082	E	Q	vus		False		False	False	no_structure											
828129	876	C	F	pathogenic		False	False	True	True	ok	2W86	5.348	0.281	5.087	5.458	0.585	-0.11	-0.0	False	-0.087	-0.069
848113	2795	I	N			False		False	False	no_structure											
864722	2732	S	N			False		False	False	no_structure											
847326	2710	L	P			False		False	False	no_structure											
857658	2672	C	R			False		True	False	no_structure											
844728	2622	C	S	pathogenic		False		True	False	no_structure											
837695	2615	H	D			False		False	False	no_structure											
854052	2583	N	S	vus	ca_DN_bOH	True		False	False	no_structure											
858956	2566	E	A	vus		False		False	False	no_structure											
842096	2563	S	C			False		False	False	no_structure											
843462	2552	C	F			False		True	False	no_structure											
859479	2546	G	R			False		False	False	no_structure											
839607	2524	D	H		ca_D1	True		False	False	no_structure											
852973	2467	Q	P			False		False	False	no_structure											
849304	2454	P	T	vus		False		False	False	no_structure											
842263	2406	C	R			False		True	False	no_structure											
856730	2302	C	Y			False		True	False	no_structure											
843495	2279	G	R			False		False	False	no_structure											
855685	2270	G	V			False		False	False	no_structure											
837738	2215	L	M	vus		False		False	False	no_structure											
857010	2171	S	F	vus		False	False	False	True	ok	1EMN	0.007	0.067	0.01	-0.0	0.091	0.007	-0.0	False	-0.116	-0.099
863326	2154	P	S			False	False	False	True	ok	1EMN	1.578	0.029	1.541	1.582	0.019	-0.004	0.0	False	-0.0	0.003
835729	2117	I	N	vus		False		False	False	no_structure											
855800	2099	C	Y	pathogenic		False		True	False	no_structure											
840655	2044	F	V	vus		False		False	False	no_structure											
835183	1999	I	V	vus		False		False	False	no_structure											
852975	1971	C	R	pathogenic		False		True	False	no_structure											
834675	1948	I	V			False		False	False	no_structure											
854432	1947	C	G			False		True	False	no_structure											
845508	1826	N	S	vus	ca_DN_bOH	True		False	False	no_structure											
842482	1770	C	Y	pathogenic		False		True	False	no_structure											
858489	1606	D	N		ca_D1	True	True	False	True	ok	1UZJ	-0.07	0.836	0.602	-1.561	0.934	1.491	-2.098	True	0.875	-0.597
847220	1583	S	A	vus		False	False	False	True	ok	1UZJ	-0.331	0.053	-0.391	-0.325	0.041	-0.006	0.0	False	-0.001	-0.001
857217	1563	C	W	pathogenic		False	False	True	True	ok	1UZJ	12.009	0.55	11.469	12.146	0.628	-0.138	0.0	False	0.622	0.593
847866	1563	C	Y	pathogenic		False	False	True	True	ok	1UZJ	13.286	2.332	13.6	18.968	7.068	-5.683	0.0	False	0.305	0.044
850247	1490	E	G		ca_EH	True	True	False	True	ok	1UZJ	1.514	0.099	1.43	0.81	0.052	0.704	1.687	True	1.696	-0.068
848754	1438	S	G	vus		False		False	False	no_structure											
849542	1338	V	I			False		False	False	no_structure											
857099	1310	G	C			False		False	False	no_structure											
847403	1284	C	R			False		True	False	no_structure											
848945	1275	M	V	vus		False		False	False	no_structure											
851489	1241	E	G		ca_EH	True		False	False	no_structure											
863722	1166	C	Y	pathogenic		False		True	False	no_structure											
855960	1129	C	R			False	False	True	True	ok	1LMJ	3.992	0.97	2.807	4.18	1.326	-0.189	0.0	False	0.053	0.029
859589	1088	N	K		ca_DN_bOH	True	True	False	True	ok	1LMJ	0.463	0.659	1.203	0.475	0.445	-0.012	2.648	True	0.196	-0.381
858220	996	C	S			False		True	False	no_structure											
852682	904	K	R			False	False	False	True	ok	2W86	-0.58	0.028	-0.614	-0.601	0.07	0.02	0.0	False	-0.324	-0.45
853703	882	A	T	pathogenic		False	False	False	True	ok	2W86	5.716	0.741	6.481	5.511	0.694	0.205	-0.0	False	-0.0	-0.0
857483	862	C	R	pathogenic		False	False	True	True	ok	2W86	8.862	0.96	9.524	11.443	5.449	-2.581	-0.0	False	-0.007	-0.095
864732	854	W	S			False	False	False	True	ok	2W86	5.034	0.047	5.019	5.016	0.011	0.018	-0.0	False	0.041	0.053
837264	854	W	R			False	False	False	True	ok	2W86	3.464	0.206	3.472	3.231	0.396	0.233	-0.0	False	-0.279	-0.183
863983	780	Q	P	vus		False		False	False	no_structure											
835249	764	V	I			False		False	False	no_structure											
859325	762	N	K			False		False	False	no_structure											
834873	714	G	R	vus		False		False	False	no_structure											
854807	699	C	S			False		True	False	no_structure											
854113	684	C	Y	pathogenic		False		True	False	no_structure											
858022	652	C	Y	pathogenic		False		True	False	no_structure											
839687	652	C	R			False		True	False	no_structure											
836639	626	G	R			False		False	False	no_structure											
836596	555	C	R	pathogenic		False		True	False	no_structure											
857616	553	F	I		ca_YF	True		False	False	no_structure											
846906	499	C	S			False		True	False	no_structure											
862212	464	R	S	vus		False		False	False	no_structure											
854683	430	P	T	vus		False		False	False	no_structure											
836106	399	P	L	vus		False		False	False	no_structure											
837209	367	S	P			False		False	False	no_structure											
850750	321	T	I			False		False	False	no_structure											
834418	275	A	T	vus		False		False	False	no_structure											
859337	255	G	R	vus		False		False	False	no_structure											
844064	208	L	H			False		False	False	no_structure											
836146	200	S	G	vus		False		False	False	no_structure											
841509	168	C	R	pathogenic		False		True	False	no_structure											
850078	70	G	R			False		False	False	no_structure											
841878	68	C	F			False		True	False	no_structure											
858546	43	K	T	vus		False		False	False	no_structure											
860251	18	A	P	vus		False		False	False	no_structure											
864854	1053	C	W			False		True	False	no_structure											
870137	1497	C	S			False	False	True	True	ok	1UZJ	3.809	0.185	4.167	3.869	0.077	-0.06	0.0	False	0.01	-0.0
872711	2157	Y	C			False	False	False	True	ok	1EMN	1.513	0.039	1.489	1.078	0.015	0.435	0.0	False	0.453	0.034
3386823	1020	T	R			False		False	False	no_structure											
3375627	190	I	F	vus		False		False	False	no_structure											
873484	2677	G	S	vus		False		False	False	no_structure											
885367	2518	H	Q			False		False	False	no_structure											
886456	2355	R	K			False		False	False	no_structure											
884560	2330	E	K	vus		False		False	False	no_structure											
884681	2202	M	K			False	False	False	True	ok	1EMN	-0.497	0.012	-0.504	-0.506	0.014	0.009	0.0	False	-0.68	-0.675
885629	2194	E	D			False	False	False	True	ok	1EMN	0.176	0.011	0.196	0.176	0.008	0.0	0.0	False	-0.0	0.003
886701	2097	E	K	vus		False		False	False	no_structure											
886749	1810	D	V		ca_DN2	True		False	False	no_structure											
888018	1810	D	Y		ca_DN2	True		False	False	no_structure											
885815	1768	D	E		ca_DN2	True		False	False	no_structure											
885169	1192	R	G	vus		False		False	False	no_structure											
887213	1075	R	H			False	False	False	True	ok	1LMJ	0.75	0.013	0.759	0.788	0.026	-0.038	0.0	False	0.077	0.425
884371	740	E	G	vus		False		False	False	no_structure											
884621	225	P	A			False		False	False	no_structure											
884752	31	A	T			False		False	False	no_structure											
885690	13	F	C			False		False	False	no_structure											
915543	2837	Y	C	vus		False		False	False	no_structure											
915544	2801	D	A			False		False	False	no_structure											
915546	2559	D	V			False		False	False	no_structure											
915547	2221	C	F			False		True	False	no_structure											
915610	2196	F	V	vus		False	False	False	True	ok	1EMN	1.277	0.127	1.53	1.27	0.117	0.007	0.0	False	0.13	0.134
915611	1947	C	F			False		True	False	no_structure											
915613	1892	I	V		ca_backbone_1	False		False	False	no_structure											
915615	1632	R	H			False	False	False	True	ok	1UZJ	0.626	0.001	0.628	0.639	0.001	-0.013	0.0	False	-0.004	0.008
915678	1594	G	C			False	False	False	True	ok	1UZJ	4.767	0.01	4.785	4.722	0.066	0.045	-0.0	False	-0.003	0.009
915679	1546	D	Y			False	False	False	True	ok	1UZJ	0.253	0.001	0.254	0.254	0.002	-0.001	-0.0	False	-0.028	-0.028
915680	1343	A	S			False		False	False	no_structure											
915681	1310	G	V			False		False	False	no_structure											
915682	1301	G	V			False		False	False	no_structure											
915814	887	C	Y	pathogenic		False	False	True	True	ok	2W86	6.369	1.392	5.116	6.074	1.251	0.295	-0.0	False	0.064	0.094
915815	830	C	S			False	False	True	True	ok	2W86	5.278	0.078	5.37	5.277	0.047	0.001	-0.0	False	0.021	0.007
915816	655	T	R			False		False	False	no_structure											
915551	596	C	Y	pathogenic		False		True	False	no_structure											
915553	153	G	S	vus		False		False	False	no_structure											
918026	125	N	S			False		False	False	no_structure											
927302	2870	L	F			False		False	False	no_structure											
926615	2865	K	N			False		False	False	no_structure											
919100	2865	K	E	vus		False		False	False	no_structure											
921035	2849	Y	N	vus		False		False	False	no_structure											
922383	2846	E	G	vus		False		False	False	no_structure											
922325	2845	L	V	vus		False		False	False	no_structure											
924542	2842	L	F	vus		False		False	False	no_structure											
927102	2834	T	I	vus		False		False	False	no_structure											
921090	2833	S	T			False		False	False	no_structure											
918186	2832	S	N	vus		False		False	False	no_structure											
925385	2831	I	M			False		False	False	no_structure											
923409	2823	V	A	vus		False		False	False	no_structure											
920916	2811	G	E	vus		False		False	False	no_structure											
922752	2801	D	H	vus		False		False	False	no_structure											
927358	2789	N	H	vus		False		False	False	no_structure											
925865	2763	I	V			False		False	False	no_structure											
927741	2756	W	L			False		False	False	no_structure											
920087	2752	S	N	vus		False		False	False	no_structure											
923537	2747	T	A			False		False	False	no_structure											
921320	2746	E	K			False		False	False	no_structure											
924953	2734	N	D	vus		False		False	False	no_structure											
925919	2727	G	D	vus		False		False	False	no_structure											
919280	2714	A	T	vus		False		False	False	no_structure											
921811	2709	S	L			False		False	False	no_structure											
919600	2708	N	S			False		False	False	no_structure											
922436	2690	M	R			False		False	False	no_structure											
923457	2690	M	L			False		False	False	no_structure											
918552	2676	P	S			False		False	False	no_structure											
922973	2673	G	S			False		False	False	no_structure											
924642	2664	S	F	vus		False		False	False	no_structure											
924798	2658	P	R			False		False	False	no_structure											
926733	2640	E	K	vus		False		False	False	no_structure											
919783	2634	P	R			False		False	False	no_structure											
918775	2626	L	V	vus		False		False	False	no_structure											
923404	2602	W	R			False		False	False	no_structure											
922215	2601	Q	R	vus		False		False	False	no_structure											
927828	2576	R	H			False		False	False	no_structure											
928216	2562	G	A			False		False	False	no_structure											
922931	2562	G	S	vus		False		False	False	no_structure											
921473	2554	R	G			False		False	False	no_structure											
922051	2549	T	I	vus		False		False	False	no_structure											
926099	2536	G	W			False		False	False	no_structure											
918500	2523	I	L	vus		False		False	False	no_structure											
919826	2516	T	I	vus		False		False	False	no_structure											
921486	2491	T	A			False		False	False	no_structure											
923954	2485	D	E	vus	ca_D1	True		False	False	no_structure											
923195	2482	S	R			False		False	False	no_structure											
926584	2458	I	M	vus		False		False	False	no_structure											
919568	2456	N	S	vus		False		False	False	no_structure											
924255	2428	I	T			False		False	False	no_structure											
921500	2410	H	Y	vus		False		False	False	no_structure											
927327	2410	H	D	vus		False		False	False	no_structure											
922516	2398	T	I	vus		False		False	False	no_structure											
922308	2397	M	I	vus		False		False	False	no_structure											
922761	2397	M	V			False		False	False	no_structure											
921089	2394	R	Q			False		False	False	no_structure											
928188	2334	N	Y	vus		False		False	False	no_structure											
921655	2304	N	S	vus		False		False	False	no_structure											
926243	2287	E	Q			False		False	False	no_structure											
921346	2286	G	E	vus		False		False	False	no_structure											
921460	2285	D	G	vus		False		False	False	no_structure											
919355	2277	G	E	vus		False		False	False	no_structure											
926475	2263	M	V	vus		False		False	False	no_structure											
927108	2253	E	D			False		False	False	no_structure											
925197	2242	R	H	vus		False		False	False	no_structure											
919296	2197	E	A	vus		False	False	False	True	ok	1EMN	-0.494	0.004	-0.495	-0.493	0.004	-0.001	0.0	False	-0.251	-0.255
927659	2187	G	D	vus	ca_backbone_3	False	True	False	True	ok	1EMN	10.73	0.76	9.257	10.991	0.632	-0.261	0.0	False	0.409	0.337
919259	2175	P	T	vus		False	False	False	True	ok	1EMN	2.239	0.192	2.18	2.117	0.1	0.122	0.0	False	0.0	0.011
921417	2160	A	T			False	False	False	True	ok	1EMN	0.988	0.037	0.956	0.969	0.033	0.018	-0.0	False	-0.0	0.008
927129	2117	I	V			False		False	False	no_structure											
924256	2113	Y	F			False		False	False	no_structure											
924334	2110	I	M			False		False	False	no_structure											
921147	2066	E	K	vus		False		False	False	no_structure											
925538	2064	K	M			False		False	False	no_structure											
923481	2049	S	R			False		False	False	no_structure											
924139	2047	S	P			False		False	False	no_structure											
927215	2045	S	F			False		False	False	no_structure											
918784	2006	L	R			False		False	False	no_structure											
924242	1997	R	K			False		False	False	no_structure											
921917	1988	T	I			False		False	False	no_structure											
923013	1964	V	A			False		False	False	no_structure											
925249	1959	N	S			False		False	False	no_structure											
920583	1959	N	D	vus		False		False	False	no_structure											
924129	1955	Q	H	vus		False		False	False	no_structure											
924564	1926	N	K			False		False	False	no_structure											
926906	1913	N	S	vus		False		False	False	no_structure											
922756	1908	T	I	vus	ca_backbone_2	False		False	False	no_structure											
925107	1904	T	I	vus		False		False	False	no_structure											
928372	1868	T	I		ca_backbone_2	False		False	False	no_structure											
918768	1868	T	R	vus	ca_backbone_2	False		False	False	no_structure											
925188	1866	I	T			False		False	False	no_structure											
926451	1866	I	V			False		False	False	no_structure											
919716	1862	H	R			False		False	False	no_structure											
924212	1857	P	S	vus		False		False	False	no_structure											
919776	1850	R	C		ca_backbone_1	False		False	False	no_structure											
921405	1844	T	K			False		False	False	no_structure											
922403	1844	T	A			False		False	False	no_structure											
923648	1837	P	R	vus		False		False	False	no_structure											
927315	1830	S	N	vus	ca_backbone_3	False		False	False	no_structure											
925058	1822	A	T	vus		False		False	False	no_structure											
918773	1820	R	H	vus		False		False	False	no_structure											
927991	1817	V	M	vus		False		False	False	no_structure											
926777	1802	K	N			False		False	False	no_structure											
926630	1785	M	I		ca_backbone_2	False		False	False	no_structure											
923469	1771	R	Q			False		False	False	no_structure											
918678	1771	R	W	vus		False		False	False	no_structure											
924671	1765	V	I	vus		False		False	False	no_structure											
920294	1726	G	S			False		False	False	no_structure											
921816	1714	M	I			False		False	False	no_structure											
926028	1696	Y	H			False		False	False	no_structure											
925501	1690	M	T			False		False	False	no_structure											
923072	1688	M	V			False		False	False	no_structure											
920891	1683	G	E			False		False	False	no_structure											
925481	1656	G	V			False		False	False	no_structure											
923488	1636	G	S	vus		False	False	False	True	ok	1UZJ	3.674	0.001	3.673	3.676	0.002	-0.003	0.0	False	0.0	0.0
923327	1635	T	A			False	False	False	True	ok	1UZJ	-0.129	0.0	-0.129	-0.129	0.0	-0.0	0.0	False	0.0	0.0
928232	1632	R	C	vus		False	False	False	True	ok	1UZJ	0.391	0.002	0.394	0.403	0.002	-0.013	0.0	False	-0.004	0.008
921248	1615	G	R			False	False	False	True	ok	1UZJ	5.159	0.132	4.958	5.29	0.158	-0.13	0.0	False	-0.185	-0.187
924932	1611	Q	R			False	False	False	True	ok	1UZJ	-0.296	0.109	-0.355	-0.25	0.107	-0.046	-0.0	False	-1.373	-1.229
923819	1596	R	Q	vus		False	False	False	True	ok	1UZJ	3.072	0.399	2.413	2.786	0.274	0.287	-0.021	True	2.762	2.714
925980	1586	K	R			False	False	False	True	ok	1UZJ	-0.239	0.078	-0.302	-0.255	0.043	0.016	-0.0	False	-0.082	-0.078
927888	1573	P	L	vus		False	False	False	True	ok	1UZJ	1.68	0.014	1.688	1.689	0.026	-0.009	0.0	False	0.091	0.09
924693	1560	A	T	vus		False	False	False	True	ok	1UZJ	-0.385	0.653	-1.12	-0.036	0.687	-0.348	0.0	False	-0.047	-0.049
925889	1547	T	R	vus		False	False	False	True	ok	1UZJ	-0.455	0.096	-0.543	-0.449	0.102	-0.006	0.0	False	-0.465	-0.485
925754	1541	R	Q	vus		False	False	False	True	ok	1UZJ	2.272	0.01	2.269	2.259	0.029	0.013	0.0	False	0.849	0.831
924833	1537	D	Y	vus		False	False	False	True	ok	1UZJ	0.369	0.227	0.448	0.513	0.416	-0.144	0.0	False	1.066	0.624
926574	1533	N	S			False	False	False	True	ok	1UZJ	0.535	0.295	0.309	0.833	0.365	-0.298	0.0	False	0.057	0.032
926280	1530	R	H	vus		False	False	False	True	ok	1UZJ	2.795	0.248	2.724	2.823	0.412	-0.028	0.0	False	2.875	2.893
918685	1530	R	S			False	False	False	True	ok	1UZJ	2.085	0.084	2.087	2.105	0.141	-0.02	0.0	False	2.505	2.476
924550	1524	V	I	vus		False	False	False	True	ok	1UZJ	-0.571	0.009	-0.581	-0.574	0.012	0.003	-0.0	False	0.0	0.0
926690	1523	R	Q	vus		False	False	False	True	ok	1UZJ	0.266	0.026	0.251	0.268	0.02	-0.001	0.0	False	0.226	0.234
928275	1516	D	E	vus		False	False	False	True	ok	1UZJ	-0.153	0.114	-0.145	-0.015	0.1	-0.138	0.0	False	-0.262	-0.32
920832	1515	P	S	vus		False	False	False	True	ok	1UZJ	0.933	0.037	0.967	0.841	0.109	0.092	0.0	False	0.018	0.013
926276	1494	P	S			False	False	False	True	ok	1UZJ	1.176	0.0	1.176	1.176	0.0	0.0	0.0	False	-0.003	-0.003
925320	1493	D	G	vus		False	False	False	True	ok	1UZJ	2.108	0.011	2.123	2.12	0.014	-0.011	0.0	False	-0.104	-0.108
922683	1469	R	H	vus		False		False	False	no_structure											
927577	1464	L	F		ca_backbone_2	False		False	False	no_structure											
918869	1454	N	S	vus		False		False	False	no_structure											
924199	1446	D	G		ca_D1	True		False	False	no_structure											
925008	1443	A	V	vus		False		False	False	no_structure											
923131	1437	P	A			False		False	False	no_structure											
922236	1432	D	N	vus		False		False	False	no_structure											
920374	1426	G	A	vus	ca_backbone_3	False		False	False	no_structure											
918294	1411	N	H			False		False	False	no_structure											
927657	1397	G	V			False		False	False	no_structure											
927669	1396	T	I	vus		False		False	False	no_structure											
924866	1396	T	A			False		False	False	no_structure											
922079	1388	R	L	vus		False		False	False	no_structure											
926775	1388	R	C	vus		False		False	False	no_structure											
922913	1384	M	I			False		False	False	no_structure											
920777	1376	Q	H			False		False	False	no_structure											
924587	1362	T	P			False		False	False	no_structure											
918578	1332	N	K			False		False	False	no_structure											
924335	1313	G	R			False		False	False	no_structure											
923162	1309	M	V	vus		False		False	False	no_structure											
926085	1290	I	T	vus		False		False	False	no_structure											
921344	1256	N	D		ca_DN_bOH	True		False	False	no_structure											
928181	1237	T	A	vus		False		False	False	no_structure											
928219	1230	M	L			False		False	False	no_structure											
919912	1202	S	I	vus		False		False	False	no_structure											
928399	1198	I	V	vus	ca_backbone_1	False		False	False	no_structure											
922040	1190	P	Q	vus		False		False	False	no_structure											
919653	1160	E	K	vus		False		False	False	no_structure											
927077	1142	P	R	vus		False	False	False	True	ok	1LMJ	1.213	0.101	1.275	1.233	0.113	-0.02	0.0	False	-0.27	-0.208
920151	1141	P	A			False	False	False	True	ok	1LMJ	3.282	0.003	3.281	3.281	0.001	0.001	0.0	False	0.0	0.0
918493	1135	S	R	vus	ca_backbone_3	False	False	False	True	ok	1LMJ	0.012	0.282	0.093	0.115	0.151	-0.103	-0.0	False	-0.455	-0.395
927858	1114	I	T		ca_backbone_1	False	True	False	True	ok	1LMJ	-0.408	0.083	-0.483	-1.586	0.17	1.177	0.0	False	0.055	0.308
923663	1114	I	V		ca_backbone_1	False	True	False	True	ok	1LMJ	0.937	0.013	0.944	0.543	0.132	0.394	0.0	False	-0.0	0.043
919241	1089	T	N		ca_backbone_2	False	True	False	True	ok	1LMJ	-1.635	0.128	-1.745	-1.412	0.135	-0.223	-0.0	False	0.004	0.003
927045	1054	R	G			False		False	False	no_structure											
924460	1040	T	N			False		False	False	no_structure											
924838	1026	F	V			False		False	False	no_structure											
925193	1009	P	L			False		False	False	no_structure											
921753	1006	E	K			False		False	False	no_structure											
918728	1000	N	S			False		False	False	no_structure											
919063	961	R	S	benign		False		False	False	no_structure											
926148	953	I	T	vus		False		False	False	no_structure											
919363	934	K	T	vus		False	False	False	True	ok	2W86	0.373	0.018	0.365	0.377	0.013	-0.004	-0.0	False	0.077	0.083
920774	931	G	A	vus		False	False	False	True	ok	2W86	3.965	0.098	4.099	4.006	0.097	-0.041	-0.0	False	-0.027	-0.017
923997	923	N	S	vus		False	False	False	True	ok	2W86	1.796	0.021	1.811	1.784	0.021	0.013	-0.0	False	-0.001	-0.0
920776	916	V	G			False	False	False	True	ok	2W86	3.052	0.096	2.992	3.063	0.152	-0.011	-0.0	False	-0.0	-0.161
925624	909	E	D			False	False	False	True	ok	2W86	0.173	0.045	0.14	0.186	0.029	-0.013	0.0	False	0.085	0.12
918481	895	I	V			False	False	False	True	ok	2W86	0.317	0.002	0.314	0.321	0.003	-0.003	0.0	False	0.028	0.029
920896	889	L	P			False	False	False	True	ok	2W86	0.553	0.006	0.555	0.552	0.006	0.0	0.0	False	0.002	0.002
919927	874	Q	H			False	False	False	True	ok	2W86	0.537	0.007	0.547	0.536	0.007	0.0	-0.0	False	-0.0	0.0
922499	874	Q	R	vus		False	False	False	True	ok	2W86	-1.308	0.31	-0.934	-1.382	0.1	0.074	-0.0	False	-1.298	-1.82
921724	855	Q	R	vus		False	False	False	True	ok	2W86	0.159	0.039	0.191	0.146	0.026	0.013	0.0	False	0.178	0.153
919405	850	K	Q	vus		False	False	False	True	ok	2W86	1.061	0.002	1.061	1.06	0.001	0.001	0.0	False	0.184	0.184
925226	848	T	I	vus		False	False	False	True	ok	2W86	-1.563	0.007	-1.551	-1.566	0.006	0.003	0.0	False	0.0	-0.0
922855	844	I	T			False	False	False	True	ok	2W86	1.858	0.471	2.11	1.654	0.523	0.204	0.0	False	-0.071	-0.227
928230	841	T	S			False	False	False	True	ok	2W86	-0.54	0.015	-0.526	-0.537	0.01	-0.003	0.0	False	0.025	0.025
920318	825	P	Q			False	False	False	True	ok	2W86	0.461	0.169	0.6	-0.296	0.177	0.756	0.185	True	0.005	0.003
920171	822	K	E			False	False	False	True	ok	2W86	1.03	0.091	0.977	1.214	0.089	-0.184	-0.0	False	0.697	0.948
920036	814	S	N	vus		False	False	False	True	ok	2W86	-1.039	0.008	-1.049	-1.043	0.004	0.004	-0.0	False	0.005	0.005
924160	800	P	R			False		False	False	no_structure											
925867	797	I	S			False		False	False	no_structure											
918422	784	T	I	vus	ca_backbone_2	False		False	False	no_structure											
924771	782	R	G	vus		False		False	False	no_structure											
922163	773	S	I	vus		False		False	False	no_structure											
925034	772	N	S	vus		False		False	False	no_structure											
926387	757	D	H	vus		False		False	False	no_structure											
925631	756	V	A			False		False	False	no_structure											
925725	736	N	K	vus		False		False	False	no_structure											
922165	697	Q	R			False		False	False	no_structure											
926611	688	T	N			False		False	False	no_structure											
927916	682	E	Q	vus		False		False	False	no_structure											
926753	669	Q	R			False		False	False	no_structure											
921857	667	R	K			False		False	False	no_structure											
920886	657	M	T	vus		False		False	False	no_structure											
923094	650	R	H	vus		False		False	False	no_structure											
925063	646	G	D	vus		False		False	False	no_structure											
922302	631	T	S		ca_backbone_2	False		False	False	no_structure											
924443	620	P	S			False		False	False	no_structure											
926962	583	L	F			False		False	False	no_structure											
927454	542	N	S			False		False	False	no_structure											
924155	542	N	H			False		False	False	no_structure											
919582	539	R	W	vus		False		False	False	no_structure											
928341	529	R	Q	vus		False		False	False	no_structure											
926701	521	S	N			False		False	False	no_structure											
923073	510	S	L	vus	ca_backbone_3	False		False	False	no_structure											
921836	505	I	V			False		False	False	no_structure											
919237	491	V	A	vus	ca_backbone_1	False		False	False	no_structure											
923169	475	E	D			False		False	False	no_structure											
922251	473	R	W	vus		False		False	False	no_structure											
924718	466	I	V	vus		False		False	False	no_structure											
928335	464	R	H	vus		False		False	False	no_structure											
922395	457	R	H	vus		False		False	False	no_structure											
918426	454	Q	R			False		False	False	no_structure											
923840	426	P	L			False		False	False	no_structure											
919540	423	P	R			False		False	False	no_structure											
919555	410	P	H	vus		False		False	False	no_structure											
922145	406	L	V	vus		False		False	False	no_structure											
923423	405	P	T			False		False	False	no_structure											
925101	404	P	Q			False		False	False	no_structure											
918803	404	P	A			False		False	False	no_structure											
923497	390	S	P	vus		False		False	False	no_structure											
928435	382	T	S			False		False	False	no_structure											
919888	373	A	V			False		False	False	no_structure											
919876	370	V	F			False		False	False	no_structure											
920432	364	R	G			False		False	False	no_structure											
926390	353	I	L	vus		False		False	False	no_structure											
927728	326	T	A			False		False	False	no_structure											
925643	324	D	V			False		False	False	no_structure											
919884	323	P	L			False		False	False	no_structure											
927796	317	P	S			False		False	False	no_structure											
923103	309	S	N			False		False	False	no_structure											
920625	306	N	D		ca_DN_bOH	True		False	False	no_structure											
926652	276	G	V	vus		False		False	False	no_structure											
921687	272	K	R			False		False	False	no_structure											
920377	270	E	Q	vus		False		False	False	no_structure											
925903	269	F	S	vus	ca_YF	True		False	False	no_structure											
919909	266	V	I			False		False	False	no_structure											
921386	261	N	I	vus		False		False	False	no_structure											
921097	260	G	R	vus		False		False	False	no_structure											
926473	199	L	V	vus		False		False	False	no_structure											
923800	197	G	E	vus		False		False	False	no_structure											
923988	182	R	K	vus		False		False	False	no_structure											
928043	162	A	S	vus		False		False	False	no_structure											
921240	155	L	F			False		False	False	no_structure											
924638	141	I	L			False		False	False	no_structure											
926806	122	R	L			False		False	False	no_structure											
925148	120	N	I			False		False	False	no_structure											
922919	120	N	S			False		False	False	no_structure											
923237	117	Q	H	vus		False		False	False	no_structure											
925755	95	S	L	vus		False		False	False	no_structure											
923246	73	T	I			False		False	False	no_structure											
924289	61	S	P	vus		False		False	False	no_structure											
918427	57	N	S	vus		False		False	False	no_structure											
920884	52	A	V			False		False	False	no_structure											
924196	46	G	S			False		False	False	no_structure											
926786	44	R	S	vus		False		False	False	no_structure											
918477	41	R	G	vus		False		False	False	no_structure											
922370	37	T	N			False		False	False	no_structure											
926784	34	V	A			False		False	False	no_structure											
922799	26	D	H			False		False	False	no_structure											
921512	21	T	M			False		False	False	no_structure											
924062	5	R	C			False		False	False	no_structure											
918151	658	R	W	vus		False		False	False	no_structure											
928685	2621	S	A	vus		False		False	False	no_structure											
928686	2187	G	S	vus	ca_backbone_3	False	True	False	True	ok	1EMN	6.36	0.221	6.568	6.337	0.292	0.023	0.0	False	0.019	0.007
928614	1661	G	R			False		False	False	no_structure											
929135	1517	F	S			False	False	False	True	ok	1UZJ	3.329	0.048	3.316	3.305	0.004	0.024	0.0	False	0.2	0.184
929148	1470	C	F			False		True	False	no_structure											
928903	1137	R	C	vus		False	False	False	True	ok	1LMJ	1.494	0.015	1.51	1.396	0.276	0.098	0.0	False	0.295	0.609
928916	584	N	S			False		False	False	no_structure											
929149	575	E	K	vus	ca_EH	True		False	False	no_structure											
929136	476	C	F			False		True	False	no_structure											
929137	4	G	R	vus		False		False	False	no_structure											
929865	468	T	A			False		False	False	no_structure											
931972	2018	V	A			False		False	False	no_structure											
931716	1218	S	R		ca_backbone_3	False		False	False	no_structure											
933156	727	C	G			False		True	False	no_structure											
949976	2815	L	H			False		False	False	no_structure											
950683	2690	M	K			False		False	False	no_structure											
948459	2489	C	S			False		True	False	no_structure											
951009	2363	C	F			False		True	False	no_structure											
946365	2331	C	F			False		True	False	no_structure											
947549	2251	C	F			False		True	False	no_structure											
945021	1987	G	A			False		False	False	no_structure											
947613	1823	E	K			False		False	False	no_structure											
950235	1764	P	H			False		False	False	no_structure											
944924	1212	C	R			False		True	False	no_structure											
949264	1095	C	Y			False	False	True	True	ok	1LMJ	19.623	2.107	17.945	17.131	3.315	2.491	0.0	False	0.127	0.051
946172	1086	C	G			False	False	True	True	ok	1LMJ	-0.477	0.147	-0.757	-0.204	0.268	-0.273	0.0	False	0.016	0.009
946557	1053	C	Y			False		True	False	no_structure											
944642	873	S	F			False	False	False	True	ok	2W86	1.432	2.43	3.751	0.715	2.243	0.718	-0.0	False	-0.534	-0.573
948395	316	P	T	vus		False		False	False	no_structure											
944581	89	C	F	pathogenic		False		True	False	no_structure											
944380	37	T	S			False		False	False	no_structure											
943446	2777	I	M			False		False	False	no_structure											
935557	2607	D	Y		ca_D1	True		False	False	no_structure											
942922	2497	Q	P			False		False	False	no_structure											
938945	2462	T	P		ca_backbone_2	False		False	False	no_structure											
941377	2347	M	L			False		False	False	no_structure											
937068	2192	C	Y	pathogenic		False	False	True	True	ok	1EMN	2.705	0.913	2.779	2.998	0.919	-0.293	0.0	False	-1.312	-1.266
938248	2120	G	V			False		False	False	no_structure											
938898	2054	Q	R	vus		False		False	False	no_structure											
940889	1989	C	G			False		True	False	no_structure											
934403	1928	C	R	pathogenic		False		True	False	no_structure											
939999	1916	C	F			False		True	False	no_structure											
939548	1806	C	W	pathogenic		False		True	False	no_structure											
933319	1679	M	V			False		False	False	no_structure											
933374	1504	N	I		ca_DN_bOH	True	True	False	True	ok	1UZJ	4.069	0.557	5.013	0.038	0.306	4.031	4.812	True	0.44	-0.019
940459	1392	K	E	vus		False		False	False	no_structure											
935239	1363	D	V		ca_D1	True		False	False	no_structure											
938695	1012	P	R	vus		False		False	False	no_structure											
934513	916	V	L			False	False	False	True	ok	2W86	-0.791	0.084	-0.856	-0.793	0.089	0.002	0.0	False	-0.0	-0.0
943589	912	D	G		ca_DN2	True	False	False	True	ok	2W86	0.674	0.126	0.596	0.319	0.364	0.355	-0.108	True	-0.827	-0.699
935238	805	C	R	pathogenic		False		True	False	no_structure											
943899	576	C	W			False		True	False	no_structure											
939149	541	C	Y	pathogenic		False		True	False	no_structure											
934678	336	C	G			False		True	False	no_structure											
943539	302	G	V	vus		False		False	False	no_structure											
942009	281	E	D	vus		False		False	False	no_structure											
953802	2813	S	C	vus		False		False	False	no_structure											
963925	2571	C	R	pathogenic		False		True	False	no_structure											
961059	2279	G	V			False		False	False	no_structure											
953581	2276	C	G			False		True	False	no_structure											
963629	1916	C	G			False		True	False	no_structure											
955920	1721	C	Y	pathogenic		False		True	False	no_structure											
963073	1536	L	W			False	False	False	True	ok	1UZJ	0.506	0.259	0.217	0.434	0.285	0.072	0.0	False	0.169	0.027
953342	1491	C	W			False	False	True	True	ok	1UZJ	3.903	0.224	3.685	3.835	0.227	0.068	0.0	False	-0.0	-0.019
960628	1080	L	R	vus		False	False	False	True	ok	1LMJ	0.564	1.405	-1.091	0.313	1.111	0.251	0.0	False	-2.234	-1.783
961251	954	R	P			False		False	False	no_structure											
961950	896	C	R			False	False	True	True	ok	2W86	13.559	1.674	14.264	12.358	1.858	1.201	-0.0	False	-0.172	-0.141
963640	832	C	F	pathogenic		False	False	True	True	ok	2W86	2.525	0.068	2.406	2.727	0.472	-0.202	-0.0	False	-0.0	-0.0
962932	821	C	Y			False	False	True	True	ok	2W86	2.718	0.499	2.886	2.895	0.774	-0.177	-0.0	False	-0.025	0.019
960384	792	C	Y	pathogenic		False		True	False	no_structure											
963306	750	C	Y	pathogenic		False		True	False	no_structure											
955551	639	C	L			False		True	False	no_structure											
959230	631	T	P		ca_backbone_2	False		False	False	no_structure											
962809	623	C	L			False		True	False	no_structure											
963295	598	C	F			False		True	False	no_structure											
956400	570	C	R	pathogenic		False		True	False	no_structure											
959605	119	C	R			False		True	False	no_structure											
953109	67	C	F	pathogenic		False		True	False	no_structure											
953324	15	V	M			False		False	False	no_structure											
965285	2848	K	R			False		False	False	no_structure											
971524	2663	C	S			False		True	False	no_structure											
968455	2245	C	Y			False		True	False	no_structure											
966095	2219	F	V			False		False	False	no_structure											
971295	1858	N	T			False		False	False	no_structure											
967627	1698	N	S	vus		False		False	False	no_structure											
968811	1673	I	T	vus		False		False	False	no_structure											
967533	1084	G	R			False	False	False	True	ok	1LMJ	31.975	1.497	29.212	31.869	0.739	0.106	0.0	False	-0.829	-0.828
970113	880	G	V			False	False	False	True	ok	2W86	13.075	0.534	13.759	13.14	0.491	-0.065	-0.0	False	0.009	0.009
970337	476	C	Y	pathogenic		False		True	False	no_structure											
968721	201	G	R	vus		False		False	False	no_structure											
966048	80	C	R	pathogenic		False		True	False	no_structure											
973318	1406	D	G	pathogenic	ca_DN2	True		False	False	no_structure											
973570	1879	G	D			False		False	False	no_structure											
973868	1307	C	W			False		True	False	no_structure											
976206	1417	N	S			False		False	False	no_structure											
977683	131	D	N	vus		False		False	False	no_structure											
979121	2770	H	Y			False		False	False	no_structure											
979122	1638	Y	S			False	False	False	True	ok	1UZJ	0.284	0.059	0.316	0.245	0.057	0.039	-0.0	False	0.42	0.176
979123	1311	Y	N			False		False	False	no_structure											
979124	438	S	F	vus		False		False	False	no_structure											
982345	2486	L	V		ca_backbone_1	False		False	False	no_structure											
982347	2483	C	Y	pathogenic		False		True	False	no_structure											
982348	2416	G	E			False		False	False	no_structure											
982350	2318	C	S	pathogenic		False		True	False	no_structure											
982358	2017	C	Y	pathogenic		False		True	False	no_structure											
982359	2011	C	W			False		True	False	no_structure											
982360	1912	F	C		ca_YF	True		False	False	no_structure											
982319	1491	C	F	pathogenic		False	False	True	True	ok	1UZJ	4.098	0.064	3.979	3.86	0.209	0.237	0.0	False	0.0	-0.071
982320	1456	C	R			False		True	False	no_structure											
982321	1418	G	D			False		False	False	no_structure											
982322	1319	G	S			False		False	False	no_structure											
982323	1072	D	V		ca_DN2	True	False	False	True	ok	1LMJ	0.649	0.157	0.758	0.487	0.053	0.161	0.0	False	0.163	0.358
982324	1029	I	S		ca_backbone_1	False		False	False	no_structure											
982336	890	C	G			False	False	True	True	ok	2W86	0.408	0.016	0.413	0.423	0.03	-0.015	-0.0	False	0.013	0.04
982337	792	C	R	pathogenic		False		True	False	no_structure											
982338	768	E	G		ca_EH	True		False	False	no_structure											
982340	734	C	S			False		True	False	no_structure											
982352	332	R	C			False		False	False	no_structure											
982354	55	G	E	pathogenic		False		False	False	no_structure											
984411	2633	C	G			False		True	False	no_structure											
988285	2636	G	V			False		False	False	no_structure											
988304	1891	D	G		ca_D1	True		False	False	no_structure											
988477	1796	G	V			False		False	False	no_structure											
988272	1661	G	R			False		False	False	no_structure											
988300	958	C	R			False		True	False	no_structure											
992537	2250	E	V		ca_EH	True		False	False	no_structure											
993381	2741	I	M			False		False	False	no_structure											
993575	2587	G	S	vus	ca_backbone_3	False		False	False	no_structure											
993900	1538	I	V	vus		False	False	False	True	ok	1UZJ	1.02	0.185	1.203	1.043	0.225	-0.024	0.0	False	-0.005	-0.015
993755	1156	I	S		ca_backbone_1	False		False	False	no_structure											
993417	765	D	N		ca_D1	True		False	False	no_structure											
997890	2036	F	L		ca_YF	True		False	False	no_structure											
1010148	2848	K	N			False		False	False	no_structure											
1001645	2754	A	V	vus		False		False	False	no_structure											
1002178	2750	N	S			False		False	False	no_structure											
1004390	2243	R	K			False		False	False	no_structure											
1008866	2105	E	V			False		False	False	no_structure											
1001086	1428	R	G			False		False	False	no_structure											
1005680	1271	A	T	vus		False		False	False	no_structure											
1004707	1175	I	V			False		False	False	no_structure											
1004610	1120	D	V			False	False	False	True	ok	1LMJ	0.937	0.232	1.052	0.507	0.112	0.43	-0.0	False	0.127	0.118
1000255	1085	Q	R	vus		False	False	False	True	ok	1LMJ	-0.826	0.163	-0.689	-0.65	0.012	-0.177	-0.0	False	-0.215	-0.229
1006686	1071	I	V	vus	ca_backbone_1	False	True	False	True	ok	1LMJ	-0.001	0.067	0.012	0.059	0.094	-0.06	0.0	False	-0.005	-0.014
1000504	562	H	Q			False		False	False	no_structure											
1008301	502	G	C	vus		False		False	False	no_structure											
1004623	364	R	Q			False		False	False	no_structure											
1000150	189	V	L	vus		False		False	False	no_structure											
1019484	2837	Y	H	vus		False		False	False	no_structure											
1015775	2372	G	S			False		False	False	no_structure											
1014036	1699	Y	N			False		False	False	no_structure											
1025849	1540	P	R	vus		False	False	False	True	ok	1UZJ	0.729	0.118	0.851	0.727	0.081	0.003	0.0	False	-0.682	-0.781
1025680	1421	L	P	vus		False		False	False	no_structure											
1018326	1398	D	G	vus		False		False	False	no_structure											
1016915	1381	K	N	vus		False		False	False	no_structure											
1014269	1012	P	H			False		False	False	no_structure											
1016233	771	L	V			False		False	False	no_structure											
1017965	384	D	N	vus		False		False	False	no_structure											
1018383	57	N	D			False		False	False	no_structure											
2152237	1333	C	Y			False		True	False	no_structure											
1029664	954	R	L	pathogenic		False		False	False	no_structure											
1029663	438	S	C	vus		False		False	False	no_structure											
1043471	2584	I	M		ca_backbone_2	False		False	False	no_structure											
1037043	2473	G	D			False		False	False	no_structure											
1041375	2206	D	V		ca_D1	True		False	False	no_structure											
1045603	1745	A	V			False		False	False	no_structure											
1038536	1000	N	I			False		False	False	no_structure											
1043585	998	M	V			False		False	False	no_structure											
1038944	971	I	V			False		False	False	no_structure											
1040606	361	D	V	vus		False		False	False	no_structure											
1049329	2264	E	G			False		False	False	no_structure											
1060073	2713	E	K			False		False	False	no_structure											
1063964	2338	Y	C	vus		False		False	False	no_structure											
1061380	2134	P	L			False	False	False	True	ok	1EMN	0.457	0.052	0.416	0.459	0.042	-0.002	0.0	False	0.009	-0.006
1060002	1725	I	N			False		False	False	no_structure											
1055113	1602	V	I			False	False	False	True	ok	1UZJ	-0.025	0.231	0.042	-0.081	0.073	0.056	0.0	False	-0.0	-0.0
1058847	1253	Q	H	vus		False		False	False	no_structure											
1060096	1151	S	F			False	False	False	True	ok	1LMJ	8.255	0.607	8.22	7.522	1.624	0.733	0.0	False	-0.628	-0.667
1053613	1131	N	K		ca_DN_bOH	True	True	False	True	ok	1LMJ	0.41	0.877	1.484	-0.978	0.164	1.388	1.675	True	-2.005	-0.799
1053878	1027	K	E	vus		False		False	False	no_structure											
1061845	851	G	S			False	False	False	True	ok	2W86	3.085	0.204	2.754	3.187	0.068	-0.102	-0.0	False	-0.016	-0.002
1055825	636	R	K	vus		False		False	False	no_structure											
1053670	457	R	C	vus		False		False	False	no_structure											
1051880	429	R	L			False		False	False	no_structure											
1060553	411	P	S			False		False	False	no_structure											
1055589	401	Y	C			False		False	False	no_structure											
1064406	259	G	V			False		False	False	no_structure											
1057274	83	P	L			False		False	False	no_structure											
1056518	24	G	A			False		False	False	no_structure											
1064552	2836	L	H			False		False	False	no_structure											
1067271	1989	C	S			False		True	False	no_structure											
1067779	1942	C	S			False		True	False	no_structure											
1067526	1562	C	F			False	False	True	True	ok	1UZJ	30.155	1.433	28.383	30.842	1.122	-0.687	0.0	False	0.045	0.061
1067104	1111	C	G			False	False	True	True	ok	1LMJ	-3.733	0.347	-4.014	-3.816	0.199	0.082	0.0	False	-0.015	-0.147
1066508	696	C	G			False		True	False	no_structure											
1066301	628	C	Y	pathogenic		False		True	False	no_structure											
1066814	560	G	C			False		False	False	no_structure											
1067815	313	C	F			False		True	False	no_structure											
1071312	2686	C	F			False		True	False	no_structure											
1068546	2470	C	Y			False		True	False	no_structure											
1069382	2265	C	S			False		True	False	no_structure											
1070334	2111	C	G	pathogenic		False		True	False	no_structure											
1068676	2085	C	G			False		True	False	no_structure											
1072043	1934	C	W			False		True	False	no_structure											
1071569	1930	D	H		ca_D1	True		False	False	no_structure											
1075547	1818	C	Y	pathogenic		False		True	False	no_structure											
1072045	1791	C	G	pathogenic		False		True	False	no_structure											
1069285	1502	C	R	pathogenic		False	False	True	True	ok	1UZJ	2.163	0.35	1.988	2.146	0.283	0.017	0.0	False	-0.199	-0.179
1071752	1485	C	G			False		True	False	no_structure											
1069628	1461	C	Y			False		True	False	no_structure											
1073640	1424	P	S			False		False	False	no_structure											
1073227	1420	C	R			False		True	False	no_structure											
1075671	1389	C	Y	pathogenic		False		True	False	no_structure											
1072290	1348	C	R			False		True	False	no_structure											
1069718	1171	C	R			False		True	False	no_structure											
1069719	1039	C	Y			False		True	False	no_structure											
1076287	952	D	N			False		False	False	no_structure											
1075770	926	C	R	pathogenic		False	False	True	True	ok	2W86	3.066	0.425	2.944	3.036	0.333	0.03	-0.0	False	-0.339	-0.42
1073880	637	C	Y			False		True	False	no_structure											
1076449	534	C	S			False		True	False	no_structure											
1076563	359	C	F			False		True	False	no_structure											
1074922	123	C	S	pathogenic		False		True	False	no_structure											
1077159	2429	C	Y			False		True	False	no_structure											
1079925	1202	S	N			False		False	False	no_structure											
1098776	2470	C	F	pathogenic		False		True	False	no_structure											
1120215	499	C	G			False		True	False	no_structure											
1163573	2762	A	T			False		False	False	no_structure											
1163574	2692	M	L			False		False	False	no_structure											
1163968	2232	C	S	pathogenic		False		True	False	no_structure											
1163969	1987	G	D			False		False	False	no_structure											
1163970	1646	C	S	pathogenic		False	False	True	True	ok	1UZJ	5.05	0.011	5.049	5.056	0.008	-0.006	0.0	False	-0.0	0.0
1163973	893	D	Y			False	False	False	True	ok	2W86	1.849	2.386	4.722	2.458	2.52	-0.609	-0.0	False	1.292	1.26
1163974	881	A	T	vus		False	False	False	True	ok	2W86	1.24	0.012	1.247	1.238	0.012	0.002	-0.0	False	0.0	0.0
1163382	617	C	W			False		True	False	no_structure											
1163383	289	I	M		ca_backbone_1	False		False	False	no_structure											
1171543	2868	V	I			False		False	False	no_structure											
1171424	2852	D	N			False		False	False	no_structure											
1172081	2846	E	D			False		False	False	no_structure											
1170974	2755	S	G			False		False	False	no_structure											
1172025	2736	T	S			False		False	False	no_structure											
1172377	2658	P	L			False		False	False	no_structure											
1171713	2639	Y	H			False		False	False	no_structure											
1171695	2579	H	Y			False		False	False	no_structure											
1171268	2508	T	A			False		False	False	no_structure											
1171975	2503	T	I	vus	ca_backbone_2	False		False	False	no_structure											
1172202	2469	S	L			False		False	False	no_structure											
1171434	2437	I	T			False		False	False	no_structure											
1171698	2380	F	L			False		False	False	no_structure											
1171404	2231	K	Q	vus		False		False	False	no_structure											
1172078	2161	G	R			False	False	False	True	ok	1EMN	1.813	0.015	1.826	1.826	0.033	-0.013	-0.0	False	-0.134	-0.132
1172082	1967	D	Y	vus		False		False	False	no_structure											
1172438	1959	N	H			False		False	False	no_structure											
1171861	1886	Q	E	vus		False		False	False	no_structure											
1172144	1871	S	R		ca_backbone_3	False		False	False	no_structure											
1172139	1795	V	L			False		False	False	no_structure											
1172375	1761	T	S			False		False	False	no_structure											
1172298	1717	K	Q			False		False	False	no_structure											
1171802	1688	M	I			False		False	False	no_structure											
1172460	1675	P	L			False		False	False	no_structure											
1171646	1644	R	G			False	False	False	True	ok	1UZJ	-0.637	0.364	-0.904	-0.636	0.281	-0.001	-0.0	False	0.949	1.009
1171754	1638	Y	H			False	False	False	True	ok	1UZJ	-0.151	0.073	-0.057	-0.151	0.113	-0.0	-0.0	False	0.121	0.121
1172091	1618	Q	R	vus		False	False	False	True	ok	1UZJ	-0.717	0.311	-0.687	-0.737	0.346	0.02	-0.0	False	-0.207	-0.226
1171711	1435	F	S	vus		False		False	False	no_structure											
1171589	1385	G	V			False		False	False	no_structure											
1171588	1316	G	E	vus		False		False	False	no_structure											
1172320	1196	V	I			False		False	False	no_structure											
1171803	1123	L	Q	vus		False	False	False	True	ok	1LMJ	-0.539	1.028	1.246	-0.641	0.859	0.102	0.0	False	0.011	0.008
1172046	1115	D	N		ca_DN2	True	False	False	True	ok	1LMJ	0.129	0.13	0.053	0.169	0.04	-0.04	-0.105	True	-0.331	-0.248
1172393	897	G	S			False	False	False	True	ok	2W86	2.968	0.001	2.968	2.973	0.008	-0.005	-0.0	False	0.0	0.0
1171630	867	N	K			False	False	False	True	ok	2W86	1.74	0.031	1.792	1.661	0.233	0.08	-0.0	False	-0.087	-0.184
1171186	794	K	T	vus		False		False	False	no_structure											
1171857	765	D	E		ca_D1	True		False	False	no_structure											
1171674	760	G	E			False		False	False	no_structure											
1171557	735	P	S			False		False	False	no_structure											
1171628	674	L	F	vus		False		False	False	no_structure											
1171112	647	L	P			False		False	False	no_structure											
1170984	633	G	S			False		False	False	no_structure											
1171775	624	M	I			False		False	False	no_structure											
1171533	491	V	F		ca_backbone_1	False		False	False	no_structure											
1171253	384	D	E	vus		False		False	False	no_structure											
1171520	372	V	L			False		False	False	no_structure											
1171240	362	A	V			False		False	False	no_structure											
1171659	344	R	H	vus		False		False	False	no_structure											
1172366	329	I	M	vus		False		False	False	no_structure											
1171256	159	R	S	vus		False		False	False	no_structure											
1171074	152	S	R			False		False	False	no_structure											
1171650	56	P	L			False		False	False	no_structure											
1171394	16	L	F	vus		False		False	False	no_structure											
1171491	4	G	W	vus		False		False	False	no_structure											
1175867	2868	V	G			False		False	False	no_structure											
3758971	2394	R	G			False		False	False	no_structure											
1176336	1803	L	F			False		False	False	no_structure											
1176338	1408	C	G			False		True	False	no_structure											
1176339	996	C	Y	pathogenic		False		True	False	no_structure											
1177272	651	V	M	vus		False		False	False	no_structure											
1177303	637	C	S			False		True	False	no_structure											
1177904	2456	N	H	vus		False		False	False	no_structure											
1180492	488	C	G			False		True	False	no_structure											
1185015	702	Q	H	vus		False		False	False	no_structure											
1188638	2000	C	F	pathogenic		False		True	False	no_structure											
1190771	2287	E	K	vus		False		False	False	no_structure											
1193222	2016	E	K		ca_EH	True		False	False	no_structure											
1194355	664	G	E	vus		False		False	False	no_structure											
1195844	52	A	V	vus		False		False	False	no_structure											
1198394	931	G	E	vus		False	False	False	True	ok	2W86	4.111	0.131	3.984	4.078	0.106	0.033	-0.0	False	-0.182	-0.091
1199890	2504	I	T			False		False	False	no_structure											
1201302	506	N	Y		ca_DN_bOH	True		False	False	no_structure											
1204855	1853	C	R	pathogenic		False		True	False	no_structure											
1205772	1838	G	A			False		False	False	no_structure											
1204612	1812	C	G			False		True	False	no_structure											
1211251	99	M	I	vus		False		False	False	no_structure											
1216657	2269	I	N	pathogenic		False		False	False	no_structure											
1219885	2473	G	A			False		False	False	no_structure											
1220403	683	C	Y			False		True	False	no_structure											
1287387	1148	P	R			False	False	False	True	ok	1LMJ	0.463	0.013	0.462	0.451	0.008	0.012	-0.0	False	-0.119	-0.129
1297021	1861	S	R	vus		False		False	False	no_structure											
1298624	566	D	G			False		False	False	no_structure											
1299517	557	C	R			False		True	False	no_structure											
1299642	2127	D	G		ca_D1	True	True	False	True	ok	1EMN	0.75	0.098	0.564	1.22	0.004	-0.47	0.96	True	0.229	-0.186
1301311	2614	A	T			False		False	False	no_structure											
1302044	1765	V	G	vus		False		False	False	no_structure											
1302362	2726	R	L			False		False	False	no_structure											
1302568	573	M	T	vus	ca_backbone_1	False		False	False	no_structure											
1302984	1802	K	Q	vus		False		False	False	no_structure											
1302990	1075	R	P	vus		False	False	False	True	ok	1LMJ	2.84	0.077	2.77	3.04	0.162	-0.2	-0.0	False	0.613	0.926
1303100	2595	G	S			False		False	False	no_structure											
1303236	1919	G	A	vus		False		False	False	no_structure											
1303260	983	S	F	vus		False		False	False	no_structure											
1303336	1787	G	D			False		False	False	no_structure											
1303684	629	V	I			False		False	False	no_structure											
1304014	2474	Y	D			False		False	False	no_structure											
1304329	964	D	V			False		False	False	no_structure											
1304680	2309	N	S		ca_DN_bOH	True		False	False	no_structure											
1305067	1238	D	H		ca_D1	True		False	False	no_structure											
1305164	491	V	I	vus	ca_backbone_1	False		False	False	no_structure											
1305278	877	S	A			False	False	False	True	ok	2W86	-0.538	0.0	-0.537	-0.538	0.0	0.0	0.0	False	-0.0	-0.0
1306834	152	S	N	vus		False		False	False	no_structure											
1308349	817	I	V	vus		False	False	False	True	ok	2W86	0.649	0.048	0.556	0.609	0.052	0.04	-0.0	False	0.169	0.237
1308437	783	N	K	vus	ca_DN_bOH	True		False	False	no_structure											
1306063	1757	I	N	vus		False		False	False	no_structure											
1307704	431	P	L			False		False	False	no_structure											
1307861	2757	D	V	vus		False		False	False	no_structure											
1307927	2432	G	A	vus		False		False	False	no_structure											
1308038	874	Q	P			False	False	False	True	ok	2W86	3.95	0.051	4.023	3.965	0.059	-0.015	-0.0	False	0.002	0.002
1305657	1740	S	G			False		False	False	no_structure											
1305658	2341	T	A			False		False	False	no_structure											
1307458	2693	G	A	vus		False		False	False	no_structure											
1311615	740	E	A	vus		False		False	False	no_structure											
1309316	2133	E	G			False	False	False	True	ok	1EMN	-0.276	0.008	-0.274	-0.291	0.013	0.015	0.0	False	-0.397	-0.411
1310576	2158	I	T			False	False	False	True	ok	1EMN	-0.736	0.019	-0.724	-0.736	0.017	0.0	-0.0	False	-0.0	0.0
1312035	2209	E	V		ca_EH	True		False	False	no_structure											
1312801	970	P	H			False		False	False	no_structure											
1312960	822	K	R			False	False	False	True	ok	2W86	-0.818	0.423	-0.78	-0.262	0.214	-0.556	-0.0	False	-0.211	-0.12
1313204	233	R	S	vus		False		False	False	no_structure											
1313725	43	K	E			False		False	False	no_structure											
1313940	2335	R	Q	vus		False		False	False	no_structure											
1313948	32	G	E	vus		False		False	False	no_structure											
1314179	366	W	R			False		False	False	no_structure											
1314284	2806	I	N	vus		False		False	False	no_structure											
1314852	1814	N	D			False		False	False	no_structure											
1315175	190	I	L			False		False	False	no_structure											
1319506	2420	N	S	vus	ca_DN_bOH	True		False	False	no_structure											
1319507	22	S	G	vus		False		False	False	no_structure											
1319508	1342	T	P		ca_backbone_2	False		False	False	no_structure											
1321449	1865	C	S			False		True	False	no_structure											
1324390	1733	C	R			False		True	False	no_structure											
1325411	92	G	R	pathogenic		False		False	False	no_structure											
1325413	1197	D	G		ca_D1	True		False	False	no_structure											
1325416	1367	C	Y	pathogenic		False		True	False	no_structure											
1325418	1374	C	R			False		True	False	no_structure											
1325419	1374	C	G	pathogenic		False		True	False	no_structure											
1325420	1402	C	G	pathogenic		False		True	False	no_structure											
1325421	168	C	G			False		True	False	no_structure											
1325422	1470	C	Y	pathogenic		False		True	False	no_structure											
1325427	1905	C	S	pathogenic		False		True	False	no_structure											
1325428	1934	C	R	pathogenic		False		True	False	no_structure											
1325429	1952	G	V			False		False	False	no_structure											
1325433	1998	C	S			False		True	False	no_structure											
1325434	2105	E	K			False		False	False	no_structure											
1325438	313	C	R			False		True	False	no_structure											
1325439	2127	D	V		ca_D1	True	True	False	True	ok	1EMN	1.275	0.023	1.32	0.437	0.048	0.838	0.496	True	0.201	-0.184
1325440	2131	C	R			False	False	True	True	ok	1EMN	2.469	0.375	2.973	2.686	0.441	-0.217	-0.0	False	-1.407	-0.7
1325441	2137	C	G			False	False	True	True	ok	1EMN	1.328	0.036	1.336	1.269	0.133	0.059	0.0	False	0.001	-0.001
1325443	2183	N	K		ca_DN_bOH	True	True	False	True	ok	1EMN	-0.567	0.05	-0.613	-0.655	0.127	0.088	-0.0	False	-0.473	-0.725
1325446	2232	C	S			False		True	False	no_structure											
1325452	2429	C	F	pathogenic		False		True	False	no_structure											
1325455	2509	C	S			False		True	False	no_structure											
1325473	15	V	G			False		False	False	no_structure											
1325477	628	C	W	pathogenic		False		True	False	no_structure											
1325481	769	C	W			False		True	False	no_structure											
1325483	887	C	R			False	False	True	True	ok	2W86	7.612	1.585	8.814	6.599	0.998	1.013	-0.0	False	-0.008	0.002
1325485	921	C	Y	pathogenic		False	False	True	True	ok	2W86	14.435	0.045	14.445	14.835	0.451	-0.401	-0.0	False	0.0	-0.0
1325486	926	C	S			False	False	True	True	ok	2W86	4.706	0.037	4.655	4.769	0.059	-0.063	-0.0	False	-0.011	-0.014
1325487	952	D	H			False		False	False	no_structure											
1325491	1044	C	G			False		True	False	no_structure											
1325494	1124	C	G			False	False	True	True	ok	1LMJ	-0.614	0.121	-0.688	-0.311	0.276	-0.303	0.0	False	-0.001	-0.002
1326814	1635	T	N	vus		False	False	False	True	ok	1UZJ	0.033	0.0	0.033	0.033	0.0	-0.0	0.0	False	0.0	-0.0
1328783	1289	N	S			False		False	False	no_structure											
1329083	974	R	H	vus		False		False	False	no_structure											
1329352	339	A	T	vus		False		False	False	no_structure											
1329355	51	D	N	vus		False		False	False	no_structure											
1329357	785	P	S			False		False	False	no_structure											
1329358	963	E	Q			False		False	False	no_structure											
1329359	982	C	F			False		True	False	no_structure											
1329361	1279	V	I			False		False	False	no_structure											
1329362	1463	N	I		ca_DN_bOH	True		False	False	no_structure											
1329363	1568	K	N	vus		False	False	False	True	ok	1UZJ	0.321	0.037	0.334	0.369	0.042	-0.048	-0.0	False	0.225	0.207
1329366	158	G	E			False		False	False	no_structure											
1329520	2814	Y	C			False		False	False	no_structure											
1330512	2197	E	D	vus		False	False	False	True	ok	1EMN	-0.453	0.024	-0.426	-0.453	0.027	-0.0	-0.0	False	0.052	0.053
1330616	2803	F	S			False		False	False	no_structure											
1330677	1958	C	S	pathogenic		False		True	False	no_structure											
1330717	2372	G	V			False		False	False	no_structure											
1330727	1811	E	G		ca_EH	True		False	False	no_structure											
1331455	240	R	S	vus		False		False	False	no_structure											
1331456	166	C	Y	pathogenic		False		True	False	no_structure											
1331752	912	D	V		ca_DN2	True	False	False	True	ok	2W86	0.441	0.131	0.59	0.616	0.07	-0.175	0.0	False	-0.824	-0.714
1331790	1036	P	T			False		False	False	no_structure											
1331861	1578	P	A			False	False	False	True	ok	1UZJ	2.013	0.064	2.051	2.002	0.032	0.011	0.0	False	0.025	0.012
1331863	416	P	L	vus		False		False	False	no_structure											
1331874	1966	P	S			False		False	False	no_structure											
1331925	2103	P	A			False		False	False	no_structure											
1331934	1576	M	I	vus		False	False	False	True	ok	1UZJ	0.173	0.012	0.189	0.172	0.014	0.001	-0.0	False	0.0	-0.0
1331944	1528	D	E			False	False	False	True	ok	1UZJ	1.999	0.544	2.409	2.503	0.308	-0.505	0.0	False	-0.017	-0.857
1331990	2379	P	L	vus		False		False	False	no_structure											
1332019	2641	Q	P			False		False	False	no_structure											
1332021	1038	L	F			False		False	False	no_structure											
1332044	1069	T	A	vus		False	False	False	True	ok	1LMJ	0.015	0.0	0.015	-0.013	0.0	0.028	-0.0	False	0.0	-0.0
1332100	1061	L	F			False		False	False	no_structure											
1332115	324	D	G			False		False	False	no_structure											
1332122	2014	I	T	vus	ca_backbone_1	False		False	False	no_structure											
1332159	267	G	R	vus		False		False	False	no_structure											
1332183	2856	G	D			False		False	False	no_structure											
1332267	2135	D	H	vus		False	False	False	True	ok	1EMN	-0.309	0.085	-0.222	-0.311	0.074	0.002	0.0	False	-0.14	-0.141
1332302	2347	M	T			False		False	False	no_structure											
1332324	2178	N	S	vus		False	False	False	True	ok	1EMN	1.493	0.001	1.494	1.493	0.001	0.0	0.0	False	0.0	0.0
1332378	2572	E	K	vus		False		False	False	no_structure											
1332389	556	V	M	vus		False		False	False	no_structure											
1332421	994	E	K	vus		False		False	False	no_structure											
1332450	151	E	Q	vus		False		False	False	no_structure											
1332488	2396	F	L	vus		False		False	False	no_structure											
1332533	1548	A	G			False	False	False	True	ok	1UZJ	-0.335	0.0	-0.335	-0.335	0.0	-0.0	0.0	False	-0.0	-0.0
1332586	90	G	A			False		False	False	no_structure											
1332614	638	E	K	vus		False		False	False	no_structure											
1332636	1937	G	A			False		False	False	no_structure											
1332729	1212	C	Y			False		True	False	no_structure											
1332757	623	C	S			False		True	False	no_structure											
1332760	1497	C	W	pathogenic		False	False	True	True	ok	1UZJ	24.893	0.279	25.047	25.042	0.252	-0.148	0.0	False	0.077	0.026
1332763	1874	C	F			False		True	False	no_structure											
1332764	1891	D	N	pathogenic	ca_D1	True		False	False	no_structure											
1332765	1989	C	S			False		True	False	no_structure											
1332766	1998	C	F			False		True	False	no_structure											
1332768	2606	V	D			False		False	False	no_structure											
1333372	1046	N	S	pathogenic	ca_DN_bOH	True		False	False	no_structure											
1333821	1571	G	D			False	False	False	True	ok	1UZJ	4.934	0.332	4.821	4.891	0.417	0.043	0.0	False	0.258	0.084
1335179	1301	G	D			False		False	False	no_structure											
1339821	2263	M	L			False		False	False	no_structure											
1341359	199	L	F			False		False	False	no_structure											
1342380	2614	A	P			False		False	False	no_structure											
1343365	723	D	G	pathogenic	ca_D1	True		False	False	no_structure											
1343366	576	C	R			False		True	False	no_structure											
1366814	633	G	C			False		False	False	no_structure											
1366927	2011	C	R	pathogenic		False		True	False	no_structure											
1394315	1780	G	V			False		False	False	no_structure											
1505807	763	C	W			False		True	False	no_structure											
1409400	2806	I	M			False		False	False	no_structure											
1522145	2253	E	K	vus		False		False	False	no_structure											
1494741	2176	C	W			False	False	True	True	ok	1EMN	50.409	2.271	46.658	49.162	6.064	1.246	0.0	False	0.074	-0.004
1357416	2756	W	S			False		False	False	no_structure											
1466451	1124	C	S			False	False	True	True	ok	1LMJ	1.401	0.453	1.063	1.15	0.263	0.251	0.0	False	-0.0	-0.0
1507616	1534	C	R			False	False	True	True	ok	1UZJ	21.093	2.175	18.017	20.636	2.938	0.456	0.0	False	-1.086	-0.937
1493355	1028	D	V		ca_D1	True		False	False	no_structure											
1520711	225	P	S	vus		False		False	False	no_structure											
1520744	582	C	Y	pathogenic		False		True	False	no_structure											
1520849	2172	V	I	vus		False	False	False	True	ok	1EMN	-0.037	0.001	-0.037	-0.051	0.001	0.013	-0.0	False	-0.0	0.0
1525356	150	C	Y			False		True	False	no_structure											
1525423	2070	C	Y	pathogenic		False		True	False	no_structure											
1496102	1838	G	R			False		False	False	no_structure											
1496136	1757	I	T			False		False	False	no_structure											
1479942	1135	S	G		ca_backbone_3	False	False	False	True	ok	1LMJ	-2.426	0.008	-2.43	-2.522	0.007	0.096	0.0	False	-0.0	0.0
1480110	1046	N	H		ca_DN_bOH	True		False	False	no_structure											
1426570	2426	H	Y			False		False	False	no_structure											
1426619	598	C	G			False		True	False	no_structure											
1454047	2470	C	S			False		True	False	no_structure											
1440223	1227	F	L	vus		False		False	False	no_structure											
1495161	676	G	C			False		False	False	no_structure											
1359274	639	C	F			False		True	False	no_structure											
1388520	479	G	E			False		False	False	no_structure											
1415876	2399	N	S			False		False	False	no_structure											
1416068	1496	T	M	vus		False	False	False	True	ok	1UZJ	-0.397	0.052	-0.461	-0.13	0.05	-0.267	-0.006	False	0.017	0.044
1470316	1737	P	L			False		False	False	no_structure											
1389953	2528	C	S			False		True	False	no_structure											
1390245	1117	C	R			False	False	True	True	ok	1LMJ	1.95	0.701	2.147	1.614	0.399	0.335	0.49	True	-1.587	-1.239
1415644	2175	P	L	vus		False	False	False	True	ok	1EMN	2.022	0.212	2.074	2.179	0.319	-0.157	0.0	False	0.067	0.071
1470177	2846	E	Q	vus		False		False	False	no_structure											
1497751	2309	N	Y		ca_DN_bOH	True		False	False	no_structure											
1373700	535	L	S	vus		False		False	False	no_structure											
1401186	617	C	S			False		True	False	no_structure											
1455712	1008	C	S			False		True	False	no_structure											
1483618	628	C	R			False		True	False	no_structure											
1512931	1377	H	L	vus		False		False	False	no_structure											
1386962	2852	D	G	vus		False		False	False	no_structure											
1361401	2093	G	R			False		False	False	no_structure											
1388574	1980	E	Q			False		False	False	no_structure											
1472021	1221	C	S			False		True	False	no_structure											
1472041	1513	C	F			False	False	True	True	ok	1UZJ	1.714	0.144	1.506	1.753	0.111	-0.039	0.0	False	-0.268	-0.287
1391752	2619	G	E	vus		False		False	False	no_structure											
1446304	1716	K	M			False		False	False	no_structure											
1473835	147	Q	R			False		False	False	no_structure											
1499510	204	C	R			False		True	False	no_structure											
1347967	1356	G	R	vus		False		False	False	no_structure											
1485240	2237	V	M			False		False	False	no_structure											
1349710	2220	R	P			False		False	False	no_structure											
1362963	1302	S	P		ca_backbone_3	False		False	False	no_structure											
1393600	727	C	S			False		True	False	no_structure											
1393726	2715	C	S			False		True	False	no_structure											
1420959	1769	E	K		ca_EH	True		False	False	no_structure											
1448241	852	T	A			False	False	False	True	ok	2W86	0.225	0.001	0.226	0.225	0.0	0.001	0.0	False	-0.0	0.0
1475603	1876	C	W			False		True	False	no_structure											
1501018	2604	Q	H	vus		False		False	False	no_structure											
1393053	1284	C	S			False		True	False	no_structure											
1420686	2001	P	S	vus		False		False	False	no_structure											
1475205	557	C	W	pathogenic		False		True	False	no_structure											
1367185	2413	C	Y			False		True	False	no_structure											
1516007	33	N	S			False		False	False	no_structure											
1378991	2834	T	A			False		False	False	no_structure											
1406254	1506	P	A	vus		False	False	False	True	ok	1UZJ	0.785	0.001	0.784	0.513	0.015	0.272	0.0	False	-0.041	0.001
1406445	2249	D	N	vus	ca_DN2	True		False	False	no_structure											
1500362	1977	C	S			False		True	False	no_structure											
1392263	2465	S	I		ca_backbone_3	False		False	False	no_structure											
1392376	2710	L	F			False		False	False	no_structure											
1447064	1856	I	V	vus		False		False	False	no_structure											
1366506	1825	I	V	vus		False		False	False	no_structure											
1393814	2581	C	S			False		True	False	no_structure											
1477340	1808	D	G		ca_D1	True		False	False	no_structure											
1369491	41	R	P			False		False	False	no_structure											
1368926	253	I	V			False		False	False	no_structure											
1369075	1472	C	S			False		True	False	no_structure											
1433690	648	D	E	vus		False		False	False	no_structure											
1433719	2812	I	T	vus		False		False	False	no_structure											
1488677	2214	P	A	vus		False		False	False	no_structure											
1407987	2545	P	S			False		False	False	no_structure											
1407992	2272	Y	C	pathogenic	ca_YF	True		False	False	no_structure											
1408082	490	D	N		ca_D1	True		False	False	no_structure											
1421673	790	C	R			False		True	False	no_structure											
1503849	1521	P	L			False	False	False	True	ok	1UZJ	1.082	0.041	1.1	1.18	0.036	-0.098	0.0	False	0.0	-0.0
1395646	44	R	K	vus		False		False	False	no_structure											
1450245	1788	S	N		ca_backbone_3	False		False	False	no_structure											
1451553	129	C	F			False		True	False	no_structure											
1479188	392	P	A	vus		False		False	False	no_structure											
1480741	854	W	C			False	False	False	True	ok	2W86	3.889	0.033	3.88	3.893	0.012	-0.003	-0.0	False	0.041	0.041
1481039	711	C	S			False		True	False	no_structure											
1451231	1374	C	Y	pathogenic		False		True	False	no_structure											
1451245	896	C	Y			False	False	True	True	ok	2W86	34.535	0.158	34.84	33.884	0.72	0.651	-0.0	False	-0.302	-0.52
1478852	1224	Q	R	vus		False		False	False	no_structure											
1398391	2777	I	N			False		False	False	no_structure											
1452826	2652	C	S			False		True	False	no_structure											
1453015	2221	C	W			False		True	False	no_structure											
1480569	1155	D	G		ca_D1	True		False	False	no_structure											
1462761	2600	Y	C			False		False	False	no_structure											
1437189	2226	G	R	vus		False		False	False	no_structure											
1450410	86	R	Q	vus		False		False	False	no_structure											
1477978	1555	V	L			False	False	False	True	ok	1UZJ	0.12	0.006	0.118	0.107	0.026	0.013	0.0	False	-0.008	-0.028
1424504	1050	S	T		ca_backbone_3	False		False	False	no_structure											
1452173	168	C	S			False		True	False	no_structure											
1452274	887	C	S			False	False	True	True	ok	2W86	4.962	0.448	5.244	5.131	0.373	-0.169	-0.0	False	0.0	-0.0
1508660	1404	D	H		ca_D1	True		False	False	no_structure											
1373031	301	G	A	vus		False		False	False	no_structure											
1507924	1850	R	H	vus	ca_backbone_1	False		False	False	no_structure											
1345383	1924	H	N	vus		False		False	False	no_structure											
1372322	1468	F	L	vus	ca_YF	True		False	False	no_structure											
1372341	1925	N	S			False		False	False	no_structure											
1400134	541	C	G			False		True	False	no_structure											
1427197	2127	D	A		ca_D1	True	True	False	True	ok	1EMN	-0.018	0.012	-0.028	-0.117	0.019	0.098	-0.0	False	-0.03	-0.189
1454772	1242	C	R			False		True	False	no_structure											
1482018	2233	P	H			False		False	False	no_structure											
1464498	170	Y	C			False		False	False	no_structure											
1465947	726	E	Q		ca_EH	True		False	False	no_structure											
1371510	1353	G	R			False		False	False	no_structure											
1453641	1947	C	S			False		True	False	no_structure											
1453782	2663	C	F			False		True	False	no_structure											
1453863	1444	C	S			False		True	False	no_structure											
1511860	339	A	S			False		False	False	no_structure											
1373971	572	D	N		ca_D1	True		False	False	no_structure											
1401667	2670	Y	F		ca_YF	True		False	False	no_structure											
1428817	2664	S	C			False		False	False	no_structure											
1456223	1221	C	R			False		True	False	no_structure											
1456343	1461	C	R			False		True	False	no_structure											
1483735	3	R	Q			False		False	False	no_structure											
1511415	1918	H	R			False		False	False	no_structure											
1494003	2164	C	G	pathogenic		False	False	True	True	ok	1EMN	0.161	0.227	0.319	0.262	0.359	-0.101	0.0	False	0.0	0.0
1522804	1195	C	G			False		True	False	no_structure											
1522965	1933	E	K	vus	ca_EH	True		False	False	no_structure											
1358023	2738	A	D	vus		False		False	False	no_structure											
1413441	1348	C	F			False		True	False	no_structure											
1400799	1975	N	S		ca_DN2	True		False	False	no_structure											
1400913	624	M	T			False		False	False	no_structure											
1376081	2128	M	T	vus	ca_backbone_1	False	True	False	True	ok	1EMN	0.583	0.013	0.602	0.59	0.019	-0.008	-0.0	False	0.031	0.002
1430918	1345	S	I		ca_backbone_3	False		False	False	no_structure											
1431190	899	G	A			False	False	False	True	ok	2W86	4.412	0.009	4.404	4.446	0.017	-0.034	0.0	False	-0.007	0.009
1458475	876	C	W			False	False	True	True	ok	2W86	4.411	1.501	5.797	5.708	0.785	-1.297	-0.0	False	0.05	0.124
1458521	950	C	R			False	False	True	True	ok	2W86	9.909	0.636	9.987	11.984	2.26	-2.075	-0.0	False	-0.393	-0.39
1485981	1906	R	Q			False		False	False	no_structure											
1513835	1914	C	G			False		True	False	no_structure											
1457950	2142	C	R			False	False	True	True	ok	1EMN	1.911	0.687	3.057	1.708	0.532	0.203	0.0	False	-0.74	-1.131
1458007	582	C	R			False		True	False	no_structure											
1485740	1080	L	P			False	False	False	True	ok	1LMJ	4.119	0.049	4.169	4.071	0.147	0.048	0.0	False	-0.011	-0.021
1513116	332	R	H	vus		False		False	False	no_structure											
1350034	1236	C	G			False		True	False	no_structure											
1387480	1994	G	V			False		False	False	no_structure											
1414814	2511	C	W	pathogenic		False		True	False	no_structure											
1414872	2869	L	S	vus		False		False	False	no_structure											
1469554	336	C	Y			False		True	False	no_structure											
1497291	1994	G	E			False		False	False	no_structure											
1389132	1154	I	F			False	False	False	True	ok	1LMJ	-1.227	0.038	-1.232	-1.217	0.033	-0.01	-0.0	False	-1.208	-1.206
1512654	378	P	R			False		False	False	no_structure											
1349036	827	S	C		ca_backbone_3	False	True	False	True	ok	2W86	1.138	0.004	1.142	0.967	0.003	0.171	0.0	False	-0.002	-0.007
1349094	2660	S	N			False		False	False	no_structure											
1404350	700	P	S	vus		False		False	False	no_structure											
1460089	59	C	R			False		True	False	no_structure											
1351948	2527	E	Q		ca_EH	True		False	False	no_structure											
1352148	2841	E	K			False		False	False	no_structure											
1459733	1206	G	C			False		False	False	no_structure											
1487285	2443	V	A	vus		False		False	False	no_structure											
1351566	1601	T	N			False	False	False	True	ok	1UZJ	-0.241	0.002	-0.243	-0.245	0.005	0.004	-0.0	False	0.004	0.004
1351666	759	T	A	vus		False		False	False	no_structure											
1431497	1728	A	P			False		False	False	no_structure											
1458822	596	C	R			False		True	False	no_structure											
1458824	570	C	S			False		True	False	no_structure											
1458827	544	G	R			False		False	False	no_structure											
1514213	555	C	W			False		True	False	no_structure											
1406071	1265	C	F			False		True	False	no_structure											
1460238	1180	C	R			False		True	False	no_structure											
1516958	254	P	A			False		False	False	no_structure											
1436136	1292	L	P			False		False	False	no_structure											
1436241	2537	S	C			False		False	False	no_structure											
1516484	2627	G	A			False		False	False	no_structure											
1353482	714	G	E			False		False	False	no_structure											
1500665	987	A	P			False		False	False	no_structure											
1500765	1091	G	W			False	False	False	True	ok	1LMJ	1.056	0.065	1.012	1.046	0.064	0.009	-0.0	False	0.005	-0.009
1392848	2569	D	G		ca_DN2	True		False	False	no_structure											
1502613	2411	D	N			False		False	False	no_structure											
1488388	2783	A	P			False		False	False	no_structure											
1515556	970	P	L	vus		False		False	False	no_structure											
1352424	907	Q	H			False	False	False	True	ok	2W86	0.476	0.039	0.534	0.466	0.059	0.01	0.0	False	-0.0	-0.0
1380036	67	C	R	pathogenic		False		True	False	no_structure											
1380215	1444	C	W			False		True	False	no_structure											
1434859	131	D	G	vus		False		False	False	no_structure											
1355569	862	C	S			False	False	True	True	ok	2W86	4.518	0.158	4.41	4.421	0.074	0.097	-0.0	False	0.0	0.0
1437701	700	P	L			False		False	False	no_structure											
1438047	2145	T	I		ca_backbone_2	False	True	False	True	ok	1EMN	0.454	0.169	0.158	0.579	0.185	-0.125	0.0	False	0.012	0.019
1465025	71	W	G			False		False	False	no_structure											
1465148	2548	F	L		ca_YF	True		False	False	no_structure											
1490805	2024	C	F			False		True	False	no_structure											
1517910	2129	D	V		ca_DN2	True	False	False	True	ok	1EMN	-0.735	0.102	-0.785	-0.674	0.045	-0.061	0.0	False	0.175	0.234
1517935	2084	C	S			False		True	False	no_structure											
1518035	2783	A	D			False		False	False	no_structure											
1355106	613	D	N	pathogenic	ca_D1	True		False	False	no_structure											
1410301	1491	C	R			False	False	True	True	ok	1UZJ	3.093	0.4	3.416	3.102	0.292	-0.009	0.0	False	-0.202	-0.22
1437282	979	A	T	vus		False		False	False	no_structure											
1464721	1388	R	S			False		False	False	no_structure											
1464885	2671	L	P			False		False	False	no_structure											
1519683	520	Q	H	vus		False		False	False	no_structure											
1526275	785	P	H			False		False	False	no_structure											
1675078	734	C	R			False		True	False	no_structure											
1675080	1193	L	P			False		False	False	no_structure											
1677025	203	V	A	vus		False		False	False	no_structure											
1677462	300	E	G			False		False	False	no_structure											
1677476	107	I	L	vus		False		False	False	no_structure											
1677573	602	F	L			False		False	False	no_structure											
1677646	1688	M	T	vus		False		False	False	no_structure											
1677650	1469	R	L	vus		False		False	False	no_structure											
1677784	57	N	H			False		False	False	no_structure											
1677810	2400	G	R	vus		False		False	False	no_structure											
1677948	1092	D	V		ca_backbone_3	False	False	False	True	ok	1LMJ	1.85	0.475	1.675	1.103	0.082	0.747	0.0	False	-0.118	-0.18
1678250	1547	T	A	vus		False	False	False	True	ok	1UZJ	1.542	0.0	1.542	1.542	0.0	0.0	0.0	False	0.0	0.0
1678694	765	D	G		ca_D1	True		False	False	no_structure											
1678714	1687	C	R			False		True	False	no_structure											
1679954	2258	C	G	pathogenic		False		True	False	no_structure											
1683743	1124	C	R			False	False	True	True	ok	1LMJ	6.194	0.902	6.327	5.713	0.844	0.48	0.0	False	0.071	-0.033
1683750	1702	D	G	vus		False		False	False	no_structure											
1683888	1912	F	L		ca_YF	True		False	False	no_structure											
1684737	1343	A	T	vus		False		False	False	no_structure											
1685316	2541	C	W			False		True	False	no_structure											
1685818	2210	C	Y	pathogenic		False		True	False	no_structure											
1685819	1562	C	R	pathogenic		False	False	True	True	ok	1UZJ	22.325	2.59	20.202	20.769	0.93	1.556	0.0	False	-1.472	-1.536
1687323	914	C	Y	pathogenic		False	False	True	True	ok	2W86	3.286	0.221	3.221	3.277	0.15	0.009	-0.0	False	-0.207	-0.248
1687534	1648	D	H		ca_D1	True		False	False	no_structure											
1687724	102	C	Y	pathogenic		False		True	False	no_structure											
2672295	2295	C	S			False		True	False	no_structure											
1691559	2418	C	S			False		True	False	no_structure											
1691560	2057	R	Q	vus		False		False	False	no_structure											
1693647	697	Q	P			False		False	False	no_structure											
1696093	849	I	V	vus		False	False	False	True	ok	2W86	0.443	0.002	0.444	0.442	0.003	0.001	0.0	False	0.002	0.002
1698481	509	G	V	vus		False		False	False	no_structure											
1698573	2049	S	R	vus		False		False	False	no_structure											
1698862	910	D	V		ca_D1	True	True	False	True	ok	2W86	3.759	0.104	3.741	-0.311	0.603	4.07	1.838	True	0.817	-0.936
1699624	600	P	L			False		False	False	no_structure											
1699701	1958	C	Y			False		True	False	no_structure											
1699724	1579	A	V			False	False	False	True	ok	1UZJ	0.175	0.065	0.264	0.149	0.054	0.025	0.0	False	-0.0	-0.0
1701259	921	C	S			False	False	True	True	ok	2W86	5.255	0.028	5.277	5.303	0.019	-0.048	-0.0	False	0.0	0.0
1702402	407	G	D	vus		False		False	False	no_structure											
1702403	567	G	E	vus		False		False	False	no_structure											
1702801	1991	N	H	vus	ca_DN_bOH	True		False	False	no_structure											
1704483	1203	I	M	vus		False		False	False	no_structure											
1705230	1674	C	S			False		True	False	no_structure											
1705455	2607	D	G	vus	ca_D1	True		False	False	no_structure											
1705611	570	C	S			False		True	False	no_structure											
1706266	301	G	E			False		False	False	no_structure											
1708070	1687	C	F	pathogenic		False		True	False	no_structure											
1708418	2203	T	A			False	False	False	True	ok	1EMN	0.577	0.0	0.577	0.577	0.0	0.0	0.0	False	0.0	-0.0
1708583	1699	Y	D			False		False	False	no_structure											
1709056	786	G	R			False		False	False	no_structure											
1709063	2260	E	K			False		False	False	no_structure											
1710205	1759	I	M			False		False	False	no_structure											
1712055	2070	C	R	pathogenic		False		True	False	no_structure											
1712174	1182	C	S			False		True	False	no_structure											
1712343	1914	C	Y	pathogenic		False		True	False	no_structure											
1716324	2602	W	C			False		False	False	no_structure											
1717938	1026	F	L			False		False	False	no_structure											
1721383	1787	G	C			False		False	False	no_structure											
1714001	175	P	R			False		False	False	no_structure											
1715581	2337	G	A			False		False	False	no_structure											
1719055	2815	L	P			False		False	False	no_structure											
1715110	530	D	V		ca_D1	True		False	False	no_structure											
1718831	1992	L	F		ca_backbone_2	False		False	False	no_structure											
1713708	1330	A	P			False		False	False	no_structure											
1718577	1765	V	F			False		False	False	no_structure											
1721742	2791	N	H			False		False	False	no_structure											
1721754	2226	G	E			False		False	False	no_structure											
1722033	1555	V	A	vus		False	False	False	True	ok	1UZJ	0.697	0.005	0.694	0.706	0.013	-0.009	-0.0	False	0.003	0.003
1722332	2443	V	I			False		False	False	no_structure											
1723088	1930	D	G	pathogenic	ca_D1	True		False	False	no_structure											
1723377	808	I	V		ca_backbone_1	False	True	False	True	ok	2W86	-0.069	0.001	-0.069	0.043	0.089	-0.112	0.0	False	0.006	0.023
1723869	1762	G	C			False		False	False	no_structure											
1728962	1071	I	T		ca_backbone_1	False	True	False	True	ok	1LMJ	-0.573	0.04	-0.588	-0.711	0.034	0.137	0.0	False	0.026	-0.016
1730244	1109	K	R			False	False	False	True	ok	1LMJ	-2.742	0.23	-2.423	-2.734	0.331	-0.007	0.0	False	-1.789	-1.82
1735328	128	S	G			False		False	False	no_structure											
1735367	1278	C	S	pathogenic		False		True	False	no_structure											
1737282	1347	K	I			False		False	False	no_structure											
1738683	1402	C	R			False		True	False	no_structure											
1738692	1402	C	W			False		True	False	no_structure											
1730088	1104	G	R	vus		False	False	False	True	ok	1LMJ	0.817	1.002	-0.116	-0.059	0.615	0.875	0.0	False	-0.303	-0.273
1730125	1105	F	L	vus		False	False	False	True	ok	1LMJ	0.199	0.059	0.106	0.106	0.088	0.093	0.0	False	0.019	0.003
1740052	1456	C	G			False		True	False	no_structure											
1733162	1203	I	L			False		False	False	no_structure											
1734565	1250	D	E			False		False	False	no_structure											
1734567	1251	G	C			False		False	False	no_structure											
1736425	132	D	H			False		False	False	no_structure											
1736484	1320	C	S			False		True	False	no_structure											
1740497	1475	G	R			False		False	False	no_structure											
1740838	1491	C	S			False	False	True	True	ok	1UZJ	3.859	0.049	3.774	3.785	0.04	0.073	0.0	False	-0.0	-0.0
1744238	1646	C	S			False	False	True	True	ok	1UZJ	5.043	0.022	5.005	5.058	0.02	-0.015	0.0	False	0.0	-0.0
1747622	1818	C	R	pathogenic		False		True	False	no_structure											
1749177	1900	C	W			False		True	False	no_structure											
1749324	191	S	I			False		False	False	no_structure											
1751258	2017	C	G			False		True	False	no_structure											
1752857	2108	R	G			False		False	False	no_structure											
1741839	1535	Y	C			False	False	False	True	ok	1UZJ	2.32	0.334	2.418	2.438	0.204	-0.117	0.0	False	0.233	0.239
1743659	1622	C	R	pathogenic		False	False	True	True	ok	1UZJ	2.794	0.322	2.533	2.727	0.128	0.067	0.0	False	-0.042	-0.051
1743811	1628	S	R		ca_backbone_3	False	True	False	True	ok	1UZJ	-0.587	0.182	-0.777	0.076	0.285	-0.663	-0.0	False	-0.501	-0.709
1747108	1791	C	S			False		True	False	no_structure											
1747195	1796	G	V			False		False	False	no_structure											
1750458	1971	C	F	pathogenic		False		True	False	no_structure											
1750532	1976	E	K	vus	ca_EH	True		False	False	no_structure											
1752406	2083	C	R			False		True	False	no_structure											
1752559	2092	W	R			False		False	False	no_structure											
1743364	1607	I	T	vus	ca_backbone_1	False	True	False	True	ok	1UZJ	3.02	0.086	2.889	2.749	0.01	0.27	0.0	False	0.026	-0.005
1748414	186	C	Y	pathogenic		False		True	False	no_structure											
1751735	2040	C	W	pathogenic		False		True	False	no_structure											
1752008	2057	R	P			False		False	False	no_structure											
1752023	2059	S	R			False		False	False	no_structure											
1753509	2145	T	K		ca_backbone_2	False	True	False	True	ok	1EMN	-0.102	0.311	-0.147	-0.109	0.196	0.007	0.0	False	-0.065	-0.043
1753578	2150	R	H			False	False	False	True	ok	1EMN	1.506	0.31	0.907	1.44	0.204	0.067	-0.0	False	0.1	0.123
1753617	2152	E	G			False	False	False	True	ok	1EMN	0.634	0.005	0.626	0.629	0.006	0.006	0.0	False	0.08	0.075
1753677	2156	G	C			False	False	False	True	ok	1EMN	3.435	0.001	3.434	3.58	0.001	-0.145	0.0	False	-0.0	0.0
1741306	1513	C	G	pathogenic		False	False	True	True	ok	1UZJ	3.811	0.076	3.78	3.773	0.007	0.038	-0.0	False	-0.0	-0.0
1744779	1672	C	R	pathogenic		False		True	False	no_structure											
1746116	1738	I	L			False		False	False	no_structure											
1751536	2033	E	K	vus		False		False	False	no_structure											
1751692	2038	C	F			False		True	False	no_structure											
1751705	2040	C	F			False		True	False	no_structure											
1757984	2423	G	R			False		False	False	no_structure											
1763101	2790	H	Y			False		False	False	no_structure											
1755641	2274	C	S			False		True	False	no_structure											
1755644	2274	C	W			False		True	False	no_structure											
1757628	240	R	L	vus		False		False	False	no_structure											
1759237	2503	T	P		ca_backbone_2	False		False	False	no_structure											
1760931	2622	C	G			False		True	False	no_structure											
1761019	2629	Y	C	pathogenic	ca_YF	True		False	False	no_structure											
1759019	2487	D	G	pathogenic	ca_DN2	True		False	False	no_structure											
1760403	2581	C	S			False		True	False	no_structure											
1762124	271	C	Y			False		True	False	no_structure											
1754802	2224	T	P		ca_backbone_2	False		False	False	no_structure											
1754862	2228	Y	D		ca_YF	True		False	False	no_structure											
1755155	2245	C	R	pathogenic		False		True	False	no_structure											
1759917	2546	G	E			False		False	False	no_structure											
1760126	2562	G	C			False		False	False	no_structure											
1760233	2569	D	V		ca_DN2	True		False	False	no_structure											
1761971	2700	P	S			False		False	False	no_structure											
1763366	2811	G	W			False		False	False	no_structure											
1768977	429	R	P	vus		False		False	False	no_structure											
1772413	476	C	W	pathogenic		False		True	False	no_structure											
1777049	547	I	M	vus		False		False	False	no_structure											
1777232	55	G	A			False		False	False	no_structure											
1769781	439	R	W	vus		False		False	False	no_structure											
1773301	490	D	H		ca_D1	True		False	False	no_structure											
1775110	518	G	A			False		False	False	no_structure											
1772610	479	G	W			False		False	False	no_structure											
1790647	800	P	A	vus		False		False	False	no_structure											
1782465	637	C	S			False		True	False	no_structure											
1792034	830	C	F	pathogenic		False	False	True	True	ok	2W86	17.511	3.161	12.947	19.91	0.427	-2.399	-0.0	False	0.09	0.002
1784344	358	C	W			False		True	False	no_structure											
1788025	743	R	P			False		False	False	no_structure											
1785867	70	G	V			False		False	False	no_structure											
1787632	734	C	S			False		True	False	no_structure											
1789110	764	V	F	vus		False		False	False	no_structure											
1789313	768	E	K	vus	ca_EH	True		False	False	no_structure											
1795887	927	V	I			False	False	False	True	ok	2W86	-0.091	0.095	-0.223	-0.04	0.07	-0.051	-0.0	False	0.0	0.0
1795984	929	T	S		ca_backbone_2	False	True	False	True	ok	2W86	0.757	0.0	0.757	0.733	0.001	0.024	0.0	False	0.005	-0.003
1801155	844	I	V			False	False	False	True	ok	2W86	0.334	0.202	0.575	0.246	0.136	0.087	-0.0	False	-0.096	-0.224
1802115	1363	D	N		ca_D1	True		False	False	no_structure											
1803472	2678	Y	C	vus		False		False	False	no_structure											
1804178	546	C	Y	pathogenic		False		True	False	no_structure											
1804563	2508	T	I			False		False	False	no_structure											
1804651	514	Q	E			False		False	False	no_structure											
1806740	2016	E	D		ca_EH	True		False	False	no_structure											
1810032	786	G	E			False		False	False	no_structure											
1810043	1746	T	P			False		False	False	no_structure											
1810233	1117	C	F			False	False	True	True	ok	1LMJ	3.508	0.118	3.451	3.497	0.022	0.012	-0.0	False	-0.24	-0.198
1810262	899	G	V			False	False	False	True	ok	2W86	8.877	0.028	8.841	8.83	0.039	0.047	0.0	False	-0.017	-0.008
1810730	2585	I	N	vus		False		False	False	no_structure											
2148336	820	V	F			False	False	False	True	ok	2W86	-0.277	0.058	-0.313	0.003	0.043	-0.28	-0.0	False	-0.141	-0.005
2137675	2420	N	H	vus	ca_DN_bOH	True		False	False	no_structure											
2137680	2221	C	G			False		True	False	no_structure											
2137681	2151	C	R			False	False	True	True	ok	1EMN	4.518	0.406	4.459	5.005	0.717	-0.486	0.0	False	-0.195	-0.23
2137682	2099	C	W	pathogenic		False		True	False	no_structure											
2137685	1910	G	V	pathogenic		False		False	False	no_structure											
2137689	1748	C	R			False		True	False	no_structure											
2137690	1706	C	Y			False		True	False	no_structure											
2137691	1695	C	Y			False		True	False	no_structure											
2137692	1528	D	N			False	False	False	True	ok	1UZJ	2.36	0.133	2.274	2.277	0.022	0.082	-0.0	False	1.09	1.29
2137693	1491	C	Y			False	False	True	True	ok	1UZJ	3.754	0.135	3.694	3.697	0.127	0.057	-0.0	False	-0.0	-0.071
2137695	1326	C	R			False		True	False	no_structure											
2137696	1307	C	Y	pathogenic		False		True	False	no_structure											
2137697	1265	C	Y	pathogenic		False		True	False	no_structure											
2137700	887	C	S			False	False	True	True	ok	2W86	4.838	0.442	4.389	4.995	0.396	-0.157	-0.0	False	0.0	0.0
2137702	790	C	G			False		True	False	no_structure											
2137705	711	C	Y			False		True	False	no_structure											
2137706	654	D	N	pathogenic		False		False	False	no_structure											
2139396	2612	L	F	vus		False		False	False	no_structure											
2140886	424	Q	K			False		False	False	no_structure											
2140922	2332	L	F			False		False	False	no_structure											
2144409	565	R	G	vus		False		False	False	no_structure											
2149206	1112	M	L			False	False	False	True	ok	1LMJ	-0.085	0.135	-0.114	-0.196	0.198	0.111	0.0	False	0.002	0.011
2140340	1244	D	N			False		False	False	no_structure											
2149966	612	K	R	vus		False		False	False	no_structure											
2160488	2573	G	D	vus		False		False	False	no_structure											
2153030	375	E	D	vus		False		False	False	no_structure											
2154893	1041	H	Q			False		False	False	no_structure											
2159797	310	S	R		ca_backbone_3	False		False	False	no_structure											
2150905	1915	R	H	vus		False		False	False	no_structure											
2159294	401	Y	N	vus		False		False	False	no_structure											
2161252	977	M	T			False		False	False	no_structure											
2162898	2202	M	T	vus		False	False	False	True	ok	1EMN	0.356	0.005	0.352	0.35	0.007	0.006	0.0	False	0.0	0.0
2150578	2697	P	T			False		False	False	no_structure											
2152235	1853	C	W			False		True	False	no_structure											
2152240	832	C	R			False	False	True	True	ok	2W86	3.985	0.447	4.201	3.7	0.602	0.285	-0.0	False	-0.465	-0.283
2152241	741	N	S		ca_DN_bOH	True		False	False	no_structure											
2152242	366	W	S			False		False	False	no_structure											
2153929	232	R	C			False		False	False	no_structure											
2166879	255	G	W			False		False	False	no_structure											
2173266	1789	F	I		ca_YF	True		False	False	no_structure											
2169219	239	I	T			False		False	False	no_structure											
2176304	2041	P	L	vus		False		False	False	no_structure											
2170695	892	V	I			False	False	False	True	ok	2W86	-0.403	0.002	-0.402	-0.402	0.004	-0.0	0.0	False	-0.0	-0.0
2172253	986	A	V			False		False	False	no_structure											
2179036	144	H	Q			False		False	False	no_structure											
2180768	1884	D	V	vus		False		False	False	no_structure											
2184029	1443	A	T			False		False	False	no_structure											
2181629	889	L	Q			False	False	False	True	ok	2W86	0.503	0.039	0.475	0.649	0.124	-0.146	0.0	False	0.0	-0.0
2188433	473	R	Q	vus		False		False	False	no_structure											
2177788	382	T	I			False		False	False	no_structure											
2186219	578	I	R	vus		False		False	False	no_structure											
2203217	2841	E	D			False		False	False	no_structure											
2193954	367	S	F	vus		False		False	False	no_structure											
2196667	393	M	T	vus		False		False	False	no_structure											
2200035	655	T	A			False		False	False	no_structure											
2418075	2808	Q	R	vus		False		False	False	no_structure											
2419758	992	E	D			False		False	False	no_structure											
1898681	2632	M	T	vus		False		False	False	no_structure											
1917488	2762	A	D			False		False	False	no_structure											
1913257	1253	Q	P			False		False	False	no_structure											
1915233	1684	G	E			False		False	False	no_structure											
1920103	2288	G	S			False		False	False	no_structure											
1929753	1433	M	L	vus		False		False	False	no_structure											
1924117	245	Q	P			False		False	False	no_structure											
1935813	2864	M	I	vus		False		False	False	no_structure											
1928415	2833	S	G			False		False	False	no_structure											
1933647	1270	M	L	vus		False		False	False	no_structure											
1940155	382	T	A	vus		False		False	False	no_structure											
1948483	425	I	V			False		False	False	no_structure											
1952443	1647	D	G			False	False	False	True	ok	1UZJ	-1.233	0.009	-1.23	-1.234	0.011	0.0	0.0	False	0.271	0.292
1953627	144	H	R			False		False	False	no_structure											
1953239	989	G	S			False		False	False	no_structure											
1959915	48	G	E			False		False	False	no_structure											
1969402	2836	L	F	vus		False		False	False	no_structure											
1970428	1639	L	V			False	False	False	True	ok	1UZJ	1.96	0.288	1.715	2.023	0.145	-0.063	-0.0	False	0.027	-0.014
1966585	287	E	K			False		False	False	no_structure											
1982904	2578	Q	K			False		False	False	no_structure											
1984592	636	R	S			False		False	False	no_structure											
1978928	1727	R	W			False		False	False	no_structure											
1990912	1330	A	T			False		False	False	no_structure											
1980315	1701	A	V			False		False	False	no_structure											
1990732	1921	I	S	vus		False		False	False	no_structure											
2003833	509	G	D			False		False	False	no_structure											
2005623	1298	N	T		ca_DN_bOH	True		False	False	no_structure											
1998376	1677	D	G			False		False	False	no_structure											
2001611	1080	L	F	vus		False	False	False	True	ok	1LMJ	4.688	0.617	5.274	5.129	0.327	-0.442	0.0	False	-0.175	-0.494
2001686	1096	K	R			False	False	False	True	ok	1LMJ	-0.42	0.146	-0.431	-0.412	0.065	-0.008	-0.0	False	-0.315	-0.247
2001796	2176	C	Y	pathogenic		False	False	True	True	ok	1EMN	54.99	9.212	56.723	52.531	10.875	2.459	0.0	False	0.022	0.003
2005098	1529	T	A			False	False	False	True	ok	1UZJ	-0.031	0.015	-0.017	-0.029	0.012	-0.003	-0.0	False	-0.002	-0.002
1996097	494	C	W	pathogenic		False		True	False	no_structure											
1997975	153	G	A			False		False	False	no_structure											
1997294	2204	C	S	pathogenic		False	False	True	True	ok	1EMN	3.49	0.374	3.906	3.587	0.327	-0.097	0.0	False	-0.025	-0.018
1999135	2825	G	V			False		False	False	no_structure											
2002728	1889	C	W			False		True	False	no_structure											
2004199	2351	G	R			False		False	False	no_structure											
2008785	2364	C	S			False		True	False	no_structure											
2015310	2172	V	F			False	False	False	True	ok	1EMN	1.276	0.006	1.288	1.245	0.001	0.031	-0.0	False	-0.285	-0.285
2009690	888	T	S			False	False	False	True	ok	2W86	0.055	0.023	0.049	0.028	0.041	0.027	0.0	False	0.0	-0.0
2014899	1891	D	Y		ca_D1	True		False	False	no_structure											
2015139	1593	E	G	vus		False	False	False	True	ok	1UZJ	0.219	0.009	0.209	0.229	0.023	-0.009	0.0	False	-0.073	-0.029
2016566	935	C	G			False	False	True	True	ok	2W86	4.64	0.041	4.681	4.627	0.077	0.014	-0.0	False	0.013	0.085
2007509	2488	E	A		ca_EH	True		False	False	no_structure											
2016320	373	A	D			False		False	False	no_structure											
2022802	2142	C	G			False	False	True	True	ok	1EMN	-2.623	0.038	-2.641	-2.612	0.117	-0.011	0.0	False	-0.305	-0.008
2029363	2488	E	G		ca_EH	True		False	False	no_structure											
2029643	1665	N	T		ca_DN_bOH	True		False	False	no_structure											
2031233	1829	G	C			False		False	False	no_structure											
2024034	2297	T	R	vus		False		False	False	no_structure											
2032122	1155	D	V		ca_D1	True		False	False	no_structure											
2021355	1111	C	S			False	False	True	True	ok	1LMJ	-1.125	0.202	-1.306	-1.082	0.102	-0.043	0.0	False	-0.023	-0.228
2028254	154	C	F			False		True	False	no_structure											
2031446	2659	C	F			False		True	False	no_structure											
2034108	587	C	W			False		True	False	no_structure											
2042644	1681	V	M			False		False	False	no_structure											
2033835	582	C	G			False		True	False	no_structure											
2042296	1168	N	I			False		False	False	no_structure											
2044263	1022	G	R			False		False	False	no_structure											
2055260	297	G	E	vus		False		False	False	no_structure											
2057026	2745	S	A			False		False	False	no_structure											
2047575	871	L	S			False	False	False	True	ok	2W86	0.822	0.042	0.836	0.839	0.029	-0.017	-0.0	False	-0.007	-0.007
2066411	779	G	R			False		False	False	no_structure											
2062673	1581	N	S	vus		False	False	False	True	ok	1UZJ	0.389	0.002	0.39	0.393	0.006	-0.003	0.0	False	0.0	0.0
2069386	1208	C	W			False		True	False	no_structure											
2075634	101	T	I	vus		False		False	False	no_structure											
2079046	2392	H	R			False		False	False	no_structure											
2079175	749	I	L			False		False	False	no_structure											
2076889	1034	M	I			False		False	False	no_structure											
2077981	83	P	S			False		False	False	no_structure											
2094461	816	C	Y			False	False	True	True	ok	2W86	16.03	0.173	16.024	16.035	0.078	-0.005	-0.0	False	-0.002	-0.001
2099964	2803	F	L			False		False	False	no_structure											
2097405	581	M	V			False		False	False	no_structure											
2088587	945	A	P			False	False	False	True	ok	2W86	-0.691	0.037	-0.73	-0.687	0.033	-0.004	0.0	False	-0.008	-0.009
2090244	483	D	A			False		False	False	no_structure											
2090263	2135	D	V			False	False	False	True	ok	1EMN	-0.245	0.013	-0.232	-0.242	0.011	-0.003	0.0	False	-0.146	-0.144
2093521	2226	G	V			False		False	False	no_structure											
2098867	1278	C	Y			False		True	False	no_structure											
2098868	136	C	Y	pathogenic		False		True	False	no_structure											
2088229	879	L	P			False	False	False	True	ok	2W86	2.178	0.292	2.491	0.034	0.23	2.144	0.088	True	0.132	-1.756
2095105	1330	A	V	vus		False		False	False	no_structure											
2095184	315	C	R	pathogenic		False		True	False	no_structure											
2111751	1315	K	R			False		False	False	no_structure											
2106253	107	I	V			False		False	False	no_structure											
2111584	2053	C	S			False		True	False	no_structure											
2102252	350	P	S			False		False	False	no_structure											
2105979	442	P	S			False		False	False	no_structure											
2105208	840	P	Q			False	False	False	True	ok	2W86	1.054	0.039	1.022	1.0	0.034	0.054	0.0	False	0.002	-0.0
2108834	2569	D	A		ca_DN2	True		False	False	no_structure											
2114146	2395	G	E			False		False	False	no_structure											
2118439	1249	C	Y			False		True	False	no_structure											
2121644	1767	I	T	vus	ca_backbone_1	False		False	False	no_structure											
2123403	981	C	W			False		True	False	no_structure											
2125129	1345	S	R		ca_backbone_3	False		False	False	no_structure											
2118006	2657	A	V			False		False	False	no_structure											
2121178	1363	D	Y		ca_D1	True		False	False	no_structure											
2123035	1748	C	W			False		True	False	no_structure											
2123169	2686	C	Y			False		True	False	no_structure											
2124304	1832	R	L			False		False	False	no_structure											
2130947	2447	E	Q		ca_EH	True		False	False	no_structure											
2132525	889	L	V			False	False	False	True	ok	2W86	0.859	0.003	0.855	0.864	0.01	-0.004	0.0	False	0.0	0.0
2134989	1530	R	L			False	False	False	True	ok	1UZJ	2.956	0.042	3.008	2.873	0.052	0.083	-0.0	False	2.186	2.682
2413174	2548	F	Y	vus	ca_YF	True		False	False	no_structure											
2430312	1322	D	Y		ca_D1	True		False	False	no_structure											
2430708	628	C	S	pathogenic		False		True	False	no_structure											
2430789	2497	Q	E			False		False	False	no_structure											
2430890	680	K	E	vus		False		False	False	no_structure											
2431523	1726	G	V			False		False	False	no_structure											
2441375	831	E	V			False	False	False	True	ok	2W86	-0.126	0.016	-0.139	-0.116	0.013	-0.009	0.0	False	-0.041	-0.045
2441376	288	D	N	vus	ca_D1	True		False	False	no_structure											
2441378	2267	N	T		ca_DN_bOH	True		False	False	no_structure											
2441380	1898	D	Y			False		False	False	no_structure											
2441381	807	D	V		ca_D1	True	True	False	True	ok	2W86	3.246	0.218	3.104	0.736	0.127	2.51	0.743	True	0.217	-0.224
2441773	2669	G	R		ca_backbone_3	False		False	False	no_structure											
2441994	232	R	H	vus		False		False	False	no_structure											
2442695	114	R	T	vus		False		False	False	no_structure											
2442868	2703	G	S	vus		False		False	False	no_structure											
2442870	2062	Y	F	vus		False		False	False	no_structure											
2442871	1882	T	I			False		False	False	no_structure											
2442873	1521	P	R			False	False	False	True	ok	1UZJ	1.079	0.027	1.073	1.054	0.076	0.025	-0.0	False	-0.028	-0.027
2442978	2780	L	H			False		False	False	no_structure											
2442980	1424	P	L			False		False	False	no_structure											
2442982	776	C	F			False		True	False	no_structure											
2444200	1452	L	F			False		False	False	no_structure											
2446328	1872	F	S		ca_YF	True		False	False	no_structure											
2453671	1745	A	T	vus		False		False	False	no_structure											
2453674	2446	N	D		ca_DN2	True		False	False	no_structure											
2453676	1462	H	P			False		False	False	no_structure											
2453683	25	A	V	vus		False		False	False	no_structure											
2453684	2269	I	S			False		False	False	no_structure											
2453687	1643	T	K	vus		False	False	False	True	ok	1UZJ	-0.585	0.027	-0.611	-0.574	0.029	-0.011	0.0	False	-0.158	-0.158
2497951	1889	C	R			False		True	False	no_structure											
2497961	428	P	R			False		False	False	no_structure											
2498040	374	P	S			False		False	False	no_structure											
2498338	2802	G	V			False		False	False	no_structure											
2498341	1404	D	G		ca_D1	True		False	False	no_structure											
2498342	1362	T	S			False		False	False	no_structure											
2498343	539	R	Q			False		False	False	no_structure											
2498611	2217	C	G			False		True	False	no_structure											
2498613	582	C	W	pathogenic		False		True	False	no_structure											
2499897	835	E	Q			False	False	False	True	ok	2W86	0.003	0.205	0.3	-0.113	0.065	0.116	-0.0	False	0.198	0.124
2500028	655	T	I			False		False	False	no_structure											
2500232	2190	C	Y			False	False	True	True	ok	1EMN	25.496	1.074	25.232	24.754	0.586	0.742	0.0	False	0.253	0.257
2501043	2499	L	P			False		False	False	no_structure											
2501604	2835	P	L			False		False	False	no_structure											
2501637	2123	D	V			False		False	False	no_structure											
2502068	1322	D	N	pathogenic	ca_D1	True		False	False	no_structure											
2502565	1231	P	S			False		False	False	no_structure											
2502816	2761	T	A	vus		False		False	False	no_structure											
2503888	18	A	V			False		False	False	no_structure											
2505313	219	H	Q			False		False	False	no_structure											
2506792	2032	T	A		ca_backbone_2	False		False	False	no_structure											
2506810	1412	L	P	vus		False		False	False	no_structure											
2562535	775	L	F	vus		False		False	False	no_structure											
2567908	2546	G	V			False		False	False	no_structure											
2567909	864	I	V			False	False	False	True	ok	2W86	1.066	0.012	1.068	1.069	0.001	-0.003	0.0	False	0.0	0.0
2567913	38	R	G	vus		False		False	False	no_structure											
2567918	990	T	I			False		False	False	no_structure											
2570580	1754	G	D	pathogenic		False		False	False	no_structure											
2570581	110	S	C			False		False	False	no_structure											
2571593	1153	C	F			False	False	True	True	ok	1LMJ	0.912	0.475	0.674	0.508	0.177	0.404	-0.0	False	-0.081	-0.034
2572188	2105	E	D			False		False	False	no_structure											
2572346	2737	D	E			False		False	False	no_structure											
2572452	1526	C	F			False	False	True	True	ok	1UZJ	13.762	0.186	14.026	13.638	0.133	0.124	-0.0	False	-0.0	-0.0
2572595	1327	E	D			False		False	False	no_structure											
2572629	1039	C	R			False		True	False	no_structure											
2573965	1397	G	S	vus		False		False	False	no_structure											
2574103	1756	V	A			False		False	False	no_structure											
2575627	1614	P	S			False	False	False	True	ok	1UZJ	1.788	0.007	1.783	1.744	0.092	0.043	0.0	False	0.0	0.0
2575838	1582	T	I	vus		False	False	False	True	ok	1UZJ	3.703	0.36	3.629	3.621	0.692	0.082	-0.0	False	-0.003	0.001
2576111	2124	S	P			False		False	False	no_structure											
2576879	2265	C	R	pathogenic		False		True	False	no_structure											
2578735	1572	T	N			False	False	False	True	ok	1UZJ	0.295	0.26	0.427	0.424	0.001	-0.129	0.0	False	0.0	0.0
2578736	1562	C	Y			False	False	True	True	ok	1UZJ	36.474	4.844	39.333	28.792	4.314	7.683	-0.0	False	0.232	0.568
2578737	1077	S	C			False	False	False	True	ok	1LMJ	0.69	0.018	0.681	0.701	0.003	-0.01	0.0	False	0.002	0.006
2578738	435	L	P			False		False	False	no_structure											
2579846	1965	A	G	vus		False		False	False	no_structure											
2579847	1269	F	S	vus		False		False	False	no_structure											
2580027	2567	D	N	vus	ca_D1	True		False	False	no_structure											
2580942	1652	C	S			False		True	False	no_structure											
2581997	2081	Q	R			False		False	False	no_structure											
2584377	1975	N	K		ca_DN2	True		False	False	no_structure											
2587624	1017	K	E			False		False	False	no_structure											
2587625	16	L	P			False		False	False	no_structure											
2627080	853	C	Y			False	False	True	True	ok	2W86	29.638	3.202	34.046	29.733	2.459	-0.095	-0.0	False	0.02	0.021
2627465	1001	T	N			False		False	False	no_structure											
2627789	2483	C	G			False		True	False	no_structure											
2628374	2462	T	S		ca_backbone_2	False		False	False	no_structure											
2632489	1714	M	T	vus		False		False	False	no_structure											
2632608	55	G	R			False		False	False	no_structure											
2637410	1848	N	K			False		False	False	no_structure											
2628403	642	G	R			False		False	False	no_structure											
2628679	506	N	K		ca_DN_bOH	True		False	False	no_structure											
2630059	2163	E	V			False	False	False	True	ok	1EMN	-0.239	0.034	-0.21	-0.226	0.01	-0.013	0.0	False	0.016	0.039
2631438	441	P	L	vus		False		False	False	no_structure											
2633589	2237	V	E			False		False	False	no_structure											
2637023	1506	P	T			False	False	False	True	ok	1UZJ	0.516	0.001	0.515	0.068	0.026	0.448	0.151	True	-0.062	0.0
2631015	722	S	N	vus		False		False	False	no_structure											
2632875	345	C	R			False		True	False	no_structure											
2632957	837	T	I			False	False	False	True	ok	2W86	-0.006	0.03	-0.024	0.017	0.014	-0.023	0.0	False	-0.0	-0.0
2637911	1242	C	W			False		True	False	no_structure											
2645311	2719	K	E	vus		False		False	False	no_structure											
2645314	1458	F	C			False		False	False	no_structure											
2645315	194	M	T			False		False	False	no_structure											
2662788	214	G	D	pathogenic		False		False	False	no_structure											
2662804	1238	D	G		ca_D1	True		False	False	no_structure											
2663149	1707	D	G			False		False	False	no_structure											
2664770	959	F	S			False		False	False	no_structure											
2672586	2201	M	I	vus		False	False	False	True	ok	1EMN	0.717	0.122	0.58	0.821	0.161	-0.104	-0.0	False	-0.0	-0.001
2672587	1799	Y	H			False		False	False	no_structure											
2674623	2188	F	C		ca_YF	True	False	False	True	ok	1EMN	-1.183	0.174	-1.048	-0.949	0.1	-0.234	0.0	False	0.127	0.25
2682337	1267	D	G			False		False	False	no_structure											
2683903	1371	T	A			False		False	False	no_structure											
2689053	2236	Y	H			False		False	False	no_structure											
2689054	376	M	I			False		False	False	no_structure											
2689055	694	E	D			False		False	False	no_structure											
2689056	2421	D	N		ca_backbone_2	False		False	False	no_structure											
2691172	670	C	S			False		True	False	no_structure											
2691174	1444	C	R			False		True	False	no_structure											
2691177	2475	I	M	vus		False		False	False	no_structure											
2773309	2620	A	P			False		False	False	no_structure											
2773311	2588	Y	H		ca_YF	True		False	False	no_structure											
2773312	2518	H	R			False		False	False	no_structure											
2773314	2458	I	V	vus		False		False	False	no_structure											
2773316	2392	H	Q			False		False	False	no_structure											
2773318	2374	H	Q			False		False	False	no_structure											
2773319	2369	R	K			False		False	False	no_structure											
2773320	2342	E	A			False		False	False	no_structure											
2773322	2319	N	S	vus		False		False	False	no_structure											
2773323	2306	R	S			False		False	False	no_structure											
2773326	2229	E	G			False		False	False	no_structure											
2773327	2106	A	V	vus		False		False	False	no_structure											
2773328	2103	P	H			False		False	False	no_structure											
2773329	2056	L	W			False		False	False	no_structure											
2773331	1999	I	L			False		False	False	no_structure											
2773332	1985	A	V			False		False	False	no_structure											
2773333	1969	R	M			False		False	False	no_structure											
2773334	1802	K	M			False		False	False	no_structure											
2773336	1735	Q	R			False		False	False	no_structure											
2773337	1707	D	E			False		False	False	no_structure											
2773338	1629	F	S		ca_YF	True	False	False	True	ok	1UZJ	2.744	0.432	3.098	0.819	1.361	1.925	-0.1	True	0.222	-0.608
2773341	1560	A	V	vus		False	False	False	True	ok	1UZJ	-0.779	0.446	-1.134	-0.602	0.453	-0.177	-0.0	False	-0.077	-0.079
2773342	1532	G	R			False	False	False	True	ok	1UZJ	7.716	0.175	7.644	7.866	0.561	-0.15	0.0	False	-0.192	-0.184
2773343	1522	T	I	vus		False	False	False	True	ok	1UZJ	0.176	0.076	0.261	0.172	0.047	0.005	-0.0	False	0.0	-0.0
2773344	1419	Q	H	vus		False		False	False	no_structure											
2773346	1402	C	S			False		True	False	no_structure											
2773347	1401	T	A			False		False	False	no_structure											
2773348	1360	K	N	vus		False		False	False	no_structure											
2773349	1358	G	S			False		False	False	no_structure											
2773350	1352	P	H	vus		False		False	False	no_structure											
2773361	1090	P	A			False	False	False	True	ok	1LMJ	0.752	0.226	0.887	0.768	0.032	-0.016	0.0	False	0.028	-0.019
2773365	1009	P	S			False		False	False	no_structure											
2773366	999	R	G			False		False	False	no_structure											
2773367	977	M	I	vus		False		False	False	no_structure											
2773368	971	I	L			False		False	False	no_structure											
2773369	962	Y	H			False		False	False	no_structure											
2773371	929	T	I	vus	ca_backbone_2	False	True	False	True	ok	2W86	-0.007	0.074	-0.046	0.037	0.007	-0.044	0.0	False	0.0	0.003
2773372	893	D	G	vus		False	False	False	True	ok	2W86	1.357	0.04	1.328	1.372	0.005	-0.015	0.0	False	1.204	1.201
2773373	881	A	S	vus		False	False	False	True	ok	2W86	0.622	0.008	0.606	0.628	0.006	-0.006	0.0	False	0.0	0.0
2773374	870	T	I			False	False	False	True	ok	2W86	-1.017	0.094	-1.091	-1.006	0.085	-0.011	0.0	False	0.0	0.0
2773375	824	S	N		ca_backbone_2	False	True	False	True	ok	2W86	-1.03	0.243	-0.652	-0.706	0.1	-0.324	0.0	False	-0.002	-0.048
2773379	735	P	R			False		False	False	no_structure											
2773382	722	S	G	vus		False		False	False	no_structure											
2773384	553	F	V	vus	ca_YF	True		False	False	no_structure											
2773385	547	I	L	vus		False		False	False	no_structure											
2773386	525	R	Q	vus		False		False	False	no_structure											
2773387	497	N	K	vus		False		False	False	no_structure											
2773388	469	P	L			False		False	False	no_structure											
2773389	466	I	T	vus		False		False	False	no_structure											
2773390	401	Y	F			False		False	False	no_structure											
2773391	400	E	D			False		False	False	no_structure											
2773393	330	D	V			False		False	False	no_structure											
2773395	289	I	T		ca_backbone_1	False		False	False	no_structure											
2773397	240	R	P			False		False	False	no_structure											
2773398	236	I	L			False		False	False	no_structure											
2773399	218	G	D	vus		False		False	False	no_structure											
2773401	187	F	Y	vus		False		False	False	no_structure											
2773403	141	I	T	vus		False		False	False	no_structure											
2773404	101	T	S	vus		False		False	False	no_structure											
2773405	90	G	R			False		False	False	no_structure											
2773407	49	G	E			False		False	False	no_structure											
2773409	34	V	M			False		False	False	no_structure											
2773410	11	L	V	vus		False		False	False	no_structure											
2775393	2835	P	T			False		False	False	no_structure											
2775394	2750	N	T			False		False	False	no_structure											
2775395	2743	D	N			False		False	False	no_structure											
2775397	2733	T	A			False		False	False	no_structure											
2920902	1526	C	R	pathogenic		False	False	True	True	ok	1UZJ	14.869	6.08	20.169	11.826	1.411	3.044	-0.0	False	-0.603	-0.637
2920966	787	S	I		ca_backbone_3	False		False	False	no_structure											
2921049	232	R	P			False		False	False	no_structure											
2922175	2393	G	A			False		False	False	no_structure											
2922191	896	C	S			False	False	True	True	ok	2W86	3.571	0.061	3.544	3.61	0.051	-0.039	-0.0	False	0.104	0.172
2922235	2141	Q	L			False	False	False	True	ok	1EMN	-0.484	0.04	-0.491	-0.485	0.034	0.002	-0.0	False	-0.0	-0.0
2922316	647	L	V	vus		False		False	False	no_structure											
2922438	1115	D	Y		ca_DN2	True	False	False	True	ok	1LMJ	0.161	0.262	0.062	0.162	0.3	-0.0	-0.069	True	-0.319	-0.292
2922440	1852	E	A		ca_EH	True		False	False	no_structure											
2922482	174	G	R			False		False	False	no_structure											
2924118	228	P	S			False		False	False	no_structure											
2924164	219	H	Q			False		False	False	no_structure											
2924191	1667	V	A	vus		False		False	False	no_structure											
2924216	1403	T	I			False		False	False	no_structure											
2924219	2735	E	K			False		False	False	no_structure											
2925637	1313	G	A			False		False	False	no_structure											
2925771	2132	K	E	vus		False	False	False	True	ok	1EMN	0.534	0.018	0.533	0.581	0.027	-0.047	-0.0	False	0.805	0.994
2925961	1087	V	M			False	False	False	True	ok	1LMJ	-0.12	0.067	-0.052	-0.123	0.056	0.002	0.0	False	-0.01	-0.02
2927387	2714	A	S			False		False	False	no_structure											
2929120	1305	C	Y			False		True	False	no_structure											
2929121	1100	G	D			False	False	False	True	ok	1LMJ	2.041	1.485	2.897	2.277	0.344	-0.236	0.832	True	0.138	1.099
2929125	2113	Y	H	vus		False		False	False	no_structure											
2929174	132	D	N			False		False	False	no_structure											
2929241	316	P	H			False		False	False	no_structure											
2929242	291	E	V	vus	ca_EH	True		False	False	no_structure											
2929505	920	V	M	vus		False	False	False	True	ok	2W86	1.437	0.443	1.119	1.577	0.513	-0.14	-0.0	False	-0.041	-0.038
2930859	2813	S	N	vus		False		False	False	no_structure											
2930872	2385	A	V	vus		False		False	False	no_structure											
2930898	1909	I	V			False		False	False	no_structure											
2931261	1144	H	R	vus		False	False	False	True	ok	1LMJ	-0.195	0.281	-0.336	-0.159	0.264	-0.036	-0.0	False	-0.331	-0.463
2931271	804	T	I			False		False	False	no_structure											
2921751	1206	G	S			False		False	False	no_structure											
2921756	2507	F	C		ca_YF	True		False	False	no_structure											
2921857	662	Y	D	vus		False		False	False	no_structure											
2921976	358	C	S	pathogenic		False		True	False	no_structure											
2921989	1839	Y	S	vus		False		False	False	no_structure											
2922003	102	C	W			False		True	False	no_structure											
2922104	1900	C	R			False		True	False	no_structure											
2922109	669	Q	P			False		False	False	no_structure											
2923843	2377	I	V			False		False	False	no_structure											
2925322	1076	I	T			False	False	False	True	ok	1LMJ	0.408	0.203	0.389	0.39	0.07	0.018	0.0	False	-0.003	0.006
2925531	2509	C	Y			False		True	False	no_structure											
2925534	2307	C	R			False		True	False	no_structure											
2925535	2273	M	V			False		False	False	no_structure											
2925543	1895	C	Y			False		True	False	no_structure											
2925544	1860	C	R			False		True	False	no_structure											
2925545	1832	R	C			False		False	False	no_structure											
2925546	1818	C	G			False		True	False	no_structure											
2925547	1780	G	E			False		False	False	no_structure											
2925549	1780	G	R			False		False	False	no_structure											
2925550	1720	C	Y			False		True	False	no_structure											
2925552	1633	C	R			False	False	True	True	ok	1UZJ	4.785	0.414	5.329	4.97	0.101	-0.185	-0.0	False	-0.409	-0.001
2925553	1526	C	S			False	False	True	True	ok	1UZJ	4.531	0.434	5.07	4.509	0.283	0.022	-0.0	False	-0.001	0.003
2925557	1380	C	Y			False		True	False	no_structure											
2925558	1310	G	S			False		False	False	no_structure											
2925566	825	P	S	vus		False	False	False	True	ok	2W86	0.406	0.004	0.397	0.356	0.021	0.05	-0.0	False	-0.004	-0.021
2925567	811	C	R			False	False	True	True	ok	2W86	1.702	0.616	2.091	1.596	0.534	0.106	-0.0	False	-0.853	-1.038
2925568	781	C	W			False		True	False	no_structure											
2925569	781	C	G			False		True	False	no_structure											
2925570	726	E	G	pathogenic	ca_EH	True		False	False	no_structure											
2925572	534	C	G			False		True	False	no_structure											
2925575	499	C	R			False		True	False	no_structure											
2925580	160	C	G			False		True	False	no_structure											
2925582	136	C	F	pathogenic		False		True	False	no_structure											
2925584	111	C	R	pathogenic		False		True	False	no_structure											
2925585	94	C	Y			False		True	False	no_structure											
2925586	85	C	Y	pathogenic		False		True	False	no_structure											
2927084	1234	R	S			False		False	False	no_structure											
2927116	1211	F	S	vus		False		False	False	no_structure											
2927133	2244	M	L			False		False	False	no_structure											
2927218	1687	C	Y			False		True	False	no_structure											
2927219	598	C	R			False		True	False	no_structure											
2927220	377	C	G	pathogenic		False		True	False	no_structure											
2929072	1163	A	T			False		False	False	no_structure											
2930420	2681	I	V			False		False	False	no_structure											
2932163	970	P	R			False		False	False	no_structure											
2932397	1859	I	V			False		False	False	no_structure											
2933632	144	H	Y			False		False	False	no_structure											
2933748	185	P	L	vus		False		False	False	no_structure											
2921308	1319	G	A			False		False	False	no_structure											
2921325	409	I	S			False		False	False	no_structure											
2921339	154	C	Y	pathogenic		False		True	False	no_structure											
2921340	1169	G	R			False		False	False	no_structure											
2921357	1984	C	W			False		True	False	no_structure											
2921441	1734	E	K			False		False	False	no_structure											
2921560	160	C	S			False		True	False	no_structure											
2921706	1200	E	K		ca_EH	True		False	False	no_structure											
2924759	421	P	L	vus		False		False	False	no_structure											
2924888	978	D	G			False		False	False	no_structure											
2924954	2025	A	T			False		False	False	no_structure											
2926585	289	I	V		ca_backbone_1	False		False	False	no_structure											
2926625	724	I	V		ca_backbone_1	False		False	False	no_structure											
2926673	1190	P	T	vus		False		False	False	no_structure											
2926788	1107	M	I	vus		False	False	False	True	ok	1LMJ	0.845	0.041	0.926	0.834	0.008	0.011	-0.0	False	0.0	0.0
2928440	2103	P	L			False		False	False	no_structure											
2928499	66	Y	F			False		False	False	no_structure											
2928617	2373	P	S			False		False	False	no_structure											
2928619	2841	E	V	vus		False		False	False	no_structure											
2928628	1758	D	N			False		False	False	no_structure											
2930174	2280	Y	C			False		False	False	no_structure											
2930190	2801	D	G	vus		False		False	False	no_structure											
2931853	1905	C	F	pathogenic		False		True	False	no_structure											
2931986	2094	D	E			False		False	False	no_structure											
2932018	578	I	V			False		False	False	no_structure											
2933163	2741	I	T			False		False	False	no_structure											
2933369	934	K	R			False	False	False	True	ok	2W86	0.168	0.025	0.158	0.138	0.03	0.03	0.0	False	-0.101	-0.134
2922623	2294	E	K	vus	ca_EH	True		False	False	no_structure											
2922624	1215	S	F	vus	ca_backbone_2	False		False	False	no_structure											
2924353	573	M	V		ca_backbone_1	False		False	False	no_structure											
2924680	1441	G	W	vus		False		False	False	no_structure											
2924726	795	G	E			False		False	False	no_structure											
2926147	1859	I	T			False		False	False	no_structure											
2926374	1629	F	Y		ca_YF	True	False	False	True	ok	1UZJ	0.842	0.012	0.832	0.845	0.025	-0.003	0.0	False	-0.078	-0.078
2928011	1517	F	I			False	False	False	True	ok	1UZJ	4.572	0.03	4.547	4.599	0.054	-0.026	0.0	False	0.191	0.198
2928114	2370	G	D	vus		False		False	False	no_structure											
2929795	766	I	V		ca_backbone_1	False		False	False	no_structure											
2929882	731	P	A	vus		False		False	False	no_structure											
2931516	279	L	V	vus		False		False	False	no_structure											
2934416	2241	D	H	vus		False		False	False	no_structure											
2934476	1809	I	V	vus	ca_backbone_1	False		False	False	no_structure											
2936255	82	V	I	vus		False		False	False	no_structure											
2935651	2765	A	T			False		False	False	no_structure											
2935776	856	T	I			False	False	False	True	ok	2W86	-0.51	0.009	-0.52	-0.548	0.096	0.038	-0.0	False	-0.0	0.0
2935903	2063	A	V			False		False	False	no_structure											
2937530	866	I	N			False	False	False	True	ok	2W86	2.537	0.058	2.528	2.637	0.163	-0.1	-0.0	False	0.0	0.003
2937682	1434	G	C			False		False	False	no_structure											
2941083	1219	Y	S		ca_YF	True		False	False	no_structure											
2941113	1583	S	Y			False	False	False	True	ok	1UZJ	-0.872	0.127	-0.976	-0.904	0.152	0.032	-0.0	False	0.017	-0.02
2941263	2528	C	G			False		True	False	no_structure											
2941278	724	I	K		ca_backbone_1	False		False	False	no_structure											
2942703	2541	C	Y			False		True	False	no_structure											
2942893	302	G	D	vus		False		False	False	no_structure											
2942904	2535	C	G			False		True	False	no_structure											
2942964	2622	C	F			False		True	False	no_structure											
2944325	2313	S	I		ca_backbone_3	False		False	False	no_structure											
2944327	2543	N	H		ca_DN_bOH	True		False	False	no_structure											
2944370	711	C	F			False		True	False	no_structure											
2944436	1979	L	P			False		False	False	no_structure											
2944571	2579	H	P			False		False	False	no_structure											
2944575	1206	G	V			False		False	False	no_structure											
2946035	1701	A	F			False		False	False	no_structure											
2946280	2057	R	L			False		False	False	no_structure											
2946282	1241	E	K	pathogenic	ca_EH	True		False	False	no_structure											
2946386	793	P	S			False		False	False	no_structure											
2946404	1754	G	V			False		False	False	no_structure											
2946439	1987	G	C			False		False	False	no_structure											
2947881	2190	C	R			False	False	True	True	ok	1EMN	14.238	3.144	15.915	15.35	2.988	-1.111	-0.0	False	-0.999	-0.991
2947967	142	G	R	vus		False		False	False	no_structure											
2948021	2304	N	T	vus		False		False	False	no_structure											
2948092	1453	P	Q			False		False	False	no_structure											
2948127	127	G	C			False		False	False	no_structure											
2935318	1191	D	G			False		False	False	no_structure											
2935379	865	N	K			False	False	False	True	ok	2W86	-1.005	0.022	-1.017	-1.001	0.027	-0.004	0.0	False	-0.023	-0.008
2935530	1036	P	L			False		False	False	no_structure											
2938795	535	L	V			False		False	False	no_structure											
2940505	2258	C	S			False		True	False	no_structure											
2940605	220	P	S	vus		False		False	False	no_structure											
2940711	2360	K	Q			False		False	False	no_structure											
2940719	616	E	Q		ca_EH	True		False	False	no_structure											
2940818	2112	P	R			False		False	False	no_structure											
2942168	1681	V	A			False		False	False	no_structure											
2942347	1720	C	W			False		True	False	no_structure											
2942427	880	G	A			False	False	False	True	ok	2W86	1.932	0.026	1.961	1.958	0.006	-0.027	-0.0	False	-0.0	0.0
2944070	1715	T	I			False		False	False	no_structure											
2945694	1671	T	P			False		False	False	no_structure											
2945769	353	I	V			False		False	False	no_structure											
2945780	817	I	M			False	False	False	True	ok	2W86	1.025	0.103	0.984	0.96	0.107	0.065	-0.0	False	0.062	0.039
2947372	1044	C	S			False		True	False	no_structure											
2947658	331	V	I	vus		False		False	False	no_structure											
2934911	1601	T	S			False	False	False	True	ok	1UZJ	-0.255	0.025	-0.218	-0.248	0.019	-0.008	-0.0	False	0.0	0.0
2935138	2301	I	F	vus		False		False	False	no_structure											
2935187	715	P	L			False		False	False	no_structure											
2936846	1089	T	A	vus	ca_backbone_2	False	True	False	True	ok	1LMJ	-1.185	0.117	-0.958	-1.726	0.135	0.541	0.0	False	-0.015	0.008
2940169	2623	H	L			False		False	False	no_structure											
2940351	2232	C	G			False		True	False	no_structure											
2941827	1600	I	S			False	False	False	True	ok	1UZJ	0.034	0.03	0.068	0.018	0.023	0.016	-0.0	False	-0.039	-0.031
2941877	2437	I	V			False		False	False	no_structure											
2941933	1132	T	A		ca_backbone_2	False	True	False	True	ok	1LMJ	0.24	0.224	0.404	0.016	0.178	0.224	-0.0	False	0.05	0.076
2942147	1582	T	S			False	False	False	True	ok	1UZJ	0.575	0.319	0.179	0.58	0.33	-0.006	0.0	False	0.0	0.0
2943493	1582	T	A			False	False	False	True	ok	1UZJ	2.528	0.254	2.66	2.402	0.315	0.126	0.0	False	0.0	-0.0
2943561	820	V	A			False	False	False	True	ok	2W86	0.682	0.006	0.684	0.683	0.004	-0.001	-0.0	False	0.004	0.001
2943641	268	S	P		ca_backbone_3	False		False	False	no_structure											
2943709	1310	G	R			False		False	False	no_structure											
2943749	741	N	K	pathogenic	ca_DN_bOH	True		False	False	no_structure											
2945291	2289	C	S			False		True	False	no_structure											
2945312	441	P	T	vus		False		False	False	no_structure											
2945414	901	S	L			False	False	False	True	ok	2W86	-3.078	0.133	-3.332	-3.05	0.134	-0.028	0.0	False	0.0	-0.0
2945534	1812	C	S			False		True	False	no_structure											
2947161	2472	K	R			False		False	False	no_structure											
2947196	2079	S	P			False		False	False	no_structure											
2938113	1710	L	S			False		False	False	no_structure											
2939569	1996	Y	H		ca_YF	True		False	False	no_structure											
2939680	1648	D	G	vus	ca_D1	True		False	False	no_structure											
2939932	310	S	T		ca_backbone_3	False		False	False	no_structure											
2939978	501	G	V	vus		False		False	False	no_structure											
2939989	144	H	Q	vus		False		False	False	no_structure											
2941537	2565	C	R			False		True	False	no_structure											
2941675	494	C	R			False		True	False	no_structure											
2943060	2779	E	A			False		False	False	no_structure											
2943319	369	G	A			False		False	False	no_structure											
2944928	250	C	R			False		True	False	no_structure											
2946713	1679	M	L			False		False	False	no_structure											
2946764	683	C	W			False		True	False	no_structure											
2946781	1073	E	G		ca_EH	True	True	False	True	ok	1LMJ	-2.608	0.057	-2.675	-2.355	0.044	-0.252	-0.0	False	0.165	0.039
2946839	1020	T	K			False		False	False	no_structure											
2946856	29	L	F			False		False	False	no_structure											
2946863	2127	D	H		ca_D1	True	True	False	True	ok	1EMN	1.408	0.031	1.397	1.33	0.012	0.078	-0.0	False	-0.079	-0.325
2948311	2343	V	L	vus		False		False	False	no_structure											
2948442	2169	E	K		ca_EH	True	True	False	True	ok	1EMN	-0.968	0.058	-1.001	-0.8	0.072	-0.167	0.0	False	-0.061	0.068
2949658	2166	D	G		ca_D1	True	True	False	True	ok	1EMN	1.146	0.022	1.134	-0.717	0.132	1.862	2.409	True	2.114	-0.225
2949132	1382	N	Y		ca_DN_bOH	True		False	False	no_structure											
2949216	2579	H	Q			False		False	False	no_structure											
2949259	25	A	S			False		False	False	no_structure											
2950872	1616	L	Q			False	False	False	True	ok	1UZJ	3.811	0.096	3.81	3.796	0.071	0.015	-0.0	False	-0.009	-0.056
2950933	2190	C	G			False	False	True	True	ok	1EMN	1.989	0.021	1.999	1.987	0.024	0.002	0.0	False	0.0	-0.0
2951024	1955	Q	R	vus		False		False	False	no_structure											
2951121	1577	C	R			False	False	True	True	ok	1UZJ	2.166	0.16	2.057	2.122	0.103	0.044	-0.0	False	-0.024	-0.086
2951150	234	G	C	pathogenic		False		False	False	no_structure											
2952527	1249	C	G			False		True	False	no_structure											
2952534	2853	Y	H			False		False	False	no_structure											
2952613	554	H	P			False		False	False	no_structure											
2954373	2533	N	K	vus		False		False	False	no_structure											
2954376	1028	D	A		ca_D1	True		False	False	no_structure											
2954458	150	C	F			False		True	False	no_structure											
2954494	2122	D	G			False		False	False	no_structure											
2948974	2293	N	K		ca_DN2	True		False	False	no_structure											
2950717	2217	C	S			False		True	False	no_structure											
2952078	2028	T	P	vus		False		False	False	no_structure											
2952394	2013	D	G	vus	ca_D1	True		False	False	no_structure											
2953924	1885	D	E			False		False	False	no_structure											
2954013	127	G	V			False		False	False	no_structure											
2954052	2391	P	R	vus		False		False	False	no_structure											
2949920	2787	L	V			False		False	False	no_structure											
2949928	1215	S	P		ca_backbone_2	False		False	False	no_structure											
2949946	1263	C	F			False		True	False	no_structure											
2949990	750	C	F			False		True	False	no_structure											
2949991	1408	C	S			False		True	False	no_structure											
2950251	1420	C	S			False		True	False	no_structure											
2950335	1954	F	L		ca_YF	True		False	False	no_structure											
2951858	1813	Q	H			False		False	False	no_structure											
2951892	1232	D	N			False		False	False	no_structure											
2951903	1107	M	V	vus		False	False	False	True	ok	1LMJ	0.273	0.048	0.283	0.249	0.058	0.023	0.0	False	0.007	-0.008
2951996	602	F	C			False		False	False	no_structure											
2952008	331	V	D			False		False	False	no_structure											
2953543	290	D	Y	vus	ca_DN2	True		False	False	no_structure											
2953575	277	H	L			False		False	False	no_structure											
2953586	1324	N	T		ca_DN2	True		False	False	no_structure											
2953589	119	C	Y	pathogenic		False		True	False	no_structure											
2953644	2590	C	G			False		True	False	no_structure											
2949767	839	D	N			False	False	False	True	ok	2W86	1.135	0.227	1.411	0.967	0.382	0.168	-0.0	False	0.62	0.618
2951340	2498	F	V			False		False	False	no_structure											
2951381	2580	G	D			False		False	False	no_structure											
2951416	2251	C	W			False		True	False	no_structure											
2952959	1509	Y	D		ca_YF	True	False	False	True	ok	1UZJ	4.674	0.062	4.667	4.321	0.059	0.353	0.044	True	1.123	0.763
2953042	2535	C	L			False		True	False	no_structure											
2953174	1820	R	S			False		False	False	no_structure											
2953264	1764	P	S			False		False	False	no_structure											
3024525	2514	G	E	pathogenic		False		False	False	no_structure											
3026664	2623	H	D			False		False	False	no_structure											
3027310	1760	Y	D			False		False	False	no_structure											
3031277	982	C	W			False		True	False	no_structure											
3061450	1111	C	F			False	False	True	True	ok	1LMJ	9.699	0.323	10.008	10.018	0.967	-0.32	0.0	False	-1.324	-1.001
3045685	934	K	N			False	False	False	True	ok	2W86	1.464	0.075	1.449	1.531	0.121	-0.067	0.0	False	0.077	0.085
3047165	2760	K	M	vus		False		False	False	no_structure											
3064377	611	C	Y			False		True	False	no_structure											
3065407	2380	F	L			False		False	False	no_structure											
3065809	2406	C	S			False		True	False	no_structure											
3065823	1167	P	H			False		False	False	no_structure											
3065897	1903	G	V			False		False	False	no_structure											
3066037	275	A	P			False		False	False	no_structure											
3066266	1874	C	R			False		True	False	no_structure											
3067642	1104	G	E			False	False	False	True	ok	1LMJ	2.711	1.172	4.98	2.56	0.93	0.151	0.0	False	0.354	0.356
3067685	1762	G	D			False		False	False	no_structure											
3067747	1432	D	H			False		False	False	no_structure											
3068020	716	G	R			False		False	False	no_structure											
3068183	1939	G	W			False		False	False	no_structure											
3068333	271	C	S			False		True	False	no_structure											
3068674	2336	E	V	vus		False		False	False	no_structure											
3068780	862	C	S			False	False	True	True	ok	2W86	4.371	0.094	4.379	4.498	0.185	-0.127	-0.0	False	-0.0	0.0
3068807	39	A	T			False		False	False	no_structure											
3070990	2227	S	L		ca_backbone_3	False		False	False	no_structure											
3071009	207	T	M	vus		False		False	False	no_structure											
3071081	1258	P	L			False		False	False	no_structure											
3071097	1937	G	R			False		False	False	no_structure											
3071127	316	P	L			False		False	False	no_structure											
3071190	591	D	E			False		False	False	no_structure											
3071329	691	A	T			False		False	False	no_structure											
3071378	1230	M	I	vus		False		False	False	no_structure											
3072715	856	T	S			False	False	False	True	ok	2W86	1.359	0.017	1.35	1.363	0.018	-0.004	-0.0	False	-0.0	0.0
3072736	99	M	V	vus		False		False	False	no_structure											
3072739	614	I	T	vus	ca_backbone_1	False		False	False	no_structure											
3072775	2445	L	P		ca_backbone_1	False		False	False	no_structure											
3072797	600	P	S			False		False	False	no_structure											
3072799	1608	D	V		ca_DN2	True	False	False	True	ok	1UZJ	0.079	0.07	0.048	0.003	0.122	0.076	0.013	True	-0.786	-0.494
3072829	1369	N	K	vus		False		False	False	no_structure											
3072880	1608	D	N	vus	ca_DN2	True	False	False	True	ok	1UZJ	-0.024	0.081	0.021	-0.348	0.189	0.324	0.022	True	-0.723	-0.524
3072906	2121	P	H			False		False	False	no_structure											
3072921	161	V	A			False		False	False	no_structure											
3072949	1495	T	I			False	False	False	True	ok	1UZJ	1.096	0.115	1.144	1.163	0.03	-0.067	-0.0	False	0.005	0.0
3072974	381	A	T			False		False	False	no_structure											
3073048	1531	S	P			False	False	False	True	ok	1UZJ	1.831	0.013	1.838	1.831	0.014	0.0	0.0	False	0.005	0.005
3073065	2384	V	M			False		False	False	no_structure											
3073097	2451	A	V			False		False	False	no_structure											
3073120	1474	I	T			False		False	False	no_structure											
3073132	2544	T	A	vus	ca_backbone_2	False		False	False	no_structure											
3074457	15	V	L			False		False	False	no_structure											
3074501	528	C	S			False		True	False	no_structure											
3074536	124	M	T			False		False	False	no_structure											
3074559	2158	I	S	vus		False	False	False	True	ok	1EMN	-1.371	0.016	-1.348	-1.385	0.019	0.014	0.0	False	0.0	-0.0
3074563	619	T	I			False		False	False	no_structure											
3074610	2435	P	A			False		False	False	no_structure											
3074645	2235	G	E	vus		False		False	False	no_structure											
3074677	931	G	R	vus		False	False	False	True	ok	2W86	4.197	0.063	4.106	4.182	0.077	0.015	-0.0	False	-0.11	-0.13
3074721	2510	K	T	vus		False		False	False	no_structure											
3074860	1739	P	S			False		False	False	no_structure											
3074868	372	V	I			False		False	False	no_structure											
3069210	2450	Q	R			False		False	False	no_structure											
3069213	632	D	G	vus		False		False	False	no_structure											
3069361	49	G	V			False		False	False	no_structure											
3069379	1815	G	D	vus		False		False	False	no_structure											
3069389	605	A	S			False		False	False	no_structure											
3069409	2559	D	N			False		False	False	no_structure											
3069426	2859	G	S	vus		False		False	False	no_structure											
3069447	1794	P	A			False		False	False	no_structure											
3069467	1551	N	I			False	False	False	True	ok	1UZJ	0.797	0.0	0.798	0.797	0.001	0.0	0.0	False	-0.095	-0.095
3069469	128	S	R			False		False	False	no_structure											
3069489	858	I	V			False	False	False	True	ok	2W86	0.408	0.064	0.354	0.388	0.048	0.02	0.0	False	0.0	-0.0
3069584	777	D	H	vus		False		False	False	no_structure											
3070523	2505	G	D			False		False	False	no_structure											
3070596	2409	I	V	vus		False		False	False	no_structure											
3070600	2679	F	L	vus		False		False	False	no_structure											
3070629	392	P	T			False		False	False	no_structure											
3070691	2417	E	D			False		False	False	no_structure											
3070734	1405	L	I		ca_backbone_1	False		False	False	no_structure											
3070789	722	S	R			False		False	False	no_structure											
3070839	1302	S	L	vus	ca_backbone_3	False		False	False	no_structure											
3070841	1554	G	E			False	False	False	True	ok	1UZJ	16.744	0.508	16.814	16.509	1.546	0.235	-0.0	False	0.975	0.879
3070916	861	R	G			False	False	False	True	ok	2W86	1.287	0.034	1.34	1.29	0.031	-0.003	-0.0	False	0.44	0.443
3070917	146	G	E	vus		False		False	False	no_structure											
3070949	886	P	R			False	False	False	True	ok	2W86	1.508	0.124	1.478	1.445	0.109	0.062	0.0	False	0.002	0.006
3072287	1165	L	P			False		False	False	no_structure											
3072308	1035	I	V			False		False	False	no_structure											
3072439	1397	G	A	vus		False		False	False	no_structure											
3072515	2848	K	E	vus		False		False	False	no_structure											
3072638	998	M	T			False		False	False	no_structure											
3072642	584	N	K			False		False	False	no_structure											
3072654	1747	L	I			False		False	False	no_structure											
3072679	2327	N	S	vus		False		False	False	no_structure											
3074010	1075	R	S			False	False	False	True	ok	1LMJ	0.211	0.034	0.164	0.66	0.038	-0.449	0.0	False	0.604	0.79
3074011	912	D	H		ca_DN2	True	False	False	True	ok	2W86	0.812	0.119	0.744	0.669	0.227	0.143	-0.111	True	-1.743	-1.369
3074183	1293	S	N			False		False	False	no_structure											
3074209	121	I	V			False		False	False	no_structure											
3074261	2369	R	T			False		False	False	no_structure											
3074329	2347	M	I			False		False	False	no_structure											
3074340	1322	D	E	vus	ca_D1	True		False	False	no_structure											
3074342	1481	S	N			False		False	False	no_structure											
3074354	1950	T	A		ca_backbone_2	False		False	False	no_structure											
3074374	2220	R	L	vus		False		False	False	no_structure											
3074390	995	E	K			False		False	False	no_structure											
3070134	1190	P	H			False		False	False	no_structure											
3070139	2275	I	V	vus		False		False	False	no_structure											
3070143	2788	T	R			False		False	False	no_structure											
3070151	98	N	S			False		False	False	no_structure											
3070180	932	S	L	vus	ca_backbone_3	False	True	False	True	ok	2W86	1.141	0.041	1.222	1.126	0.048	0.015	0.0	False	-0.008	0.012
3070189	764	V	A			False		False	False	no_structure											
3070192	2791	N	S			False		False	False	no_structure											
3070208	246	D	V		ca_D1	True		False	False	no_structure											
3070215	2628	S	N	vus	ca_backbone_3	False		False	False	no_structure											
3070231	8	E	D			False		False	False	no_structure											
3070377	1285	D	H			False		False	False	no_structure											
3070390	2614	A	G			False		False	False	no_structure											
3070406	1951	V	A			False		False	False	no_structure											
3070471	277	H	Q			False		False	False	no_structure											
3070481	54	K	Q			False		False	False	no_structure											
3070488	47	G	D	vus		False		False	False	no_structure											
3070506	2494	H	Y			False		False	False	no_structure											
3071836	2354	N	S	vus		False		False	False	no_structure											
3071952	86	R	W			False		False	False	no_structure											
3071965	357	Q	L	vus		False		False	False	no_structure											
3072036	784	T	S	vus	ca_backbone_2	False		False	False	no_structure											
3072126	268	S	A		ca_backbone_3	False		False	False	no_structure											
3072157	2417	E	K			False		False	False	no_structure											
3072215	276	G	E			False		False	False	no_structure											
3072236	531	I	S		ca_backbone_1	False		False	False	no_structure											
3072260	2599	H	Q			False		False	False	no_structure											
3073585	755	E	K			False		False	False	no_structure											
3073606	1181	A	V			False		False	False	no_structure											
3073616	1154	I	V	vus		False	False	False	True	ok	1LMJ	0.507	0.0	0.507	0.507	0.0	0.0	0.0	False	-0.001	-0.001
3073681	2598	Q	P			False		False	False	no_structure											
3073708	1966	P	A			False		False	False	no_structure											
3073724	2529	T	N			False		False	False	no_structure											
3073769	39	A	G			False		False	False	no_structure											
3073778	2553	Q	L			False		False	False	no_structure											
3073823	895	I	L			False	False	False	True	ok	2W86	0.214	0.1	0.294	0.196	0.109	0.017	0.0	False	0.006	-0.006
3073824	325	G	A	vus		False		False	False	no_structure											
3073825	2417	E	G			False		False	False	no_structure											
3073830	1929	I	T			False		False	False	no_structure											
3073835	860	G	E			False	False	False	True	ok	2W86	-0.106	0.017	-0.104	-0.108	0.014	0.003	0.0	False	-0.037	-0.031
3073864	239	I	S			False		False	False	no_structure											
3073867	2419	V	I			False		False	False	no_structure											
3073908	934	K	N			False	False	False	True	ok	2W86	1.471	0.14	1.386	1.513	0.119	-0.041	0.0	False	0.08	0.088
3073909	976	R	L			False		False	False	no_structure											
3073954	2290	V	I			False		False	False	no_structure											
3073966	2712	P	S			False		False	False	no_structure											
3073974	2172	V	A			False	False	False	True	ok	1EMN	-0.171	0.0	-0.171	-0.16	0.0	-0.011	0.0	False	0.0	0.0
3073978	713	S	G	vus		False		False	False	no_structure											
3073984	1843	S	F			False		False	False	no_structure											
3075326	2312	G	R			False		False	False	no_structure											
3075336	2492	K	R	vus		False		False	False	no_structure											
3075365	1841	F	L			False		False	False	no_structure											
3075377	496	K	E			False		False	False	no_structure											
3075456	502	G	R			False		False	False	no_structure											
3075457	2329	D	N			False		False	False	no_structure											
3075459	2714	A	P			False		False	False	no_structure											
3075471	2244	M	I	vus		False		False	False	no_structure											
3075496	63	Y	H			False		False	False	no_structure											
3069687	60	G	E			False		False	False	no_structure											
3069692	1372	H	Y			False		False	False	no_structure											
3069693	1730	N	S			False		False	False	no_structure											
3069737	2609	N	D		ca_DN2	True		False	False	no_structure											
3069744	2768	I	T			False		False	False	no_structure											
3069750	1317	K	R	vus		False		False	False	no_structure											
3069755	1480	R	T			False		False	False	no_structure											
3069760	1667	V	L			False		False	False	no_structure											
3069777	2257	D	N			False		False	False	no_structure											
3069786	316	P	S	vus		False		False	False	no_structure											
3069796	578	I	M			False		False	False	no_structure											
3069799	2061	C	S			False		True	False	no_structure											
3069804	870	T	A			False	False	False	True	ok	2W86	0.81	0.0	0.81	0.81	0.0	0.0	0.0	False	0.0	0.0
3069871	2779	E	D			False		False	False	no_structure											
3069950	2154	P	L			False	False	False	True	ok	1EMN	1.94	0.001	1.941	1.94	0.001	-0.0	-0.0	False	-0.0	-0.0
3069962	600	P	A			False		False	False	no_structure											
3070008	2387	K	R			False		False	False	no_structure											
3070032	1412	L	Q			False		False	False	no_structure											
3071450	1453	P	R			False		False	False	no_structure											
3071486	1041	H	R			False		False	False	no_structure											
3071534	2049	S	R	vus		False		False	False	no_structure											
3071548	1850	R	L		ca_backbone_1	False		False	False	no_structure											
3071567	660	T	I	vus		False		False	False	no_structure											
3071606	1314	K	R	vus		False		False	False	no_structure											
3071695	669	Q	L			False		False	False	no_structure											
3071720	2692	M	T	vus		False		False	False	no_structure											
3071741	1275	M	T			False		False	False	no_structure											
3071749	1399	G	D			False		False	False	no_structure											
3071754	1190	P	R	vus		False		False	False	no_structure											
3071788	1175	I	M			False		False	False	no_structure											
3071789	307	T	R		ca_backbone_2	False		False	False	no_structure											
3073182	1247	N	S	vus		False		False	False	no_structure											
3073186	1092	D	N		ca_backbone_3	False	False	False	True	ok	1LMJ	0.324	0.072	0.307	0.296	0.09	0.029	0.0	False	-0.134	-0.184
3073231	1029	I	V	vus	ca_backbone_1	False		False	False	no_structure											
3073267	1939	G	E			False		False	False	no_structure											
3073293	581	M	I			False		False	False	no_structure											
3073335	989	G	A			False		False	False	no_structure											
3073476	701	A	G			False		False	False	no_structure											
3073516	902	R	G	vus		False	False	False	True	ok	2W86	6.73	0.026	6.724	6.673	0.115	0.057	-0.0	False	1.738	1.73
3073567	2391	P	S			False		False	False	no_structure											
3074945	39	A	D			False		False	False	no_structure											
3074967	269	F	L		ca_YF	True		False	False	no_structure											
3074975	2058	M	T			False		False	False	no_structure											
3075000	2311	R	C			False		False	False	no_structure											
3075005	2436	D	N	vus		False		False	False	no_structure											
3075006	492	D	N		ca_DN2	True		False	False	no_structure											
3075011	2037	K	T			False		False	False	no_structure											
3075047	2855	S	I			False		False	False	no_structure											
3075108	330	D	G	vus		False		False	False	no_structure											
3075140	1150	I	M	vus		False	False	False	True	ok	1LMJ	-0.488	0.013	-0.5	-0.494	0.004	0.006	0.0	False	0.0	0.0
3075148	406	L	I			False		False	False	no_structure											
3075193	1878	T	I			False		False	False	no_structure											
3075210	408	P	S			False		False	False	no_structure											
3075228	485	R	H	vus		False		False	False	no_structure											
3075232	1560	A	P	vus		False	False	False	True	ok	1UZJ	0.131	0.003	0.129	0.135	0.004	-0.004	0.0	False	-0.036	-0.036
3075234	2735	E	Q			False		False	False	no_structure											
3075284	266	V	F	vus		False		False	False	no_structure											
3075766	1431	C	R			False		True	False	no_structure											
3230427	262	C	F			False		True	False	no_structure											
3230410	810	E	G		ca_EH	True	True	False	True	ok	2W86	1.461	0.055	1.483	1.677	0.034	-0.217	-0.0	False	0.025	0.01
3230414	1288	P	S			False		False	False	no_structure											
3230417	1444	C	F			False		True	False	no_structure											
3234950	2130	E	A		ca_EH	True	True	False	True	ok	1EMN	-1.222	0.009	-1.22	-1.242	0.034	0.02	0.0	False	-0.032	-0.179
3236095	2148	S	P		ca_backbone_3	False	False	False	True	ok	1EMN	2.936	0.008	2.932	3.017	0.013	-0.08	0.0	False	-0.005	-0.002
3236368	171	G	E			False		False	False	no_structure											
3237352	2013	D	N		ca_D1	True		False	False	no_structure											
3237522	2448	C	Y	pathogenic		False		True	False	no_structure											
3238852	1036	P	R			False		False	False	no_structure											
3242462	224	C	F			False		True	False	no_structure											
3251279	2052	R	T	vus		False		False	False	no_structure											
3251624	2691	G	D			False		False	False	no_structure											
3251805	2107	F	S	vus		False		False	False	no_structure											
3253127	2406	C	S			False		True	False	no_structure											
3254610	1086	C	S			False	False	True	True	ok	1LMJ	0.924	0.043	0.9	0.931	0.047	-0.007	0.0	False	0.0	0.0
3255130	767	N	Y		ca_DN2	True		False	False	no_structure											
3256597	741	N	K		ca_DN_bOH	True		False	False	no_structure											
3256965	2308	L	F	vus		False		False	False	no_structure											
3277940	2517	Q	R			False		False	False	no_structure											
3277943	1252	G	V	vus		False		False	False	no_structure											
3277945	479	G	R			False		False	False	no_structure											
3277955	1521	P	A	vus		False	False	False	True	ok	1UZJ	1.539	0.062	1.569	1.543	0.059	-0.003	-0.0	False	0.0	0.0
3277956	2644	G	R			False		False	False	no_structure											
3336387	1483	G	A	vus		False		False	False	no_structure											
3337098	2372	G	D	vus		False		False	False	no_structure											
3337101	821	C	S			False	False	True	True	ok	2W86	4.415	0.015	4.407	4.487	0.011	-0.072	-0.0	False	-0.021	0.005
3338879	1404	D	Y		ca_D1	True		False	False	no_structure											
3340207	754	Y	H	vus		False		False	False	no_structure											
3340335	1261	Y	N		ca_YF	True		False	False	no_structure											
3340395	1832	R	P			False		False	False	no_structure											
3340775	176	Q	R			False		False	False	no_structure											
3340917	1458	F	L			False		False	False	no_structure											
3341053	1687	C	S			False		True	False	no_structure											
3343596	1179	Q	K	vus		False		False	False	no_structure											
3347020	322	S	F			False		False	False	no_structure											
3346435	1950	T	I		ca_backbone_2	False		False	False	no_structure											
3347426	293	S	C			False		False	False	no_structure											
3362265	221	C	R			False		True	False	no_structure											
3362270	1408	C	F			False		True	False	no_structure											
3362686	2038	C	W			False		True	False	no_structure											
3363725	1137	R	G			False	False	False	True	ok	1LMJ	2.224	0.017	2.212	2.078	0.025	0.146	-0.0	False	0.029	0.392
3364149	953	I	V			False		False	False	no_structure											
3365054	266	V	A			False		False	False	no_structure											
3365104	294	T	I	vus		False		False	False	no_structure											
3365532	733	I	V			False		False	False	no_structure											
3366271	2080	K	T			False		False	False	no_structure											
3366301	1252	G	S			False		False	False	no_structure											
3366453	2513	P	R			False		False	False	no_structure											
3366517	2563	S	F	vus		False		False	False	no_structure											
3369313	551	G	D	vus		False		False	False	no_structure											
3369611	1282	N	K		ca_DN2	True		False	False	no_structure											
3369794	1816	P	R			False		False	False	no_structure											
3369921	333	P	R			False		False	False	no_structure											
3371051	793	P	L			False		False	False	no_structure											
3371339	1691	R	T			False		False	False	no_structure											
3371966	2653	G	S			False		False	False	no_structure											
3373223	826	G	A			False	False	False	True	ok	2W86	3.133	0.0	3.133	3.239	0.0	-0.106	0.0	False	0.033	0.001
3375611	1493	D	N			False	False	False	True	ok	1UZJ	0.36	0.2	0.239	0.436	0.163	-0.076	-0.0	False	-0.104	-0.108
3375811	262	C	W			False		True	False	no_structure											
3376406	2153	C	Y	pathogenic		False	False	True	True	ok	1EMN	0.005	0.301	0.493	0.482	0.467	-0.477	0.0	False	0.0	-0.0
3376563	896	C	F			False	False	True	True	ok	2W86	27.743	0.55	28.787	27.38	0.736	0.363	-0.0	False	-0.551	-0.56
3376597	877	S	Y			False	False	False	True	ok	2W86	-2.083	0.192	-2.273	-2.156	0.122	0.073	-0.0	False	-0.333	-0.351
3376649	908	C	W			False	False	True	True	ok	2W86	3.328	0.2	3.177	3.407	0.164	-0.079	-0.0	False	0.235	0.375
3376889	1583	S	F			False	False	False	True	ok	1UZJ	-1.025	0.125	-1.126	-1.218	0.126	0.193	-0.0	False	-0.002	0.032
3381480	119	C	G	pathogenic		False		True	False	no_structure											
3381735	1503	V	L			False	False	False	True	ok	1UZJ	-0.193	0.07	-0.12	-0.177	0.075	-0.016	-0.0	False	-0.001	-0.0
3382176	2442	C	W			False		True	False	no_structure											
3382285	1919	G	D			False		False	False	no_structure											
3382365	1310	G	D	pathogenic		False		False	False	no_structure											
3383081	1333	C	G			False		True	False	no_structure											
3383131	1513	C	S			False	False	True	True	ok	1UZJ	3.876	0.012	3.896	3.868	0.003	0.008	-0.0	False	-0.0	-0.0
3384911	1845	G	E	vus		False		False	False	no_structure											
3385056	1486	T	A	vus		False	False	False	True	ok	1UZJ	0.17	0.0	0.17	0.098	0.001	0.071	0.0	False	0.0	0.0
3386742	2815	L	F			False		False	False	no_structure											
3386743	2775	V	L			False		False	False	no_structure											
3386744	2773	N	K			False		False	False	no_structure											
3386746	2758	V	I			False		False	False	no_structure											
3386747	2755	S	C			False		False	False	no_structure											
3386748	2690	M	I			False		False	False	no_structure											
3386749	2668	G	S			False		False	False	no_structure											
3386750	2658	P	S			False		False	False	no_structure											
3386751	2657	A	S			False		False	False	no_structure											
3386753	2616	I	N			False		False	False	no_structure											
3386754	2568	V	L		ca_backbone_1	False		False	False	no_structure											
3386757	2492	K	N			False		False	False	no_structure											
3386758	2454	P	S			False		False	False	no_structure											
3386760	2398	T	S			False		False	False	no_structure											
3386761	2373	P	L	vus		False		False	False	no_structure											
3386762	2340	F	L			False		False	False	no_structure											
3386763	2323	T	I			False		False	False	no_structure											
3386765	2300	G	E			False		False	False	no_structure											
3386766	2234	V	L			False		False	False	no_structure											
3386767	2212	Q	R			False		False	False	no_structure											
3386769	2180	T	N			False	False	False	True	ok	1EMN	0.33	0.012	0.351	0.332	0.029	-0.003	0.0	False	0.0	0.0
3386770	2158	I	V			False	False	False	True	ok	1EMN	0.315	0.005	0.322	0.333	0.015	-0.018	-0.0	False	-0.0	0.0
3386773	2116	G	R			False		False	False	no_structure											
3386774	2104	D	G			False		False	False	no_structure											
3386775	2076	R	K			False		False	False	no_structure											
3386776	2056	L	S			False		False	False	no_structure											
3386777	2008	N	K			False		False	False	no_structure											
3386779	1911	S	F		ca_backbone_3	False		False	False	no_structure											
3386783	1845	G	A			False		False	False	no_structure											
3386784	1822	A	G			False		False	False	no_structure											
3386785	1816	P	L			False		False	False	no_structure											
3386787	1741	T	I	vus		False		False	False	no_structure											
3386789	1701	A	D			False		False	False	no_structure											
3386790	1698	N	D	vus		False		False	False	no_structure											
3386791	1544	N	S			False	False	False	True	ok	1UZJ	0.268	0.027	0.265	0.269	0.038	-0.001	-0.0	False	-0.012	-0.012
3386795	1503	V	A	vus		False	False	False	True	ok	1UZJ	1.138	0.0	1.138	1.117	0.0	0.021	0.0	False	0.0	0.0
3386797	1478	L	P			False		False	False	no_structure											
3386798	1474	I	V			False		False	False	no_structure											
3386799	1471	E	Q			False		False	False	no_structure											
3386801	1414	L	F	vus		False		False	False	no_structure											
3386802	1399	G	R			False		False	False	no_structure											
3386803	1376	Q	H			False		False	False	no_structure											
3386805	1372	H	R	vus		False		False	False	no_structure											
3386806	1369	N	D	vus		False		False	False	no_structure											
3386807	1365	D	N		ca_DN2	True		False	False	no_structure											
3386808	1357	D	V			False		False	False	no_structure											
3386809	1355	I	T			False		False	False	no_structure											
3386810	1355	I	N			False		False	False	no_structure											
3386811	1321	T	A			False		False	False	no_structure											
3386812	1209	E	G			False		False	False	no_structure											
3386813	1207	G	A			False		False	False	no_structure											
3386814	1190	P	A			False		False	False	no_structure											
3386815	1156	I	N		ca_backbone_1	False		False	False	no_structure											
3386816	1149	N	T	vus		False	False	False	True	ok	1LMJ	1.191	0.001	1.191	1.184	0.001	0.007	0.0	False	0.0	0.0
3386817	1128	V	I			False	False	False	True	ok	1LMJ	-0.501	0.013	-0.525	-0.45	0.014	-0.05	-0.0	False	-0.004	-0.003
3386820	1069	T	I	vus		False	False	False	True	ok	1LMJ	-0.089	0.023	-0.064	0.084	0.122	-0.172	0.0	False	-0.014	-0.001
3386821	1057	S	N	vus		False		False	False	no_structure											
3386825	998	M	I			False		False	False	no_structure											
3386826	994	E	A			False		False	False	no_structure											
3386828	951	L	V			False	False	False	True	ok	2W86	0.531	0.024	0.509	0.538	0.023	-0.007	0.0	False	0.007	0.007
3386829	949	I	T			False	False	False	True	ok	2W86	0.57	0.497	0.543	0.392	0.108	0.178	-0.0	False	0.063	0.09
3386831	939	S	G			False	False	False	True	ok	2W86	0.151	0.0	0.151	0.151	0.0	0.0	0.0	False	-0.0	0.0
3386832	911	I	T	vus	ca_backbone_1	False	True	False	True	ok	2W86	2.333	0.001	2.334	2.341	0.001	-0.008	-0.0	False	-0.001	0.0
3386835	872	K	R			False	False	False	True	ok	2W86	-0.425	0.249	-0.289	-0.355	0.18	-0.07	-0.0	False	-0.961	-1.335
3386836	869	A	D			False	False	False	True	ok	2W86	-0.057	0.029	-0.092	-0.04	0.024	-0.017	0.0	False	-0.059	-0.057
3386837	863	E	A	vus		False	False	False	True	ok	2W86	1.24	0.038	1.285	1.22	0.012	0.019	0.0	False	0.171	0.173
3386839	820	V	I			False	False	False	True	ok	2W86	-0.119	0.006	-0.117	-0.119	0.006	-0.0	0.0	False	0.0	0.0
3386840	751	N	H	vus		False		False	False	no_structure											
3386842	713	S	N			False		False	False	no_structure											
3386844	671	I	L			False		False	False	no_structure											
3386845	573	M	I		ca_backbone_1	False		False	False	no_structure											
3386846	560	G	A			False		False	False	no_structure											
3386850	501	G	C			False		False	False	no_structure											
3386852	468	T	I	vus		False		False	False	no_structure											
3386853	456	V	I			False		False	False	no_structure											
3386855	423	P	L	vus		False		False	False	no_structure											
3386856	410	P	L			False		False	False	no_structure											
3386859	339	A	P			False		False	False	no_structure											
3386860	338	T	R			False		False	False	no_structure											
3386863	290	D	V	vus	ca_DN2	True		False	False	no_structure											
3386865	214	G	C			False		False	False	no_structure											
3386866	161	V	M			False		False	False	no_structure											
3386867	114	R	I			False		False	False	no_structure											
3386869	69	P	R			False		False	False	no_structure											
3389815	663	G	D			False		False	False	no_structure											
3390574	191	S	G	vus		False		False	False	no_structure											
3390654	937	C	G			False	False	True	True	ok	2W86	3.454	0.265	3.226	3.419	0.21	0.035	-0.0	False	-0.003	-0.003
3390980	937	C	F			False	False	True	True	ok	2W86	5.19	0.427	4.568	5.261	0.399	-0.071	-0.0	False	-0.001	-0.001
3392568	2778	L	P			False		False	False	no_structure											
3393650	223	M	V			False		False	False	no_structure											
3513517	534	C	R			False		True	False	no_structure											
3513518	1175	I	T			False		False	False	no_structure											
3513520	1265	C	G			False		True	False	no_structure											
3513521	1806	C	S			False		True	False	no_structure											
3513526	2069	K	R	vus		False		False	False	no_structure											
3513531	2527	E	K	vus	ca_EH	True		False	False	no_structure											
3513532	1879	G	S			False		False	False	no_structure											
3513534	2530	S	A			False		False	False	no_structure											
3513536	1569	A	T			False	False	False	True	ok	1UZJ	4.177	1.499	3.543	4.189	1.509	-0.012	0.0	False	0.001	-0.003
3513538	2846	E	V			False		False	False	no_structure											
3513547	2231	K	R			False		False	False	no_structure											
3513548	594	F	L		ca_YF	True		False	False	no_structure											
3513579	1226	G	R			False		False	False	no_structure											
3513580	2576	R	G			False		False	False	no_structure											
3513581	1303	F	C		ca_YF	True		False	False	no_structure											
3572463	1733	C	F			False		True	False	no_structure											
3572773	402	P	S			False		False	False	no_structure											
3572939	2677	G	C			False		False	False	no_structure											
3573861	1393	E	V			False		False	False	no_structure											
3573906	1655	P	S			False		False	False	no_structure											
3600233	848	T	A			False	False	False	True	ok	2W86	0.312	0.022	0.305	0.281	0.028	0.031	-0.0	False	0.001	0.002
3600234	876	C	S			False	False	True	True	ok	2W86	0.058	0.002	0.059	0.056	0.001	0.002	0.0	False	0.004	0.004
3600235	1127	G	C			False	False	False	True	ok	1LMJ	10.042	0.602	10.515	10.514	0.044	-0.472	-0.0	False	-0.084	-0.0
3600236	1217	G	V			False		False	False	no_structure											
3600237	57	N	I			False		False	False	no_structure											
3600238	1298	N	H		ca_DN_bOH	True		False	False	no_structure											
3600239	1449	E	K		ca_EH	True		False	False	no_structure											
3600240	1463	N	T		ca_DN_bOH	True		False	False	no_structure											
3600242	1661	G	E			False		False	False	no_structure											
3600244	1808	D	N		ca_D1	True		False	False	no_structure											
3600245	1879	G	V			False		False	False	no_structure											
3600246	1919	G	V			False		False	False	no_structure											
3600247	2031	N	I		ca_DN_bOH	True		False	False	no_structure											
3600248	154	C	R			False		True	False	no_structure											
3600249	2111	C	F			False		True	False	no_structure											
3600250	2130	E	V		ca_EH	True	True	False	True	ok	1EMN	1.782	0.037	1.72	1.702	0.022	0.08	0.0	False	-0.112	-0.165
3600251	2164	C	R			False	False	True	True	ok	1EMN	13.383	1.513	14.447	12.415	1.036	0.969	0.0	False	-0.458	-0.51
3600252	2223	N	K		ca_DN_bOH	True		False	False	no_structure											
3600253	2235	G	V			False		False	False	no_structure											
3600254	515	C	G			False		True	False	no_structure											
3600255	2339	C	G			False		True	False	no_structure											
3600256	2427	C	G			False		True	False	no_structure											
3600257	2544	T	P		ca_backbone_2	False		False	False	no_structure											
3600258	2549	T	P			False		False	False	no_structure											
3600260	2607	D	V		ca_D1	True		False	False	no_structure											
3600261	2674	C	S			False		True	False	no_structure											
3600262	2718	C	G			False		True	False	no_structure											
3600266	603	Q	P			False		False	False	no_structure											
3600267	835	E	V			False	False	False	True	ok	2W86	-0.317	0.139	-0.486	-0.391	0.139	0.074	-0.0	False	0.278	0.244
3600505	1326	C	W			False		True	False	no_structure											
3600760	1725	I	T			False		False	False	no_structure											
3602745	1865	C	G			False		True	False	no_structure											
3603137	629	V	F			False		False	False	no_structure											
3629605	2518	H	Q	vus		False		False	False	no_structure											
3730842	1860	C	F			False		True	False	no_structure											
3747905	651	V	A			False		False	False	no_structure											
3748169	675	F	L			False		False	False	no_structure											
3751440	1515	P	R			False	False	False	True	ok	1UZJ	1.221	0.429	0.603	1.389	0.284	-0.168	-0.0	False	-1.102	-1.148
3751467	2244	M	V			False		False	False	no_structure											
3751643	305	T	I			False		False	False	no_structure											
3751651	1610	C	Y			False	False	True	True	ok	1UZJ	4.251	0.075	4.259	4.201	0.052	0.05	-0.0	False	0.031	0.074
3751676	900	Y	C			False	False	False	True	ok	2W86	1.424	0.084	1.278	1.289	0.047	0.135	-0.0	False	-0.282	-0.112
3753278	2275	I	F			False		False	False	no_structure											
3753286	327	R	S			False		False	False	no_structure											
3753362	2620	A	T			False		False	False	no_structure											
3753398	2698	E	D			False		False	False	no_structure											
3756857	1974	I	V	vus	ca_backbone_1	False		False	False	no_structure											
3758241	514	Q	H			False		False	False	no_structure											
3758449	37	T	S			False		False	False	no_structure											
3749198	1148	P	L			False	False	False	True	ok	1LMJ	0.676	0.013	0.664	0.679	0.02	-0.003	-0.0	False	-0.0	0.0
3749422	846	I	V	vus		False	False	False	True	ok	2W86	0.734	0.001	0.734	0.732	0.002	0.002	0.0	False	0.015	0.015
3751311	2279	G	A			False		False	False	no_structure											
3752616	2434	T	S			False		False	False	no_structure											
3752796	2073	P	S			False		False	False	no_structure											
3756045	2524	D	G		ca_D1	True		False	False	no_structure											
3757940	617	C	L			False		True	False	no_structure											
3758152	666	K	E	vus		False		False	False	no_structure											
3759271	2365	C	R			False		True	False	no_structure											
3759273	2136	V	D			False	False	False	True	ok	1EMN	0.447	0.152	0.585	0.346	0.084	0.101	0.0	False	0.948	0.882
3759275	1928	C	S			False		True	False	no_structure											
3759277	1827	T	P		ca_backbone_2	False		False	False	no_structure											
3759278	1820	R	C			False		False	False	no_structure											
3759281	1631	C	G			False	False	True	True	ok	1UZJ	5.664	0.022	5.643	5.672	0.016	-0.007	0.0	False	0.018	0.009
3759283	1470	C	R			False		True	False	no_structure											
3759285	1389	C	R			False		True	False	no_structure											
3759288	1254	C	R			False		True	False	no_structure											
3759290	1173	N	K		ca_DN_bOH	True		False	False	no_structure											
3759293	1031	E	D		ca_EH	True		False	False	no_structure											
3759300	181	Y	C			False		False	False	no_structure											
3759302	176	Q	P			False		False	False	no_structure											
3760796	2030	S	G			False		False	False	no_structure											
3760859	2553	Q	R			False		False	False	no_structure											
3760923	1234	R	K			False		False	False	no_structure											
3760955	1006	E	G			False		False	False	no_structure											
3761040	2688	S	C			False		False	False	no_structure											
3761082	879	L	R			False	False	False	True	ok	2W86	2.726	0.468	2.711	2.459	0.359	0.267	-0.0	False	-0.584	-0.527
3749062	1606	D	G		ca_D1	True	True	False	True	ok	1UZJ	3.296	0.259	3.402	-0.688	0.381	3.984	1.688	True	0.898	-0.689
3750490	2318	C	F			False		True	False	no_structure											
3750840	940	G	V	vus		False	False	False	True	ok	2W86	4.883	0.004	4.888	4.882	0.005	0.001	0.0	False	-0.0	-0.0
3750882	1776	V	I			False		False	False	no_structure											
3752348	1676	P	T			False		False	False	no_structure											
3752368	2580	G	A			False		False	False	no_structure											
3752500	1323	I	M		ca_backbone_1	False		False	False	no_structure											
3754034	2781	L	P			False		False	False	no_structure											
3754035	2765	A	V			False		False	False	no_structure											
3754036	2677	G	V			False		False	False	no_structure											
3754037	2676	P	R			False		False	False	no_structure											
3754038	2661	Y	D			False		False	False	no_structure											
3754039	2633	C	F			False		True	False	no_structure											
3754040	2509	C	R			False		True	False	no_structure											
3754041	2487	D	Y		ca_DN2	True		False	False	no_structure											
3754042	2442	C	R			False		True	False	no_structure											
3754043	2406	C	W			False		True	False	no_structure											
3754044	2363	C	S	pathogenic		False		True	False	no_structure											
3754045	2348	C	Y	pathogenic		False		True	False	no_structure											
3754046	2331	C	R			False		True	False	no_structure											
3754047	2307	C	W			False		True	False	no_structure											
3754048	2230	C	S			False		True	False	no_structure											
3754049	2208	N	T		ca_DN2	True		False	False	no_structure											
3754050	2177	G	E			False	False	False	True	ok	1EMN	4.24	0.01	4.239	4.234	0.004	0.006	0.0	False	0.166	0.167
3754051	2119	V	L			False		False	False	no_structure											
3754052	2100	P	R	vus		False		False	False	no_structure											
3754053	2097	E	D			False		False	False	no_structure											
3754054	2083	C	Y			False		True	False	no_structure											
3754055	2062	Y	D	vus		False		False	False	no_structure											
3754056	2061	C	Y	pathogenic		False		True	False	no_structure											
3754057	2030	S	C			False		False	False	no_structure											
3754058	2028	T	I			False		False	False	no_structure											
3754059	1958	C	R			False		True	False	no_structure											
3754060	1949	N	S		ca_DN_bOH	True		False	False	no_structure											
3754061	1895	C	W			False		True	False	no_structure											
3754062	1810	D	N		ca_DN2	True		False	False	no_structure											
3754063	1793	C	F			False		True	False	no_structure											
3754064	1747	L	P			False		False	False	no_structure											
3754065	1660	P	A			False		False	False	no_structure											
3754066	1591	G	R			False	False	False	True	ok	1UZJ	-1.274	0.479	-1.452	-1.474	0.269	0.2	-0.085	True	-1.942	-1.427
3754067	1566	L	P			False	False	False	True	ok	1UZJ	2.18	0.016	2.177	1.51	0.372	0.67	0.098	True	0.259	-0.039
3754068	1485	C	S			False		True	False	no_structure											
3754069	1475	G	A			False		False	False	no_structure											
3754070	1470	C	S			False		True	False	no_structure											
3754071	1463	N	K		ca_DN_bOH	True		False	False	no_structure											
3754072	1451	S	P			False		False	False	no_structure											
3754073	1438	S	T			False		False	False	no_structure											
3754074	1418	G	S			False		False	False	no_structure											
3754075	1383	T	S		ca_backbone_2	False		False	False	no_structure											
3754076	1333	C	R			False		True	False	no_structure											
3754077	1296	C	Y			False		True	False	no_structure											
3754078	1193	L	I			False		False	False	no_structure											
3754079	1176	G	E			False		False	False	no_structure											
3754080	1116	E	V		ca_EH	True	True	False	True	ok	1LMJ	3.773	0.446	3.428	1.976	0.169	1.797	2.17	True	1.803	0.473
3754081	1049	G	A			False		False	False	no_structure											
3754082	896	C	S			False	False	True	True	ok	2W86	3.593	0.077	3.511	3.575	0.067	0.018	-0.0	False	0.067	0.075
3754083	891	Q	H			False	False	False	True	ok	2W86	0.306	0.048	0.347	0.313	0.053	-0.007	0.0	False	-0.02	-0.03
3754084	832	C	S			False	False	True	True	ok	2W86	4.218	0.033	4.2	4.19	0.079	0.028	-0.0	False	0.0	-0.0
3754085	825	P	T			False	False	False	True	ok	2W86	0.333	0.016	0.333	0.316	0.015	0.017	-0.0	False	-0.019	0.007
3754086	781	C	F			False		True	False	no_structure											
3754087	646	G	S			False		False	False	no_structure											
3754088	631	T	A		ca_backbone_2	False		False	False	no_structure											
3754089	546	C	G			False		True	False	no_structure											
3754090	471	S	C			False		False	False	no_structure											
3754091	405	P	L			False		False	False	no_structure											
3754092	396	P	T			False		False	False	no_structure											
3754093	299	C	Y	pathogenic		False		True	False	no_structure											
3754094	85	C	S			False		True	False	no_structure											
3754095	67	C	W			False		True	False	no_structure											
3754096	60	G	V			False		False	False	no_structure											
3761663	2721	N	S			False		False	False	no_structure											
3761828	1466	G	A			False		False	False	no_structure											
3748365	1510	I	V			False	False	False	True	ok	1UZJ	0.699	0.002	0.702	0.694	0.002	0.004	0.0	False	0.0	-0.0
3748485	1924	H	Y			False		False	False	no_structure											
3748673	851	G	A	vus		False	False	False	True	ok	2W86	3.482	0.157	3.191	3.442	0.121	0.04	-0.0	False	-0.005	0.006
3750079	919	G	V			False	False	False	True	ok	2W86	5.081	0.001	5.081	5.082	0.001	-0.001	0.0	False	0.0	0.0
3750223	120	N	T			False		False	False	no_structure											
3750421	1685	N	S			False		False	False	no_structure											
3751768	2776	R	L			False		False	False	no_structure											
3751952	103	P	L			False		False	False	no_structure											
3752004	634	S	F		ca_backbone_3	False		False	False	no_structure											
3752082	1411	N	K			False		False	False	no_structure											
3757095	530	D	Y		ca_D1	True		False	False	no_structure											
3758628	989	G	D			False		False	False	no_structure											
3758950	1848	N	S			False		False	False	no_structure											
3760101	2114	G	L			False		False	False	no_structure											
3762527	2705	M	T			False		False	False	no_structure											
3762539	235	F	V			False		False	False	no_structure											
3762700	84	I	V			False		False	False	no_structure											
3762723	2447	E	D		ca_EH	True		False	False	no_structure											
3762297	1373	M	I			False		False	False	no_structure											
3762313	14	T	I			False		False	False	no_structure											
3763910	1324	N	S	vus	ca_DN2	True		False	False	no_structure											
3763945	858	I	T			False	False	False	True	ok	2W86	0.722	0.007	0.733	0.738	0.022	-0.017	0.0	False	-0.0	-0.012
3763971	2635	A	S			False		False	False	no_structure											
3763327	1952	G	W			False		False	False	no_structure											
3763338	2499	L	Q			False		False	False	no_structure											
3763387	1042	G	R			False		False	False	no_structure											
3763443	1324	N	D		ca_DN2	True		False	False	no_structure											
3763745	2143	I	F			False	False	False	True	ok	1EMN	0.106	0.026	0.122	0.007	0.031	0.099	0.0	False	-0.26	-0.27
3761207	1707	D	N			False		False	False	no_structure											
3761394	379	I	V			False		False	False	no_structure											
3761461	1884	D	N	vus		False		False	False	no_structure											
3762926	763	C	Y	pathogenic		False		True	False	no_structure											
3762994	2284	P	A	vus		False		False	False	no_structure											
3763132	2113	Y	C			False		False	False	no_structure											
3763296	1106	M	V			False	False	False	True	ok	1LMJ	0.207	0.064	0.272	0.361	0.083	-0.154	-0.0	False	-0.0	0.005
3764244	1649	V	M		ca_backbone_1	False		False	False	no_structure											
3765658	2773	N	I			False		False	False	no_structure											
3766278	1552	E	K			False	False	False	True	ok	1UZJ	-0.582	0.148	-0.672	-0.52	0.133	-0.062	-0.0	False	0.217	0.209
3766654	2543	N	T	vus	ca_DN_bOH	True		False	False	no_structure											
3767154	1748	C	S			False		True	False	no_structure											
3769049	1112	M	I	vus		False	False	False	True	ok	1LMJ	-0.21	0.092	-0.276	-0.107	0.102	-0.103	-0.0	False	-0.007	0.036
3769758	1621	K	R			False	False	False	True	ok	1UZJ	0.445	0.018	0.453	0.482	0.056	-0.037	-0.0	False	0.07	0.05
3772130	2774	K	E			False		False	False	no_structure											
3772132	1577	C	Y	pathogenic		False	False	True	True	ok	1UZJ	2.97	0.135	3.198	3.361	0.605	-0.391	-0.0	False	0.133	0.379
3772196	1090	P	L			False	False	False	True	ok	1LMJ	0.164	0.283	-0.114	0.37	0.14	-0.206	0.0	False	0.0	-0.002
3772348	2110	I	T			False		False	False	no_structure											
3772540	1027	K	R			False		False	False	no_structure											
3773776	2273	M	T			False		False	False	no_structure											
3773843	360	C	W			False		True	False	no_structure											
3774282	2058	M	L			False		False	False	no_structure											
3774846	79	Q	R	vus		False		False	False	no_structure											
3775198	1470	C	W			False		True	False	no_structure											
3775330	476	C	S			False		True	False	no_structure											
3775542	499	C	F			False		True	False	no_structure											
3775879	166	C	W			False		True	False	no_structure											
3776764	2027	G	D			False		False	False	no_structure											
3781115	2108	R	L	vus		False		False	False	no_structure											
3849175	1766	D	N		ca_D1	True		False	False	no_structure											
3849176	1768	D	Y	vus	ca_DN2	True		False	False	no_structure											
3849180	2569	D	N		ca_DN2	True		False	False	no_structure											
3849164	2077	N	T			False		False	False	no_structure											
3849165	1986	P	L	vus		False		False	False	no_structure											
3849166	1537	D	N			False	False	False	True	ok	1UZJ	1.542	0.267	1.951	1.688	0.33	-0.146	-0.0	False	1.778	1.705
3849170	192	N	D	vus		False		False	False	no_structure											
3891895	1232	D	E			False		False	False	no_structure											
3891906	2690	M	V			False		False	False	no_structure											
3893738	1019	I	M			False		False	False	no_structure											
3893802	957	T	A			False		False	False	no_structure											
3893810	521	S	T			False		False	False	no_structure											
3893828	137	Q	R			False		False	False	no_structure											
3893829	132	D	G			False		False	False	no_structure											
3893941	2304	N	K			False		False	False	no_structure											
3894060	749	I	M	vus		False		False	False	no_structure											
3894063	116	I	M			False		False	False	no_structure											
3894066	21	T	R			False		False	False	no_structure											
3894089	2475	I	V			False		False	False	no_structure											
3894123	1282	N	D		ca_DN2	True		False	False	no_structure											
3894170	2667	E	A			False		False	False	no_structure											
3894173	2022	E	K			False		False	False	no_structure											
3894179	1495	T	S			False	False	False	True	ok	1UZJ	-0.496	0.019	-0.501	-0.5	0.022	0.004	-0.0	False	-0.002	-0.003
3894184	426	P	A			False		False	False	no_structure											
3894238	1849	D	G		ca_D1	True		False	False	no_structure											
3894245	1306	H	Q	vus		False		False	False	no_structure											
3894357	2008	N	S			False		False	False	no_structure											
3894407	2155	F	C			False	False	False	True	ok	1EMN	0.235	0.012	0.244	0.231	0.009	0.004	-0.0	False	-0.0	0.0
3894408	1926	N	S			False		False	False	no_structure											
3894427	473	R	L			False		False	False	no_structure											
3894485	110	S	T			False		False	False	no_structure											
3894505	1216	E	K			False		False	False	no_structure											
3894658	515	C	Y			False		True	False	no_structure											
3895763	1589	C	Y			False	False	True	True	ok	1UZJ	14.801	2.946	12.54	17.641	2.464	-2.84	-0.0	False	-0.261	-0.828
3896284	1781	V	M			False		False	False	no_structure											
3896490	1651	E	G	vus	ca_EH	True		False	False	no_structure											
3897155	693	G	A			False		False	False	no_structure											
3897269	40	S	N	vus		False		False	False	no_structure											
3899630	2802	G	R			False		False	False	no_structure											
3900131	2133	E	K			False	False	False	True	ok	1EMN	-0.879	0.054	-0.955	-0.812	0.095	-0.067	0.0	False	-0.671	-0.641
3900377	962	Y	C			False		False	False	no_structure											
3900718	1683	G	R			False		False	False	no_structure											
3900970	2584	I	F		ca_backbone_2	False		False	False	no_structure											
3901629	772	N	H	vus		False		False	False	no_structure											
3902317	379	I	S	vus		False		False	False	no_structure											
3902731	1866	I	L	vus		False		False	False	no_structure											
3902826	2496	C	S			False		True	False	no_structure											
3902828	1158	E	K		ca_EH	True		False	False	no_structure											
3903233	524	T	R	vus		False		False	False	no_structure											
3903411	467	P	S			False		False	False	no_structure											
3906469	1960	E	Q			False		False	False	no_structure											
3906696	1342	T	R		ca_backbone_2	False		False	False	no_structure											
3907154	1784	N	I		ca_DN_bOH	True		False	False	no_structure											
3907915	2673	G	D			False		False	False	no_structure											
3911909	721	G	D			False		False	False	no_structure											
4023417	2330	E	G	vus		False		False	False	no_structure											
4023418	689	E	K			False		False	False	no_structure											
4023422	1193	L	V			False		False	False	no_structure											
4023427	2782	P	Q			False		False	False	no_structure											
4023431	1829	G	D			False		False	False	no_structure											
4023434	2442	C	S			False		True	False	no_structure											
4055844	2415	N	S			False		False	False	no_structure											
4055950	694	E	D			False		False	False	no_structure											
4070645	670	C	S			False		True	False	no_structure											
4071607	2052	R	S			False		False	False	no_structure											
4071667	624	M	K			False		False	False	no_structure											
4074613	806	E	G			False		False	False	no_structure											
4074622	2561	T	I			False		False	False	no_structure											
4075316	601	G	V			False		False	False	no_structure											
4075372	1526	C	G			False	False	True	True	ok	1UZJ	4.309	0.095	4.301	4.246	0.07	0.063	0.0	False	0.0	0.0
4075613	957	T	S			False		False	False	no_structure											
4076417	2600	Y	H			False		False	False	no_structure											
4076605	1417	N	K			False		False	False	no_structure											
4076823	2671	L	Q			False		False	False	no_structure											
4077160	958	C	Y	pathogenic		False		True	False	no_structure											
4077200	222	E	D			False		False	False	no_structure											
4082079	1039	C	W			False		True	False	no_structure											
4082435	2845	L	Q			False		False	False	no_structure											
4083234	109	P	H	vus		False		False	False	no_structure											
4086332	2263	M	I			False		False	False	no_structure											
4086463	1906	R	W	vus		False		False	False	no_structure											
4086554	1922	L	H			False		False	False	no_structure											
4087696	876	C	G			False	False	True	True	ok	2W86	0.262	0.017	0.248	0.249	0.005	0.013	-0.0	False	0.016	0.016
4088053	1537	D	G			False	False	False	True	ok	1UZJ	3.009	0.272	2.792	2.906	0.198	0.103	-0.0	False	1.709	1.432
4088121	2597	L	H	vus		False		False	False	no_structure											
4255446	1663	C	Y			False		True	False	no_structure											
4255458	2567	D	H		ca_D1	True		False	False	no_structure											
4255462	516	R	L			False		False	False	no_structure											
4255465	1076	I	V			False	False	False	True	ok	1LMJ	0.626	0.007	0.613	0.645	0.007	-0.019	-0.0	False	0.004	0.004
4255466	1391	C	W			False		True	False	no_structure											
4255469	2831	I	N			False		False	False	no_structure											
4277258	313	C	Y			False		True	False	no_structure											
4277387	2624	N	D		ca_DN_bOH	True		False	False	no_structure											
4277528	899	G	W			False	False	False	True	ok	2W86	8.395	0.5	8.957	8.107	0.382	0.287	-0.0	False	-0.165	-0.126
4281920	1257	I	N	vus	ca_backbone_2	False		False	False	no_structure											
4291954	1341	N	K		ca_DN_bOH	True		False	False	no_structure											
4292785	2120	G	E			False		False	False	no_structure											
4292903	1758	D	A			False		False	False	no_structure											
4293036	1456	C	S			False		True	False	no_structure											
4293456	169	T	A			False		False	False	no_structure											
4293666	2459	C	S			False		True	False	no_structure											
4294093	244	C	Y			False		True	False	no_structure											
4294425	1046	N	T		ca_DN_bOH	True		False	False	no_structure											
4403235	1339	C	F			False		True	False	no_structure											
4403242	418	G	V			False		False	False	no_structure											
4526958	120	N	D			False		False	False	no_structure											
4527996	920	V	L			False	False	False	True	ok	2W86	2.54	0.335	2.677	2.377	0.291	0.163	-0.0	False	0.008	-0.004
4528264	2544	T	N		ca_backbone_2	False		False	False	no_structure											
4529549	91	D	G			False		False	False	no_structure											
4529993	498	P	L			False		False	False	no_structure											
4530959	1506	P	R			False	False	False	True	ok	1UZJ	0.063	0.012	0.072	-0.693	0.396	0.756	-0.0	False	-0.531	-0.676
4531015	648	D	G			False		False	False	no_structure											
4531092	1738	I	F			False		False	False	no_structure											
4531199	570	C	L			False		True	False	no_structure											
4532649	236	I	T			False		False	False	no_structure											
4536316	1845	G	R			False		False	False	no_structure											
4536405	354	T	I	vus		False		False	False	no_structure											
4536438	1040	T	I			False		False	False	no_structure											
4536445	1520	N	K			False	False	False	True	ok	1UZJ	4.253	0.879	5.039	4.554	0.878	-0.301	-0.0	False	0.01	0.009
4536581	1400	F	L			False		False	False	no_structure											
4536660	1695	C	W	pathogenic		False		True	False	no_structure											
4537534	2392	H	L			False		False	False	no_structure											
4537778	1264	L	W			False		False	False	no_structure											
4537953	538	G	D			False		False	False	no_structure											
4538111	630	N	D		ca_DN_bOH	True		False	False	no_structure											
4538502	2528	C	W	pathogenic		False		True	False	no_structure											
4538771	1856	I	N			False		False	False	no_structure											
4538829	1486	T	K			False	False	False	True	ok	1UZJ	-0.475	0.171	-0.674	-0.178	0.139	-0.296	-0.0	False	-0.206	-0.154
4538834	1222	S	G			False		False	False	no_structure											
4538988	1267	D	N			False		False	False	no_structure											
4541945	1312	S	A			False		False	False	no_structure											
4541948	236	I	F			False		False	False	no_structure											
4635358	460	C	S			False		True	False	no_structure											
4635360	2641	Q	R			False		False	False	no_structure											
4635361	111	C	G			False		True	False	no_structure											
4635364	2373	P	R			False		False	False	no_structure											
4635367	975	H	R			False		False	False	no_structure											
4635371	1285	D	A	vus		False		False	False	no_structure											
4635372	460	C	W			False		True	False	no_structure											
4635374	89	C	G			False		True	False	no_structure											
4682138	900	Y	F			False	False	False	True	ok	2W86	-0.239	0.257	-0.072	-0.246	0.121	0.008	-0.0	False	-0.03	-0.167
4685103	167	A	T			False		False	False	no_structure											
4685136	1702	D	V			False		False	False	no_structure											
4685602	1280	D	G		ca_D1	True		False	False	no_structure											
4685813	877	S	P			False	False	False	True	ok	2W86	4.612	0.031	4.626	4.589	0.056	0.022	-0.0	False	0.001	0.001
4686865	193	Q	H			False		False	False	no_structure											
4687179	723	D	H		ca_D1	True		False	False	no_structure											
4687990	141	I	V			False		False	False	no_structure											
4688009	1113	D	V		ca_D1	True	True	False	True	ok	1LMJ	4.33	0.168	4.354	-0.424	0.133	4.754	1.664	True	0.993	-0.348
4688488	1619	G	A			False	False	False	True	ok	1UZJ	3.593	0.0	3.593	3.593	0.0	-0.0	0.0	False	0.0	0.0
4689951	2256	H	Q			False		False	False	no_structure											
4690167	2360	K	I			False		False	False	no_structure											
4755981	1025	F	S			False		False	False	no_structure											
4756154	2069	K	E			False		False	False	no_structure											
4756157	1883	N	S			False		False	False	no_structure											
4756160	1738	I	V			False		False	False	no_structure											
4756201	2762	A	S			False		False	False	no_structure											
4756288	2431	T	S			False		False	False	no_structure											
4756313	730	D	E			False		False	False	no_structure											
4756324	2124	S	L			False		False	False	no_structure											
4756389	1409	S	P			False		False	False	no_structure											
4756390	1385	G	R			False		False	False	no_structure											
4756398	506	N	K		ca_DN_bOH	True		False	False	no_structure											
4756400	316	P	A			False		False	False	no_structure											
4756401	201	G	E			False		False	False	no_structure											
4756402	118	H	P			False		False	False	no_structure											
4756559	2615	H	Q			False		False	False	no_structure											
4756562	2200	P	R			False	False	False	True	ok	1EMN	1.057	0.021	1.026	1.023	0.011	0.034	0.0	False	-0.2	-0.23
4756594	867	N	T			False	False	False	True	ok	2W86	3.111	0.677	2.8	3.081	0.687	0.03	-0.0	False	0.0	0.0
4756595	829	I	V			False	False	False	True	ok	2W86	0.484	0.007	0.479	0.35	0.024	0.134	0.0	False	0.0	0.0
4756608	22	S	R			False		False	False	no_structure											
4756637	2460	K	E			False		False	False	no_structure											
4756645	468	T	P			False		False	False	no_structure											
4756671	1634	P	A			False	False	False	True	ok	1UZJ	1.579	0.019	1.598	1.577	0.015	0.002	-0.0	False	0.017	0.062
4756673	1559	K	E			False	False	False	True	ok	1UZJ	1.648	0.043	1.676	1.649	0.081	-0.002	-0.0	False	1.589	1.69
4756787	2313	S	N		ca_backbone_3	False		False	False	no_structure											
4756806	205	T	A			False		False	False	no_structure											
4756831	1653	E	K			False		False	False	no_structure											
4756894	1854	Q	R			False		False	False	no_structure											
4756895	1797	F	L			False		False	False	no_structure											
4756896	1746	T	I			False		False	False	no_structure											
4756904	1669	N	S		ca_backbone_3	False		False	False	no_structure											
4756905	1641	E	K			False	False	False	True	ok	1UZJ	-0.034	0.044	-0.016	-0.022	0.034	-0.011	-0.0	False	0.161	0.1
4756913	1357	D	E			False		False	False	no_structure											
4756918	1279	V	A			False		False	False	no_structure											
4756920	1150	I	V			False	False	False	True	ok	1LMJ	0.047	0.0	0.047	0.049	0.004	-0.003	0.0	False	0.0	0.0
4756931	586	M	I			False		False	False	no_structure											
4756933	405	P	H			False		False	False	no_structure											
4756934	390	S	T			False		False	False	no_structure											
4757274	2785	T	K			False		False	False	no_structure											
4757278	2381	Q	R			False		False	False	no_structure											
4757279	2345	Q	R			False		False	False	no_structure											
4757280	2341	T	S			False		False	False	no_structure											
4757281	2288	G	D			False		False	False	no_structure											
4757350	751	N	S			False		False	False	no_structure											
4757399	1665	N	S		ca_DN_bOH	True		False	False	no_structure											
4757410	1331	H	Q			False		False	False	no_structure											
4757412	1024	P	A			False		False	False	no_structure											
4757422	444	V	L			False		False	False	no_structure											
4757618	2531	D	H			False		False	False	no_structure											
4757619	2529	T	I			False		False	False	no_structure											
4757670	1524	V	L			False	False	False	True	ok	1UZJ	0.378	0.007	0.38	0.426	0.057	-0.048	-0.0	False	-0.004	-0.009
4757671	1499	S	N			False	False	False	True	ok	1UZJ	-2.035	0.045	-2.054	-1.997	0.12	-0.038	0.0	False	0.0	0.0
4757679	407	G	S			False		False	False	no_structure											
4757680	29	L	V			False		False	False	no_structure											
4757681	23	H	Q			False		False	False	no_structure											
4757753	2854	L	F	vus		False		False	False	no_structure											
4757782	1512	D	V			False	False	False	True	ok	1UZJ	0.029	0.0	0.03	0.028	0.001	0.001	0.0	False	0.003	0.001
4757812	1929	I	V			False		False	False	no_structure											
4757826	1173	N	D		ca_DN_bOH	True		False	False	no_structure											
4757828	1125	R	G			False	False	False	True	ok	1LMJ	0.434	0.163	0.508	0.533	0.164	-0.099	-0.0	False	0.149	0.134
4757833	543	N	D			False		False	False	no_structure											
4757835	135	L	V			False		False	False	no_structure											
4757837	20	Y	H			False		False	False	no_structure											
4758031	2781	L	V			False		False	False	no_structure											
4758033	2356	N	D			False		False	False	no_structure											
4758034	2272	Y	H		ca_YF	True		False	False	no_structure											
4758126	2174	N	S			False	False	False	True	ok	1EMN	0.602	0.035	0.588	0.548	0.131	0.055	-0.0	False	-0.0	0.0
4758143	1700	Y	H			False		False	False	no_structure											
4758147	1423	A	V		ca_backbone_2	False		False	False	no_structure											
4758149	1299	T	R		ca_backbone_2	False		False	False	no_structure											
4758157	467	P	L			False		False	False	no_structure											
4758159	265	T	A		ca_backbone_2	False		False	False	no_structure											
4758162	34	V	L			False		False	False	no_structure											
4758303	1047	T	A		ca_backbone_2	False		False	False	no_structure											
4758317	894	P	H			False	False	False	True	ok	2W86	1.574	0.099	1.437	1.54	0.113	0.034	0.0	False	0.08	0.049
4758414	2067	G	E			False		False	False	no_structure											
4758417	897	G	D			False	False	False	True	ok	2W86	2.795	0.073	2.747	2.778	0.068	0.017	-0.0	False	0.084	0.084
4758420	372	V	A			False		False	False	no_structure											
4758421	266	V	L			False		False	False	no_structure											
4758451	380	R	K			False		False	False	no_structure											
4758460	1623	I	V			False	False	False	True	ok	1UZJ	1.167	0.002	1.169	1.138	0.002	0.028	0.0	False	0.0	0.0
4758462	1892	I	M		ca_backbone_1	False		False	False	no_structure											
4758532	1887	T	I			False		False	False	no_structure											
4758557	1239	I	V		ca_backbone_1	False		False	False	no_structure											
4758567	1933	E	D		ca_EH	True		False	False	no_structure											
4758600	324	D	N			False		False	False	no_structure											
4758601	233	R	H			False		False	False	no_structure											
4758614	1217	G	S	vus		False		False	False	no_structure											
4758682	1690	M	I	vus		False		False	False	no_structure											
4758750	2822	P	A			False		False	False	no_structure											
4758751	2737	D	A			False		False	False	no_structure											
4758752	2521	S	F			False		False	False	no_structure											
4758775	2030	S	T			False		False	False	no_structure											
4758777	1573	P	S			False	False	False	True	ok	1UZJ	1.755	0.0	1.755	1.755	0.0	0.0	0.0	False	-0.0	-0.0
4758778	1270	M	I			False		False	False	no_structure											
4758781	662	Y	C			False		False	False	no_structure											
4758835	2191	T	I			False	False	False	True	ok	1EMN	-0.186	0.035	-0.218	-0.236	0.041	0.05	0.0	False	0.01	-0.001
4758841	2476	L	V	vus		False		False	False	no_structure											
4758867	1888	M	V			False		False	False	no_structure											
4758872	1495	T	A			False	False	False	True	ok	1UZJ	0.693	0.024	0.681	0.731	0.033	-0.039	0.0	False	-0.004	-0.004
4758887	1612	E	A			False	False	False	True	ok	1UZJ	0.7	0.679	0.334	0.495	0.247	0.205	-0.0	False	0.19	0.036
4758994	957	T	P			False		False	False	no_structure											
4758997	256	L	F			False		False	False	no_structure											
4759103	2871	H	R			False		False	False	no_structure											
4759125	732	D	G			False		False	False	no_structure											
4759172	1122	L	F			False	False	False	True	ok	1LMJ	-0.14	0.065	-0.093	0.031	0.087	-0.171	-0.0	False	-0.097	-0.135
4782936	279	L	F			False		False	False	no_structure											
4783174	1422	N	T		ca_DN_bOH	True		False	False	no_structure											
4787932	1921	I	N			False		False	False	no_structure											
4787982	33	N	D			False		False	False	no_structure											
4788269	2326	P	S			False		False	False	no_structure											
4789243	1936	S	T			False		False	False	no_structure											
4784463	1322	D	V		ca_D1	True		False	False	no_structure											
4786144	1280	D	H		ca_D1	True		False	False	no_structure											
4787560	1031	E	D		ca_EH	True		False	False	no_structure											
4787580	1712	F	L	vus		False		False	False	no_structure											
4787595	198	Q	R			False		False	False	no_structure											
4787601	2640	E	A	vus		False		False	False	no_structure											
4787712	2553	Q	H			False		False	False	no_structure											
4787730	452	Y	H			False		False	False	no_structure											
4787763	1917	N	S			False		False	False	no_structure											
4783784	2692	M	V			False		False	False	no_structure											
4783785	2611	C	R			False		True	False	no_structure											
4783786	2522	C	S			False		True	False	no_structure											
4783787	2522	C	Y	pathogenic		False		True	False	no_structure											
4783788	2363	C	R			False		True	False	no_structure											
4783791	1987	G	V			False		False	False	no_structure											
4783796	1475	G	D			False		False	False	no_structure											
4783798	1382	N	S		ca_DN_bOH	True		False	False	no_structure											
4783800	1320	C	Y	pathogenic		False		True	False	no_structure											
4783802	1100	G	S			False	False	False	True	ok	1LMJ	-0.283	0.282	-0.764	-0.988	0.562	0.705	-0.0	False	-0.108	-0.123
4783803	980	C	Y			False		True	False	no_structure											
4783805	683	C	S			False		True	False	no_structure											
4783806	499	C	S			False		True	False	no_structure											
4785387	2608	E	K		ca_backbone_1	False		False	False	no_structure											
4788835	2782	P	L			False		False	False	no_structure											
4789020	1328	I	F			False		False	False	no_structure											
4789070	2532	I	S			False		False	False	no_structure											
4789088	290	D	N		ca_DN2	True		False	False	no_structure											
4790191	1544	N	Y			False	False	False	True	ok	1UZJ	0.19	0.033	0.202	0.228	0.031	-0.039	-0.0	False	-0.383	-0.37
4784972	870	T	P			False	False	False	True	ok	2W86	4.501	0.013	4.518	4.515	0.025	-0.014	0.0	False	-0.0	-0.0
4785209	1322	D	E		ca_D1	True		False	False	no_structure											
4786587	1930	D	V		ca_D1	True		False	False	no_structure											
4786675	1487	D	H		ca_D1	True	True	False	True	ok	1UZJ	1.359	0.035	1.326	0.12	0.06	1.239	2.455	True	1.472	0.293
4786950	109	P	S			False		False	False	no_structure											
4788301	2287	E	D			False		False	False	no_structure											
4788328	843	T	S			False	False	False	True	ok	2W86	-0.009	0.29	0.142	-0.018	0.298	0.009	-0.0	False	-0.002	-0.002
4788351	104	S	P			False		False	False	no_structure											
4788363	478	K	R			False		False	False	no_structure											
4788492	216	A	G			False		False	False	no_structure											
4789625	2798	G	R			False		False	False	no_structure											
4789626	2651	E	K		ca_EH	True		False	False	no_structure											
4789627	2631	C	S			False		True	False	no_structure											
4789628	2605	C	R			False		True	False	no_structure											
4789629	2571	C	S			False		True	False	no_structure											
4789630	2556	F	C			False		False	False	no_structure											
4789631	2552	C	S			False		True	False	no_structure											
4789632	2543	N	K		ca_DN_bOH	True		False	False	no_structure											
4789633	2522	C	R			False		True	False	no_structure											
4789634	2468	C	W			False		True	False	no_structure											
4789635	2427	C	F			False		True	False	no_structure											
4789636	2314	Y	N		ca_YF	True		False	False	no_structure											
4789637	2268	L	P		ca_backbone_2	False		False	False	no_structure											
4789638	2180	T	A			False	False	False	True	ok	1EMN	0.665	0.01	0.668	0.666	0.005	-0.001	0.0	False	0.0	-0.0
4789639	2096	C	R			False		True	False	no_structure											
4789640	2091	G	V			False		False	False	no_structure											
4789641	1967	D	E			False		False	False	no_structure											
4789642	1910	G	R			False		False	False	no_structure											
4789643	1906	R	P			False		False	False	no_structure											
4789644	1905	C	W			False		True	False	no_structure											
4789645	1852	E	K		ca_EH	True		False	False	no_structure											
4789646	1831	Y	N		ca_YF	True		False	False	no_structure											
4789647	1786	V	A			False		False	False	no_structure											
4789648	1770	C	R			False		True	False	no_structure											
4789649	1719	C	F			False		True	False	no_structure											
4789650	1513	C	S			False	False	True	True	ok	1UZJ	3.875	0.013	3.879	3.886	0.013	-0.011	-0.0	False	-0.0	-0.0
4789651	1374	C	F			False		True	False	no_structure											
4789652	1331	H	R			False		False	False	no_structure											
4789653	1329	G	V			False		False	False	no_structure											
4789654	1326	C	S			False		True	False	no_structure											
4789655	1295	T	S			False		False	False	no_structure											
4789656	1291	C	S			False		True	False	no_structure											
4789657	1146	L	P			False	False	False	True	ok	1LMJ	-2.623	0.044	-2.674	-2.242	0.087	-0.382	-0.0	False	-0.017	-0.022
4789658	1000	N	D			False		False	False	no_structure											
4789659	987	A	G			False		False	False	no_structure											
4789660	985	G	R			False		False	False	no_structure											
4789661	945	A	T			False	False	False	True	ok	2W86	-0.057	0.153	0.034	-0.048	0.041	-0.01	-0.0	False	-0.005	-0.002
4789662	888	T	I			False	False	False	True	ok	2W86	0.092	0.112	0.242	0.04	0.097	0.052	0.0	False	-0.012	-0.017
4789663	883	W	L			False	False	False	True	ok	2W86	3.01	0.126	2.836	3.054	0.133	-0.044	-0.0	False	0.206	0.189
4789664	853	C	F			False	False	True	True	ok	2W86	22.325	0.284	21.861	22.433	0.398	-0.109	-0.0	False	-0.005	-0.011
4789665	828	F	L		ca_YF	True	False	False	True	ok	2W86	2.499	0.092	2.551	2.517	0.077	-0.018	0.0	False	0.124	0.181
4789666	740	E	D			False		False	False	no_structure											
4789667	680	K	N			False		False	False	no_structure											
4789668	669	Q	H			False		False	False	no_structure											
4789669	548	N	S		ca_DN_bOH	True		False	False	no_structure											
4789670	544	G	E			False		False	False	no_structure											
4789671	493	E	D		ca_EH	True		False	False	no_structure											
4789672	488	C	S			False		True	False	no_structure											
4789673	415	V	A			False		False	False	no_structure											
4789674	234	G	S			False		False	False	no_structure											
4789675	123	C	F			False		True	False	no_structure											
4789676	95	S	P			False		False	False	no_structure											
4789677	67	C	S			False		True	False	no_structure											
4789678	52	A	T			False		False	False	no_structure											
4790947	710	L	H			False		False	False	no_structure											
4790984	2344	L	V			False		False	False	no_structure											
4792617	640	F	S			False		False	False	no_structure											
4792746	2218	A	V			False		False	False	no_structure											
4794184	497	N	K			False		False	False	no_structure											
4794288	715	P	S			False		False	False	no_structure											
4794352	1379	D	E			False		False	False	no_structure											
4794471	2077	N	S			False		False	False	no_structure											
4790502	4	G	E			False		False	False	no_structure											
4790512	1248	I	V			False		False	False	no_structure											
4791944	758	S	L			False		False	False	no_structure											
4791951	2659	C	Y			False		True	False	no_structure											
4792148	670	C	R			False		True	False	no_structure											
4792311	2525	N	D		ca_backbone_1	False		False	False	no_structure											
4792313	1904	T	N			False		False	False	no_structure											
4793699	1939	G	R			False		False	False	no_structure											
4793753	180	D	N			False		False	False	no_structure											
4793833	1457	V	I			False		False	False	no_structure											
4793893	2863	K	N			False		False	False	no_structure											
4793252	1781	V	L			False		False	False	no_structure											
4793298	1147	S	T			False	False	False	True	ok	1LMJ	0.013	0.017	0.019	0.375	0.297	-0.362	-0.0	False	-0.0	0.0
4793301	1915	R	L			False		False	False	no_structure											
4791085	259	G	R			False		False	False	no_structure											
4792872	2553	Q	H			False		False	False	no_structure											
4792919	1084	G	D			False	False	False	True	ok	1LMJ	25.163	0.057	25.211	25.163	0.073	-0.0	-0.0	False	0.619	0.622
4793032	343	G	R			False		False	False	no_structure											
4793103	878	S	F			False	False	False	True	ok	2W86	11.421	1.555	9.782	12.594	2.6	-1.173	-0.043	True	-0.196	-0.245
4794669	2276	C	F			False		True	False	no_structure											
4794809	1164	H	Y			False		False	False	no_structure											
4795157	533	E	D		ca_EH	True		False	False	no_structure											
4795441	2707	D	A			False		False	False	no_structure											
4796683	1238	D	E		ca_D1	True		False	False	no_structure											
4796684	1238	D	A		ca_D1	True		False	False	no_structure											
4814129	2153	C	R			False	False	True	True	ok	1EMN	0.523	0.207	0.298	0.524	0.199	-0.001	0.0	False	-0.241	-0.263
4818866	1189	T	I			False		False	False	no_structure											
4820498	2633	C	Y			False		True	False	no_structure											
4822288	2248	E	G		ca_backbone_1	False		False	False	no_structure											
4827545	1688	M	K			False		False	False	no_structure											
4831222	620	P	L			False		False	False	no_structure											
4825419	2160	A	S			False	False	False	True	ok	1EMN	0.179	0.001	0.178	0.177	0.007	0.002	0.0	False	0.0	0.0
4825424	251	Q	P			False		False	False	no_structure											
4832269	1237	T	P			False		False	False	no_structure											
4832298	1354	W	G			False		False	False	no_structure											
4829929	1126	G	D			False	False	False	True	ok	1LMJ	0.261	0.003	0.262	0.27	0.013	-0.009	0.0	False	-0.065	-0.057
4834926	2443	V	L			False		False	False	no_structure											
4839486	1554	G	R			False	False	False	True	ok	1UZJ	12.129	0.924	12.789	11.616	0.906	0.512	-0.12	True	-0.919	-1.042
4839572	1676	P	L			False		False	False	no_structure											
4839600	157	G	E			False		False	False	no_structure											
4839712	2301	I	S			False		False	False	no_structure											
4841335	2785	T	I			False		False	False	no_structure											
4838978	1551	N	D			False	False	False	True	ok	1UZJ	-0.369	0.031	-0.43	-0.364	0.017	-0.004	-0.0	False	-0.048	-0.033
4840798	1304	I	V			False		False	False	no_structure											
4840936	417	P	R			False		False	False	no_structure											
4843835	1234	R	T			False		False	False	no_structure											
4843838	1666	T	A		ca_backbone_2	False		False	False	no_structure											
4843840	362	A	S			False		False	False	no_structure											
4845398	2461	N	T		ca_DN_bOH	True		False	False	no_structure											
4847161	2082	E	K			False		False	False	no_structure											
4847167	2502	N	Y		ca_DN_bOH	True		False	False	no_structure											
4847221	459	L	V			False		False	False	no_structure											
4847535	1078	P	R			False	False	False	True	ok	1LMJ	0.019	0.213	0.145	0.043	0.234	-0.025	-0.0	False	-0.356	-0.381
4848185	1433	M	V			False		False	False	no_structure											
4849735	1913	N	D			False		False	False	no_structure											
4849736	21	T	A			False		False	False	no_structure											
4849737	2728	R	G			False		False	False	no_structure											
4852311	2587	G	C		ca_backbone_3	False		False	False	no_structure											
4852459	776	C	S			False		True	False	no_structure											
4853330	710	L	P			False		False	False	no_structure											
4854603	1874	C	Y			False		True	False	no_structure											
4854724	2136	V	F			False	False	False	True	ok	1EMN	-1.655	0.174	-1.551	-1.552	0.095	-0.103	0.0	False	-0.384	-0.333
4855492	157	G	R			False		False	False	no_structure											
4856894	64	N	K			False		False	False	no_structure											
4857235	1782	C	G			False		True	False	no_structure											
4871216	1474	I	M			False		False	False	no_structure											
4871217	907	Q	R			False	False	False	True	ok	2W86	-0.228	0.031	-0.266	-0.267	0.009	0.039	0.0	False	-0.13	-0.126
4871220	2291	D	V		ca_D1	True		False	False	no_structure											
4871224	841	T	R			False	False	False	True	ok	2W86	-0.117	0.202	-0.179	0.061	0.445	-0.178	-0.0	False	-0.138	-0.156
4871225	2513	P	A			False		False	False	no_structure											
4871227	67	C	Y			False		True	False	no_structure											
4871228	1141	P	S			False	False	False	True	ok	1LMJ	2.597	0.004	2.6	2.596	0.002	0.001	0.0	False	0.0	0.0
4871231	2860	D	H			False		False	False	no_structure											
4871232	682	E	K			False		False	False	no_structure											
4871233	1878	T	S			False		False	False	no_structure											
4871234	659	S	N			False		False	False	no_structure											
4871235	192	N	K			False		False	False	no_structure											
4871867	2274	C	Y			False		True	False	no_structure											
4874945	2788	T	S			False		False	False	no_structure											
