variant_id	position	wt_aa	mut_aa	hgvsp	joint_af	joint_ac	joint_an	clinvar_status
15-48410994-T-C	2871	H	R	p.His2871Arg	1.2397319203695392e-06	2	1613252	
15-48410998-G-A	2870	L	F	p.Leu2870Phe	6.198636547904923e-07	1	1613258	
15-48410999-C-G	2869	L	F	p.Leu2869Phe	4.958853909684394e-06	8	1613276	not_in_clinvar
15-48411000-A-G	2869	L	S	p.Leu2869Ser	6.198498227849357e-07	1	1613294	vus
15-48411004-C-T	2868	V	I	p.Val2868Ile	4.3385615065468895e-06	7	1613438	
15-48411006-T-C	2867	Q	R	p.Gln2867Arg	3.0985884070652773e-06	5	1613638	not_in_clinvar
15-48411013-T-C	2865	K	E	p.Lys2865Glu	1.2393385897814055e-06	2	1613764	vus
15-48411014-C-T	2864	M	I	p.Met2864Ile	2.4787631963155666e-06	4	1613708	vus
15-48411015-A-G	2864	M	T	p.Met2864Thr	6.196608472250967e-07	1	1613786	
15-48411024-T-A	2861	N	I	p.Asn2861Ile	8.055381366539681e-06	13	1613828	
15-48411024-T-G	2861	N	T	p.Asn2861Thr	6.196447205030524e-07	1	1613828	not_in_clinvar
15-48411027-T-C	2860	D	G	p.Asp2860Gly	1.239215725151866e-06	2	1613924	vus
15-48411028-C-G	2860	D	H	p.Asp2860His	2.4785389508592473e-06	4	1613854	
15-48411031-C-G	2859	G	R	p.Gly2859Arg	1.8590101886151738e-06	3	1613762	not_in_clinvar
15-48411036-T-C	2857	E	G	p.Glu2857Gly	6.195679381026847e-07	1	1614028	not_in_clinvar
15-48411042-C-T	2855	S	N	p.Ser2855Asn	1.2392479747589973e-06	2	1613882	not_in_clinvar
15-48411048-T-G	2853	Y	S	p.Tyr2853Ser	6.196032556433464e-07	1	1613936	not_in_clinvar
15-48411049-A-G	2853	Y	H	p.Tyr2853His	6.196186123517253e-07	1	1613896	
15-48411051-T-G	2852	D	A	p.Asp2852Ala	6.196416488416419e-07	1	1613836	not_in_clinvar
15-48411051-T-C	2852	D	G	p.Asp2852Gly	3.7175780722374986e-06	6	1613954	vus
15-48411053-T-G	2851	K	N	p.Lys2851Asn	6.196170766466323e-07	1	1613900	not_in_clinvar
15-48411055-T-C	2851	K	E	p.Lys2851Glu	4.523456912523779e-05	73	1613810	
15-48411057-T-C	2850	D	G	p.Asp2850Gly	6.1960479127993e-07	1	1613932	not_in_clinvar
15-48411061-A-T	2849	Y	N	p.Tyr2849Asn	1.2392940485381907e-06	2	1613822	vus
15-48411063-T-A	2848	K	I	p.Lys2848Ile	6.195917386115941e-07	1	1613966	not_in_clinvar
15-48411063-T-G	2848	K	T	p.Lys2848Thr	3.717822248439754e-06	6	1613848	
15-48411063-T-C	2848	K	R	p.Lys2848Arg	6.195917386115941e-07	1	1613966	
15-48411064-T-G	2848	K	Q	p.Lys2848Gln	4.337083051422935e-05	70	1613988	benign
15-48411068-T-G	2846	E	D	p.Glu2846Asp	2.478551237230814e-06	4	1613846	
15-48411069-T-C	2846	E	G	p.Glu2846Gly	1.982840989784651e-05	32	1613846	vus
15-48411072-A-C	2845	L	R	p.Leu2845Arg	2.478572738674162e-06	4	1613832	not_in_clinvar
15-48411073-G-C	2845	L	V	p.Leu2845Val	6.19666222985651e-07	1	1613772	vus
15-48411076-G-T	2844	Q	K	p.Gln2844Lys	6.196792787924681e-07	1	1613738	not_in_clinvar
15-48411077-G-T	2843	N	K	p.Asn2843Lys	6.196393451155689e-07	1	1613842	not_in_clinvar
15-48411082-G-A	2842	L	F	p.Leu2842Phe	1.9828753923924508e-05	32	1613818	vus
15-48411083-T-A	2841	E	D	p.Glu2841Asp	1.8586761764800638e-06	3	1614052	
15-48411090-T-C	2839	K	R	p.Lys2839Arg	6.19543371753283e-07	1	1614092	not_in_clinvar
15-48411091-T-G	2839	K	Q	p.Lys2839Gln	6.195479777954005e-07	1	1614080	not_in_clinvar
15-48411093-T-C	2838	K	R	p.Lys2838Arg	6.195840608282848e-07	1	1613986	not_in_clinvar
15-48411094-T-C	2838	K	E	p.Lys2838Glu	6.195333922303078e-07	1	1614118	not_in_clinvar
15-48411097-A-G	2837	Y	H	p.Tyr2837His	1.4250768921923135e-05	23	1613948	vus
15-48411099-A-C	2836	L	R	p.Leu2836Arg	1.2391067031955322e-06	2	1614066	not_in_clinvar
15-48411100-G-C	2836	L	V	p.Leu2836Val	6.19543371753283e-07	1	1614092	not_in_clinvar
15-48411100-G-A	2836	L	F	p.Leu2836Phe	6.19543371753283e-07	1	1614092	vus
15-48411102-G-A	2835	P	L	p.Pro2835Leu	3.0978320132438512e-06	5	1614032	
15-48411105-G-A	2834	T	I	p.Thr2834Ile	6.195479777954005e-07	1	1614080	vus
15-48411106-T-C	2834	T	A	p.Thr2834Ala	1.2390944202339162e-06	2	1614082	
15-48411108-C-T	2833	S	N	p.Ser2833Asn	1.2391020970563891e-06	2	1614072	not_in_clinvar
15-48411108-C-G	2833	S	T	p.Ser2833Thr	6.195510485281946e-07	1	1614072	
15-48411111-C-A	2832	S	I	p.Ser2832Ile	1.2391681216565696e-06	2	1613986	not_in_clinvar
15-48411111-C-T	2832	S	N	p.Ser2832Asn	6.814926423576176e-06	11	1614104	vus
15-48411112-T-C	2832	S	G	p.Ser2832Gly	1.8586600547932985e-06	3	1614066	
15-48411113-G-C	2831	I	M	p.Ile2831Met	1.8586093884555574e-06	3	1614110	
15-48411114-A-C	2831	I	S	p.Ile2831Ser	6.195379981240389e-07	1	1614106	
15-48411115-T-A	2831	I	F	p.Ile2831Phe	6.195049907322053e-07	1	1614192	
15-48411124-A-C	2828	S	A	p.Ser2828Ala	6.195333922303078e-07	1	1614118	not_in_clinvar
15-48411127-A-G	2827	Y	H	p.Tyr2827His	6.195157369387497e-07	1	1614164	not_in_clinvar
15-48411129-G-A	2826	T	I	p.Thr2826Ile	1.2391067031955322e-06	2	1614066	not_in_clinvar
15-48411135-G-A	2824	A	V	p.Ala2824Val	1.8586278122587656e-06	3	1614094	not_in_clinvar
15-48411136-C-A	2824	A	S	p.Ala2824Ser	6.195234130288251e-07	1	1614144	not_in_clinvar
15-48411138-A-C	2823	V	G	p.Val2823Gly	1.23903914992002e-06	2	1614154	not_in_clinvar
15-48411142-G-C	2822	P	A	p.Pro2822Ala	1.2390637138952322e-06	2	1614122	
15-48411144-T-C	2821	K	R	p.Lys2821Arg	1.2390237979300868e-06	2	1614174	not_in_clinvar
15-48411145-T-G	2821	K	Q	p.Lys2821Gln	4.956475945602677e-06	8	1614050	vus
15-48411151-T-C	2819	K	E	p.Lys2819Glu	6.195080610388902e-07	1	1614184	not_in_clinvar
15-48411153-G-C	2818	T	R	p.Thr2818Arg	1.2390575728101207e-06	2	1614130	not_in_clinvar
15-48411153-G-A	2818	T	I	p.Thr2818Ile	1.2390575728101207e-06	2	1614130	not_in_clinvar
15-48411157-A-C	2817	F	V	p.Phe2817Val	1.053266799915243e-05	17	1614026	
15-48411159-T-C	2816	H	R	p.His2816Arg	6.19525715892941e-07	1	1614138	
15-48411165-T-C	2814	Y	C	p.Tyr2814Cys	2.4781489218813115e-06	4	1614108	
15-48411171-A-G	2812	I	T	p.Ile2812Thr	1.2390882788444264e-06	2	1614090	vus
15-48411180-T-A	2809	K	M	p.Lys2809Met	6.195157369387497e-07	1	1614164	not_in_clinvar
15-48411183-T-C	2808	Q	R	p.Gln2808Arg	1.2390237979300868e-06	2	1614174	vus
15-48411184-G-T	2808	Q	K	p.Gln2808Lys	2.4782778942568387e-06	4	1614024	not_in_clinvar
15-48411186-T-C	2807	N	S	p.Asn2807Ser	6.195103637888758e-07	1	1614178	not_in_clinvar
15-48411188-G-C	2806	I	M	p.Ile2806Met	3.7175273981769245e-06	6	1613976	
15-48411194-A-C	2804	F	L	p.Phe2804Leu	6.195287864050603e-07	1	1614130	
15-48411199-A-G	2803	F	L	p.Phe2803Leu	6.195287864050603e-07	1	1614130	
15-48411201-C-T	2802	G	D	p.Gly2802Asp	1.2390790668743364e-06	2	1614102	vus
15-48411205-C-G	2801	D	H	p.Asp2801His	3.097594036759768e-06	5	1614156	vus
15-48411210-T-C	2799	N	S	p.Asn2799Ser	6.195049907322053e-07	1	1614192	not_in_clinvar
15-48411220-C-T	2796	E	K	p.Glu2796Lys	1.61079480332815e-05	26	1614110	
15-48411221-G-C	2795	I	M	p.Ile2795Met	6.195640994821683e-07	1	1614038	not_in_clinvar
15-48411222-A-T	2795	I	N	p.Ile2795Asn	6.19543371753283e-07	1	1614092	
15-48411225-A-G	2794	L	S	p.Leu2794Ser	6.195188073519536e-07	1	1614156	not_in_clinvar
15-48411226-A-T	2794	L	M	p.Leu2794Met	6.195671703747762e-07	1	1614030	not_in_clinvar
15-48411234-T-C	2791	N	S	p.Asn2791Ser	6.195111313760086e-07	1	1614176	
15-48411237-T-C	2790	H	R	p.His2790Arg	6.195057583060235e-07	1	1614190	
15-48411238-G-A	2790	H	Y	p.His2790Tyr	6.195318569476161e-07	1	1614122	
15-48411240-T-C	2789	N	S	p.Asn2789Ser	6.195149693402042e-07	1	1614166	not_in_clinvar
15-48411241-T-G	2789	N	H	p.Asn2789His	3.097574846701021e-06	5	1614166	vus
15-48411243-G-C	2788	T	R	p.Thr2788Arg	6.195748477394811e-07	1	1614010	
15-48411243-G-A	2788	T	M	p.Thr2788Met	7.310983203325877e-05	118	1614010	benign
15-48411243-G-T	2788	T	K	p.Thr2788Lys	6.195748477394811e-07	1	1614010	not_in_clinvar
15-48411246-A-G	2787	L	P	p.Leu2787Pro	6.195671703747762e-07	1	1614030	not_in_clinvar
15-48411250-T-C	2786	T	A	p.Thr2786Ala	1.2390974909514907e-06	2	1614078	
15-48411252-G-A	2785	T	I	p.Thr2785Ile	2.4782594688098656e-06	4	1614036	
15-48411252-G-T	2785	T	K	p.Thr2785Lys	6.195648672024664e-07	1	1614036	
15-48411275-G-C	2777	I	M	p.Ile2777Met	6.196017200143747e-07	1	1613940	
15-48411279-C-T	2776	R	Q	p.Arg2776Gln	1.177265151092688e-05	19	1613910	
15-48411279-C-A	2776	R	L	p.Arg2776Leu	3.0978396905134235e-06	5	1614028	
15-48411280-G-C	2776	R	G	p.Arg2776Gly	1.8587660024263092e-06	3	1613974	vus
15-48411284-C-G	2774	K	N	p.Lys2774Asn	6.195464424404182e-07	1	1614084	not_in_clinvar
15-48411291-C-T	2772	S	N	p.Ser2772Asn	6.195472101169581e-07	1	1614082	not_in_clinvar
15-48411292-T-C	2772	S	G	p.Ser2772Gly	3.0979049488411975e-06	5	1613994	
15-48411295-C-T	2771	V	I	p.Val2771Ile	3.4698513292628676e-05	56	1613902	
15-48411295-C-A	2771	V	F	p.Val2771Phe	6.195710090333453e-07	1	1614020	not_in_clinvar
15-48411296-G-T	2770	H	Q	p.His2770Gln	1.2392402961288612e-06	2	1613892	not_in_clinvar
15-48411298-G-C	2770	H	D	p.His2770Asp	6.195671703747762e-07	1	1614030	not_in_clinvar
15-48411298-G-A	2770	H	Y	p.His2770Tyr	4.956899756616222e-06	8	1613912	
15-48411301-A-G	2769	S	P	p.Ser2769Pro	1.2390437555911849e-06	2	1614148	not_in_clinvar
15-48411304-T-C	2768	I	V	p.Ile2768Val	6.195395334371682e-07	1	1614102	not_in_clinvar
15-48411306-T-C	2767	N	S	p.Asn2767Ser	3.902973322248063e-05	63	1614154	
15-48411307-T-C	2767	N	D	p.Asn2767Asp	1.4250186181780331e-05	23	1614014	
15-48411310-A-C	2766	F	V	p.Phe2766Val	6.195188073519536e-07	1	1614156	not_in_clinvar
15-48411312-G-T	2765	A	D	p.Ala2765Asp	1.2391020970563891e-06	2	1614072	not_in_clinvar
15-48411313-C-T	2765	A	T	p.Ala2765Thr	3.7174951517667396e-06	6	1613990	
15-48411319-T-C	2763	I	V	p.Ile2763Val	4.336685384626822e-06	7	1614136	
15-48411322-C-T	2762	A	T	p.Ala2762Thr	1.2390990263159852e-06	2	1614076	
15-48411322-C-A	2762	A	S	p.Ala2762Ser	6.195495131579926e-07	1	1614076	
15-48411334-C-T	2758	V	I	p.Val2758Ile	0.0	0	1614070	
15-48411335-A-T	2757	D	E	p.Asp2757Glu	1.2390468260576503e-06	2	1614144	not_in_clinvar
15-48411339-C-A	2756	W	L	p.Trp2756Leu	6.195671703747762e-07	1	1614030	
15-48411343-T-C	2755	S	G	p.Ser2755Gly	1.239051431785882e-06	2	1614138	
15-48411345-G-A	2754	A	V	p.Ala2754Val	1.8588120703820602e-06	3	1613934	vus
15-48411346-C-T	2754	A	T	p.Ala2754Thr	1.2391159155765545e-06	2	1614054	not_in_clinvar
15-48411346-C-G	2754	A	P	p.Ala2754Pro	6.195579577882773e-07	1	1614054	not_in_clinvar
15-48411349-G-C	2753	L	V	p.Leu2753Val	4.956801475144119e-06	8	1613944	vus
15-48411350-A-C	2752	S	R	p.Ser2752Arg	6.19577150985995e-07	1	1614004	not_in_clinvar
15-48411351-C-T	2752	S	N	p.Ser2752Asn	1.23912512809456e-06	2	1614042	vus
15-48411354-A-G	2751	V	A	p.Val2751Ala	6.19560260909217e-07	1	1614048	not_in_clinvar
15-48411357-T-C	2750	N	S	p.Asn2750Ser	3.0977514042107114e-06	5	1614074	
15-48411357-T-G	2750	N	T	p.Asn2750Thr	6.195502808421423e-07	1	1614074	
15-48411358-T-C	2750	N	D	p.Asn2750Asp	6.195387657796524e-07	1	1614104	not_in_clinvar
15-48411360-G-A	2749	A	V	p.Ala2749Val	6.195902030397095e-07	1	1613970	not_in_clinvar
15-48411361-C-T	2749	A	T	p.Ala2749Thr	6.19565634924667e-07	1	1614034	not_in_clinvar
15-48411363-T-C	2748	E	G	p.Glu2748Gly	1.2390913495315614e-06	2	1614086	not_in_clinvar
15-48411364-C-T	2748	E	K	p.Glu2748Lys	0.0	0	1614030	not_in_clinvar
15-48411367-T-C	2747	T	A	p.Thr2747Ala	6.195694735642097e-07	1	1614024	
15-48411368-C-G	2746	E	D	p.Glu2746Asp	6.195825252944566e-07	1	1613990	not_in_clinvar
15-48411372-G-T	2745	S	Y	p.Ser2745Tyr	6.196439525848447e-07	1	1613830	not_in_clinvar
15-48411372-G-A	2745	S	F	p.Ser2745Phe	6.196431846685405e-07	1	1613832	not_in_clinvar
15-48411373-A-G	2745	S	P	p.Ser2745Pro	6.196001843930149e-07	1	1613944	not_in_clinvar
15-48411374-C-G	2744	Q	H	p.Gln2744His	6.816243976918958e-06	11	1613792	
15-48411379-C-T	2743	D	N	p.Asp2743Asn	5.577514436466533e-06	9	1613622	
15-48412571-C-T	2742	E	K	p.Glu2742Lys	2.664373240274418e-05	43	1613888	
15-48412573-A-G	2741	I	T	p.Ile2741Thr	2.4784529496688168e-06	4	1613910	
15-48412573-A-T	2741	I	N	p.Ile2741Asn	6.196132374172042e-07	1	1613910	not_in_clinvar
15-48412576-T-C	2740	N	S	p.Asn2740Ser	4.212988892578696e-05	68	1614056	
15-48412577-T-C	2740	N	D	p.Asn2740Asp	3.717564251902154e-06	6	1613960	vus
15-48412579-G-A	2739	S	F	p.Ser2739Phe	1.2392203321358334e-06	2	1613918	not_in_clinvar
15-48412582-G-C	2738	A	G	p.Ala2738Gly	6.195571900851023e-07	1	1614056	not_in_clinvar
15-48412582-G-T	2738	A	D	p.Ala2738Asp	1.2391143801702047e-06	2	1614056	vus
15-48412583-C-A	2738	A	S	p.Ala2738Ser	6.195403010965864e-07	1	1614100	not_in_clinvar
15-48412584-A-C	2737	D	E	p.Asp2737Glu	4.956396105263941e-06	8	1614076	
15-48412585-T-C	2737	D	G	p.Asp2737Gly	6.195502808421423e-07	1	1614074	not_in_clinvar
15-48412588-G-C	2736	T	S	p.Thr2736Ser	2.6639803831918946e-05	43	1614126	
15-48412591-T-G	2735	E	A	p.Glu2735Ala	6.195295540378459e-07	1	1614128	not_in_clinvar
15-48412591-T-C	2735	E	G	p.Glu2735Gly	6.195295540378459e-07	1	1614128	not_in_clinvar
15-48412592-C-T	2735	E	K	p.Glu2735Lys	7.4348521084001435e-06	12	1614020	
15-48412594-T-G	2734	N	T	p.Asn2734Thr	6.195188073519536e-07	1	1614156	not_in_clinvar
15-48412595-T-C	2734	N	D	p.Asn2734Asp	3.0979932438963336e-06	5	1613948	vus
15-48412597-G-C	2733	T	R	p.Thr2733Arg	3.097805143100011e-06	5	1614046	
15-48412606-C-T	2730	R	Q	p.Arg2730Gln	3.4074716560312245e-05	55	1614100	
15-48412607-G-A	2730	R	W	p.Arg2730Trp	1.2390345442830946e-06	2	1614160	vus
15-48412610-T-G	2729	K	Q	p.Lys2729Gln	0.00014681886269276944	237	1614234	benign
15-48412612-C-T	2728	R	K	p.Arg2728Lys	6.194873370593432e-07	1	1614238	not_in_clinvar
15-48412612-C-G	2728	R	T	p.Arg2728Thr	6.194873370593432e-07	1	1614238	not_in_clinvar
15-48412613-T-C	2728	R	G	p.Arg2728Gly	6.194888721213901e-07	1	1614234	
15-48412615-C-T	2727	G	D	p.Gly2727Asp	1.8584827346953947e-06	3	1614220	vus
15-48412616-C-T	2727	G	S	p.Gly2727Ser	5.080280828011429e-05	82	1614084	vus
15-48412618-C-T	2726	R	Q	p.Arg2726Gln	2.849698241736185e-05	46	1614206	
15-48412619-G-A	2726	R	W	p.Arg2726Trp	0.0007564287148022134	1221	1614164	benign
15-48412619-G-C	2726	R	G	p.Arg2726Gly	6.195157369387497e-07	1	1614164	not_in_clinvar
15-48412625-G-T	2724	P	T	p.Pro2724Thr	6.194881045894157e-07	1	1614236	not_in_clinvar
15-48412633-T-C	2721	N	S	p.Asn2721Ser	3.0976439320253016e-06	5	1614130	
15-48412640-T-C	2719	K	E	p.Lys2719Glu	6.19485034480537e-07	1	1614244	vus
15-48412643-A-G	2718	C	R	p.Cys2718Arg	6.195533515977661e-07	1	1614066	not_in_clinvar
15-48412645-T-G	2717	E	A	p.Glu2717Ala	6.194980826534342e-07	1	1614210	not_in_clinvar
15-48412646-C-T	2717	E	K	p.Glu2717Lys	0.00012203749338705461	197	1614258	
15-48412654-G-A	2714	A	V	p.Ala2714Val	1.2390621786182473e-05	20	1614124	
15-48412654-G-C	2714	A	G	p.Ala2714Gly	3.7169148120294233e-06	6	1614242	not_in_clinvar
15-48412655-C-A	2714	A	S	p.Ala2714Ser	2.4780936521153005e-06	4	1614144	
15-48412655-C-G	2714	A	P	p.Ala2714Pro	6.194781268468192e-07	1	1614262	
15-48412657-T-G	2713	E	A	p.Glu2713Ala	6.19492709809791e-07	1	1614224	not_in_clinvar
15-48412658-C-T	2713	E	K	p.Glu2713Lys	1.8584228680172858e-06	3	1614272	
15-48412660-G-A	2712	P	L	p.Pro2712Leu	6.194896396552664e-07	1	1614232	not_in_clinvar
15-48412666-A-G	2710	L	P	p.Leu2710Pro	6.814647775637015e-06	11	1614170	
15-48412667-G-A	2710	L	F	p.Leu2710Phe	6.194750568368365e-07	1	1614270	
15-48412672-T-C	2708	N	S	p.Asn2708Ser	9.912620252474438e-06	16	1614104	
15-48412673-T-C	2708	N	D	p.Asn2708Asp	1.2389593237264428e-06	2	1614258	not_in_clinvar
15-48412674-G-T	2707	D	E	p.Asp2707Glu	6.19484266958072e-07	1	1614246	
15-48412688-C-T	2703	G	S	p.Gly2703Ser	1.1151683966232701e-05	18	1614106	vus
15-48412694-C-G	2701	V	L	p.Val2701Leu	6.194819644020884e-07	1	1614252	not_in_clinvar
15-48412694-C-T	2701	V	I	p.Val2701Ile	1.2389639288041768e-06	2	1614252	vus
15-48412696-G-A	2700	P	L	p.Pro2700Leu	1.238968533916144e-06	2	1614246	vus
15-48412697-G-A	2700	P	S	p.Pro2700Ser	4.955843434994201e-06	8	1614256	
15-48412701-C-G	2698	E	D	p.Glu2698Asp	2.4781059340724698e-06	4	1614136	
15-48412705-G-C	2697	P	R	p.Pro2697Arg	6.195333922303078e-07	1	1614118	not_in_clinvar
15-48412706-G-T	2697	P	T	p.Pro2697Thr	6.194873370593432e-07	1	1614238	
15-48412714-C-T	2694	R	Q	p.Arg2694Gln	7.43394935993696e-06	12	1614216	
15-48412715-G-C	2694	R	G	p.Arg2694Gly	1.8585011559877191e-06	3	1614204	vus
15-48412724-C-T	2691	G	S	p.Gly2691Ser	8.859382395725689e-05	143	1614108	
15-48412725-C-T	2690	M	I	p.Met2690Ile	6.194904071910447e-07	1	1614230	
15-48412726-A-C	2690	M	R	p.Met2690Arg	1.6107967992228525e-05	26	1614108	
15-48412726-A-T	2690	M	K	p.Met2690Lys	6.19491942268307e-07	1	1614226	
15-48412732-G-A	2688	S	F	p.Ser2688Phe	6.195395334371682e-07	1	1614102	not_in_clinvar
15-48412735-A-G	2687	V	A	p.Val2687Ala	6.194957799947467e-07	1	1614216	not_in_clinvar
15-48412736-C-A	2687	V	F	p.Val2687Phe	2.477970839239164e-06	4	1614224	vus
15-48412736-C-T	2687	V	I	p.Val2687Ile	1.238985419619582e-06	2	1614224	not_in_clinvar
15-48415537-C-G	2684	G	R	p.Gly2684Arg	1.242101785272896e-06	2	1610174	not_in_clinvar
15-48415546-T-G	2681	I	L	p.Ile2681Leu	6.198605809581309e-07	1	1613266	not_in_clinvar
15-48415546-T-C	2681	I	V	p.Ile2681Val	6.198605809581309e-07	1	1613266	
15-48415548-C-T	2680	R	H	p.Arg2680His	2.4796021726274238e-06	4	1613162	
15-48415548-C-A	2680	R	L	p.Arg2680Leu	6.198544333848639e-07	1	1613282	not_in_clinvar
15-48415557-C-T	2677	G	D	p.Gly2677Asp	1.2391711927394482e-06	2	1613982	not_in_clinvar
15-48415558-C-T	2677	G	S	p.Gly2677Ser	7.435110076804687e-06	12	1613964	vus
15-48415558-C-G	2677	G	R	p.Gly2677Arg	6.195472101169581e-07	1	1614082	not_in_clinvar
15-48415560-G-A	2676	P	L	p.Pro2676Leu	2.2922934333847137e-05	37	1614104	
15-48415561-G-A	2676	P	S	p.Pro2676Ser	7.435156144474997e-06	12	1613954	
15-48415564-G-T	2675	P	T	p.Pro2675Thr	6.195372304703279e-07	1	1614108	not_in_clinvar
15-48415564-G-A	2675	P	S	p.Pro2675Ser	6.195372304703279e-07	1	1614108	not_in_clinvar
15-48415588-C-T	2667	E	K	p.Glu2667Lys	2.4782103356240258e-05	40	1614068	
15-48415590-G-A	2666	T	I	p.Thr2666Ile	6.194888721213901e-07	1	1614234	not_in_clinvar
15-48415593-T-C	2665	N	S	p.Asn2665Ser	3.097475062228274e-06	5	1614218	vus
15-48415598-A-C	2663	C	W	p.Cys2663Trp	1.0533646946853415e-05	17	1613876	not_in_clinvar
15-48415602-C-A	2662	G	V	p.Gly2662Val	6.19498850210134e-07	1	1614208	not_in_clinvar
15-48415611-C-T	2659	C	Y	p.Cys2659Tyr	6.194881045894157e-07	1	1614236	
15-48415614-G-A	2658	P	L	p.Pro2658Leu	1.2389884897969299e-06	2	1614220	
15-48415615-G-A	2658	P	S	p.Pro2658Ser	6.194865695311726e-07	1	1614240	
15-48415617-G-A	2657	A	V	p.Ala2657Val	3.0974405229470786e-06	5	1614236	
15-48415623-G-A	2655	A	V	p.Ala2655Val	0.00015673204395931162	253	1614220	benign
15-48415624-C-T	2655	A	T	p.Ala2655Thr	2.4780967225931795e-06	4	1614142	not_in_clinvar
15-48415626-G-C	2654	S	C	p.Ser2654Cys	6.194911747287248e-07	1	1614228	not_in_clinvar
15-48415630-C-T	2653	G	S	p.Gly2653Ser	1.238985419619582e-06	2	1614224	
15-48415632-C-A	2652	C	F	p.Cys2652Phe	6.194804293742752e-07	1	1614256	not_in_clinvar
15-48415638-T-C	2650	N	S	p.Asn2650Ser	3.097463549048955e-06	5	1614224	vus
15-48415645-C-A	2648	D	Y	p.Asp2648Tyr	6.194980826534342e-07	1	1614210	not_in_clinvar
15-48415654-C-G	2645	G	R	p.Gly2645Arg	6.19492709809791e-07	1	1614224	not_in_clinvar
15-48415659-C-T	2643	S	N	p.Ser2643Asn	6.194904071910447e-07	1	1614230	not_in_clinvar
15-48415665-T-G	2641	Q	P	p.Gln2641Pro	6.19493477353177e-07	1	1614222	
15-48415668-T-G	2640	E	A	p.Glu2640Ala	4.956033785282314e-06	8	1614194	vus
15-48415669-C-T	2640	E	K	p.Glu2640Lys	6.19493477353177e-07	1	1614222	vus
15-48415681-C-T	2636	G	S	p.Gly2636Ser	4.336884208908951e-06	7	1614062	
15-48415683-G-A	2635	A	V	p.Ala2635Val	6.194973150986364e-07	1	1614212	not_in_clinvar
15-48415684-C-T	2635	A	T	p.Ala2635Thr	2.540190774522754e-05	41	1614052	benign
15-48415687-G-T	2634	P	T	p.Pro2634Thr	3.716983890591818e-06	6	1614212	not_in_clinvar
15-48415687-G-C	2634	P	A	p.Pro2634Ala	6.194973150986364e-07	1	1614212	not_in_clinvar
15-48415692-A-C	2632	M	R	p.Met2632Arg	1.2389823494574496e-06	2	1614228	not_in_clinvar
15-48415692-A-G	2632	M	T	p.Met2632Thr	1.2389823494574496e-06	2	1614228	vus
15-48415693-T-C	2632	M	V	p.Met2632Val	1.8584758268049209e-06	3	1614226	not_in_clinvar
15-48415696-A-T	2631	C	S	p.Cys2631Ser	0.0	0	1614208	
15-48415697-C-G	2630	K	N	p.Lys2630Asn	6.194811968872308e-07	1	1614254	not_in_clinvar
15-48415710-A-T	2626	L	Q	p.Leu2626Gln	6.194858020049038e-07	1	1614242	
15-48415711-G-C	2626	L	V	p.Leu2626Val	4.955892556249381e-06	8	1614240	vus
15-48415713-G-A	2625	T	I	p.Thr2625Ile	6.19484266958072e-07	1	1614246	not_in_clinvar
15-48415713-G-T	2625	T	N	p.Thr2625Asn	3.716905601748432e-06	6	1614246	not_in_clinvar
15-48415729-C-T	2620	A	T	p.Ala2620Thr	6.195272511451961e-07	1	1614134	
15-48415729-C-A	2620	A	S	p.Ala2620Ser	6.194819644020884e-07	1	1614252	not_in_clinvar
15-48415729-C-G	2620	A	P	p.Ala2620Pro	1.2390545022903922e-06	2	1614134	
15-48415731-C-T	2619	G	E	p.Gly2619Glu	7.433875675863197e-06	12	1614232	vus
15-48415734-C-G	2618	G	A	p.Gly2618Ala	6.194873370593432e-07	1	1614238	not_in_clinvar
15-48415735-C-T	2618	G	R	p.Gly2618Arg	0.00018894831984675982	305	1614198	
15-48415739-G-C	2616	I	M	p.Ile2616Met	8.673456744232152e-06	14	1614120	
15-48415741-T-C	2616	I	V	p.Ile2616Val	0.00017161564044230988	277	1614072	
15-48415742-G-C	2615	H	Q	p.His2615Gln	6.19493477353177e-07	1	1614222	
15-48415744-G-A	2615	H	Y	p.His2615Tyr	3.7173385343029805e-06	6	1614058	not_in_clinvar
15-48415746-G-A	2614	A	V	p.Ala2614Val	6.195111313760086e-07	1	1614176	not_in_clinvar
15-48415747-C-T	2614	A	T	p.Ala2614Thr	6.195525839060064e-06	10	1614068	
15-48415747-C-G	2614	A	P	p.Ala2614Pro	1.239105167812013e-06	2	1614068	
15-48415749-C-T	2613	S	N	p.Ser2613Asn	1.2390145869187318e-06	2	1614186	not_in_clinvar
15-48415753-G-A	2612	L	F	p.Leu2612Phe	1.858754485794159e-06	3	1613984	vus
15-48420696-G-T	2604	Q	K	p.Gln2604Lys	6.195479777954005e-07	1	1614080	not_in_clinvar
15-48420699-T-C	2603	N	D	p.Asn2603Asp	6.19577150985995e-07	1	1614004	not_in_clinvar
15-48420699-T-A	2603	N	Y	p.Asn2603Tyr	6.195318569476161e-07	1	1614122	not_in_clinvar
15-48420704-T-G	2601	Q	P	p.Gln2601Pro	6.195126665559804e-07	1	1614172	not_in_clinvar
15-48420704-T-C	2601	Q	R	p.Gln2601Arg	6.195126665559804e-07	1	1614172	vus
15-48420713-T-C	2598	Q	R	p.Gln2598Arg	6.195149693402042e-07	1	1614166	not_in_clinvar
15-48420725-T-G	2594	Q	P	p.Gln2594Pro	6.19528018774177e-07	1	1614132	not_in_clinvar
15-48420734-C-G	2591	S	T	p.Ser2591Thr	6.195211101818295e-07	1	1614150	not_in_clinvar
15-48420740-C-T	2589	R	K	p.Arg2589Lys	6.195303216725336e-07	1	1614126	not_in_clinvar
15-48420743-T-C	2588	Y	C	p.Tyr2588Cys	6.195871319187746e-07	1	1613978	
15-48420744-A-G	2588	Y	H	p.Tyr2588His	6.195940419836922e-07	1	1613960	
15-48420746-C-T	2587	G	D	p.Gly2587Asp	2.478262539698668e-06	4	1614034	not_in_clinvar
15-48420747-C-T	2587	G	S	p.Gly2587Ser	6.195510485281946e-07	1	1614072	vus
15-48420767-C-T	2580	G	D	p.Gly2580Asp	6.195426040862552e-07	1	1614094	
15-48420771-G-A	2579	H	Y	p.His2579Tyr	1.8587706091191285e-06	3	1613970	
15-48420774-G-T	2578	Q	K	p.Gln2578Lys	6.195479777954005e-07	1	1614080	
15-48420779-C-A	2576	R	L	p.Arg2576Leu	6.195871319187746e-07	1	1613978	not_in_clinvar
15-48420779-C-T	2576	R	H	p.Arg2576His	5.576284187268972e-06	9	1613978	
15-48420780-G-C	2576	R	G	p.Arg2576Gly	6.195825252944566e-07	1	1613990	
15-48420781-G-T	2575	H	Q	p.His2575Gln	1.2391281989643366e-06	2	1614038	not_in_clinvar
15-48420784-G-T	2574	N	K	p.Asn2574Lys	1.239131269849334e-06	2	1614034	not_in_clinvar
15-48420786-T-C	2574	N	D	p.Asn2574Asp	6.195840608282848e-07	1	1613986	not_in_clinvar
15-48420788-C-T	2573	G	D	p.Gly2573Asp	6.195694735642097e-07	1	1614024	vus
15-48420789-C-T	2573	G	S	p.Gly2573Ser	1.2391189864006692e-06	2	1614050	not_in_clinvar
15-48420801-C-T	2569	D	N	p.Asp2569Asn	6.196178444982273e-07	1	1613898	
15-48420803-A-G	2568	V	A	p.Val2568Ala	6.196201480644306e-07	1	1613892	not_in_clinvar
15-48420804-C-T	2568	V	M	p.Val2568Met	4.399793767413268e-05	71	1613712	vus
15-48421560-T-G	2566	E	A	p.Glu2566Ala	6.201773459138375e-07	1	1612442	vus
15-48421572-C-A	2562	G	V	p.Gly2562Val	0.0	0	1612904	not_in_clinvar
15-48421573-C-T	2562	G	S	p.Gly2562Ser	1.1159939289930263e-05	18	1612912	vus
15-48421573-C-A	2562	G	C	p.Gly2562Cys	6.199512718300342e-07	1	1613030	
15-48421575-G-A	2561	T	I	p.Thr2561Ile	6.198774874133876e-07	1	1613222	
15-48421577-C-A	2560	Q	H	p.Gln2560His	5.579021885882967e-06	9	1613186	
15-48421581-T-A	2559	D	V	p.Asp2559Val	6.197937326457755e-07	1	1613440	
15-48421581-T-G	2559	D	A	p.Asp2559Ala	6.197937326457755e-07	1	1613440	not_in_clinvar
15-48421587-G-A	2557	S	L	p.Ser2557Leu	6.197238262740592e-07	1	1613622	not_in_clinvar
15-48421596-C-T	2554	R	Q	p.Arg2554Gln	6.321402409321962e-05	102	1613566	
15-48421596-C-A	2554	R	L	p.Arg2554Leu	6.197000156164404e-07	1	1613684	not_in_clinvar
15-48421596-C-G	2554	R	P	p.Arg2554Pro	1.8591000468493213e-06	3	1613684	not_in_clinvar
15-48421597-G-A	2554	R	W	p.Arg2554Trp	8.056529569322719e-05	130	1613598	
15-48421598-C-G	2553	Q	H	p.Gln2553His	1.23937545392126e-06	2	1613716	
15-48421605-T-G	2551	E	A	p.Glu2551Ala	6.196216837847483e-07	1	1613888	not_in_clinvar
15-48421612-T-A	2549	T	S	p.Thr2549Ser	6.196355056101799e-07	1	1613852	not_in_clinvar
15-48421623-G-A	2545	P	L	p.Pro2545Leu	6.196255231188479e-07	1	1613878	not_in_clinvar
15-48421631-C-G	2542	Q	H	p.Gln2542His	6.19610933902384e-07	1	1613916	not_in_clinvar
15-48421638-A-C	2540	I	S	p.Ile2540Ser	6.196485601226409e-07	1	1613818	not_in_clinvar
15-48421639-T-C	2540	I	V	p.Ile2540Val	1.23918654838218e-06	2	1613962	not_in_clinvar
15-48421641-C-G	2539	G	A	p.Gly2539Ala	6.196285946203845e-07	1	1613870	not_in_clinvar
15-48421644-T-C	2538	K	R	p.Lys2538Arg	6.196124695770277e-07	1	1613912	not_in_clinvar
15-48421647-G-A	2537	S	F	p.Ser2537Phe	6.196239873794987e-07	1	1613882	not_in_clinvar
15-48421650-C-G	2536	G	A	p.Gly2536Ala	6.196347377148118e-07	1	1613854	not_in_clinvar
15-48421651-C-A	2536	G	W	p.Gly2536Trp	6.19652399789814e-07	1	1613808	
15-48421654-A-G	2535	C	R	p.Cys2535Arg	6.196308982665206e-07	1	1613864	
15-48421659-T-C	2533	N	S	p.Asn2533Ser	1.1773731194562767e-05	19	1613762	
15-48421663-T-C	2532	I	V	p.Ile2532Val	1.2393017278344689e-06	2	1613812	not_in_clinvar
15-48421666-C-G	2531	D	H	p.Asp2531His	1.239327838153699e-06	2	1613778	
15-48421671-G-A	2529	T	I	p.Thr2529Ile	6.196769747865833e-07	1	1613744	
15-48421683-T-A	2525	N	I	p.Asn2525Ile	6.19724594390253e-07	1	1613620	not_in_clinvar
15-48421954-A-G	2523	I	T	p.Ile2523Thr	1.8701936024417247e-06	3	1604112	not_in_clinvar
15-48421955-T-G	2523	I	L	p.Ile2523Leu	3.7379917016584223e-06	6	1605140	vus
15-48421963-G-A	2520	T	M	p.Thr2520Met	4.598689746289044e-05	74	1609154	
15-48421963-G-T	2520	T	K	p.Thr2520Lys	4.350111922165312e-06	7	1609154	not_in_clinvar
15-48421966-T-C	2519	H	R	p.His2519Arg	6.20004315230034e-07	1	1612892	not_in_clinvar
15-48421969-T-C	2518	H	R	p.His2518Arg	1.2397795671929531e-06	2	1613190	
15-48421972-T-C	2517	Q	R	p.Gln2517Arg	1.859342016047361e-06	3	1613474	
15-48421975-G-A	2516	T	I	p.Thr2516Ile	5.577196454886058e-06	9	1613714	vus
15-48421985-G-C	2513	P	A	p.Pro2513Ala	1.2391328052975407e-06	2	1614032	
15-48421988-G-A	2512	P	S	p.Pro2512Ser	1.2391527664705087e-06	2	1614006	not_in_clinvar
15-48421993-T-C	2510	K	R	p.Lys2510Arg	3.0359280398313758e-05	49	1614004	
15-48421999-G-A	2508	T	I	p.Thr2508Ile	1.8586024796235216e-06	3	1614116	
15-48421999-G-C	2508	T	R	p.Thr2508Arg	6.195794542496335e-07	1	1613998	not_in_clinvar
15-48422003-A-G	2507	F	L	p.Phe2507Leu	3.7171128441117215e-06	6	1614156	not_in_clinvar
15-48422005-C-T	2506	G	D	p.Gly2506Asp	6.195479777954005e-07	1	1614080	not_in_clinvar
15-48422006-C-T	2506	G	S	p.Gly2506Ser	3.2219449146556364e-05	52	1613932	
15-48422012-T-A	2504	I	F	p.Ile2504Phe	1.2390529670362349e-06	2	1614136	vus
15-48422012-T-C	2504	I	V	p.Ile2504Val	4.336685384626822e-06	7	1614136	not_in_clinvar
15-48422014-G-A	2503	T	I	p.Thr2503Ile	1.2390591080756917e-06	2	1614128	vus
15-48422021-C-G	2501	V	L	p.Val2501Leu	2.478397666340757e-06	4	1613946	
15-48422031-C-A	2497	Q	H	p.Gln2497His	6.195518162161492e-07	1	1614070	not_in_clinvar
15-48422032-T-A	2497	Q	L	p.Gln2497Leu	1.2391942263462607e-06	2	1613952	not_in_clinvar
15-48422038-T-C	2495	N	S	p.Asn2495Ser	6.195671703747762e-07	1	1614030	vus
15-48422039-T-C	2495	N	D	p.Asn2495Asp	6.195610286200021e-07	1	1614046	not_in_clinvar
15-48422040-G-T	2494	H	Q	p.His2494Gln	6.196201480644306e-06	10	1613892	not_in_clinvar
15-48422044-T-A	2493	Q	L	p.Gln2493Leu	1.8590516605669116e-06	3	1613726	not_in_clinvar
15-48422047-T-C	2492	K	R	p.Lys2492Arg	1.8595079741900294e-06	3	1613330	vus
15-48422050-G-C	2491	T	S	p.Thr2491Ser	6.200127722631086e-07	1	1612870	not_in_clinvar
15-48422051-T-C	2491	T	A	p.Thr2491Ala	1.859959899264572e-06	3	1612938	
15-48422058-C-G	2488	E	D	p.Glu2488Asp	6.204143623443225e-07	1	1611826	not_in_clinvar
15-48422063-C-A	2487	D	Y	p.Asp2487Tyr	0.0	0	1608162	
15-48422065-A-T	2486	L	H	p.Leu2486His	6.215774392252659e-07	1	1608810	not_in_clinvar
15-48422066-G-T	2486	L	I	p.Leu2486Ile	0.0	0	1608330	not_in_clinvar
15-48422067-A-C	2485	D	E	p.Asp2485Glu	1.9271583863094668e-05	31	1608586	vus
15-48425371-T-C	2484	K	R	p.Lys2484Arg	2.9738634575375668e-05	48	1614062	
15-48425383-C-T	2480	G	E	p.Gly2480Glu	1.858514972196616e-06	3	1614192	not_in_clinvar
15-48425386-T-A	2479	D	V	p.Asp2479Val	6.195065258817436e-07	1	1614188	not_in_clinvar
15-48425392-T-C	2477	Q	R	p.Gln2477Arg	1.79667355185014e-05	29	1614094	vus
15-48425397-A-C	2475	I	M	p.Ile2475Met	1.2391128447676602e-06	2	1614058	vus
15-48425399-T-A	2475	I	F	p.Ile2475Phe	1.2389900248913096e-06	2	1614218	not_in_clinvar
15-48425399-T-C	2475	I	V	p.Ile2475Val	1.8584850373369644e-06	3	1614218	
15-48425399-T-G	2475	I	L	p.Ile2475Leu	6.194950124456548e-07	1	1614218	not_in_clinvar
15-48425405-C-T	2473	G	S	p.Gly2473Ser	6.1951957496001e-07	1	1614154	not_in_clinvar
15-48425410-G-A	2471	P	L	p.Pro2471Leu	7.434944237918216e-06	12	1614000	
15-48425410-G-C	2471	P	R	p.Pro2471Arg	2.540272614622057e-05	41	1614000	
15-48425416-G-A	2469	S	L	p.Ser2469Leu	6.195019204559534e-07	1	1614200	
15-48425421-C-G	2467	Q	H	p.Gln2467His	1.2390099814644106e-06	2	1614192	not_in_clinvar
15-48425422-T-C	2467	Q	R	p.Gln2467Arg	3.5314497282642366e-05	57	1614068	
15-48425428-C-T	2465	S	N	p.Ser2465Asn	6.195088286203166e-07	1	1614182	not_in_clinvar
15-48425431-C-T	2464	G	E	p.Gly2464Glu	6.195403010965864e-07	1	1614100	not_in_clinvar
15-48425432-C-A	2464	G	W	p.Gly2464Trp	6.195142017435608e-07	1	1614168	not_in_clinvar
15-48425438-T-C	2462	T	A	p.Thr2462Ala	6.195180397457993e-07	1	1614158	vus
15-48425443-T-C	2460	K	R	p.Lys2460Arg	0.00010594322929832127	171	1614072	vus
15-48425447-A-G	2459	C	R	p.Cys2459Arg	6.195157369387497e-07	1	1614164	not_in_clinvar
15-48425455-T-C	2456	N	S	p.Asn2456Ser	6.195441394222132e-07	1	1614090	vus
15-48425456-T-G	2456	N	H	p.Asn2456His	1.2390468260576503e-06	2	1614144	vus
15-48425461-G-A	2454	P	L	p.Pro2454Leu	6.195717767707671e-07	1	1614018	
15-48425462-G-T	2454	P	T	p.Pro2454Thr	5.576187449117289e-06	9	1614006	vus
15-48425462-G-C	2454	P	A	p.Pro2454Ala	2.4781243572364948e-06	4	1614124	not_in_clinvar
15-48425467-G-T	2452	P	H	p.Pro2452His	6.195287864050603e-07	1	1614130	not_in_clinvar
15-48425467-G-A	2452	P	L	p.Pro2452Leu	1.2390575728101207e-06	2	1614130	not_in_clinvar
15-48425468-G-A	2452	P	S	p.Pro2452Ser	1.239051431785882e-06	2	1614138	not_in_clinvar
15-48425470-G-A	2451	A	V	p.Ala2451Val	1.2391358762053693e-06	2	1614028	
15-48425474-G-C	2450	Q	E	p.Gln2450Glu	6.195349275206088e-07	1	1614114	not_in_clinvar
15-48425476-T-A	2449	N	I	p.Asn2449Ile	1.85855872488003e-06	3	1614154	not_in_clinvar
15-48425476-T-C	2449	N	S	p.Asn2449Ser	7.496186857016122e-05	121	1614154	benign
15-48425486-T-C	2446	N	D	p.Asn2446Asp	1.2390299386804083e-06	2	1614166	
15-48425489-G-C	2445	L	V	p.Leu2445Val	6.195295540378459e-07	1	1614128	not_in_clinvar
15-48425739-C-T	2444	D	N	p.Asp2444Asn	6.198590440533823e-07	1	1613270	not_in_clinvar
15-48425741-A-G	2443	V	A	p.Val2443Ala	1.859395027233939e-06	3	1613428	vus
15-48425742-C-G	2443	V	L	p.Val2443Leu	6.198413701965393e-07	1	1613316	
15-48425742-C-T	2443	V	I	p.Val2443Ile	1.8595241105896179e-06	3	1613316	
15-48425753-C-A	2439	G	V	p.Gly2439Val	6.198175505058332e-07	1	1613378	not_in_clinvar
15-48425754-C-T	2439	G	R	p.Gly2439Arg	1.859397332136708e-06	3	1613426	not_in_clinvar
15-48425756-G-A	2438	T	I	p.Thr2438Ile	6.198344546138617e-07	1	1613334	not_in_clinvar
15-48425757-T-G	2438	T	P	p.Thr2438Pro	6.197322756569162e-07	1	1613600	not_in_clinvar
15-48425757-T-A	2438	T	S	p.Thr2438Ser	6.197322756569162e-07	1	1613600	not_in_clinvar
15-48425759-A-G	2437	I	T	p.Ile2437Thr	6.197238262740592e-07	1	1613622	
15-48425760-T-C	2437	I	V	p.Ile2437Val	1.2393954229127033e-06	2	1613690	
15-48425765-G-A	2435	P	L	p.Pro2435Leu	6.198651917181051e-07	1	1613254	not_in_clinvar
15-48425766-G-T	2435	P	T	p.Pro2435Thr	6.198559702667488e-07	1	1613278	not_in_clinvar
15-48425766-G-C	2435	P	A	p.Pro2435Ala	6.198106354546559e-07	1	1613396	
15-48425768-G-C	2434	T	S	p.Thr2434Ser	1.4875289293386571e-05	24	1613414	
15-48425769-T-C	2434	T	A	p.Thr2434Ala	6.198321494539278e-07	1	1613340	not_in_clinvar
15-48425774-C-T	2432	G	E	p.Gly2432Glu	6.198052571881914e-07	1	1613410	not_in_clinvar
15-48425774-C-G	2432	G	A	p.Gly2432Ala	1.2396105143763829e-06	2	1613410	vus
15-48425775-C-G	2432	G	R	p.Gly2432Arg	4.33838403871326e-06	7	1613504	not_in_clinvar
15-48425778-T-C	2431	T	A	p.Thr2431Ala	6.197845133204088e-07	1	1613464	not_in_clinvar
15-48425780-T-C	2430	K	R	p.Lys2430Arg	6.197591615898062e-07	1	1613530	not_in_clinvar
15-48425786-A-G	2428	I	T	p.Ile2428Thr	4.339648141328701e-06	7	1613034	
15-48425787-T-C	2428	I	V	p.Ile2428Val	6.199973960109368e-07	1	1612910	not_in_clinvar
15-48425792-T-C	2426	H	R	p.His2426Arg	1.239799549208884e-06	2	1613164	not_in_clinvar
15-48425793-G-A	2426	H	Y	p.His2426Tyr	6.82136700194719e-06	11	1612580	
15-48425795-T-C	2425	Y	C	p.Tyr2425Cys	0.0	0	1610380	
15-48425801-C-A	2423	G	V	p.Gly2423Val	6.214399260237912e-07	1	1609166	not_in_clinvar
15-48425804-C-T	2422	R	K	p.Arg2422Lys	6.213403056000159e-07	1	1609424	not_in_clinvar
15-48425805-T-C	2422	R	G	p.Arg2422Gly	1.2401347282368757e-06	2	1612728	not_in_clinvar
15-48425807-T-C	2421	D	G	p.Asp2421Gly	1.2402116297124942e-06	2	1612628	not_in_clinvar
15-48425808-C-T	2421	D	N	p.Asp2421Asn	2.1707876485904147e-05	35	1612318	
15-48425814-C-T	2419	V	I	p.Val2419Ile	6.204328387656365e-07	1	1611778	
15-48425818-T-G	2417	E	D	p.Glu2417Asp	6.203435462559165e-07	1	1612010	
15-48425826-T-A	2415	N	Y	p.Asn2415Tyr	6.20090433988893e-07	1	1612668	not_in_clinvar
15-48425828-C-T	2414	R	Q	p.Arg2414Gln	3.7844430850780026e-05	61	1611862	
15-48425834-A-G	2412	V	A	p.Val2412Ala	6.202735158095314e-07	1	1612192	
15-48425838-C-G	2411	D	H	p.Asp2411His	6.206407743610814e-07	1	1611238	not_in_clinvar
15-48425838-C-T	2411	D	N	p.Asp2411Asn	2.048264561298972e-05	33	1611120	
15-48425840-T-C	2410	H	R	p.His2410Arg	6.206739028968092e-07	1	1611152	not_in_clinvar
15-48425841-G-C	2410	H	D	p.His2410Asp	3.104398435879892e-06	5	1610618	vus
15-48425841-G-A	2410	H	Y	p.His2410Tyr	1.8625026075036504e-06	3	1610736	vus
15-48425843-A-G	2409	I	T	p.Ile2409Thr	6.208288064566196e-07	1	1610750	not_in_clinvar
15-48425847-C-A	2408	V	F	p.Val2408Phe	6.209861010890855e-07	1	1610342	not_in_clinvar
15-48425850-T-C	2407	K	E	p.Lys2407Glu	2.484848635445372e-06	4	1609756	not_in_clinvar
15-48425859-C-T	2404	D	N	p.Asp2404Asn	3.8575782123982566e-05	62	1607226	
15-48425862-T-C	2403	I	V	p.Ile2403Val	6.224642363173024e-07	1	1606518	not_in_clinvar
15-48425862-T-G	2403	I	L	p.Ile2403Leu	6.224185191916527e-07	1	1606636	not_in_clinvar
15-48425863-A-C	2402	D	E	p.Asp2402Glu	6.223720340860715e-07	1	1606756	not_in_clinvar
15-48427569-G-C	2401	A	G	p.Ala2401Gly	6.200504473043926e-07	1	1612772	not_in_clinvar
15-48427570-C-A	2401	A	S	p.Ala2401Ser	3.71812636176378e-06	6	1613716	
15-48427573-C-T	2400	G	R	p.Gly2400Arg	8.674456328449615e-06	14	1613934	vus
15-48427575-T-C	2399	N	S	p.Asn2399Ser	2.4784468069550174e-06	4	1613914	
15-48427578-G-C	2398	T	S	p.Thr2398Ser	2.478456021037135e-06	4	1613908	
15-48427580-C-A	2397	M	I	p.Met2397Ile	1.8585932679273712e-06	3	1614124	vus
15-48427581-A-T	2397	M	K	p.Met2397Lys	1.2390284034871216e-06	2	1614168	not_in_clinvar
15-48427582-T-C	2397	M	V	p.Met2397Val	4.336954070417264e-05	70	1614036	
15-48427585-A-G	2396	F	L	p.Phe2396Leu	2.4782287603404094e-06	4	1614056	vus
15-48427588-C-T	2395	G	R	p.Gly2395Arg	1.2391389471284194e-06	2	1614024	
15-48427590-C-T	2394	R	Q	p.Arg2394Gln	5.5758074388705645e-06	9	1614116	
15-48427591-G-C	2394	R	G	p.Arg2394Gly	2.478185769761673e-06	4	1614084	
15-48427595-A-T	2392	H	Q	p.His2392Gln	6.194980826534342e-07	1	1614210	
15-48427596-T-C	2392	H	R	p.His2392Arg	1.8585310913666275e-06	3	1614178	
15-48427600-G-C	2391	P	A	p.Pro2391Ala	6.195165045391975e-07	1	1614162	not_in_clinvar
15-48427600-G-A	2391	P	S	p.Pro2391Ser	1.2391235926653797e-06	2	1614044	
15-48427608-T-G	2388	K	T	p.Lys2388Thr	6.195103637888758e-07	1	1614178	not_in_clinvar
15-48427611-T-C	2387	K	R	p.Lys2387Arg	6.195042231602893e-07	1	1614194	
15-48427618-C-G	2385	A	P	p.Ala2385Pro	6.195126665559804e-07	1	1614172	not_in_clinvar
15-48427621-C-T	2384	V	M	p.Val2384Met	7.434133576512103e-06	12	1614176	
15-48427627-C-T	2382	G	R	p.Gly2382Arg	6.195249482696668e-07	1	1614140	not_in_clinvar
15-48427629-T-C	2381	Q	R	p.Gln2381Arg	6.195095962036452e-07	1	1614180	
15-48427635-G-A	2379	P	L	p.Pro2379Leu	1.2390207275777517e-06	2	1614178	vus
15-48427641-A-G	2377	I	T	p.Ile2377Thr	6.195126665559804e-07	1	1614172	not_in_clinvar
15-48427642-T-C	2377	I	V	p.Ile2377Val	3.717343140510614e-06	6	1614056	
15-48427644-T-C	2376	E	G	p.Glu2376Gly	6.195111313760086e-07	1	1614176	not_in_clinvar
15-48427646-A-C	2375	C	W	p.Cys2375Trp	3.719606168098922e-06	6	1613074	not_in_clinvar
15-48427647-C-T	2375	C	Y	p.Cys2375Tyr	6.195188073519536e-07	1	1614156	not_in_clinvar
15-48427653-G-A	2373	P	L	p.Pro2373Leu	6.195387657796524e-07	1	1614104	vus
15-48427653-G-C	2373	P	R	p.Pro2373Arg	6.195387657796524e-07	1	1614104	
15-48427654-G-C	2373	P	A	p.Pro2373Ala	1.2390345442830946e-06	2	1614160	not_in_clinvar
15-48427656-C-T	2372	G	D	p.Gly2372Asp	1.2390437555911849e-06	2	1614148	vus
15-48427662-C-A	2370	G	V	p.Gly2370Val	6.195149693402042e-07	1	1614166	not_in_clinvar
15-48427663-C-T	2370	G	S	p.Gly2370Ser	1.239120521818434e-06	2	1614048	not_in_clinvar
15-48427669-C-T	2368	G	R	p.Gly2368Arg	6.195142017435608e-07	1	1614168	not_in_clinvar
15-48427672-C-T	2367	G	R	p.Gly2367Arg	1.9826419695565325e-05	32	1614008	vus
15-48427675-C-T	2366	D	N	p.Asp2366Asn	3.097628579464705e-06	5	1614138	
15-48427680-C-A	2364	C	F	p.Cys2364Phe	6.195318569476161e-07	1	1614122	not_in_clinvar
15-48427687-C-G	2362	E	Q	p.Glu2362Gln	2.478158133748673e-06	4	1614102	not_in_clinvar
15-48427689-G-A	2361	S	L	p.Ser2361Leu	1.6109285392100005e-05	26	1613976	vus
15-48427689-G-C	2361	S	W	p.Ser2361Trp	2.478351598784616e-06	4	1613976	vus
15-48427693-T-G	2360	K	Q	p.Lys2360Gln	1.2391742638375492e-06	2	1613978	
15-48427699-C-A	2358	V	F	p.Val2358Phe	6.195449070930457e-07	1	1614088	not_in_clinvar
15-48427699-C-T	2358	V	I	p.Val2358Ile	0.00010346399948453864	167	1614088	
15-48427701-G-C	2357	P	R	p.Pro2357Arg	1.8587567891091721e-06	3	1613982	not_in_clinvar
15-48427707-C-T	2355	R	K	p.Arg2355Lys	4.336722998633313e-06	7	1614122	
15-48427714-T-C	2353	S	G	p.Ser2353Gly	1.2391450890201832e-06	2	1614016	vus
15-48427716-G-A	2352	S	F	p.Ser2352Phe	6.195364628185191e-07	1	1614110	not_in_clinvar
15-48427719-C-A	2351	G	V	p.Gly2351Val	6.195541192914283e-07	1	1614064	not_in_clinvar
15-48427719-C-T	2351	G	D	p.Gly2351Asp	6.195541192914283e-07	1	1614064	not_in_clinvar
15-48427720-C-T	2351	G	S	p.Gly2351Ser	1.3011619996257611e-05	21	1613942	
15-48427720-C-G	2351	G	R	p.Gly2351Arg	1.2391113093689205e-06	2	1614060	
15-48427721-G-C	2350	I	M	p.Ile2350Met	5.576387839013401e-06	9	1613948	
15-48427723-T-C	2350	I	V	p.Ile2350Val	1.0531950219807996e-05	17	1614136	
15-48427726-G-C	2349	Q	E	p.Gln2349Glu	6.19543371753283e-07	1	1614092	not_in_clinvar
15-48427730-C-T	2347	M	I	p.Met2347Ile	6.195464424404182e-07	1	1614084	
15-48427731-A-G	2347	M	T	p.Met2347Thr	6.196040234606868e-07	1	1613934	
15-48427732-T-C	2347	M	V	p.Met2347Val	1.8586047825618264e-06	3	1614114	
15-48427732-T-G	2347	M	L	p.Met2347Leu	1.2390698550412176e-06	2	1614114	
15-48427743-A-G	2343	V	A	p.Val2343Ala	0.0	0	1614008	not_in_clinvar
15-48427744-C-A	2343	V	L	p.Val2343Leu	1.8586830858600066e-06	3	1614046	vus
15-48427747-C-G	2342	E	Q	p.Glu2342Gln	6.195502808421423e-07	1	1614074	not_in_clinvar
15-48427750-T-A	2341	T	S	p.Thr2341Ser	6.195763832352544e-07	1	1614006	
15-48427751-G-C	2340	F	L	p.Phe2340Leu	6.195579577882773e-07	1	1614054	
15-48427753-A-C	2340	F	V	p.Phe2340Val	6.195395334371682e-07	1	1614102	not_in_clinvar
15-48427755-C-A	2339	C	F	p.Cys2339Phe	6.195717767707671e-07	1	1614018	not_in_clinvar
15-48427758-T-G	2338	Y	S	p.Tyr2338Ser	6.195986487792667e-07	1	1613948	not_in_clinvar
15-48427764-T-A	2336	E	V	p.Glu2336Val	6.196308982665206e-07	1	1613864	vus
15-48427767-C-T	2335	R	Q	p.Arg2335Gln	1.2397027192879147e-06	2	1613290	vus
15-48427767-C-A	2335	R	L	p.Arg2335Leu	0.0	0	1613286	not_in_clinvar
15-48427771-T-A	2334	N	Y	p.Asn2334Tyr	7.438133326060492e-06	12	1613308	vus
15-48427773-T-C	2333	D	G	p.Asp2333Gly	6.197307393883505e-07	1	1613604	not_in_clinvar
15-48428349-G-A	2332	L	F	p.Leu2332Phe	1.8588189807723764e-06	3	1613928	
15-48428354-T-C	2330	E	G	p.Glu2330Gly	1.239158908499267e-06	2	1613998	vus
15-48428355-C-T	2330	E	K	p.Glu2330Lys	1.487007273943915e-05	24	1613980	vus
15-48428355-C-G	2330	E	Q	p.Glu2330Gln	6.195410687579069e-07	1	1614098	not_in_clinvar
15-48428356-G-C	2329	D	E	p.Asp2329Glu	0.00021621956508270862	349	1614100	benign
15-48428357-T-C	2329	D	G	p.Asp2329Gly	6.195410687579069e-07	1	1614098	not_in_clinvar
15-48428367-G-A	2326	P	S	p.Pro2326Ser	6.195472101169581e-07	1	1614082	
15-48428368-G-T	2325	S	R	p.Ser2325Arg	1.2390790668743364e-06	2	1614102	not_in_clinvar
15-48428373-C-T	2324	A	T	p.Ala2324Thr	3.097728373828904e-06	5	1614086	
15-48428375-G-A	2323	T	I	p.Thr2323Ile	1.2390836728422597e-06	2	1614096	
15-48428379-A-G	2322	F	L	p.Phe2322Leu	6.195917386115941e-07	1	1613966	not_in_clinvar
15-48428384-T-C	2320	D	G	p.Asp2320Gly	1.858620903289759e-06	3	1614100	vus
15-48428384-T-A	2320	D	V	p.Asp2320Val	6.195403010965864e-06	10	1614100	vus
15-48428385-C-A	2320	D	Y	p.Asp2320Tyr	6.195295540378459e-07	1	1614128	not_in_clinvar
15-48428385-C-G	2320	D	H	p.Asp2320His	6.195295540378459e-07	1	1614128	not_in_clinvar
15-48428386-A-T	2319	N	K	p.Asn2319Lys	6.195356951686129e-07	1	1614112	not_in_clinvar
15-48428387-T-C	2319	N	S	p.Asn2319Ser	1.2390775315593048e-06	2	1614104	vus
15-48428388-T-C	2319	N	D	p.Asn2319Asp	6.195395334371682e-07	1	1614102	not_in_clinvar
15-48428400-T-C	2315	T	A	p.Thr2315Ala	1.2391097739739861e-06	2	1614062	vus
15-48428403-A-G	2314	Y	H	p.Tyr2314His	6.195571900851023e-07	1	1614056	not_in_clinvar
15-48428411-C-T	2311	R	H	p.Arg2311His	1.4869262013744154e-05	24	1614068	
15-48428412-G-A	2311	R	C	p.Arg2311Cys	6.195871319187746e-07	1	1613978	
15-48428414-G-A	2310	T	I	p.Thr2310Ile	6.195464424404182e-07	1	1614084	not_in_clinvar
15-48428417-T-C	2309	N	S	p.Asn2309Ser	6.195594932003346e-07	1	1614050	
15-48428421-G-A	2308	L	F	p.Leu2308Phe	6.195733122513187e-07	1	1614014	vus
15-48428426-C-T	2306	R	H	p.Arg2306His	1.7349213646891454e-05	28	1613906	
15-48428430-C-T	2305	G	R	p.Gly2305Arg	0.0	0	1614058	not_in_clinvar
15-48428432-T-C	2304	N	S	p.Asn2304Ser	3.9034714873093806e-05	63	1613948	vus
15-48428441-A-T	2301	I	N	p.Ile2301Asn	6.195594932003346e-07	1	1614050	not_in_clinvar
15-48428442-T-A	2301	I	F	p.Ile2301Phe	3.717251018526779e-06	6	1614096	vus
15-48428444-C-T	2300	G	E	p.Gly2300Glu	6.195564223838301e-07	1	1614058	
15-48428445-C-T	2300	G	R	p.Gly2300Arg	6.195364628185191e-07	1	1614110	not_in_clinvar
15-48428453-G-A	2297	T	M	p.Thr2297Met	6.010188819066054e-05	97	1613926	
15-48428453-G-C	2297	T	R	p.Thr2297Arg	6.195617963326898e-07	1	1614044	vus
15-48428455-C-A	2296	Q	H	p.Gln2296His	3.283876907901504e-05	53	1613946	
15-48428465-T-C	2293	N	S	p.Asn2293Ser	6.195495131579926e-07	1	1614076	not_in_clinvar
15-48428468-T-G	2292	E	A	p.Glu2292Ala	6.195456747657807e-07	1	1614086	not_in_clinvar
15-48428470-A-C	2291	D	E	p.Asp2291Glu	0.0	0	1613872	not_in_clinvar
15-48428471-T-A	2291	D	V	p.Asp2291Val	6.196117017387543e-07	1	1613914	
15-48430674-C-T	2290	V	I	p.Val2290Ile	0.0	0	1613802	
15-48430679-C-A	2288	G	V	p.Gly2288Val	6.196500959837999e-07	1	1613814	not_in_clinvar
15-48430683-C-G	2287	E	Q	p.Glu2287Gln	6.196439525848447e-06	10	1613830	
15-48430683-C-T	2287	E	K	p.Glu2287Lys	1.8589318577545341e-06	3	1613830	vus
15-48430688-T-C	2285	D	G	p.Asp2285Gly	6.19607862575933e-07	1	1613924	vus
15-48430689-C-G	2285	D	H	p.Asp2285His	6.196001843930149e-07	1	1613944	not_in_clinvar
15-48430689-C-A	2285	D	Y	p.Asp2285Tyr	6.196001843930149e-07	1	1613944	not_in_clinvar
15-48430692-G-C	2284	P	A	p.Pro2284Ala	6.196324340401274e-07	1	1613860	vus
15-48430692-G-T	2284	P	T	p.Pro2284Thr	6.196324340401274e-07	1	1613860	not_in_clinvar
15-48430694-C-A	2283	R	I	p.Arg2283Ile	6.195948097781974e-07	1	1613958	not_in_clinvar
15-48430697-C-T	2282	R	Q	p.Arg2282Gln	2.044928948014188e-05	33	1613748	
15-48430698-G-A	2282	R	W	p.Arg2282Trp	2.4785635237241905e-06	4	1613838	
15-48430700-T-G	2281	Q	P	p.Gln2281Pro	6.195840608282848e-07	1	1613986	not_in_clinvar
15-48430700-T-C	2281	Q	R	p.Gln2281Arg	6.195840608282848e-07	1	1613986	not_in_clinvar
15-48430703-T-A	2280	Y	F	p.Tyr2280Phe	1.8588397122516126e-06	3	1613910	not_in_clinvar
15-48430704-A-C	2280	Y	D	p.Tyr2280Asp	0.0	0	1612890	not_in_clinvar
15-48430707-C-T	2279	G	R	p.Gly2279Arg	4.337803336390452e-06	7	1613720	
15-48430710-G-C	2278	P	A	p.Pro2278Ala	9.480552474548125e-05	153	1613830	benign
15-48430710-G-A	2278	P	S	p.Pro2278Ser	0.0018620485384313187	3005	1613814	benign
15-48430719-T-C	2275	I	V	p.Ile2275Val	4.956955041657011e-06	8	1613894	vus
15-48430723-C-T	2273	M	I	p.Met2273Ile	6.134596771095267e-05	99	1613798	
15-48430724-A-G	2273	M	T	p.Met2273Thr	9.294762958758516e-06	15	1613812	
15-48430724-A-C	2273	M	R	p.Met2273Arg	6.196055591010762e-07	1	1613930	not_in_clinvar
15-48430725-T-C	2273	M	V	p.Met2273Val	6.196547036129588e-07	1	1613802	
15-48430730-G-A	2271	T	I	p.Thr2271Ile	1.2393785260319066e-06	2	1613712	not_in_clinvar
15-48430731-T-C	2271	T	A	p.Thr2271Ala	6.196531677289588e-07	1	1613806	not_in_clinvar
15-48430735-A-C	2269	I	M	p.Ile2269Met	6.197368845083132e-07	1	1613588	not_in_clinvar
15-48430737-T-G	2269	I	L	p.Ile2269Leu	2.79023739339743e-05	45	1612766	not_in_clinvar
15-48430740-G-A	2268	L	F	p.Leu2268Phe	3.0981122582388097e-06	5	1613886	not_in_clinvar
15-48430753-C-T	2263	M	I	p.Met2263Ile	1.2392525819827545e-06	2	1613876	
15-48430753-C-A	2263	M	I	p.Met2263Ile	6.196262909913772e-07	1	1613876	
15-48430755-T-C	2263	M	V	p.Met2263Val	6.196009522027433e-07	1	1613942	vus
15-48430759-T-G	2261	K	N	p.Lys2261Asn	1.2393508775843565e-05	20	1613748	benign
15-48430760-T-C	2261	K	R	p.Lys2261Arg	4.337222789503425e-06	7	1613936	not_in_clinvar
15-48430764-C-T	2260	E	K	p.Glu2260Lys	3.0984117541348306e-06	5	1613730	
15-48430767-T-C	2259	T	A	p.Thr2259Ala	6.196163087969406e-07	1	1613902	not_in_clinvar
15-48430776-G-A	2256	H	Y	p.His2256Tyr	6.196477921949164e-06	10	1613820	not_in_clinvar
15-48430778-T-C	2255	K	R	p.Lys2255Arg	6.19607862575933e-07	1	1613924	not_in_clinvar
15-48430784-T-G	2253	E	A	p.Glu2253Ala	6.196477921949164e-07	1	1613820	not_in_clinvar
15-48430785-C-T	2253	E	K	p.Glu2253Lys	1.240062449544959e-06	2	1612822	vus
15-48430797-C-T	2249	D	N	p.Asp2249Asn	1.2394630150433625e-06	2	1613602	vus
15-48432869-T-C	2246	K	E	p.Lys2246Glu	6.197530160280525e-07	1	1613546	not_in_clinvar
15-48432873-C-T	2244	M	I	p.Met2244Ile	5.577811712908791e-06	9	1613536	vus
15-48432875-T-A	2244	M	L	p.Met2244Leu	1.2394537975005174e-06	2	1613614	
15-48432876-C-A	2243	R	S	p.Arg2243Ser	6.197053920566163e-07	1	1613670	not_in_clinvar
15-48432877-C-T	2243	R	K	p.Arg2243Lys	8.675972266634938e-06	14	1613652	
15-48432880-C-T	2242	R	H	p.Arg2242His	1.9213272280578232e-05	31	1613468	vus
15-48432881-G-A	2242	R	C	p.Arg2242Cys	2.8510370337314868e-05	46	1613448	vus
15-48432882-G-T	2241	D	E	p.Asp2241Glu	6.197376526568773e-07	1	1613586	not_in_clinvar
15-48432884-C-G	2241	D	H	p.Asp2241His	6.196969434067964e-07	1	1613692	vus
15-48432895-A-T	2237	V	E	p.Val2237Glu	6.196754387921782e-07	1	1613748	
15-48432895-A-C	2237	V	G	p.Val2237Gly	6.196754387921782e-07	1	1613748	not_in_clinvar
15-48432896-C-T	2237	V	M	p.Val2237Met	1.859194522565044e-06	3	1613602	
15-48432898-T-A	2236	Y	F	p.Tyr2236Phe	2.8505246824453534e-05	46	1613738	vus
15-48432905-C-T	2234	V	M	p.Val2234Met	0.0011582164582000982	1869	1613688	benign
15-48432914-T-G	2231	K	Q	p.Lys2231Gln	1.2393539495731665e-06	2	1613744	vus
15-48432919-T-C	2229	E	G	p.Glu2229Gly	1.2394952775229927e-06	2	1613560	
15-48432931-T-C	2225	Y	C	p.Tyr2225Cys	1.2394092479760447e-06	2	1613672	not_in_clinvar
15-48432932-A-G	2225	Y	H	p.Tyr2225His	6.197353482168975e-07	1	1613592	not_in_clinvar
15-48432935-T-C	2224	T	A	p.Thr2224Ala	6.196977114563516e-07	1	1613690	not_in_clinvar
15-48432941-C-T	2222	V	M	p.Val2222Met	6.19713840936809e-07	1	1613648	not_in_clinvar
15-48432946-C-A	2220	R	L	p.Arg2220Leu	6.197437979139423e-07	1	1613570	vus
15-48432946-C-T	2220	R	Q	p.Arg2220Gln	7.437469475385695e-06	12	1613452	vus
15-48432949-A-G	2219	F	S	p.Phe2219Ser	6.197030878565461e-07	1	1613676	
15-48432953-C-T	2218	A	T	p.Ala2218Thr	6.197261306283528e-07	1	1613616	not_in_clinvar
15-48432961-A-G	2215	L	P	p.Leu2215Pro	6.197199857216516e-07	1	1613632	not_in_clinvar
15-48432962-G-T	2215	L	M	p.Leu2215Met	1.3634836760015717e-05	22	1613514	vus
15-48432964-G-C	2214	P	R	p.Pro2214Arg	2.4790059186266307e-06	4	1613550	not_in_clinvar
15-48432970-T-G	2212	Q	P	p.Gln2212Pro	1.239456869999566e-06	2	1613610	not_in_clinvar
15-48432974-C-A	2211	A	S	p.Ala2211Ser	1.2395674901113503e-06	2	1613466	
15-48432982-T-C	2208	N	S	p.Asn2208Ser	5.578530838118473e-05	90	1613328	
15-48432983-T-G	2208	N	H	p.Asn2208His	6.198029522454222e-07	1	1613416	not_in_clinvar
15-48432985-A-C	2207	I	R	p.Ile2207Arg	1.2395659535856924e-06	2	1613468	not_in_clinvar
15-48432988-T-C	2206	D	G	p.Asp2206Gly	6.197868181260374e-07	1	1613458	
15-48434603-T-C	2203	T	A	p.Thr2203Ala	6.196677589343698e-07	1	1613768	
15-48434605-A-G	2202	M	T	p.Met2202Thr	2.4786495325886646e-06	4	1613782	vus
15-48434605-A-T	2202	M	K	p.Met2202Lys	2.4786495325886646e-06	4	1613782	
15-48434607-C-T	2201	M	I	p.Met2201Ile	1.8590055807347535e-06	3	1613766	vus
15-48434608-A-C	2201	M	R	p.Met2201Arg	6.19652399789814e-07	1	1613808	not_in_clinvar
15-48434608-A-G	2201	M	T	p.Met2201Thr	6.19652399789814e-07	1	1613808	not_in_clinvar
15-48434609-T-C	2201	M	V	p.Met2201Val	2.4168360517574737e-05	39	1613680	vus
15-48434609-T-A	2201	M	L	p.Met2201Leu	6.196554715578139e-07	1	1613800	vus
15-48434615-C-T	2199	G	S	p.Gly2199Ser	6.1967083085465e-06	10	1613760	vus
15-48434617-G-T	2198	P	H	p.Pro2198His	6.197007836736111e-07	1	1613682	not_in_clinvar
15-48434622-A-C	2196	F	L	p.Phe2196Leu	1.2395029593133154e-06	2	1613550	not_in_clinvar
15-48434628-C-A	2194	E	D	p.Glu2194Asp	6.196378093077035e-06	10	1613846	
15-48434632-T-A	2193	E	V	p.Glu2193Val	6.196347377148118e-07	1	1613854	not_in_clinvar
15-48434633-C-T	2193	E	K	p.Glu2193Lys	2.602688453234646e-05	42	1613716	
15-48434638-G-T	2191	T	N	p.Thr2191Asn	6.196715988394791e-07	1	1613758	not_in_clinvar
15-48434639-T-G	2191	T	P	p.Thr2191Pro	6.19652399789814e-07	1	1613808	not_in_clinvar
15-48434645-C-G	2189	E	Q	p.Glu2189Gln	6.196393451155689e-07	1	1613842	
15-48434650-C-T	2187	G	D	p.Gly2187Asp	3.0983656740742395e-06	5	1613754	vus
15-48434651-C-T	2187	G	S	p.Gly2187Ser	1.2392786902311379e-06	2	1613842	vus
15-48434653-C-A	2186	G	V	p.Gly2186Val	6.196777427866412e-07	1	1613742	not_in_clinvar
15-48434654-C-T	2186	G	R	p.Gly2186Arg	6.196308982665206e-07	1	1613864	not_in_clinvar
15-48434657-T-C	2185	I	V	p.Ile2185Val	1.2394799142279899e-06	2	1613580	not_in_clinvar
15-48434660-C-T	2184	V	M	p.Val2184Met	6.196762067884289e-07	1	1613746	not_in_clinvar
15-48434664-C-A	2182	K	N	p.Lys2182Asn	6.19686958935824e-07	1	1613718	not_in_clinvar
15-48434672-T-C	2180	T	A	p.Thr2180Ala	6.19663151111056e-07	1	1613780	
15-48434676-A-T	2178	N	K	p.Asn2178Lys	3.904202036877977e-05	63	1613646	vus
15-48434686-G-A	2175	P	L	p.Pro2175Leu	6.196854228919232e-07	1	1613722	vus
15-48434687-G-A	2175	P	S	p.Pro2175Ser	6.1968772696063e-07	1	1613716	not_in_clinvar
15-48434687-G-T	2175	P	T	p.Pro2175Thr	6.1968772696063e-07	1	1613716	vus
15-48434692-C-T	2173	G	D	p.Gly2173Asp	0.0	0	1613676	not_in_clinvar
15-48434693-C-T	2173	G	S	p.Gly2173Ser	0.0	0	1613696	not_in_clinvar
15-48434695-A-G	2172	V	A	p.Val2172Ala	6.196600792669173e-07	1	1613788	
15-48434696-C-T	2172	V	I	p.Val2172Ile	3.0984808767957245e-06	5	1613694	vus
15-48434698-G-A	2171	S	F	p.Ser2171Phe	6.197030878565461e-07	1	1613676	vus
15-48434710-G-T	2167	T	N	p.Thr2167Asn	6.197645390563217e-07	1	1613516	not_in_clinvar
15-48434711-T-C	2167	T	A	p.Thr2167Ala	6.197276668740688e-07	1	1613612	not_in_clinvar
15-48434711-T-G	2167	T	P	p.Thr2167Pro	6.197729895493878e-07	1	1613494	
15-48436963-A-G	2165	V	A	p.Val2165Ala	0.0	0	1573614	not_in_clinvar
15-48436964-C-T	2165	V	I	p.Val2165Ile	0.0	0	1576370	not_in_clinvar
15-48436964-C-A	2165	V	L	p.Val2165Leu	1.268737669455775e-06	2	1576370	vus
15-48436970-C-G	2163	E	Q	p.Glu2163Gln	6.278370386182563e-07	1	1592770	not_in_clinvar
15-48436972-T-C	2162	N	S	p.Asn2162Ser	1.8800267214464675e-06	3	1595722	not_in_clinvar
15-48436975-C-A	2161	G	V	p.Gly2161Val	6.249734386288583e-07	1	1600068	not_in_clinvar
15-48436976-C-G	2161	G	R	p.Gly2161Arg	0.0	0	1602828	
15-48436978-G-T	2160	A	E	p.Ala2160Glu	0.0	0	1602808	not_in_clinvar
15-48436979-C-A	2160	A	S	p.Ala2160Ser	6.23106535016718e-07	1	1604862	
15-48436979-C-T	2160	A	T	p.Ala2160Thr	0.0	0	1604862	
15-48436982-G-T	2159	L	I	p.Leu2159Ile	0.0	0	1606382	not_in_clinvar
15-48436984-A-C	2158	I	S	p.Ile2158Ser	4.975353343375255e-06	8	1607926	vus
15-48436985-T-C	2158	I	V	p.Ile2158Val	1.24312860662687e-06	2	1608844	
15-48436996-G-C	2154	P	R	p.Pro2154Arg	1.8618737897820367e-06	3	1611280	
15-48436996-G-A	2154	P	L	p.Pro2154Leu	8.688108089993906e-06	14	1611398	
15-48436997-G-A	2154	P	S	p.Pro2154Ser	0.0	0	1611844	
15-48437001-C-A	2152	E	D	p.Glu2152Asp	6.2000124000248e-07	1	1612900	not_in_clinvar
15-48437003-C-T	2152	E	K	p.Glu2152Lys	3.7204780070143413e-06	6	1612696	vus
15-48437008-C-T	2150	R	H	p.Arg2150His	4.340030206610238e-06	7	1612892	
15-48437008-C-A	2150	R	L	p.Arg2150Leu	1.2399179174338658e-06	2	1613010	
15-48437009-G-T	2150	R	S	p.Arg2150Ser	0.0	0	1613160	not_in_clinvar
15-48437011-T-A	2149	Y	F	p.Tyr2149Phe	4.338825046177495e-06	7	1613340	
15-48437020-T-A	2146	D	V	p.Asp2146Val	6.197583933879216e-07	1	1613532	not_in_clinvar
15-48437023-G-A	2145	T	I	p.Thr2145Ile	6.197852815870469e-07	1	1613462	
15-48437030-T-A	2143	I	F	p.Ile2143Phe	6.197353482168974e-06	10	1613592	
15-48437041-T-C	2139	H	R	p.His2139Arg	1.3635360704873773e-05	22	1613452	vus
15-48437042-G-A	2139	H	Y	p.His2139Tyr	6.199174517921194e-07	1	1613118	not_in_clinvar
15-48437051-C-T	2136	V	I	p.Val2136Ile	1.2399701911166055e-06	2	1612942	not_in_clinvar
15-48437054-C-T	2135	D	N	p.Asp2135Asn	3.1007982695065016e-06	5	1612488	vus
15-48437056-G-A	2134	P	L	p.Pro2134Leu	1.2403885393060523e-06	2	1612398	
15-48437059-T-C	2133	E	G	p.Glu2133Gly	6.202435076010842e-07	1	1612270	
15-48437062-T-G	2132	K	T	p.Lys2132Thr	6.203481642036777e-07	1	1611998	not_in_clinvar
15-48437063-T-C	2132	K	E	p.Lys2132Glu	6.204343785170874e-07	1	1611774	vus
15-48437075-T-C	2128	M	V	p.Met2128Val	6.23715146797597e-07	1	1603296	not_in_clinvar
15-48437322-C-T	2127	D	N	p.Asp2127Asn	6.19994320852021e-07	1	1612918	
15-48437325-C-T	2126	V	I	p.Val2126Ile	6.199704894047044e-07	1	1612980	not_in_clinvar
15-48437327-G-A	2125	A	V	p.Ala2125Val	6.198828669334643e-07	1	1613208	not_in_clinvar
15-48437328-C-T	2125	A	T	p.Ala2125Thr	6.198521280763261e-07	1	1613288	not_in_clinvar
15-48437330-G-A	2124	S	L	p.Ser2124Leu	1.2397534378362832e-06	2	1613224	
15-48437335-A-C	2122	D	E	p.Asp2122Glu	6.197176814130555e-07	1	1613638	not_in_clinvar
15-48437342-C-T	2120	G	E	p.Gly2120Glu	6.197806720157871e-07	1	1613474	
15-48437346-C-T	2119	V	M	p.Val2119Met	6.197614662068863e-07	1	1613524	vus
15-48437346-C-G	2119	V	L	p.Val2119Leu	6.197614662068863e-07	1	1613524	
15-48437349-T-C	2118	I	V	p.Ile2118Val	1.2393984951223472e-06	2	1613686	not_in_clinvar
15-48437352-T-C	2117	I	V	p.Ile2117Val	3.718310697084101e-06	6	1613636	
15-48437357-C-T	2115	S	N	p.Ser2115Asn	6.197161452168449e-07	1	1613642	not_in_clinvar
15-48437358-T-C	2115	S	G	p.Ser2115Gly	1.2394998865857603e-06	2	1613554	not_in_clinvar
15-48437363-T-A	2113	Y	F	p.Tyr2113Phe	4.958097875331108e-06	8	1613522	
15-48437363-T-C	2113	Y	C	p.Tyr2113Cys	6.197622344163885e-07	1	1613522	
15-48437364-A-G	2113	Y	H	p.Tyr2113His	6.197568569898657e-07	1	1613536	vus
15-48437366-G-C	2112	P	R	p.Pro2112Arg	6.198398333870528e-07	1	1613320	
15-48437378-C-T	2108	R	H	p.Arg2108His	6.820106666468264e-06	11	1612878	vus
15-48437378-C-A	2108	R	L	p.Arg2108Leu	6.199643396511833e-07	1	1612996	vus
15-48437379-G-T	2108	R	S	p.Arg2108Ser	1.2400655250623444e-06	2	1612818	not_in_clinvar
15-48437384-G-A	2106	A	V	p.Ala2106Val	1.8604720389657264e-06	3	1612494	vus
15-48437385-C-T	2106	A	T	p.Ala2106Thr	1.2403193078026006e-06	2	1612488	not_in_clinvar
15-48437387-T-A	2105	E	V	p.Glu2105Val	1.2405747334625185e-06	2	1612156	
15-48437773-G-A	2103	P	L	p.Pro2103Leu	6.196892630159533e-07	1	1613712	
15-48437773-G-T	2103	P	H	p.Pro2103His	6.196892630159533e-07	1	1613712	
15-48437776-T-G	2102	E	A	p.Glu2102Ala	1.2393647016539322e-06	2	1613730	not_in_clinvar
15-48437779-G-A	2101	T	M	p.Thr2101Met	8.737694413700704e-05	141	1613698	
15-48437792-C-T	2097	E	K	p.Glu2097Lys	3.7182600030489732e-06	6	1613658	vus
15-48437793-G-C	2096	C	W	p.Cys2096Trp	6.196531677289588e-07	1	1613806	not_in_clinvar
15-48437801-C-A	2094	D	Y	p.Asp2094Tyr	6.196393451155689e-07	1	1613842	not_in_clinvar
15-48437805-C-G	2092	W	C	p.Trp2092Cys	6.19653935670007e-07	1	1613804	not_in_clinvar
15-48437817-C-G	2088	K	N	p.Lys2088Asn	6.19622451647762e-07	1	1613886	not_in_clinvar
15-48437819-T-C	2088	K	E	p.Lys2088Glu	6.196616151851797e-07	1	1613784	not_in_clinvar
15-48437820-C-A	2087	L	F	p.Leu2087Phe	1.239244903295524e-06	2	1613886	not_in_clinvar
15-48437822-A-C	2087	L	V	p.Leu2087Val	6.196178444982273e-07	1	1613898	not_in_clinvar
15-48437824-G-A	2086	A	V	p.Ala2086Val	6.196355056101799e-07	1	1613852	not_in_clinvar
15-48437837-C-T	2082	E	K	p.Glu2082Lys	1.8588604441932918e-06	3	1613892	
15-48437837-C-G	2082	E	Q	p.Glu2082Gln	6.19665455014147e-07	1	1613774	vus
15-48437845-G-A	2079	S	F	p.Ser2079Phe	6.196255231188479e-07	1	1613878	not_in_clinvar
15-48437846-A-T	2079	S	T	p.Ser2079Thr	6.196362735074511e-07	1	1613850	not_in_clinvar
15-48437875-T-C	2069	K	R	p.Lys2069Arg	1.858851229939897e-06	3	1613900	vus
15-48437875-T-A	2069	K	M	p.Lys2069Met	6.196170766466323e-07	1	1613900	not_in_clinvar
15-48437876-T-C	2069	K	E	p.Lys2069Glu	6.196270588658098e-07	1	1613874	
15-48437879-C-G	2068	G	R	p.Gly2068Arg	6.196355056101799e-07	1	1613852	not_in_clinvar
15-48437882-C-T	2067	G	R	p.Gly2067Arg	1.2392556534842912e-06	2	1613872	not_in_clinvar
15-48437885-C-T	2066	E	K	p.Glu2066Lys	1.2393647016539322e-06	2	1613730	vus
15-48437886-A-C	2065	F	L	p.Phe2065Leu	6.196339698213471e-07	1	1613856	not_in_clinvar
15-48437893-G-A	2063	A	V	p.Ala2063Val	6.196685269115844e-07	1	1613766	
15-48437894-C-T	2063	A	T	p.Ala2063Thr	4.95750181568504e-06	8	1613716	
15-48437896-T-G	2062	Y	S	p.Tyr2062Ser	1.2392725470149023e-06	2	1613850	vus
15-48437896-T-A	2062	Y	F	p.Tyr2062Phe	1.2392725470149023e-06	2	1613850	vus
15-48437905-C-T	2059	S	N	p.Ser2059Asn	0.0	0	1613796	not_in_clinvar
15-48437906-T-G	2059	S	R	p.Ser2059Arg	1.2393293740890928e-06	2	1613776	
15-48437907-C-T	2058	M	I	p.Met2058Ile	6.196769747865833e-07	1	1613744	not_in_clinvar
15-48437908-A-C	2058	M	R	p.Met2058Arg	8.67676807742652e-06	14	1613504	not_in_clinvar
15-48437908-A-G	2058	M	T	p.Met2058Thr	2.4789997731715206e-06	4	1613554	
15-48437911-C-T	2057	R	Q	p.Arg2057Gln	3.098457835566082e-06	5	1613706	vus
15-48441723-T-C	2054	Q	R	p.Gln2054Arg	1.2394737690166264e-06	2	1613588	vus
15-48441737-A-C	2049	S	R	p.Ser2049Arg	6.197153771215956e-07	1	1613644	vus
15-48441741-G-A	2048	S	F	p.Ser2048Phe	6.197207538283249e-07	1	1613630	
15-48441744-G-A	2047	S	F	p.Ser2047Phe	1.2394322904336897e-06	2	1613642	vus
15-48441746-C-A	2046	L	F	p.Leu2046Phe	6.196961753591449e-07	1	1613694	not_in_clinvar
15-48441747-A-C	2046	L	W	p.Leu2046Trp	6.196838868556372e-07	1	1613726	not_in_clinvar
15-48441751-A-G	2045	S	P	p.Ser2045Pro	1.8590562686757693e-06	3	1613722	not_in_clinvar
15-48441754-A-C	2044	F	V	p.Phe2044Val	6.197061601271141e-07	1	1613668	vus
15-48441763-G-A	2041	P	S	p.Pro2041Ser	6.196931031875774e-07	1	1613702	not_in_clinvar
15-48441774-T-C	2037	K	R	p.Lys2037Arg	3.03636449262969e-05	49	1613772	
15-48441774-T-G	2037	K	T	p.Lys2037Thr	4.337663560899557e-06	7	1613772	
15-48441783-C-A	2034	G	V	p.Gly2034Val	6.197084643500311e-07	1	1613662	not_in_clinvar
15-48441789-G-C	2032	T	S	p.Thr2032Ser	1.673314476525257e-05	27	1613564	vus
15-48441789-G-A	2032	T	I	p.Thr2032Ile	6.197007836736111e-07	1	1613682	not_in_clinvar
15-48441790-T-A	2032	T	S	p.Thr2032Ser	6.197092324281447e-07	1	1613660	vus
15-48441795-C-G	2030	S	T	p.Ser2030Thr	1.8591599571649546e-06	3	1613632	
15-48441796-T-C	2030	S	G	p.Ser2030Gly	6.197537842166064e-07	1	1613544	
15-48441810-G-A	2025	A	V	p.Ala2025Val	6.197683801609663e-07	1	1613506	not_in_clinvar
15-48441811-C-A	2025	A	S	p.Ala2025Ser	0.00018281694260663495	295	1613636	benign
15-48441815-A-C	2023	I	M	p.Ile2023Met	6.197253625083508e-07	1	1613618	not_in_clinvar
15-48441816-A-G	2023	I	T	p.Ile2023Thr	6.197192176168821e-07	1	1613634	vus
15-48441820-C-T	2022	E	K	p.Glu2022Lys	3.09861145023692e-06	5	1613626	
15-48441822-G-A	2021	P	L	p.Pro2021Leu	3.718596452954797e-06	6	1613512	not_in_clinvar
15-48441823-G-A	2021	P	S	p.Pro2021Ser	6.197706848466067e-07	1	1613500	not_in_clinvar
15-48441826-C-G	2020	E	Q	p.Glu2020Gln	6.197368845083132e-07	1	1613588	not_in_clinvar
15-48441829-C-T	2019	E	K	p.Glu2019Lys	3.16121058249334e-05	51	1613306	
15-48441832-C-T	2018	V	I	p.Val2018Ile	4.6483147070198226e-05	75	1613488	
15-48441836-C-G	2016	E	D	p.Glu2016Asp	6.197898912268741e-07	1	1613450	
15-48441840-T-A	2015	D	V	p.Asp2015Val	2.6033369821373892e-05	42	1613314	vus
15-48441841-C-T	2015	D	N	p.Asp2015Asn	6.818939791241258e-06	11	1613154	vus
15-48441843-A-G	2014	I	T	p.Ile2014Thr	1.2396842772082805e-06	2	1613314	vus
15-48444544-C-T	2012	E	K	p.Glu2012Lys	0.0	0	1613412	not_in_clinvar
15-48444553-C-T	2009	E	K	p.Glu2009Lys	9.917277508978235e-06	16	1613346	
15-48444556-T-C	2008	N	D	p.Asn2008Asp	6.197576251879415e-07	1	1613534	not_in_clinvar
15-48444558-T-C	2007	Q	R	p.Gln2007Arg	1.2394829868565223e-06	2	1613576	not_in_clinvar
15-48444558-T-G	2007	Q	P	p.Gln2007Pro	6.197414934282612e-07	1	1613576	not_in_clinvar
15-48444561-A-G	2006	L	P	p.Leu2006Pro	6.197453342472511e-07	1	1613566	not_in_clinvar
15-48444562-G-T	2006	L	I	p.Leu2006Ile	6.197645390563217e-07	1	1613516	not_in_clinvar
15-48444571-C-T	2003	G	R	p.Gly2003Arg	1.0536519576853374e-05	17	1613436	vus
15-48444573-G-A	2002	P	L	p.Pro2002Leu	6.197230581597696e-06	10	1613624	vus
15-48444574-G-A	2002	P	S	p.Pro2002Ser	1.2394507250167016e-06	2	1613618	
15-48444577-G-A	2001	P	S	p.Pro2001Ser	7.437423379044564e-06	12	1613462	vus
15-48444583-T-C	1999	I	V	p.Ile1999Val	1.8590793095627322e-06	3	1613702	vus
15-48444587-T-A	1997	R	S	p.Arg1997Ser	6.197084643500311e-07	1	1613662	not_in_clinvar
15-48444592-A-G	1996	Y	H	p.Tyr1996His	1.2393969590156214e-06	2	1613688	
15-48444600-T-C	1993	D	G	p.Asp1993Gly	6.197130728472718e-07	1	1613650	not_in_clinvar
15-48444601-C-T	1993	D	N	p.Asp1993Asn	1.2394399714433032e-06	2	1613632	vus
15-48444605-G-C	1991	N	K	p.Asn1991Lys	6.197422615882507e-07	1	1613574	not_in_clinvar
15-48444615-G-A	1988	T	I	p.Thr1988Ile	1.1155485152049262e-05	18	1613556	
15-48444624-G-A	1985	A	V	p.Ala1985Val	1.8594042468793e-06	3	1613420	
15-48444625-C-A	1985	A	S	p.Ala1985Ser	6.197768307587804e-07	1	1613484	not_in_clinvar
15-48444630-T-C	1983	K	R	p.Lys1983Arg	6.197253625083508e-07	1	1613618	not_in_clinvar
15-48444637-G-A	1981	P	S	p.Pro1981Ser	6.197845133204088e-07	1	1613464	not_in_clinvar
15-48444639-T-C	1980	E	G	p.Glu1980Gly	6.19749175113848e-07	1	1613556	not_in_clinvar
15-48444640-C-G	1980	E	Q	p.Glu1980Gln	1.8595171949555017e-06	3	1613322	
15-48444642-A-G	1979	L	P	p.Leu1979Pro	6.197299712569239e-07	1	1613606	
15-48444646-G-C	1978	L	V	p.Leu1978Val	2.4792486884774436e-06	4	1613392	not_in_clinvar
15-48444657-A-G	1974	I	T	p.Ile1974Thr	4.4008791840893964e-05	71	1613314	
15-48445379-C-T	1972	V	M	p.Val1972Met	6.201073529849487e-07	1	1612624	not_in_clinvar
15-48445385-T-A	1970	T	S	p.Thr1970Ser	6.201319640819566e-07	1	1612560	not_in_clinvar
15-48445390-C-T	1968	G	E	p.Gly1968Glu	6.200873579069819e-07	1	1612676	not_in_clinvar
15-48445391-C-T	1968	G	R	p.Gly1968Arg	1.2401178111920631e-06	2	1612750	vus
15-48445392-A-C	1967	D	E	p.Asp1967Glu	2.480220243557628e-06	4	1612760	
15-48445393-T-C	1967	D	G	p.Asp1967Gly	6.200727469346704e-07	1	1612714	not_in_clinvar
15-48445394-C-A	1967	D	Y	p.Asp1967Tyr	1.5502183947674548e-05	25	1612676	vus
15-48445396-G-A	1966	P	L	p.Pro1966Leu	6.201542695760998e-07	1	1612502	not_in_clinvar
15-48445397-G-A	1966	P	S	p.Pro1966Ser	1.8604397335354185e-06	3	1612522	
15-48445399-G-A	1965	A	V	p.Ala1965Val	6.201065839196441e-07	1	1612626	not_in_clinvar
15-48445403-C-T	1964	V	M	p.Val1964Met	6.200619813956604e-07	1	1612742	not_in_clinvar
15-48445403-C-A	1964	V	L	p.Val1964Leu	6.200619813956604e-07	1	1612742	not_in_clinvar
15-48445406-C-T	1963	E	K	p.Glu1963Lys	6.200527540883178e-07	1	1612766	not_in_clinvar
15-48445408-T-G	1962	Y	S	p.Tyr1962Ser	1.240079365079365e-06	2	1612800	not_in_clinvar
15-48445409-A-G	1962	Y	H	p.Tyr1962His	1.240159335671447e-06	2	1612696	not_in_clinvar
15-48445411-C-A	1961	G	V	p.Gly1961Val	2.4802725323458542e-06	4	1612726	not_in_clinvar
15-48445416-A-T	1959	N	K	p.Asn1959Lys	6.200888959441226e-07	1	1612672	
15-48445417-T-C	1959	N	S	p.Asn1959Ser	8.0607557764616e-06	13	1612752	
15-48445418-T-C	1959	N	D	p.Asn1959Asp	4.960717319724432e-06	8	1612670	vus
15-48445424-G-C	1957	Q	E	p.Gln1957Glu	6.201135055760606e-07	1	1612608	not_in_clinvar
15-48445428-C-A	1955	Q	H	p.Gln1955His	6.200266115421674e-07	1	1612834	vus
15-48445429-T-C	1955	Q	R	p.Gln1955Arg	1.2400332328906414e-06	2	1612860	vus
15-48445432-A-G	1954	F	S	p.Phe1954Ser	6.200204606752022e-07	1	1612850	not_in_clinvar
15-48445438-C-T	1952	G	E	p.Gly1952Glu	6.201281184692758e-07	1	1612570	not_in_clinvar
15-48445441-A-G	1951	V	A	p.Val1951Ala	6.200873579069819e-07	1	1612676	
15-48445445-T-C	1950	T	A	p.Thr1950Ala	1.2403070007888352e-06	2	1612504	
15-48445451-T-C	1948	I	V	p.Ile1948Val	2.2939078766596732e-05	37	1612968	
15-48445456-T-C	1946	Q	R	p.Gln1946Arg	1.2400255445262172e-06	2	1612870	not_in_clinvar
15-48445463-T-G	1944	N	H	p.Asn1944His	6.199743330626113e-07	1	1612970	not_in_clinvar
15-48445472-G-A	1941	L	F	p.Leu1941Phe	6.200573677076603e-07	1	1612754	
15-48445477-C-T	1939	G	E	p.Gly1939Glu	4.340460783316757e-06	7	1612732	
15-48445478-C-T	1939	G	R	p.Gly1939Arg	6.200604434920316e-07	1	1612746	
15-48445484-C-T	1937	G	R	p.Gly1937Arg	6.200873579069819e-07	1	1612676	
15-48445486-C-T	1936	S	N	p.Ser1936Asn	6.200696710282367e-07	1	1612722	not_in_clinvar
15-48445487-T-C	1936	S	G	p.Ser1936Gly	1.2401885582683991e-06	2	1612658	not_in_clinvar
15-48445490-C-T	1935	A	T	p.Ala1935Thr	6.201419628981467e-07	1	1612534	not_in_clinvar
15-48445494-T-A	1933	E	D	p.Glu1933Asp	6.201619614978648e-07	1	1612482	
15-48445502-C-T	1931	V	I	p.Val1931Ile	1.2404823987952436e-06	2	1612276	vus
15-48446708-A-G	1929	I	T	p.Ile1929Thr	6.245994755862803e-07	1	1601026	
15-48446709-T-C	1929	I	V	p.Ile1929Val	6.237268176335056e-07	1	1603266	
15-48446713-G-T	1927	D	E	p.Asp1927Glu	6.226704342379074e-07	1	1605986	not_in_clinvar
15-48446715-C-A	1927	D	Y	p.Asp1927Tyr	6.215040397762585e-07	1	1609000	not_in_clinvar
15-48446717-T-C	1926	N	S	p.Asn1926Ser	4.347939511465517e-06	7	1609958	
15-48446718-T-C	1926	N	D	p.Asn1926Asp	4.348209593641178e-06	7	1609858	vus
15-48446720-T-C	1925	N	S	p.Asn1925Ser	0.0	0	1611472	
15-48446722-G-T	1924	H	Q	p.His1924Gln	0.0	0	1611302	not_in_clinvar
15-48446723-T-C	1924	H	R	p.His1924Arg	2.1093564849683536e-05	34	1611866	
15-48446724-G-T	1924	H	N	p.His1924Asn	6.204366881585936e-07	1	1611768	vus
15-48446730-G-C	1922	L	V	p.Leu1922Val	6.201834998939486e-07	1	1612426	not_in_clinvar
15-48446732-A-T	1921	I	N	p.Ile1921Asn	1.240148569798662e-06	2	1612710	
15-48446732-A-C	1921	I	S	p.Ile1921Ser	1.8600867544462273e-06	3	1612828	vus
15-48446741-T-G	1918	H	P	p.His1918Pro	6.198920891851147e-07	1	1613184	not_in_clinvar
15-48446741-T-C	1918	H	R	p.His1918Arg	8.678489248591605e-06	14	1613184	
15-48446744-T-C	1917	N	S	p.Asn1917Ser	6.198682655961955e-07	1	1613246	
15-48446750-C-A	1915	R	L	p.Arg1915Leu	6.198559702667488e-07	1	1613278	
15-48446750-C-T	1915	R	H	p.Arg1915His	6.198559702667488e-06	10	1613278	vus
15-48446756-T-C	1913	N	S	p.Asn1913Ser	8.057438379190488e-06	13	1613416	vus
15-48446769-T-G	1909	I	L	p.Ile1909Leu	1.85945726161448e-06	3	1613374	vus
15-48446769-T-A	1909	I	F	p.Ile1909Phe	6.198190872048266e-07	1	1613374	not_in_clinvar
15-48446769-T-C	1909	I	V	p.Ile1909Val	8.057058851236944e-06	13	1613492	
15-48446771-G-A	1908	T	I	p.Thr1908Ile	1.8594111616733214e-06	3	1613414	vus
15-48446777-C-T	1906	R	Q	p.Arg1906Gln	1.1158763162691047e-05	18	1613082	
15-48446778-G-A	1906	R	W	p.Arg1906Trp	3.719467818544523e-06	6	1613134	vus
15-48446783-G-A	1904	T	I	p.Thr1904Ile	6.19971258132473e-07	1	1612978	vus
15-48446784-T-C	1904	T	A	p.Thr1904Ala	6.199335927135486e-07	1	1613076	not_in_clinvar
15-48446789-T-C	1902	N	S	p.Asn1902Ser	1.2402885407261145e-06	2	1612528	not_in_clinvar
15-48446798-G-C	1899	A	G	p.Ala1899Gly	6.206970179232471e-07	1	1611092	not_in_clinvar
15-48446800-A-T	1898	D	E	p.Asp1898Glu	6.207609784682847e-07	1	1610926	not_in_clinvar
15-48446802-C-A	1898	D	Y	p.Asp1898Tyr	2.484499826706137e-06	4	1609982	
15-48446819-A-G	1892	I	T	p.Ile1892Thr	0.0	0	1596628	not_in_clinvar
15-48446820-T-C	1892	I	V	p.Ile1892Val	2.13245827280915e-05	34	1594404	
15-48446820-T-A	1892	I	L	p.Ile1892Leu	6.271471952095988e-07	1	1594522	
15-48446821-G-T	1891	D	E	p.Asp1891Glu	0.0	0	1589420	not_in_clinvar
15-48448769-C-G	1890	L	F	p.Leu1890Phe	1.240494709290065e-06	2	1612260	not_in_clinvar
15-48448769-C-A	1890	L	F	p.Leu1890Phe	0.0	0	1612256	not_in_clinvar
15-48448777-T-C	1888	M	V	p.Met1888Val	6.200612124428924e-07	1	1612744	
15-48448777-T-A	1888	M	L	p.Met1888Leu	6.200612124428924e-07	1	1612744	not_in_clinvar
15-48448779-G-A	1887	T	I	p.Thr1887Ile	6.201158128292039e-07	1	1612602	
15-48448783-G-T	1886	Q	K	p.Gln1886Lys	6.200658261881081e-07	1	1612732	not_in_clinvar
15-48448783-G-C	1886	Q	E	p.Gln1886Glu	6.201111983400863e-06	10	1612614	vus
15-48448786-C-A	1885	D	Y	p.Asp1885Tyr	6.200327625311722e-07	1	1612818	not_in_clinvar
15-48448788-T-A	1884	D	V	p.Asp1884Val	6.199651083637013e-07	1	1612994	vus
15-48448791-T-C	1883	N	S	p.Asn1883Ser	6.199520405101461e-07	1	1613028	
15-48448794-G-A	1882	T	I	p.Thr1882Ile	6.200235360934301e-07	1	1612842	
15-48448795-T-C	1882	T	A	p.Thr1882Ala	1.8598307554012584e-06	3	1613050	not_in_clinvar
15-48448806-G-C	1878	T	S	p.Thr1878Ser	1.8597915545625646e-06	3	1613084	
15-48448806-G-A	1878	T	I	p.Thr1878Ile	6.199305181875215e-07	1	1613084	
15-48448809-T-C	1877	H	R	p.His1877Arg	3.7194263156850686e-06	6	1613152	
15-48448816-G-A	1875	L	F	p.Leu1875Phe	6.199528091921643e-07	1	1613026	not_in_clinvar
15-48448826-G-T	1871	S	R	p.Ser1871Arg	1.8601351946259455e-06	3	1612786	
15-48448827-C-T	1871	S	N	p.Ser1871Asn	6.199643396511833e-07	1	1612996	not_in_clinvar
15-48448836-G-A	1868	T	I	p.Thr1868Ile	3.721678030190252e-06	6	1612176	
15-48448836-G-C	1868	T	R	p.Thr1868Arg	1.0544754418872382e-05	17	1612176	vus
15-48448837-T-C	1868	T	A	p.Thr1868Ala	6.201311949556048e-07	1	1612562	not_in_clinvar
15-48448842-A-G	1866	I	T	p.Ile1866Thr	1.2402639281639132e-06	2	1612560	
15-48448843-T-G	1866	I	L	p.Ile1866Leu	3.1007482725731372e-06	5	1612514	vus
15-48448843-T-C	1866	I	V	p.Ile1866Val	1.67452660512678e-05	27	1612396	
15-48448854-T-C	1862	H	R	p.His1862Arg	3.102064113461097e-06	5	1611830	
15-48448855-G-A	1862	H	Y	p.His1862Tyr	0.0	0	1611652	not_in_clinvar
15-48448855-G-T	1862	H	N	p.His1862Asn	6.204821146030465e-07	1	1611650	not_in_clinvar
15-48448856-A-T	1861	S	R	p.Ser1861Arg	6.201588847062617e-07	1	1612490	vus
15-48448857-C-T	1861	S	N	p.Ser1861Asn	1.1167901960711321e-05	18	1611762	
15-48448858-T-C	1861	S	G	p.Ser1861Gly	6.202519711607644e-07	1	1612248	not_in_clinvar
15-48448860-C-A	1860	C	F	p.Cys1860Phe	6.203042964756791e-07	1	1612112	
15-48448864-T-C	1859	I	V	p.Ile1859Val	6.202481240595488e-07	1	1612258	
15-48448865-A-T	1858	N	K	p.Asn1858Lys	6.202111943158884e-07	1	1612354	not_in_clinvar
15-48448866-T-C	1858	N	S	p.Asn1858Ser	2.3569194814280946e-05	38	1612274	vus
15-48448867-T-A	1858	N	Y	p.Asn1858Tyr	6.202081170357525e-07	1	1612362	not_in_clinvar
15-48448870-G-A	1857	P	S	p.Pro1857Ser	6.202804411930722e-07	1	1612174	vus
15-48448872-A-T	1856	I	N	p.Ile1856Asn	2.4811186867935014e-06	4	1612176	
15-48448879-G-T	1854	Q	K	p.Gln1854Lys	0.0	0	1611864	not_in_clinvar
15-48448890-C-T	1850	R	H	p.Arg1850His	1.9247318103530703e-05	31	1610614	vus
15-48448891-G-A	1850	R	C	p.Arg1850Cys	3.725611217567002e-06	6	1610474	
15-48448891-G-C	1850	R	G	p.Arg1850Gly	6.209352029278337e-07	1	1610474	not_in_clinvar
15-48448893-T-C	1849	D	G	p.Asp1849Gly	6.208049108151665e-07	1	1610812	
15-48452564-T-C	1848	N	S	p.Asn1848Ser	6.195594932003346e-07	1	1614050	
15-48452565-T-C	1848	N	D	p.Asn1848Asp	2.47806601815679e-06	4	1614162	not_in_clinvar
15-48452570-T-C	1846	Q	R	p.Gln1846Arg	1.8585333941280257e-06	3	1614176	not_in_clinvar
15-48452573-C-A	1845	G	V	p.Gly1845Val	6.195318569476161e-07	1	1614122	not_in_clinvar
15-48452573-C-T	1845	G	E	p.Gly1845Glu	1.23915430197199e-06	2	1614004	vus
15-48452574-C-G	1845	G	R	p.Gly1845Arg	2.4783055329410174e-06	4	1614006	
15-48452574-C-T	1845	G	R	p.Gly1845Arg	6.195310893091237e-07	1	1614124	
15-48452576-G-C	1844	T	R	p.Thr1844Arg	6.195188073519536e-07	1	1614156	not_in_clinvar
15-48452577-T-C	1844	T	A	p.Thr1844Ala	6.195464424404182e-07	1	1614084	
15-48452579-G-A	1843	S	F	p.Ser1843Phe	6.195211101818295e-07	1	1614150	
15-48452580-A-T	1843	S	T	p.Ser1843Thr	6.195426040862552e-07	1	1614094	not_in_clinvar
15-48452582-G-A	1842	T	I	p.Thr1842Ile	6.195157369387497e-07	1	1614164	vus
15-48452588-C-T	1840	R	H	p.Arg1840His	6.8148166504556635e-06	11	1614130	vus
15-48452589-G-T	1840	R	S	p.Arg1840Ser	0.0	0	1614114	not_in_clinvar
15-48452591-T-A	1839	Y	F	p.Tyr1839Phe	1.1771644957275125e-05	19	1614048	
15-48452595-C-T	1838	G	S	p.Gly1838Ser	2.4783270301215866e-06	4	1613992	
15-48452597-G-C	1837	P	R	p.Pro1837Arg	3.09759787480005e-06	5	1614154	vus
15-48452597-G-T	1837	P	H	p.Pro1837His	1.2391297344049328e-06	2	1614036	not_in_clinvar
15-48452598-G-A	1837	P	S	p.Pro1837Ser	1.8586738733648316e-06	3	1614054	vus
15-48452598-G-C	1837	P	A	p.Pro1837Ala	6.195126665559804e-07	1	1614172	not_in_clinvar
15-48452605-G-T	1834	D	E	p.Asp1834Glu	6.195057583060235e-07	1	1614190	vus
15-48452605-G-C	1834	D	E	p.Asp1834Glu	6.195510485281946e-07	1	1614072	vus
15-48452607-C-T	1834	D	N	p.Asp1834Asn	1.2390207275777517e-06	2	1614178	not_in_clinvar
15-48452612-C-T	1832	R	H	p.Arg1832His	9.913160712161466e-06	16	1614016	
15-48452613-G-A	1832	R	C	p.Arg1832Cys	1.8585656333867775e-06	3	1614148	
15-48452619-T-G	1830	S	R	p.Ser1830Arg	1.8587337562159154e-06	3	1614002	not_in_clinvar
15-48452624-G-T	1828	A	E	p.Ala1828Glu	2.4780721589831974e-06	4	1614158	not_in_clinvar
15-48452628-T-C	1827	T	A	p.Thr1827Ala	2.478023033224094e-06	4	1614190	not_in_clinvar
15-48452630-T-C	1826	N	S	p.Asn1826Ser	6.195111313760086e-07	1	1614176	vus
15-48452636-C-T	1824	C	Y	p.Cys1824Tyr	6.195702412978262e-07	1	1614022	
15-48452640-C-T	1823	E	K	p.Glu1823Lys	1.1770915678116257e-05	19	1614148	
15-48452642-G-C	1822	A	G	p.Ala1822Gly	3.7170944216324985e-06	6	1614164	
15-48452643-C-A	1822	A	S	p.Ala1822Ser	6.195241806482949e-07	1	1614142	not_in_clinvar
15-48452643-C-T	1822	A	T	p.Ala1822Thr	1.5489236839105243e-05	25	1614024	vus
15-48452645-T-C	1821	N	S	p.Asn1821Ser	6.194980826534342e-07	1	1614210	not_in_clinvar
15-48452648-C-A	1820	R	L	p.Arg1820Leu	6.195341598745072e-07	1	1614116	not_in_clinvar
15-48452648-C-T	1820	R	H	p.Arg1820His	2.416183223510578e-05	39	1614116	vus
15-48452649-G-A	1820	R	C	p.Arg1820Cys	3.717218776911115e-06	6	1614110	
15-48452649-G-T	1820	R	S	p.Arg1820Ser	6.195364628185191e-07	1	1614110	
15-48452651-T-C	1819	Q	R	p.Gln1819Arg	1.2389900248913096e-06	2	1614218	not_in_clinvar
15-48452658-C-T	1817	V	M	p.Val1817Met	2.5401530039477694e-05	41	1614076	vus
15-48452663-C-T	1815	G	D	p.Gly1815Asp	6.195740799944486e-07	1	1614012	vus
15-48452664-C-T	1815	G	S	p.Gly1815Ser	1.0532863774135748e-05	17	1613996	vus
15-48452665-G-T	1814	N	K	p.Asn1814Lys	6.195234130288251e-07	1	1614144	not_in_clinvar
15-48452666-T-C	1814	N	S	p.Asn1814Ser	6.814529568243797e-06	11	1614198	
15-48452667-T-C	1814	N	D	p.Asn1814Asp	2.478004611566582e-06	4	1614202	
15-48452668-C-A	1813	Q	H	p.Gln1813His	6.195218777955924e-07	1	1614148	
15-48452669-T-C	1813	Q	R	p.Gln1813Arg	1.239002305783291e-06	2	1614202	not_in_clinvar
15-48452681-A-G	1809	I	T	p.Ile1809Thr	1.8585702390864755e-06	3	1614144	not_in_clinvar
15-48452682-T-C	1809	I	V	p.Ile1809Val	3.0976861523516395e-06	5	1614108	vus
15-48452682-T-G	1809	I	L	p.Ile1809Leu	6.195372304703279e-07	1	1614108	not_in_clinvar
15-48456640-C-G	1807	E	Q	p.Glu1807Gln	6.196754387921782e-07	1	1613748	not_in_clinvar
15-48456642-C-T	1806	C	Y	p.Cys1806Tyr	1.2392817618620953e-06	2	1613838	not_in_clinvar
15-48456646-C-T	1805	V	I	p.Val1805Ile	6.196815828154861e-07	1	1613732	vus
15-48456654-T-C	1802	K	R	p.Lys1802Arg	3.0980508303395837e-06	5	1613918	
15-48456658-C-T	1801	D	N	p.Asp1801Asn	6.196485601226409e-07	1	1613818	not_in_clinvar
15-48456659-A-T	1800	N	K	p.Asn1800Lys	6.195717767707671e-07	1	1614018	not_in_clinvar
15-48456660-T-C	1800	N	S	p.Asn1800Ser	6.195963453729165e-07	1	1613954	not_in_clinvar
15-48456663-T-C	1799	Y	C	p.Tyr1799Cys	1.2392341532932647e-06	2	1613900	not_in_clinvar
15-48456670-A-G	1797	F	L	p.Phe1797Leu	6.195763832352544e-07	1	1614006	
15-48456673-C-T	1796	G	R	p.Gly1796Arg	6.196216837847483e-07	1	1613888	not_in_clinvar
15-48456679-G-A	1794	P	S	p.Pro1794Ser	3.7178406781341397e-06	6	1613840	not_in_clinvar
15-48456681-C-T	1793	C	Y	p.Cys1793Tyr	6.19577150985995e-07	1	1614004	
15-48456690-C-T	1790	R	Q	p.Arg1790Gln	3.097989404876235e-06	5	1613950	
15-48456694-A-T	1789	F	I	p.Phe1789Ile	6.196063269241255e-07	1	1613928	
15-48456696-C-G	1788	S	T	p.Ser1788Thr	6.195894352566215e-07	1	1613972	not_in_clinvar
15-48456696-C-T	1788	S	N	p.Ser1788Asn	1.8587683057698647e-06	3	1613972	
15-48456699-C-T	1787	G	D	p.Gly1787Asp	6.196209159236379e-07	1	1613890	
15-48456702-A-G	1786	V	A	p.Val1786Ala	6.19565634924667e-07	1	1614034	
15-48456702-A-C	1786	V	G	p.Val1786Gly	6.19565634924667e-07	1	1614034	not_in_clinvar
15-48456703-C-G	1786	V	L	p.Val1786Leu	6.195986487792667e-07	1	1613948	not_in_clinvar
15-48456704-C-T	1785	M	I	p.Met1785Ile	6.196216837847483e-07	1	1613888	
15-48456711-A-G	1783	I	T	p.Ile1783Thr	6.196017200143747e-07	1	1613940	not_in_clinvar
15-48456712-T-A	1783	I	F	p.Ile1783Phe	1.2392925126903552e-06	2	1613824	vus
15-48456718-C-G	1781	V	L	p.Val1781Leu	6.196339698213471e-07	1	1613856	
15-48456733-C-A	1776	V	F	p.Val1776Phe	6.196777427866412e-07	1	1613742	not_in_clinvar
15-48456735-C-T	1775	G	E	p.Gly1775Glu	6.196562395045725e-07	1	1613798	not_in_clinvar
15-48456736-C-G	1775	G	R	p.Gly1775Arg	6.196508639172344e-07	1	1613812	not_in_clinvar
15-48456738-G-A	1774	P	L	p.Pro1774Leu	6.197368845083132e-07	1	1613588	not_in_clinvar
15-48456739-G-A	1774	P	S	p.Pro1774Ser	6.197353482168975e-07	1	1613592	not_in_clinvar
15-48456739-G-T	1774	P	T	p.Pro1774Thr	3.098676741084487e-06	5	1613592	not_in_clinvar
15-48456741-A-T	1773	I	N	p.Ile1773Asn	6.196854228919232e-07	1	1613722	not_in_clinvar
15-48456747-C-A	1771	R	L	p.Arg1771Leu	6.197660754924662e-07	1	1613512	not_in_clinvar
15-48456747-C-T	1771	R	Q	p.Arg1771Gln	1.239622807572112e-05	20	1613394	
15-48456748-G-A	1771	R	W	p.Arg1771Trp	2.0455931724298673e-05	33	1613224	vus
15-48456755-A-T	1768	D	E	p.Asp1768Glu	3.0988034899964425e-06	5	1613526	
15-48456757-C-A	1768	D	Y	p.Asp1768Tyr	0.0	0	1613104	vus
15-48456757-C-T	1768	D	N	p.Asp1768Asn	6.199220633981895e-07	1	1613106	not_in_clinvar
15-48456760-T-C	1767	I	V	p.Ile1767Val	1.2396950350213847e-06	2	1613300	not_in_clinvar
15-48456762-T-A	1766	D	V	p.Asp1766Val	6.199266750728723e-07	1	1613094	not_in_clinvar
15-48460249-C-T	1765	V	I	p.Val1765Ile	8.061155647273593e-06	13	1612672	vus
15-48460251-G-T	1764	P	H	p.Pro1764His	1.2399840290057064e-06	2	1612924	
15-48460264-A-C	1760	Y	D	p.Tyr1760Asp	6.197292031274014e-07	1	1613608	
15-48460267-T-C	1759	I	V	p.Ile1759Val	6.197230581597695e-07	1	1613624	not_in_clinvar
15-48460270-C-T	1758	D	N	p.Asp1758Asn	3.718531923596564e-06	6	1613540	
15-48460273-T-C	1757	I	V	p.Ile1757Val	6.197038559213323e-07	1	1613674	not_in_clinvar
15-48460276-C-A	1756	V	F	p.Val1756Phe	1.239404639587328e-06	2	1613678	not_in_clinvar
15-48460293-C-T	1750	S	N	p.Ser1750Asn	0.0	0	1613464	not_in_clinvar
15-48460296-C-A	1749	G	V	p.Gly1749Val	1.2397104036497074e-06	2	1613280	not_in_clinvar
15-48460297-C-G	1749	G	R	p.Gly1749Arg	6.198528965106001e-07	1	1613286	not_in_clinvar
15-48460303-G-T	1747	L	I	p.Leu1747Ile	0.0	0	1612788	
15-48460303-G-A	1747	L	F	p.Leu1747Phe	1.2400870541111985e-06	2	1612790	not_in_clinvar
15-48460305-G-A	1746	T	I	p.Thr1746Ile	6.202150409590013e-07	1	1612344	
15-48460306-T-G	1746	T	P	p.Thr1746Pro	6.202904447978722e-07	1	1612148	
15-48460309-C-T	1745	A	T	p.Ala1745Thr	6.20607649361643e-07	1	1611324	vus
15-48460315-C-T	1743	E	K	p.Glu1743Lys	6.213480269714751e-07	1	1609404	not_in_clinvar
15-48460317-T-A	1742	D	V	p.Asp1742Val	6.218093408199178e-07	1	1608210	not_in_clinvar
15-48463082-C-T	1742	D	N	p.Asp1742Asn	6.196623831471661e-07	1	1613782	not_in_clinvar
15-48463084-G-A	1741	T	I	p.Thr1741Ile	6.196700628717246e-07	1	1613762	vus
15-48463085-T-C	1741	T	A	p.Thr1741Ala	6.19607862575933e-07	1	1613924	not_in_clinvar
15-48463090-G-C	1739	P	R	p.Pro1739Arg	6.196262909913772e-07	1	1613876	not_in_clinvar
15-48463094-T-C	1738	I	V	p.Ile1738Val	6.195610286200021e-07	1	1614046	
15-48463094-T-A	1738	I	F	p.Ile1738Phe	6.195610286200021e-07	1	1614046	
15-48463105-T-A	1734	E	V	p.Glu1734Val	5.5762012686477464e-06	9	1614002	not_in_clinvar
15-48463117-T-G	1730	N	T	p.Asn1730Thr	4.956224150193416e-06	8	1614132	not_in_clinvar
15-48463118-T-C	1730	N	D	p.Asn1730Asp	1.2390437555911849e-06	2	1614148	not_in_clinvar
15-48463126-C-T	1727	R	Q	p.Arg1727Gln	4.337190541454867e-06	7	1613948	
15-48463127-G-A	1727	R	W	p.Arg1727Trp	4.336792854947909e-06	7	1614096	
15-48463129-C-G	1726	G	A	p.Gly1726Ala	6.195379981240389e-07	1	1614106	not_in_clinvar
15-48463132-A-G	1725	I	T	p.Ile1725Thr	1.2390468260576503e-06	2	1614144	
15-48463136-T-G	1724	N	H	p.Asn1724His	6.195188073519536e-07	1	1614156	not_in_clinvar
15-48463153-A-G	1718	M	T	p.Met1718Thr	1.2391297344049328e-06	2	1614036	not_in_clinvar
15-48463154-T-C	1718	M	V	p.Met1718Val	6.195748477394811e-07	1	1614010	not_in_clinvar
15-48463156-T-C	1717	K	R	p.Lys1717Arg	0.0	0	1614172	not_in_clinvar
15-48463157-T-C	1717	K	E	p.Lys1717Glu	6.195142017435608e-07	1	1614168	not_in_clinvar
15-48463159-T-C	1716	K	R	p.Lys1716Arg	1.8585103667708258e-06	3	1614196	not_in_clinvar
15-48463159-T-A	1716	K	M	p.Lys1716Met	3.0977437273787266e-06	5	1614078	
15-48463164-C-A	1714	M	I	p.Met1714Ile	0.0	0	1614110	
15-48463164-C-T	1714	M	I	p.Met1714Ile	2.7261495986983874e-05	44	1613998	
15-48463166-T-C	1714	M	V	p.Met1714Val	6.195095962036452e-07	1	1614180	vus
15-48463168-T-C	1713	N	S	p.Asn1713Ser	1.2390345442830946e-06	2	1614160	not_in_clinvar
15-48463172-A-G	1712	F	L	p.Phe1712Leu	6.195165045391975e-07	1	1614162	vus
15-48463173-T-G	1711	L	F	p.Leu1711Phe	6.195180397457993e-07	1	1614158	not_in_clinvar
15-48463181-C-G	1709	E	Q	p.Glu1709Gln	6.195510485281946e-07	1	1614072	not_in_clinvar
15-48463183-C-T	1708	G	E	p.Gly1708Glu	6.196262909913773e-06	10	1613876	vus
15-48463184-C-T	1708	G	R	p.Gly1708Arg	6.195556546844603e-07	1	1614060	not_in_clinvar
15-48463186-T-C	1707	D	G	p.Asp1707Gly	6.195832930604193e-07	1	1613988	
15-48463194-C-A	1704	Q	H	p.Gln1704His	6.195679381026847e-07	1	1614028	not_in_clinvar
15-48463195-T-G	1704	Q	P	p.Gln1704Pro	5.577307053062499e-06	9	1613682	not_in_clinvar
15-48463195-T-C	1704	Q	R	p.Gln1704Arg	1.2393109431156278e-06	2	1613800	not_in_clinvar
15-48463196-G-C	1704	Q	E	p.Gln1704Glu	6.196186123517253e-07	1	1613896	not_in_clinvar
15-48463199-T-C	1703	N	D	p.Asn1703Asp	6.195364628185191e-07	1	1614110	not_in_clinvar
15-48463201-T-C	1702	D	G	p.Asp1702Gly	6.195410687579069e-07	1	1614098	vus
15-48463202-C-G	1702	D	H	p.Asp1702His	1.2391358762053693e-06	2	1614028	not_in_clinvar
15-48463212-G-T	1698	N	K	p.Asn1698Lys	6.19610933902384e-07	1	1613916	not_in_clinvar
15-48463214-T-G	1698	N	H	p.Asn1698His	6.195449070930457e-07	1	1614088	not_in_clinvar
15-48463214-T-C	1698	N	D	p.Asn1698Asp	2.478179628372183e-06	4	1614088	vus
15-48463220-A-G	1696	Y	H	p.Tyr1696His	2.2305578997066818e-05	36	1613946	
15-48463227-A-T	1693	S	R	p.Ser1693Arg	6.196132374172042e-07	1	1613910	not_in_clinvar
15-48463236-C-T	1690	M	I	p.Met1690Ile	6.196946392695535e-07	1	1613698	vus
15-48463237-A-G	1690	M	T	p.Met1690Thr	1.8590447484464582e-06	3	1613732	
15-48463237-A-C	1690	M	R	p.Met1690Arg	6.196815828154861e-07	1	1613732	not_in_clinvar
15-48463901-A-G	1688	M	T	p.Met1688Thr	6.824143073742931e-06	11	1611924	vus
15-48463907-T-C	1686	N	S	p.Asn1686Ser	6.199973960109368e-07	1	1612910	not_in_clinvar
15-48463913-C-T	1684	G	E	p.Gly1684Glu	6.199489658011352e-07	1	1613036	
15-48463916-C-T	1683	G	E	p.Gly1683Glu	1.239601294639592e-06	2	1613422	
15-48463917-C-T	1683	G	R	p.Gly1683Arg	6.197630026277951e-07	1	1613520	
15-48463918-A-T	1682	N	K	p.Asn1682Lys	6.197322756569162e-07	1	1613600	not_in_clinvar
15-48463919-T-C	1682	N	S	p.Asn1682Ser	6.197322756569162e-07	1	1613600	not_in_clinvar
15-48463920-T-G	1682	N	H	p.Asn1682His	6.197030878565461e-07	1	1613676	not_in_clinvar
15-48463922-A-G	1681	V	A	p.Val1681Ala	1.8591115677639969e-06	3	1613674	
15-48463929-T-G	1679	M	L	p.Met1679Leu	3.7176241407641204e-06	6	1613934	
15-48463946-A-T	1673	I	N	p.Ile1673Asn	6.19587899696154e-07	1	1613976	not_in_clinvar
15-48463947-T-C	1673	I	V	p.Ile1673Val	1.2391880839673845e-06	2	1613960	not_in_clinvar
15-48463947-T-A	1673	I	F	p.Ile1673Phe	6.195940419836922e-07	1	1613960	not_in_clinvar
15-48463952-G-A	1671	T	I	p.Thr1671Ile	6.196669909590586e-07	1	1613770	not_in_clinvar
15-48463953-T-A	1671	T	S	p.Thr1671Ser	1.2392817618620953e-06	2	1613838	not_in_clinvar
15-48463956-A-G	1670	Y	H	p.Tyr1670His	6.81636224379773e-06	11	1613764	not_in_clinvar
15-48463961-C-T	1668	G	D	p.Gly1668Asp	6.196984795078107e-07	1	1613688	not_in_clinvar
15-48463962-C-T	1668	G	S	p.Gly1668Ser	6.197007836736111e-07	1	1613682	not_in_clinvar
15-48463964-A-G	1667	V	A	p.Val1667Ala	6.196401130223566e-07	1	1613840	vus
15-48463965-C-T	1667	V	I	p.Val1667Ile	2.8510370337314868e-05	46	1613448	
15-48463965-C-A	1667	V	F	p.Val1667Phe	1.2394891321592893e-06	2	1613568	not_in_clinvar
15-48463965-C-G	1667	V	L	p.Val1667Leu	2.4789782643185787e-06	4	1613568	
15-48463970-T-C	1665	N	S	p.Asn1665Ser	6.196239873794987e-07	1	1613882	
15-48463979-G-A	1662	T	I	p.Thr1662Ile	3.098699785569975e-06	5	1613580	not_in_clinvar
15-48463979-G-T	1662	T	K	p.Thr1662Lys	6.197399571139949e-07	1	1613580	vus
15-48463980-T-A	1662	T	S	p.Thr1662Ser	6.197261306283528e-07	1	1613616	vus
15-48463985-G-A	1660	P	L	p.Pro1660Leu	6.196669909590586e-07	1	1613770	not_in_clinvar
15-48463986-G-C	1660	P	A	p.Pro1660Ala	1.2392633323047448e-06	2	1613862	
15-48463998-C-T	1656	G	R	p.Gly1656Arg	6.196017200143747e-07	1	1613940	not_in_clinvar
15-48464000-G-A	1655	P	L	p.Pro1655Leu	6.1960479127993e-07	1	1613932	not_in_clinvar
15-48464001-G-A	1655	P	S	p.Pro1655Ser	6.196424167541396e-07	1	1613834	
15-48464001-G-T	1655	P	T	p.Pro1655Thr	6.195971131731303e-07	1	1613952	not_in_clinvar
15-48464006-T-G	1653	E	A	p.Glu1653Ala	6.195909708247003e-07	1	1613968	not_in_clinvar
15-48464008-A-C	1652	C	W	p.Cys1652Trp	0.0	0	1613718	not_in_clinvar
15-48464015-T-C	1650	N	S	p.Asn1650Ser	1.2391527664705087e-06	2	1614006	not_in_clinvar
15-48465576-A-T	1645	V	E	p.Val1645Glu	6.196562395045725e-07	1	1613798	not_in_clinvar
15-48465579-C-T	1644	R	Q	p.Arg1644Gln	9.912743079046692e-06	16	1614084	
15-48465582-G-T	1643	T	K	p.Thr1643Lys	6.195786864931847e-07	1	1614000	vus
15-48465587-T-A	1641	E	D	p.Glu1641Asp	6.1951957496001e-07	1	1614154	not_in_clinvar
15-48465590-A-T	1640	N	K	p.Asn1640Lys	6.195756154864164e-07	1	1614008	not_in_clinvar
15-48465591-T-C	1640	N	S	p.Asn1640Ser	1.2390452908225155e-06	2	1614146	not_in_clinvar
15-48465597-T-C	1638	Y	C	p.Tyr1638Cys	1.239042220363659e-06	2	1614150	not_in_clinvar
15-48465597-T-G	1638	Y	S	p.Tyr1638Ser	2.4782656105950813e-06	4	1614032	
15-48465598-A-G	1638	Y	H	p.Tyr1638His	5.575620907339376e-06	9	1614170	
15-48465604-C-T	1636	G	S	p.Gly1636Ser	4.33681434965132e-06	7	1614088	vus
15-48465606-G-T	1635	T	N	p.Thr1635Asn	6.815044644737918e-06	11	1614076	vus
15-48465609-G-A	1634	P	L	p.Pro1634Leu	6.195518162161492e-07	1	1614070	not_in_clinvar
15-48465610-G-A	1634	P	S	p.Pro1634Ser	1.239086743506566e-06	2	1614092	not_in_clinvar
15-48465615-C-T	1632	R	H	p.Arg1632His	8.674252093592702e-06	14	1613972	
15-48465616-G-A	1632	R	C	p.Arg1632Cys	4.956389963805963e-06	8	1614078	vus
15-48465616-G-T	1632	R	S	p.Arg1632Ser	6.195495131579926e-07	1	1614076	not_in_clinvar
15-48465620-C-A	1630	Q	H	p.Gln1630His	6.195226454112577e-07	1	1614146	not_in_clinvar
15-48465624-A-C	1629	F	C	p.Phe1629Cys	1.8587268464592493e-06	3	1614008	not_in_clinvar
15-48465636-G-A	1625	T	I	p.Thr1625Ile	6.195702412978262e-07	1	1614022	not_in_clinvar
15-48465637-T-C	1625	T	A	p.Thr1625Ala	6.195495131579926e-07	1	1614076	not_in_clinvar
15-48465638-G-T	1624	N	K	p.Asn1624Lys	0.0	0	1614060	not_in_clinvar
15-48465643-T-C	1623	I	V	p.Ile1623Val	6.195356951686129e-07	1	1614112	
15-48465645-C-T	1622	C	Y	p.Cys1622Tyr	2.4781550631186096e-06	4	1614104	not_in_clinvar
15-48465648-T-C	1621	K	R	p.Lys1621Arg	1.8586070855058386e-06	3	1614112	
15-48465657-T-C	1618	Q	R	p.Gln1618Arg	6.195456747657807e-07	1	1614086	vus
15-48465667-C-G	1615	G	R	p.Gly1615Arg	6.195617963326898e-07	1	1614044	
15-48465678-T-C	1611	Q	R	p.Gln1611Arg	1.2390759962480778e-06	2	1614106	
15-48465684-T-G	1609	E	A	p.Glu1609Ala	1.858630115259849e-06	3	1614092	not_in_clinvar
15-48465684-T-A	1609	E	V	p.Glu1609Val	0.0	0	1614090	not_in_clinvar
15-48465687-T-A	1608	D	V	p.Asp1608Val	6.195364628185191e-07	1	1614110	
15-48465687-T-C	1608	D	G	p.Asp1608Gly	1.8586093884555574e-06	3	1614110	not_in_clinvar
15-48465688-C-T	1608	D	N	p.Asp1608Asn	6.196017200143747e-07	1	1613940	vus
15-48465795-A-G	1604	L	S	p.Leu1604Ser	6.197061601271141e-07	1	1613668	not_in_clinvar
15-48465797-T-C	1603	I	M	p.Ile1603Met	9.914659567770416e-06	16	1613772	not_in_clinvar
15-48465799-T-C	1603	I	V	p.Ile1603Val	6.197092324281447e-07	1	1613660	not_in_clinvar
15-48465802-C-T	1602	V	I	p.Val1602Ile	1.6733684038296584e-05	27	1613512	
15-48465804-G-T	1601	T	N	p.Thr1601Asn	6.197307393883505e-07	1	1613604	
15-48465808-T-C	1600	I	V	p.Ile1600Val	1.858984845555539e-06	3	1613784	not_in_clinvar
15-48465816-G-A	1597	P	L	p.Pro1597Leu	6.196639190768495e-07	1	1613778	not_in_clinvar
15-48465817-G-T	1597	P	T	p.Pro1597Thr	6.196447205030524e-07	1	1613828	not_in_clinvar
15-48465819-C-A	1596	R	L	p.Arg1596Leu	6.196677589343698e-07	1	1613768	not_in_clinvar
15-48465819-C-T	1596	R	Q	p.Arg1596Gln	4.957323640113176e-06	8	1613774	vus
15-48465834-C-T	1591	G	E	p.Gly1591Glu	2.479138053281635e-06	4	1613464	vus
15-48465843-A-G	1588	L	P	p.Leu1588Pro	6.19830612690164e-07	1	1613344	not_in_clinvar
15-48465844-G-A	1588	L	F	p.Leu1588Phe	6.200658261881081e-07	1	1612732	not_in_clinvar
15-48465847-T-C	1587	I	V	p.Ile1587Val	6.201319640819566e-07	1	1612560	not_in_clinvar
15-48465849-T-C	1586	K	R	p.Lys1586Arg	6.200404514390519e-07	1	1612798	
15-48465852-T-A	1585	Y	F	p.Tyr1585Phe	6.202481240595488e-07	1	1612258	not_in_clinvar
15-48465854-C-G	1584	E	D	p.Glu1584Asp	6.203604790671764e-07	1	1611966	not_in_clinvar
15-48465855-T-A	1584	E	V	p.Glu1584Val	1.2408933936076618e-06	2	1611742	not_in_clinvar
15-48465856-C-T	1584	E	K	p.Glu1584Lys	8.818692647446057e-05	142	1610216	benign
15-48465858-G-T	1583	S	Y	p.Ser1583Tyr	6.212661901969166e-07	1	1609616	
15-48467938-A-C	1583	S	A	p.Ser1583Ala	6.199874018559943e-07	1	1612936	vus
15-48467943-T-C	1581	N	S	p.Asn1581Ser	6.196355056101799e-07	1	1613852	vus
15-48467947-C-T	1580	V	M	p.Val1580Met	4.9584113250114664e-06	8	1613420	vus
15-48467949-G-A	1579	A	V	p.Ala1579Val	4.958669489802496e-06	8	1613336	
15-48467952-G-A	1578	P	L	p.Pro1578Leu	1.858782125951077e-06	3	1613960	not_in_clinvar
15-48467958-A-G	1576	M	T	p.Met1576Thr	0.00025339700681755665	409	1614068	
15-48467959-T-A	1576	M	L	p.Met1576Leu	3.717246412547441e-06	6	1614098	not_in_clinvar
15-48467959-T-C	1576	M	V	p.Met1576Val	6.195410687579069e-07	1	1614098	not_in_clinvar
15-48467962-C-T	1575	E	K	p.Glu1575Lys	1.8585840563225311e-06	3	1614132	not_in_clinvar
15-48467967-G-A	1573	P	L	p.Pro1573Leu	6.195840608282848e-07	1	1613986	vus
15-48467968-G-A	1573	P	S	p.Pro1573Ser	6.195318569476161e-07	1	1614122	
15-48467968-G-C	1573	P	A	p.Pro1573Ala	6.195318569476161e-07	1	1614122	not_in_clinvar
15-48467970-G-A	1572	T	I	p.Thr1572Ile	6.195310893091237e-07	1	1614124	not_in_clinvar
15-48467971-T-C	1572	T	A	p.Thr1572Ala	2.4783485276750984e-06	4	1613978	vus
15-48467980-C-T	1569	A	T	p.Ala1569Thr	6.195249482696668e-07	1	1614140	
15-48468006-G-A	1560	A	V	p.Ala1560Val	1.239042220363659e-06	2	1614150	vus
15-48468006-G-C	1560	A	G	p.Ala1560Gly	6.195211101818295e-07	1	1614150	not_in_clinvar
15-48468007-C-T	1560	A	T	p.Ala1560Thr	6.195095962036452e-07	1	1614180	vus
15-48468009-T-C	1559	K	R	p.Lys1559Arg	7.4342164769495925e-06	12	1614158	not_in_clinvar
15-48468013-A-G	1558	S	P	p.Ser1558Pro	6.195080610388902e-07	1	1614184	not_in_clinvar
15-48468018-C-T	1556	G	D	p.Gly1556Asp	6.195234130288251e-07	1	1614144	not_in_clinvar
15-48468019-C-T	1556	G	S	p.Gly1556Ser	6.195518162161492e-07	1	1614070	not_in_clinvar
15-48468021-A-C	1555	V	G	p.Val1555Gly	6.19607862575933e-07	1	1613924	not_in_clinvar
15-48468021-A-G	1555	V	A	p.Val1555Ala	1.239215725151866e-06	2	1613924	vus
15-48468022-C-T	1555	V	I	p.Val1555Ile	6.195234130288251e-07	1	1614144	not_in_clinvar
15-48468024-C-A	1554	G	V	p.Gly1554Val	6.195702412978262e-07	1	1614022	not_in_clinvar
15-48468025-C-T	1554	G	R	p.Gly1554Arg	6.195287864050603e-07	1	1614130	
15-48468027-A-G	1553	I	T	p.Ile1553Thr	6.195264835181174e-07	1	1614136	not_in_clinvar
15-48468029-T-A	1552	E	D	p.Glu1552Asp	6.195264835181174e-07	1	1614136	not_in_clinvar
15-48468032-A-T	1551	N	K	p.Asn1551Lys	6.194980826534342e-07	1	1614210	not_in_clinvar
15-48468033-T-C	1551	N	S	p.Asn1551Ser	6.195065258817436e-07	1	1614188	not_in_clinvar
15-48468035-G-C	1550	S	R	p.Ser1550Arg	6.195825252944566e-07	1	1613990	not_in_clinvar
15-48468036-C-T	1550	S	N	p.Ser1550Asn	1.2390191924072904e-06	2	1614180	not_in_clinvar
15-48468037-T-A	1550	S	C	p.Ser1550Cys	1.85852648586095e-06	3	1614182	vus
15-48468045-G-C	1547	T	R	p.Thr1547Arg	1.8585564220558607e-06	3	1614156	vus
15-48468045-G-A	1547	T	I	p.Thr1547Ile	5.0800542202860194e-05	82	1614156	benign
15-48468046-T-C	1547	T	A	p.Thr1547Ala	1.8586554486484476e-06	3	1614070	vus
15-48468049-C-A	1546	D	Y	p.Asp1546Tyr	6.19565634924667e-07	1	1614034	
15-48468051-C-T	1545	G	E	p.Gly1545Glu	6.195326245880108e-07	1	1614120	not_in_clinvar
15-48468053-A-C	1544	N	K	p.Asn1544Lys	1.8585449080206125e-06	3	1614166	not_in_clinvar
15-48468054-T-C	1544	N	S	p.Asn1544Ser	1.8585172749180703e-06	3	1614190	
15-48468055-T-A	1544	N	Y	p.Asn1544Tyr	1.2390176572406333e-06	2	1614182	
15-48468055-T-G	1544	N	H	p.Asn1544His	6.195088286203166e-07	1	1614182	not_in_clinvar
15-48468060-C-A	1542	G	V	p.Gly1542Val	6.195249482696668e-07	1	1614140	not_in_clinvar
15-48468063-C-T	1541	R	Q	p.Arg1541Gln	1.0533020399362567e-05	17	1613972	vus
15-48468066-G-C	1540	P	R	p.Pro1540Arg	6.195702412978262e-07	1	1614022	vus
15-48468069-C-T	1539	R	Q	p.Arg1539Gln	4.33693794833096e-06	7	1614042	not_in_clinvar
15-48468073-T-C	1538	I	V	p.Ile1538Val	1.8585564220558607e-06	3	1614156	vus
15-48468076-C-A	1537	D	Y	p.Asp1537Tyr	6.195341598745072e-07	1	1614116	vus
15-48468076-C-T	1537	D	N	p.Asp1537Asn	1.425032744774157e-05	23	1613998	
15-48468081-T-C	1535	Y	C	p.Tyr1535Cys	6.195134341488195e-07	1	1614170	
15-48468087-T-C	1533	N	S	p.Asn1533Ser	3.097878077432082e-06	5	1614008	
15-48468093-G-C	1531	S	C	p.Ser1531Cys	6.195894352566215e-07	1	1613972	not_in_clinvar
15-48468094-A-G	1531	S	P	p.Ser1531Pro	6.195379981240389e-07	1	1614106	
15-48468094-A-C	1531	S	A	p.Ser1531Ala	1.8586139943721168e-06	3	1614106	not_in_clinvar
15-48468096-C-A	1530	R	L	p.Arg1530Leu	6.196178444982273e-07	1	1613898	
15-48468096-C-T	1530	R	H	p.Arg1530His	1.8587176335302748e-06	3	1614016	vus
15-48468099-G-A	1529	T	I	p.Thr1529Ile	1.239161979536479e-06	2	1613994	
15-48468099-G-T	1529	T	N	p.Thr1529Asn	3.0981314549568863e-06	5	1613876	vus
15-48468102-T-A	1528	D	V	p.Asp1528Val	6.195272511451961e-07	1	1614134	not_in_clinvar
15-48468102-T-C	1528	D	G	p.Asp1528Gly	1.2390545022903922e-06	2	1614134	not_in_clinvar
15-48468424-C-T	1524	V	I	p.Val1524Ile	1.2390299386804083e-06	2	1614166	vus
15-48468426-C-T	1523	R	Q	p.Arg1523Gln	2.416174242095703e-05	39	1614122	vus
15-48468427-G-C	1523	R	G	p.Arg1523Gly	6.8147659871312434e-06	11	1614142	not_in_clinvar
15-48468429-G-A	1522	T	I	p.Thr1522Ile	6.195080610388902e-07	1	1614184	vus
15-48468430-T-C	1522	T	A	p.Thr1522Ala	0.0	0	1614108	not_in_clinvar
15-48468430-T-G	1522	T	P	p.Thr1522Pro	6.195364628185191e-07	1	1614110	not_in_clinvar
15-48468439-G-C	1519	L	V	p.Leu1519Val	6.195011528916455e-07	1	1614202	not_in_clinvar
15-48468443-A-T	1517	F	L	p.Phe1517Leu	6.195034555902752e-07	1	1614196	not_in_clinvar
15-48468450-G-C	1515	P	R	p.Pro1515Arg	6.195226454112577e-07	1	1614146	
15-48468451-G-A	1515	P	S	p.Pro1515Ser	2.4780875111823697e-06	4	1614148	vus
15-48468453-G-A	1514	P	L	p.Pro1514Leu	2.4781397100824352e-06	4	1614114	
15-48468464-G-C	1510	I	M	p.Ile1510Met	6.19528018774177e-07	1	1614132	not_in_clinvar
15-48468466-T-C	1510	I	V	p.Ile1510Val	6.195211101818295e-07	1	1614150	
15-48468469-A-G	1509	Y	H	p.Tyr1509His	6.19525715892941e-07	1	1614138	not_in_clinvar
15-48468477-G-C	1506	P	R	p.Pro1506Arg	1.8586899952913187e-06	3	1614040	
15-48468477-G-A	1506	P	L	p.Pro1506Leu	1.8586899952913187e-06	3	1614040	not_in_clinvar
15-48468478-G-C	1506	P	A	p.Pro1506Ala	6.195502808421423e-07	1	1614074	vus
15-48468480-G-T	1505	T	N	p.Thr1505Asn	0.0	0	1614092	not_in_clinvar
15-48468480-G-C	1505	T	S	p.Thr1505Ser	6.19543371753283e-07	1	1614092	not_in_clinvar
15-48468481-T-C	1505	T	A	p.Thr1505Ala	6.195556546844603e-07	1	1614060	not_in_clinvar
15-48468483-T-C	1504	N	S	p.Asn1504Ser	6.195180397457993e-07	1	1614158	
15-48468486-A-G	1503	V	A	p.Val1503Ala	1.8585610277099058e-06	3	1614152	vus
15-48468487-C-T	1503	V	I	p.Val1503Ile	0.0	0	1614090	not_in_clinvar
15-48468487-C-G	1503	V	L	p.Val1503Leu	1.8587660024263092e-06	3	1613974	
15-48468498-C-T	1499	S	N	p.Ser1499Asn	6.19525715892941e-07	1	1614138	
15-48468502-T-C	1498	I	V	p.Ile1498Val	7.435073223079459e-06	12	1613972	
15-48468507-G-A	1496	T	M	p.Thr1496Met	1.8586577517180193e-06	3	1614068	vus
15-48468510-G-A	1495	T	I	p.Thr1495Ile	2.4783331722416772e-06	4	1613988	
15-48468511-T-G	1495	T	P	p.Thr1495Pro	1.2390729256370383e-06	2	1614110	not_in_clinvar
15-48468516-T-C	1493	D	G	p.Asp1493Gly	1.2390713903372257e-06	2	1614112	vus
15-48468516-T-G	1493	D	A	p.Asp1493Ala	6.195356951686129e-07	1	1614112	not_in_clinvar
15-48468517-C-T	1493	D	N	p.Asp1493Asn	6.195610286200021e-07	1	1614046	
15-48468517-C-A	1493	D	Y	p.Asp1493Tyr	6.196063269241255e-07	1	1613928	not_in_clinvar
15-48468524-T-A	1490	E	D	p.Glu1490Asp	6.195395334371682e-07	1	1614102	not_in_clinvar
15-48468532-C-A	1488	V	L	p.Val1488Leu	1.2390759962480778e-06	2	1614106	vus
15-48468533-A-C	1487	D	E	p.Asp1487Glu	6.195341598745072e-07	1	1614116	not_in_clinvar
15-48468533-A-T	1487	D	E	p.Asp1487Glu	6.195341598745072e-07	1	1614116	not_in_clinvar
15-48470643-T-G	1484	N	H	p.Asn1484His	6.196186123517253e-07	1	1613896	not_in_clinvar
15-48470646-C-T	1483	G	R	p.Gly1483Arg	1.8587245432184435e-06	3	1614010	
15-48470649-C-G	1482	G	R	p.Gly1482Arg	6.195733122513187e-07	1	1614014	not_in_clinvar
15-48470649-C-T	1482	G	S	p.Gly1482Ser	1.858855837055176e-05	30	1613896	vus
15-48470652-T-C	1481	S	G	p.Ser1481Gly	0.00021994362008611877	355	1614050	benign
15-48470654-C-G	1480	R	T	p.Arg1480Thr	5.57580053007277e-06	9	1614118	
15-48470656-G-C	1479	D	E	p.Asp1479Glu	8.054243471106331e-06	13	1614056	
15-48470660-A-T	1478	L	Q	p.Leu1478Gln	6.195533515977661e-07	1	1614066	not_in_clinvar
15-48470663-T-C	1477	E	G	p.Glu1477Gly	1.2390852081725104e-06	2	1614094	not_in_clinvar
15-48470664-C-T	1477	E	K	p.Glu1477Lys	1.8587199367539563e-06	3	1614014	vus
15-48470672-A-G	1474	I	T	p.Ile1474Thr	2.4784099513116366e-06	4	1613938	
15-48470673-T-G	1474	I	L	p.Ile1474Leu	6.195679381026847e-07	1	1614028	not_in_clinvar
15-48470677-A-C	1472	C	W	p.Cys1472Trp	0.0	0	1613982	not_in_clinvar
15-48470682-C-T	1471	E	K	p.Glu1471Lys	6.195426040862552e-07	1	1614094	not_in_clinvar
15-48470687-C-A	1469	R	L	p.Arg1469Leu	6.195986487792667e-07	1	1613948	vus
15-48470687-C-G	1469	R	P	p.Arg1469Pro	6.195986487792667e-07	1	1613948	
15-48470687-C-T	1469	R	H	p.Arg1469His	9.294647770028107e-06	15	1613832	vus
15-48470688-G-A	1469	R	C	p.Arg1469Cys	4.337378661831935e-06	7	1613878	vus
15-48470688-G-T	1469	R	S	p.Arg1469Ser	1.2392510462376959e-06	2	1613878	not_in_clinvar
15-48470689-G-C	1468	F	L	p.Phe1468Leu	2.4782778942568387e-06	4	1614024	vus
15-48470703-G-C	1464	L	V	p.Leu1464Val	6.195479777954005e-07	1	1614080	not_in_clinvar
15-48470703-G-A	1464	L	F	p.Leu1464Phe	6.195479777954005e-07	1	1614080	
15-48470705-T-C	1463	N	S	p.Asn1463Ser	6.196531677289588e-07	1	1613806	
15-48470729-A-C	1455	I	S	p.Ile1455Ser	3.097785950425512e-06	5	1614056	vus
15-48470731-G-C	1454	N	K	p.Asn1454Lys	6.19577150985995e-07	1	1614004	not_in_clinvar
15-48470732-T-C	1454	N	S	p.Asn1454Ser	1.2392341532932647e-06	2	1613900	vus
15-48470735-G-A	1453	P	L	p.Pro1453Leu	5.762495941467912e-05	93	1613884	vus
15-48470735-G-C	1453	P	R	p.Pro1453Arg	6.196232195126788e-07	1	1613884	
15-48470736-G-C	1453	P	A	p.Pro1453Ala	4.9564022467371385e-06	8	1614074	not_in_clinvar
15-48470751-C-T	1448	D	N	p.Asp1448Asn	1.8589571993694418e-05	30	1613808	
15-48470752-A-C	1447	I	M	p.Ile1447Met	6.196170766466323e-07	1	1613900	not_in_clinvar
15-48470753-A-G	1447	I	T	p.Ile1447Thr	1.8586577517180193e-06	3	1614068	not_in_clinvar
15-48470754-T-C	1447	I	V	p.Ile1447Val	5.576256547454563e-06	9	1613986	not_in_clinvar
15-48470756-T-C	1446	D	G	p.Asp1446Gly	6.1959327419109e-07	1	1613962	
15-48472554-C-T	1445	E	K	p.Glu1445Lys	6.19971258132473e-07	1	1612978	not_in_clinvar
15-48472559-G-C	1443	A	G	p.Ala1443Gly	6.196616151851797e-07	1	1613784	not_in_clinvar
15-48472559-G-A	1443	A	V	p.Ala1443Val	6.816277767036976e-06	11	1613784	vus
15-48472560-C-T	1443	A	T	p.Ala1443Thr	6.816759312622779e-06	11	1613670	
15-48472566-C-T	1441	G	R	p.Gly1441Arg	3.655342127632156e-05	59	1614076	
15-48472566-C-G	1441	G	R	p.Gly1441Arg	6.195495131579926e-07	1	1614076	
15-48472571-G-C	1439	A	G	p.Ala1439Gly	9.915618090053644e-06	16	1613616	
15-48472571-G-A	1439	A	V	p.Ala1439Val	6.196961753591449e-07	1	1613694	
15-48472574-C-T	1438	S	N	p.Ser1438Asn	2.4785266646094894e-05	40	1613862	
15-48472575-T-C	1438	S	G	p.Ser1438Gly	3.7174813320479108e-06	6	1613996	vus
15-48472578-G-C	1437	P	A	p.Pro1437Ala	6.195379981240389e-07	1	1614106	
15-48472578-G-A	1437	P	S	p.Pro1437Ser	6.195379981240389e-07	1	1614106	not_in_clinvar
15-48472578-G-T	1437	P	T	p.Pro1437Thr	6.195379981240389e-07	1	1614106	not_in_clinvar
15-48472581-C-A	1436	V	L	p.Val1436Leu	1.2390652491760217e-06	2	1614120	
15-48472581-C-T	1436	V	M	p.Val1436Met	0.00029489752930389316	476	1614120	benign
15-48472583-A-G	1435	F	S	p.Phe1435Ser	1.8586738733648316e-06	3	1614054	vus
15-48472584-A-G	1435	F	L	p.Phe1435Leu	6.195111313760086e-07	1	1614176	not_in_clinvar
15-48472587-C-T	1434	G	S	p.Gly1434Ser	1.2390974909514907e-06	2	1614078	not_in_clinvar
15-48472590-T-C	1433	M	V	p.Met1433Val	6.195395334371682e-07	1	1614102	
15-48472593-C-G	1432	D	H	p.Asp1432His	6.195103637888758e-07	1	1614178	
15-48472593-C-T	1432	D	N	p.Asp1432Asn	3.7173385343029805e-06	6	1614058	vus
15-48472604-C-T	1428	R	H	p.Arg1428His	8.05426343141361e-06	13	1614052	vus
15-48472605-G-T	1428	R	S	p.Arg1428Ser	1.239056037548354e-06	2	1614132	not_in_clinvar
15-48472605-G-A	1428	R	C	p.Arg1428Cys	6.814808206515948e-06	11	1614132	
15-48472610-C-G	1426	G	A	p.Gly1426Ala	1.177044898687409e-05	19	1614212	vus
15-48472611-C-T	1426	G	R	p.Gly1426Arg	4.336465087119583e-06	7	1614218	
15-48472617-G-C	1424	P	A	p.Pro1424Ala	0.0003128790948438764	505	1614042	
15-48472619-G-A	1423	A	V	p.Ala1423Val	6.195426040862552e-07	1	1614094	
15-48472620-C-A	1423	A	S	p.Ala1423Ser	6.194973150986364e-07	1	1614212	not_in_clinvar
15-48472620-C-T	1423	A	T	p.Ala1423Thr	6.194973150986364e-07	1	1614212	not_in_clinvar
15-48472626-G-A	1421	L	F	p.Leu1421Phe	6.195118989650434e-07	1	1614174	not_in_clinvar
15-48472634-C-T	1418	G	D	p.Gly1418Asp	6.195057583060235e-07	1	1614190	
15-48472637-T-C	1417	N	S	p.Asn1417Ser	3.7170759993358823e-06	6	1614172	
15-48472640-C-A	1416	G	V	p.Gly1416Val	1.239105167812013e-06	2	1614068	not_in_clinvar
15-48472647-G-A	1414	L	F	p.Leu1414Phe	3.097594036759768e-06	5	1614156	vus
15-48472652-A-G	1412	L	P	p.Leu1412Pro	6.195234130288251e-07	1	1614144	vus
15-48472655-T-G	1411	N	T	p.Asn1411Thr	6.195403010965864e-07	1	1614100	not_in_clinvar
15-48472656-T-G	1411	N	H	p.Asn1411His	1.239033009078395e-06	2	1614162	
15-48472659-C-T	1410	E	K	p.Glu1410Lys	6.195172721415473e-07	1	1614160	not_in_clinvar
15-48472666-C-G	1407	E	D	p.Glu1407Asp	6.1951957496001e-07	1	1614154	not_in_clinvar
15-48472673-A-C	1405	L	R	p.Leu1405Arg	0.00013134872839561245	212	1614024	vus
15-48472674-G-A	1405	L	F	p.Leu1405Phe	1.239042220363659e-06	2	1614150	not_in_clinvar
15-48472674-G-T	1405	L	I	p.Leu1405Ile	6.195211101818295e-07	1	1614150	
15-48474257-G-A	1403	T	I	p.Thr1403Ile	6.195456747657807e-07	1	1614086	
15-48474257-G-T	1403	T	K	p.Thr1403Lys	6.195456747657807e-07	1	1614086	not_in_clinvar
15-48474258-T-C	1403	T	A	p.Thr1403Ala	6.19525715892941e-07	1	1614138	not_in_clinvar
15-48474263-G-A	1401	T	I	p.Thr1401Ile	1.2390759962480778e-06	2	1614106	not_in_clinvar
15-48474265-G-C	1400	F	L	p.Phe1400Leu	6.195441394222132e-07	1	1614090	
15-48474267-A-G	1400	F	L	p.Phe1400Leu	6.195763832352544e-07	1	1614006	
15-48474269-C-G	1399	G	A	p.Gly1399Ala	1.2390944202339162e-06	2	1614082	not_in_clinvar
15-48474272-T-C	1398	D	G	p.Asp1398Gly	6.195287864050603e-06	10	1614130	vus
15-48474275-C-A	1397	G	V	p.Gly1397Val	1.4250133207766943e-05	23	1614020	
15-48474275-C-G	1397	G	A	p.Gly1397Ala	1.8587130271000359e-06	3	1614020	vus
15-48474276-C-T	1397	G	S	p.Gly1397Ser	1.8586255092633895e-06	3	1614096	vus
15-48474278-G-A	1396	T	I	p.Thr1396Ile	4.336755239729635e-06	7	1614110	vus
15-48474279-T-C	1396	T	A	p.Thr1396Ala	3.0976362557259806e-06	5	1614134	
15-48474284-C-T	1394	G	E	p.Gly1394Glu	6.19525715892941e-07	1	1614138	not_in_clinvar
15-48474291-T-C	1392	K	E	p.Lys1392Glu	5.5756830831297176e-06	9	1614152	vus
15-48474293-C-A	1391	C	F	p.Cys1391Phe	6.195356951686129e-07	1	1614112	
15-48474302-C-T	1388	R	H	p.Arg1388His	2.9121713893412048e-05	47	1613916	
15-48474302-C-A	1388	R	L	p.Arg1388Leu	6.19565634924667e-07	1	1614034	vus
15-48474303-G-A	1388	R	C	p.Arg1388Cys	8.054972086423654e-06	13	1613910	vus
15-48474308-G-A	1386	S	F	p.Ser1386Phe	4.956334691369039e-06	8	1614096	vus
15-48474315-T-C	1384	M	V	p.Met1384Val	3.407733448328848e-05	55	1613976	
15-48474317-G-A	1383	T	I	p.Thr1383Ile	6.195802220079852e-07	1	1613996	not_in_clinvar
15-48474318-T-C	1383	T	A	p.Thr1383Ala	6.195241806482949e-07	1	1614142	not_in_clinvar
15-48474324-T-G	1381	K	Q	p.Lys1381Gln	1.8586853889980695e-06	3	1614044	not_in_clinvar
15-48474324-T-C	1381	K	E	p.Lys1381Glu	6.195165045391975e-07	1	1614162	not_in_clinvar
15-48474328-G-C	1379	D	E	p.Asp1379Glu	1.8585840563225311e-06	3	1614132	
15-48474335-T-A	1377	H	L	p.His1377Leu	6.195541192914283e-07	1	1614064	vus
15-48474335-T-C	1377	H	R	p.His1377Arg	1.2391082385828567e-06	2	1614064	not_in_clinvar
15-48474337-C-A	1376	Q	H	p.Gln1376His	6.195333922303078e-07	1	1614118	
15-48474341-C-G	1375	S	T	p.Ser1375Thr	1.8586116914109836e-06	3	1614108	not_in_clinvar
15-48474341-C-T	1375	S	N	p.Ser1375Asn	1.2390744609406557e-06	2	1614108	not_in_clinvar
15-48474342-T-C	1375	S	G	p.Ser1375Gly	6.195111313760086e-07	1	1614176	not_in_clinvar
15-48474346-C-T	1373	M	I	p.Met1373Ile	1.8587245432184435e-06	3	1614010	
15-48474348-T-C	1373	M	V	p.Met1373Val	2.478090581645031e-06	4	1614146	not_in_clinvar
15-48474350-T-G	1372	H	P	p.His1372Pro	1.2390345442830946e-06	2	1614160	not_in_clinvar
15-48474351-G-A	1372	H	Y	p.His1372Tyr	3.0979740488909873e-06	5	1613958	
15-48474356-C-T	1370	G	E	p.Gly1370Glu	1.2391512309728328e-06	2	1614008	not_in_clinvar
15-48474358-A-T	1369	N	K	p.Asn1369Lys	6.194965475457405e-07	1	1614214	vus
15-48474359-T-C	1369	N	S	p.Asn1369Ser	1.363037640904016e-05	22	1614042	
15-48474369-C-G	1366	E	Q	p.Glu1366Gln	6.195894352566215e-07	1	1613972	
15-48474371-T-C	1365	D	G	p.Asp1365Gly	6.195287864050603e-07	1	1614130	
15-48474377-T-A	1363	D	V	p.Asp1363Val	6.195326245880108e-07	1	1614120	
15-48474535-C-A	1360	K	N	p.Lys1360Asn	6.195556546844603e-07	1	1614060	vus
15-48474540-T-C	1359	I	V	p.Ile1359Val	7.433894096744698e-06	12	1614228	
15-48474542-C-T	1358	G	D	p.Gly1358Asp	6.1951957496001e-07	1	1614154	not_in_clinvar
15-48474543-C-A	1358	G	C	p.Gly1358Cys	0.0	0	1614116	not_in_clinvar
15-48474545-T-C	1357	D	G	p.Asp1357Gly	6.195065258817436e-07	1	1614188	not_in_clinvar
15-48474548-C-G	1356	G	A	p.Gly1356Ala	1.8585011559877191e-06	3	1614204	not_in_clinvar
15-48474549-C-T	1356	G	R	p.Gly1356Arg	6.814647775637015e-06	11	1614170	vus
15-48474551-A-G	1355	I	T	p.Ile1355Thr	2.478280965191305e-06	4	1614022	
15-48474558-C-A	1353	G	W	p.Gly1353Trp	1.2390452908225155e-06	2	1614146	
15-48474558-C-T	1353	G	R	p.Gly1353Arg	1.053265494774564e-05	17	1614028	
15-48474560-G-A	1352	P	L	p.Pro1352Leu	6.195456747657807e-07	1	1614086	not_in_clinvar
15-48474560-G-T	1352	P	H	p.Pro1352His	7.435091649896405e-06	12	1613968	vus
15-48474561-G-A	1352	P	S	p.Pro1352Ser	1.2390637138952322e-06	2	1614122	not_in_clinvar
15-48474563-C-T	1351	S	N	p.Ser1351Asn	1.2390928848808365e-06	2	1614084	not_in_clinvar
15-48474564-T-C	1351	S	G	p.Ser1351Gly	6.194996177687358e-07	1	1614206	not_in_clinvar
15-48474569-C-G	1349	S	T	p.Ser1349Thr	6.195464424404182e-07	1	1614084	
15-48474575-T-A	1347	K	I	p.Lys1347Ile	1.2391143801702047e-06	2	1614056	
15-48474581-C-T	1345	S	N	p.Ser1345Asn	6.195072934593659e-07	1	1614186	not_in_clinvar
15-48474590-G-C	1342	T	R	p.Thr1342Arg	6.195049907322053e-07	1	1614192	
15-48474597-T-C	1340	T	A	p.Thr1340Ala	6.196232195126788e-07	1	1613884	not_in_clinvar
15-48474603-C-T	1338	V	I	p.Val1338Ile	1.1151255631384095e-05	18	1614168	
15-48474608-T-C	1336	H	R	p.His1336Arg	1.2391358762053693e-06	2	1614028	vus
15-48474609-G-A	1336	H	Y	p.His1336Tyr	6.195180397457993e-07	1	1614158	not_in_clinvar
15-48474614-C-T	1334	G	D	p.Gly1334Asp	1.548856510215638e-05	25	1614094	
15-48474627-C-T	1330	A	T	p.Ala1330Thr	1.2391358762053693e-06	2	1614028	
15-48474629-C-T	1329	G	E	p.Gly1329Glu	1.2391020970563891e-06	2	1614072	not_in_clinvar
15-48474630-C-T	1329	G	R	p.Gly1329Arg	1.8586070855058386e-06	3	1614112	not_in_clinvar
15-48474633-T-A	1328	I	F	p.Ile1328Phe	1.2390314738774995e-06	2	1614164	
15-48474644-T-C	1324	N	S	p.Asn1324Ser	3.717508971588318e-06	6	1613984	vus
15-48474645-T-C	1324	N	D	p.Asn1324Asp	1.8585817534355885e-06	3	1614134	
15-48474646-G-C	1323	I	M	p.Ile1323Met	6.195664026487703e-07	1	1614032	
15-48474648-T-C	1323	I	V	p.Ile1323Val	6.195218777955924e-07	1	1614148	not_in_clinvar
15-48481658-T-C	1321	T	A	p.Thr1321Ala	6.19665455014147e-07	1	1613774	
15-48481666-G-A	1318	T	I	p.Thr1318Ile	1.2393662376806996e-06	2	1613728	not_in_clinvar
15-48481669-T-C	1317	K	R	p.Lys1317Arg	6.196270588658098e-07	1	1613874	vus
15-48481674-T-A	1315	K	N	p.Lys1315Asn	6.19711536673909e-07	1	1613654	not_in_clinvar
15-48481678-T-C	1314	K	R	p.Lys1314Arg	6.196201480644306e-07	1	1613892	vus
15-48481681-C-T	1313	G	D	p.Gly1313Asp	6.198083304718848e-07	1	1613402	not_in_clinvar
15-48481681-C-A	1313	G	V	p.Gly1313Val	6.198083304718848e-07	1	1613402	not_in_clinvar
15-48481682-C-T	1313	G	S	p.Gly1313Ser	1.3017056062600882e-05	21	1613268	
15-48481688-A-T	1311	Y	N	p.Tyr1311Asn	3.098384873932916e-06	5	1613744	
15-48481693-A-G	1309	M	T	p.Met1309Thr	1.2392556534842912e-06	2	1613872	not_in_clinvar
15-48481694-T-C	1309	M	V	p.Met1309Val	6.196178444982273e-07	1	1613898	vus
15-48481696-T-G	1308	D	A	p.Asp1308Ala	1.239257189240769e-06	2	1613870	not_in_clinvar
15-48481702-T-C	1306	H	R	p.His1306Arg	6.196262909913772e-07	1	1613876	not_in_clinvar
15-48481702-T-A	1306	H	L	p.His1306Leu	6.196262909913772e-07	1	1613876	not_in_clinvar
15-48481707-G-C	1304	I	M	p.Ile1304Met	6.196516318525725e-07	1	1613810	not_in_clinvar
15-48481714-G-A	1302	S	L	p.Ser1302Leu	6.19711536673909e-07	1	1613654	vus
15-48481717-C-G	1301	G	A	p.Gly1301Ala	1.2393708457838464e-06	2	1613722	
15-48481721-T-C	1300	K	E	p.Lys1300Glu	6.196170766466323e-07	1	1613900	not_in_clinvar
15-48481723-G-A	1299	T	M	p.Thr1299Met	6.259443392940588e-05	101	1613562	benign
15-48481727-T-C	1298	N	D	p.Asn1298Asp	1.8588996057893568e-06	3	1613858	not_in_clinvar
15-48481729-T-C	1297	E	G	p.Glu1297Gly	0.0002769770710077504	447	1613852	benign
15-48481735-G-A	1295	T	I	p.Thr1295Ile	1.239498350227696e-06	2	1613556	not_in_clinvar
15-48481741-C-T	1293	S	N	p.Ser1293Asn	1.2393954229127033e-06	2	1613690	
15-48481750-A-G	1290	I	T	p.Ile1290Thr	1.2393370538231688e-06	2	1613766	vus
15-48481752-A-C	1289	N	K	p.Asn1289Lys	6.196946392695535e-07	1	1613698	not_in_clinvar
15-48481762-A-G	1286	L	P	p.Leu1286Pro	6.197991107122359e-07	1	1613426	not_in_clinvar
15-48481765-T-A	1285	D	V	p.Asp1285Val	6.197645390563217e-07	1	1613516	not_in_clinvar
15-48481766-C-A	1285	D	Y	p.Asp1285Tyr	0.0	0	1613394	not_in_clinvar
15-48481766-C-T	1285	D	N	p.Asp1285Asn	6.198098671251606e-07	1	1613398	
15-48481766-C-G	1285	D	H	p.Asp1285His	1.2397134774210984e-06	2	1613276	
15-48481773-A-C	1282	N	K	p.Asn1282Lys	6.19902848825532e-07	1	1613156	
15-48481774-T-C	1282	N	S	p.Asn1282Ser	3.161269367423801e-05	51	1613276	
15-48483820-A-G	1279	V	A	p.Val1279Ala	1.2394307542431911e-06	2	1613644	
15-48483821-C-T	1279	V	I	p.Val1279Ile	2.478846146695636e-06	4	1613654	
15-48483826-G-C	1277	T	S	p.Thr1277Ser	1.8593327970191177e-06	3	1613482	
15-48483826-G-A	1277	T	I	p.Thr1277Ile	6.197322756569162e-07	1	1613600	not_in_clinvar
15-48483833-T-G	1275	M	L	p.Met1275Leu	1.858989453333168e-06	3	1613780	not_in_clinvar
15-48483834-G-T	1274	D	E	p.Asp1274Glu	0.0	0	1613684	not_in_clinvar
15-48483835-T-C	1274	D	G	p.Asp1274Gly	6.196600792669173e-07	1	1613788	not_in_clinvar
15-48483845-C-A	1271	A	S	p.Ala1271Ser	6.196723668262116e-07	1	1613756	not_in_clinvar
15-48483845-C-T	1271	A	T	p.Ala1271Thr	6.8168860464539795e-06	11	1613640	vus
15-48483848-T-G	1270	M	L	p.Met1270Leu	6.196362735074511e-07	1	1613850	vus
15-48483848-T-A	1270	M	L	p.Met1270Leu	1.2392725470149023e-06	2	1613850	vus
15-48483849-G-T	1269	F	L	p.Phe1269Leu	0.0	0	1613734	not_in_clinvar
15-48483850-A-G	1269	F	S	p.Phe1269Ser	6.196454884231634e-07	1	1613826	vus
15-48483859-T-C	1266	Y	C	p.Tyr1266Cys	6.196462563451776e-07	1	1613824	not_in_clinvar
15-48483859-T-A	1266	Y	F	p.Tyr1266Phe	4.0279951862359066e-05	65	1613706	
15-48483868-C-A	1263	C	F	p.Cys1263Phe	6.196547036129588e-07	1	1613802	
15-48483871-C-T	1262	R	K	p.Arg1262Lys	7.436630611402586e-06	12	1613634	
15-48483883-G-T	1258	P	H	p.Pro1258His	0.0	0	1613586	not_in_clinvar
15-48483883-G-C	1258	P	R	p.Pro1258Arg	1.2394722327233064e-06	2	1613590	not_in_clinvar
15-48483886-A-T	1257	I	N	p.Ile1257Asn	1.859102351020833e-06	3	1613682	vus
15-48483887-T-C	1257	I	V	p.Ile1257Val	6.196792787924681e-07	1	1613738	not_in_clinvar
15-48483890-T-C	1256	N	D	p.Asn1256Asp	1.3633518625245558e-05	22	1613670	
15-48483892-G-C	1255	T	R	p.Thr1255Arg	6.197430297501444e-07	1	1613572	not_in_clinvar
15-48483904-C-A	1251	G	V	p.Gly1251Val	6.198221606256733e-07	1	1613366	not_in_clinvar
15-48483907-T-A	1250	D	V	p.Asp1250Val	6.197883546726464e-07	1	1613454	not_in_clinvar
15-48483908-C-G	1250	D	H	p.Asp1250His	6.197653072734417e-07	1	1613514	not_in_clinvar
15-48483914-T-C	1248	I	V	p.Ile1248Val	6.198044888720302e-07	1	1613412	
15-48483916-T-C	1247	N	S	p.Asn1247Ser	1.2395859287163715e-06	2	1613442	vus
15-48483916-T-A	1247	N	I	p.Asn1247Ile	5.950012457838584e-05	96	1613442	
15-48483920-G-A	1246	P	S	p.Pro1246Ser	1.2397980121078675e-06	2	1613166	not_in_clinvar
15-48483925-T-C	1244	D	G	p.Asp1244Gly	6.198175505058332e-07	1	1613378	not_in_clinvar
15-48483926-C-T	1244	D	N	p.Asp1244Asn	4.338771259979174e-06	7	1613360	
15-48483938-C-T	1240	D	N	p.Asp1240Asn	2.3561449500373264e-05	38	1612804	
15-48483938-C-G	1240	D	H	p.Asp1240His	0.0	0	1612804	not_in_clinvar
15-48483940-A-G	1239	I	T	p.Ile1239Thr	6.200343002974925e-07	1	1612814	not_in_clinvar
15-48483942-G-T	1238	D	E	p.Asp1238Glu	1.8602782232110633e-06	3	1612662	
15-48483943-T-G	1238	D	A	p.Asp1238Ala	1.860268994896662e-06	3	1612670	
15-48485377-T-C	1237	T	A	p.Thr1237Ala	6.195042231602893e-07	1	1614194	vus
15-48485385-C-G	1234	R	T	p.Arg1234Thr	6.195057583060235e-07	1	1614190	
15-48485388-T-C	1233	Q	R	p.Gln1233Arg	6.195088286203166e-07	1	1614182	not_in_clinvar
15-48485395-G-A	1231	P	S	p.Pro1231Ser	1.2390345442830946e-06	2	1614160	
15-48485396-C-T	1230	M	I	p.Met1230Ile	1.8586830858600066e-06	3	1614046	vus
15-48485397-A-G	1230	M	T	p.Met1230Thr	2.4779769795938597e-06	4	1614220	benign
15-48485398-T-G	1230	M	L	p.Met1230Leu	1.4248826640101898e-05	23	1614168	
15-48485400-A-G	1229	L	P	p.Leu1229Pro	6.195003853292397e-07	1	1614204	not_in_clinvar
15-48485403-G-A	1228	A	V	p.Ala1228Val	6.195165045391975e-07	1	1614162	not_in_clinvar
15-48485404-C-T	1228	A	T	p.Ala1228Thr	6.195057583060235e-07	1	1614190	not_in_clinvar
15-48485404-C-A	1228	A	S	p.Ala1228Ser	6.195057583060235e-07	1	1614190	not_in_clinvar
15-48485405-A-C	1227	F	L	p.Phe1227Leu	6.195034555902752e-07	1	1614196	vus
15-48485412-G-A	1225	P	L	p.Pro1225Leu	2.5402568757318726e-05	41	1614010	
15-48485415-T-G	1224	Q	P	p.Gln1224Pro	6.194858020049038e-07	1	1614242	not_in_clinvar
15-48485416-G-T	1224	Q	K	p.Gln1224Lys	1.239011516612047e-06	2	1614190	not_in_clinvar
15-48485428-C-T	1220	E	K	p.Glu1220Lys	6.195487454757453e-07	1	1614078	not_in_clinvar
15-48485431-A-G	1219	Y	H	p.Tyr1219His	6.19498850210134e-07	1	1614208	not_in_clinvar
15-48485433-C-T	1218	S	N	p.Ser1218Asn	6.195418364211298e-07	1	1614096	not_in_clinvar
15-48485434-T-C	1218	S	G	p.Ser1218Gly	6.195003853292397e-07	1	1614204	not_in_clinvar
15-48485437-C-T	1217	G	S	p.Gly1217Ser	1.2390161220777804e-06	2	1614184	vus
15-48485453-G-T	1211	F	L	p.Phe1211Leu	6.195049907322053e-07	1	1614192	not_in_clinvar
15-48485454-A-G	1211	F	S	p.Phe1211Ser	6.194957799947467e-07	1	1614216	vus
15-48485457-G-A	1210	T	I	p.Thr1210Ile	6.1951957496001e-07	1	1614154	not_in_clinvar
15-48485458-T-G	1210	T	P	p.Thr1210Pro	6.195149693402042e-07	1	1614166	not_in_clinvar
15-48485472-T-C	1205	N	S	p.Asn1205Ser	1.2389946301972728e-06	2	1614212	vus
15-48485476-T-C	1204	M	V	p.Met1204Val	1.2390069111805505e-06	2	1614196	
15-48485481-C-A	1202	S	I	p.Ser1202Ile	2.4782041941127782e-06	4	1614072	vus
15-48485481-C-T	1202	S	N	p.Ser1202Asn	1.05315978912024e-05	17	1614190	
15-48485482-T-C	1202	S	G	p.Ser1202Gly	6.194957799947466e-06	10	1614216	not_in_clinvar
15-48485493-A-G	1198	I	T	p.Ile1198Thr	1.672702852392027e-05	27	1614154	vus
15-48485494-T-C	1198	I	V	p.Ile1198Val	9.293323304804897e-06	15	1614062	vus
15-48485494-T-A	1198	I	F	p.Ile1198Phe	6.195095962036452e-07	1	1614180	not_in_clinvar
15-48485495-G-T	1197	D	E	p.Asp1197Glu	6.195372304703279e-07	1	1614108	not_in_clinvar
15-48487075-C-G	1197	D	H	p.Asp1197His	6.349109600869574e-07	1	1575024	
15-48487075-C-A	1197	D	Y	p.Asp1197Tyr	0.0	0	1575022	not_in_clinvar
15-48487077-A-G	1196	V	A	p.Val1196Ala	0.0	0	1593612	not_in_clinvar
15-48487078-C-T	1196	V	I	p.Val1196Ile	5.024437608417943e-06	8	1592218	
15-48487078-C-A	1196	V	F	p.Val1196Phe	0.0	0	1592216	not_in_clinvar
15-48487080-C-A	1195	C	F	p.Cys1195Phe	0.0	0	1604256	not_in_clinvar
15-48487088-C-A	1192	R	S	p.Arg1192Ser	6.204505463687511e-07	1	1611732	not_in_clinvar
15-48487089-C-T	1192	R	K	p.Arg1192Lys	3.846444954270733e-05	62	1611878	
15-48487090-T-C	1192	R	G	p.Arg1192Gly	1.2403977707571263e-06	2	1612386	vus
15-48487091-A-T	1191	D	E	p.Asp1191Glu	2.4790397191743805e-06	4	1613528	vus
15-48487093-C-T	1191	D	N	p.Asp1191Asn	4.339163929893988e-06	7	1613214	
15-48487095-G-C	1190	P	R	p.Pro1190Arg	6.198213922676041e-07	1	1613368	vus
15-48487096-G-C	1190	P	A	p.Pro1190Ala	6.197146090282503e-07	1	1613646	
15-48487099-T-A	1189	T	S	p.Thr1189Ser	6.213920424535043e-07	1	1609290	not_in_clinvar
15-48487099-T-C	1189	T	A	p.Thr1189Ala	1.8641691770811584e-06	3	1609296	not_in_clinvar
15-48487101-G-A	1188	S	L	p.Ser1188Leu	4.957200767870399e-06	8	1613814	vus
15-48487104-T-C	1187	H	R	p.His1187Arg	6.816151055821798e-06	11	1613814	
15-48487116-T-A	1183	N	I	p.Asn1183Ile	6.196508639172344e-07	1	1613812	not_in_clinvar
15-48487122-G-A	1181	A	V	p.Ala1181Val	6.195510485281946e-07	1	1614072	
15-48487123-C-A	1181	A	S	p.Ala1181Ser	6.195426040862552e-07	1	1614094	not_in_clinvar
15-48487129-G-T	1179	Q	K	p.Gln1179Lys	6.195003853292397e-07	1	1614204	vus
15-48487133-C-G	1177	K	N	p.Lys1177Asn	6.195126665559804e-07	1	1614172	not_in_clinvar
15-48487140-A-C	1175	I	R	p.Ile1175Arg	6.19493477353177e-07	1	1614222	not_in_clinvar
15-48487141-T-G	1175	I	L	p.Ile1175Leu	1.2394783779194364e-06	2	1613582	not_in_clinvar
15-48487141-T-A	1175	I	L	p.Ile1175Leu	6.196731348148478e-07	1	1613754	not_in_clinvar
15-48487141-T-C	1175	I	V	p.Ile1175Val	6.196731348148479e-06	10	1613754	
15-48487150-C-T	1172	V	M	p.Val1172Met	3.964974407329255e-05	64	1614134	
15-48487155-C-T	1170	R	H	p.Arg1170His	0.002375261594733536	3834	1614138	benign
15-48487156-G-A	1170	R	C	p.Arg1170Cys	3.717241806579518e-06	6	1614100	vus
15-48487156-G-C	1170	R	G	p.Arg1170Gly	6.195403010965864e-07	1	1614100	not_in_clinvar
15-48487161-T-C	1168	N	S	p.Asn1168Ser	8.549793875621564e-05	138	1614074	
15-48487165-G-A	1167	P	S	p.Pro1167Ser	6.81493486780885e-06	11	1614102	not_in_clinvar
15-48487170-A-G	1165	L	P	p.Leu1165Pro	2.477970839239164e-06	4	1614224	
15-48487174-G-A	1164	H	Y	p.His1164Tyr	1.2390176572406333e-06	2	1614182	
15-48487176-G-C	1163	A	G	p.Ala1163Gly	6.195118989650434e-07	1	1614174	not_in_clinvar
15-48487177-C-A	1163	A	S	p.Ala1163Ser	6.195072934593659e-07	1	1614186	not_in_clinvar
15-48487177-C-T	1163	A	T	p.Ala1163Thr	8.673102108431122e-06	14	1614186	
15-48487179-C-T	1162	S	N	p.Ser1162Asn	1.2391266635275459e-06	2	1614040	not_in_clinvar
15-48487180-T-C	1162	S	G	p.Ser1162Gly	6.195157369387497e-07	1	1614164	not_in_clinvar
15-48487184-C-G	1160	E	D	p.Glu1160Asp	5.5755725493500125e-06	9	1614184	not_in_clinvar
15-48487195-T-C	1157	N	D	p.Asn1157Asp	6.195203425699686e-07	1	1614152	not_in_clinvar
15-48487198-T-C	1156	I	V	p.Ile1156Val	6.195172721415473e-07	1	1614160	not_in_clinvar
15-48487200-T-A	1155	D	V	p.Asp1155Val	6.195241806482949e-07	1	1614142	
15-48487312-C-A	1155	D	Y	p.Asp1155Tyr	6.195072934593659e-07	1	1614186	not_in_clinvar
15-48487315-T-A	1154	I	F	p.Ile1154Phe	6.19498850210134e-07	1	1614208	
15-48487315-T-C	1154	I	V	p.Ile1154Val	1.238997700420268e-06	2	1614208	vus
15-48487320-G-A	1152	A	V	p.Ala1152Val	2.725842223296039e-05	44	1614180	vus
15-48487321-C-T	1152	A	T	p.Ala1152Thr	5.6374954156630685e-05	91	1614192	
15-48487323-G-C	1151	S	C	p.Ser1151Cys	6.194896396552664e-07	1	1614232	not_in_clinvar
15-48487323-G-T	1151	S	Y	p.Ser1151Tyr	6.194896396552664e-07	1	1614232	not_in_clinvar
15-48487323-G-A	1151	S	F	p.Ser1151Phe	2.4781397100824352e-06	4	1614114	
15-48487329-T-C	1149	N	S	p.Asn1149Ser	1.5488545910528247e-05	25	1614096	
15-48487333-G-C	1148	P	A	p.Pro1148Ala	0.012290796275095774	19840	1614216	benign
15-48487333-G-A	1148	P	S	p.Pro1148Ser	6.194957799947467e-07	1	1614216	not_in_clinvar
15-48487335-G-T	1147	S	Y	p.Ser1147Tyr	1.2389900248913096e-06	2	1614218	not_in_clinvar
15-48487335-G-A	1147	S	F	p.Ser1147Phe	6.194950124456548e-07	1	1614218	not_in_clinvar
15-48487336-A-T	1147	S	T	p.Ser1147Thr	1.8584942479603025e-06	3	1614210	
15-48487338-A-G	1146	L	P	p.Leu1146Pro	1.2389562536936384e-06	2	1614262	
15-48487344-T-C	1144	H	R	p.His1144Arg	3.097436685296716e-06	5	1614238	vus
15-48487344-T-A	1144	H	L	p.His1144Leu	6.194873370593432e-07	1	1614238	not_in_clinvar
15-48487345-G-A	1144	H	Y	p.His1144Tyr	6.19493477353177e-07	1	1614222	not_in_clinvar
15-48487347-C-T	1143	G	D	p.Gly1143Asp	1.8584620111780294e-06	3	1614238	vus
15-48487353-G-A	1141	P	L	p.Pro1141Leu	0.0005135690009998798	829	1614194	benign
15-48487354-G-C	1141	P	A	p.Pro1141Ala	6.195049907322053e-07	1	1614192	
15-48487360-C-G	1139	E	Q	p.Glu1139Gln	1.7966646469677876e-05	29	1614102	
15-48487365-C-T	1137	R	H	p.Arg1137His	1.4250027260921716e-05	23	1614032	
15-48487365-C-A	1137	R	L	p.Arg1137Leu	1.239042220363659e-06	2	1614150	not_in_clinvar
15-48487366-G-C	1137	R	G	p.Arg1137Gly	2.4780353144812666e-06	4	1614182	
15-48487366-G-A	1137	R	C	p.Arg1137Cys	6.195541192914284e-06	10	1614064	vus
15-48487370-A-T	1135	S	R	p.Ser1135Arg	2.4781673456845194e-06	4	1614096	vus
15-48487371-C-G	1135	S	T	p.Ser1135Thr	6.195080610388902e-07	1	1614184	not_in_clinvar
15-48487372-T-C	1135	S	G	p.Ser1135Gly	7.4346217945937904e-06	12	1614070	
15-48487372-T-G	1135	S	R	p.Ser1135Arg	1.2390130517634873e-06	2	1614188	vus
15-48487374-C-T	1134	G	E	p.Gly1134Glu	6.195126665559804e-07	1	1614172	not_in_clinvar
15-48487375-C-T	1134	G	R	p.Gly1134Arg	5.576021620094495e-06	9	1614054	
15-48487380-G-A	1132	T	I	p.Thr1132Ile	4.956463662306218e-06	8	1614054	not_in_clinvar
15-48487381-T-C	1132	T	A	p.Thr1132Ala	1.2390069111805505e-06	2	1614196	
15-48487386-T-C	1130	H	R	p.His1130Arg	3.1596672808399014e-05	51	1614094	
15-48487392-A-C	1128	V	G	p.Val1128Gly	1.2390222627520172e-06	2	1614176	not_in_clinvar
15-48487393-C-T	1128	V	I	p.Val1128Ile	6.195118989650434e-07	1	1614174	
15-48487398-C-T	1126	G	D	p.Gly1126Asp	1.2390145869187318e-06	2	1614186	
15-48487399-C-T	1126	G	S	p.Gly1126Ser	1.486940941184051e-05	24	1614052	vus
15-48487401-C-T	1125	R	Q	p.Arg1125Gln	9.912558840329741e-06	16	1614114	
15-48487407-A-T	1123	L	Q	p.Leu1123Gln	2.4780752294078145e-06	4	1614156	vus
15-48487413-G-T	1121	P	H	p.Pro1121His	6.195449070930457e-07	1	1614088	not_in_clinvar
15-48487414-G-T	1121	P	T	p.Pro1121Thr	6.195441394222132e-07	1	1614090	not_in_clinvar
15-48487414-G-A	1121	P	S	p.Pro1121Ser	1.8586324182666394e-06	3	1614090	
15-48487416-T-A	1120	D	V	p.Asp1120Val	6.815737165347305e-06	11	1613912	
15-48487419-C-T	1119	R	K	p.Arg1119Lys	1.8586370242973424e-06	3	1614086	not_in_clinvar
15-48487420-T-C	1119	R	G	p.Arg1119Gly	2.478158133748673e-06	4	1614102	not_in_clinvar
15-48487421-C-A	1118	Q	H	p.Gln1118His	6.195441394222132e-07	1	1614090	not_in_clinvar
15-48487422-T-C	1118	Q	R	p.Gln1118Arg	1.2390836728422597e-06	2	1614096	not_in_clinvar
15-48487433-A-C	1114	I	M	p.Ile1114Met	0.0	0	1613952	not_in_clinvar
15-48487434-A-G	1114	I	T	p.Ile1114Thr	1.2392034400287495e-06	2	1613940	
15-48487435-T-C	1114	I	V	p.Ile1114Val	6.196401130223566e-06	10	1613840	
15-48488113-C-A	1113	D	Y	p.Asp1113Tyr	6.195364628185191e-07	1	1614110	not_in_clinvar
15-48488116-T-C	1112	M	V	p.Met1112Val	2.4780752294078145e-06	4	1614156	not_in_clinvar
15-48488116-T-A	1112	M	L	p.Met1112Leu	2.478256397928673e-06	4	1614038	
15-48488124-T-A	1109	K	M	p.Lys1109Met	6.195410687579069e-07	1	1614098	not_in_clinvar
15-48488124-T-C	1109	K	R	p.Lys1109Arg	1.85848733998424e-06	3	1614216	
15-48488129-C-T	1107	M	I	p.Met1107Ile	6.194980826534342e-07	1	1614210	vus
15-48488133-A-G	1106	M	T	p.Met1106Thr	6.195065258817436e-07	1	1614188	not_in_clinvar
15-48488134-T-C	1106	M	V	p.Met1106Val	2.477992330613737e-06	4	1614210	
15-48488135-G-T	1105	F	L	p.Phe1105Leu	6.195679381026847e-07	1	1614028	vus
15-48488135-G-C	1105	F	L	p.Phe1105Leu	1.858567936233773e-06	3	1614146	vus
15-48488139-C-G	1104	G	A	p.Gly1104Ala	6.195034555902752e-07	1	1614196	not_in_clinvar
15-48488149-A-G	1101	Y	H	p.Tyr1101His	1.2389808143820893e-06	2	1614230	not_in_clinvar
15-48488155-C-T	1099	E	K	p.Glu1099Lys	4.088935588112845e-05	66	1614112	
15-48488156-G-C	1098	D	E	p.Asp1098Glu	6.196009522027433e-07	1	1613942	not_in_clinvar
15-48488158-C-A	1098	D	Y	p.Asp1098Tyr	6.194911747287248e-07	1	1614228	not_in_clinvar
15-48488164-T-C	1096	K	E	p.Lys1096Glu	6.194888721213901e-07	1	1614234	not_in_clinvar
15-48488168-T-A	1094	E	D	p.Glu1094Asp	6.19493477353177e-07	1	1614222	not_in_clinvar
15-48488176-C-A	1092	D	Y	p.Asp1092Tyr	6.195049907322053e-07	1	1614192	not_in_clinvar
15-48488178-C-G	1091	G	A	p.Gly1091Ala	6.195172721415473e-07	1	1614160	not_in_clinvar
15-48488182-G-C	1090	P	A	p.Pro1090Ala	6.195364628185191e-07	1	1614110	
15-48488184-G-A	1089	T	I	p.Thr1089Ile	1.2390314738774995e-06	2	1614164	not_in_clinvar
15-48488184-G-T	1089	T	N	p.Thr1089Asn	6.195157369387497e-07	1	1614164	
15-48488190-A-C	1087	V	G	p.Val1087Gly	1.2390775315593048e-06	2	1614104	not_in_clinvar
15-48488191-C-T	1087	V	M	p.Val1087Met	6.195356951686129e-07	1	1614112	
15-48488196-T-C	1085	Q	R	p.Gln1085Arg	1.2389593237264428e-06	2	1614258	vus
15-48488211-A-T	1080	L	H	p.Leu1080His	6.194896396552664e-07	1	1614232	not_in_clinvar
15-48488212-G-A	1080	L	F	p.Leu1080Phe	6.19498850210134e-07	1	1614208	vus
15-48488218-G-A	1078	P	S	p.Pro1078Ser	6.19492709809791e-07	1	1614224	not_in_clinvar
15-48488221-A-T	1077	S	T	p.Ser1077Thr	6.195042231602893e-07	1	1614194	not_in_clinvar
15-48488224-T-G	1076	I	L	p.Ile1076Leu	1.548743287746591e-05	25	1614212	
15-48488224-T-C	1076	I	V	p.Ile1076Val	8.053465096282273e-06	13	1614212	
15-48488226-C-T	1075	R	H	p.Arg1075His	1.3630156845932142e-05	22	1614068	
15-48488226-C-A	1075	R	L	p.Arg1075Leu	1.239105167812013e-06	2	1614068	not_in_clinvar
15-48488227-G-A	1075	R	C	p.Arg1075Cys	5.5755932740998825e-06	9	1614178	vus
15-48488236-C-T	1072	D	N	p.Asp1072Asn	1.8584988533062075e-06	3	1614206	vus
15-48488238-A-G	1071	I	T	p.Ile1071Thr	6.194957799947467e-07	1	1614216	
15-48488239-T-C	1071	I	V	p.Ile1071Val	3.097732212202091e-06	5	1614084	vus
15-48488370-G-A	1069	T	I	p.Thr1069Ile	9.293000883454618e-06	15	1614118	vus
15-48488371-T-C	1069	T	A	p.Thr1069Ala	6.194819644020884e-07	1	1614252	vus
15-48488374-A-C	1068	C	G	p.Cys1068Gly	6.194827319188478e-07	1	1614250	not_in_clinvar
15-48488376-T-C	1067	N	S	p.Asn1067Ser	6.194942448984649e-07	1	1614220	not_in_clinvar
15-48488379-C-G	1066	R	T	p.Arg1066Thr	0.00018338006633897806	296	1614134	vus
15-48488383-C-T	1065	E	K	p.Glu1065Lys	1.2389823494574496e-06	2	1614228	not_in_clinvar
15-48488386-C-T	1064	E	K	p.Glu1064Lys	6.194873370593432e-07	1	1614238	not_in_clinvar
15-48488388-G-C	1063	S	C	p.Ser1063Cys	6.195011528916455e-07	1	1614202	not_in_clinvar
15-48488392-C-T	1062	D	N	p.Asp1062Asn	3.717241806579518e-06	6	1614100	vus
15-48488394-A-G	1061	L	P	p.Leu1061Pro	6.19484266958072e-07	1	1614246	not_in_clinvar
15-48488395-G-C	1061	L	V	p.Leu1061Val	6.194980826534342e-07	1	1614210	not_in_clinvar
15-48488398-C-T	1060	A	T	p.Ala1060Thr	1.238993095091481e-06	2	1614214	not_in_clinvar
15-48488404-C-G	1058	G	R	p.Gly1058Arg	6.195042231602893e-07	1	1614194	not_in_clinvar
15-48488404-C-T	1058	G	S	p.Gly1058Ser	1.2390084463205785e-06	2	1614194	
15-48488405-G-T	1057	S	R	p.Ser1057Arg	6.194965475457405e-07	1	1614214	not_in_clinvar
15-48488407-T-G	1057	S	R	p.Ser1057Arg	6.194957799947467e-07	1	1614216	not_in_clinvar
15-48488427-C-G	1050	S	T	p.Ser1050Thr	2.4779554884855605e-06	4	1614234	
15-48488431-C-T	1049	G	S	p.Gly1049Ser	2.6021885644964826e-05	42	1614026	
15-48488434-T-C	1048	I	V	p.Ile1048Val	9.911871076292911e-06	16	1614226	
15-48488437-T-C	1047	T	A	p.Thr1047Ala	6.194996177687358e-07	1	1614206	
15-48488442-C-A	1045	R	I	p.Arg1045Ile	6.19493477353177e-07	1	1614222	not_in_clinvar
15-48488443-T-C	1045	R	G	p.Arg1045Gly	6.19491942268307e-07	1	1614226	not_in_clinvar
15-48488448-T-C	1043	K	R	p.Lys1043Arg	4.336513443191674e-06	7	1614200	
15-48488453-G-T	1041	H	Q	p.His1041Gln	1.2391527664705087e-06	2	1614006	
15-48488464-G-A	1038	L	F	p.Leu1038Phe	6.195364628185191e-07	1	1614110	
15-48488466-C-T	1037	S	N	p.Ser1037Asn	6.19543371753283e-07	1	1614092	not_in_clinvar
15-48488470-G-A	1036	P	S	p.Pro1036Ser	6.195571900851023e-07	1	1614056	not_in_clinvar
15-48488473-T-C	1035	I	V	p.Ile1035Val	1.2390821375158139e-06	2	1614098	
15-48488474-C-T	1034	M	I	p.Met1034Ile	3.0978166588188643e-06	5	1614040	
15-48488476-T-G	1034	M	L	p.Met1034Leu	6.195617963326898e-07	1	1614044	not_in_clinvar
15-48488476-T-C	1034	M	V	p.Met1034Val	6.195617963326898e-07	1	1614044	not_in_clinvar
15-48488487-T-C	1030	N	S	p.Asn1030Ser	0.00011339596756503537	183	1613814	benign
15-48488490-A-G	1029	I	T	p.Ile1029Thr	6.197207538283249e-07	1	1613630	not_in_clinvar
15-48488491-T-C	1029	I	V	p.Ile1029Val	6.196846548728283e-07	1	1613724	vus
15-48489853-T-A	1027	K	I	p.Lys1027Ile	1.2393001919675997e-06	2	1613814	not_in_clinvar
15-48489856-A-G	1026	F	S	p.Phe1026Ser	0.00031103813624957404	502	1613950	benign
15-48489857-A-G	1026	F	L	p.Phe1026Leu	6.196086304046912e-07	1	1613922	
15-48489860-A-C	1025	F	V	p.Phe1025Val	6.195886674754365e-07	1	1613974	not_in_clinvar
15-48489863-G-T	1024	P	T	p.Pro1024Thr	6.195940419836922e-07	1	1613960	not_in_clinvar
15-48489868-C-A	1022	G	V	p.Gly1022Val	6.195418364211298e-07	1	1614096	not_in_clinvar
15-48489872-T-C	1021	N	D	p.Asn1021Asp	6.195495131579926e-07	1	1614076	not_in_clinvar
15-48489874-G-C	1020	T	R	p.Thr1020Arg	6.195303216725336e-07	1	1614126	
15-48489875-T-C	1020	T	A	p.Thr1020Ala	0.0003301990238994708	533	1614178	benign
15-48489876-A-C	1019	I	M	p.Ile1019Met	1.8586093884555574e-06	3	1614110	
15-48489884-T-C	1017	K	E	p.Lys1017Glu	3.716997706612415e-06	6	1614206	
15-48489887-T-C	1016	T	A	p.Thr1016Ala	3.7169516536098417e-06	6	1614226	not_in_clinvar
15-48489889-G-A	1015	A	V	p.Ala1015Val	6.195264835181174e-07	1	1614136	not_in_clinvar
15-48489890-C-T	1015	A	T	p.Ala1015Thr	5.451738485060998e-05	88	1614164	benign
15-48489898-G-T	1012	P	H	p.Pro1012His	6.195472101169581e-07	1	1614082	
15-48489902-C-T	1011	G	R	p.Gly1011Arg	6.195702412978262e-07	1	1614022	
15-48489904-C-T	1010	R	K	p.Arg1010Lys	6.195518162161492e-07	1	1614070	not_in_clinvar
15-48489907-G-C	1009	P	R	p.Pro1009Arg	8.426478970978215e-05	136	1613960	
15-48489907-G-A	1009	P	L	p.Pro1009Leu	4.956396105263941e-06	8	1614076	
15-48489913-A-C	1007	L	R	p.Leu1007Arg	3.097478899973733e-06	5	1614216	
15-48489915-C-A	1006	E	D	p.Glu1006Asp	6.195049907322053e-07	1	1614192	not_in_clinvar
15-48489916-T-C	1006	E	G	p.Glu1006Gly	1.2389915599894934e-06	2	1614216	
15-48489917-C-T	1006	E	K	p.Glu1006Lys	2.3543348260642212e-05	38	1614044	
15-48489920-C-T	1005	E	K	p.Glu1005Lys	1.4249003189298626e-05	23	1614148	
15-48489923-A-C	1004	Y	D	p.Tyr1004Asp	1.2390852081725104e-06	2	1614094	not_in_clinvar
15-48489924-C-G	1003	E	D	p.Glu1003Asp	1.8586646609609792e-06	3	1614062	not_in_clinvar
15-48489925-T-G	1003	E	A	p.Glu1003Ala	6.195142017435608e-07	1	1614168	not_in_clinvar
15-48489929-G-A	1002	P	S	p.Pro1002Ser	6.195272511451961e-07	1	1614134	not_in_clinvar
15-48489929-G-C	1002	P	A	p.Pro1002Ala	1.2390545022903922e-06	2	1614134	not_in_clinvar
15-48489932-T-C	1001	T	A	p.Thr1001Ala	6.195802220079852e-07	1	1613996	not_in_clinvar
15-48489937-C-A	999	R	I	p.Arg999Ile	6.195126665559804e-07	1	1614172	not_in_clinvar
15-48489938-T-C	999	R	G	p.Arg999Gly	3.7173753842836805e-06	6	1614042	
15-48489941-T-C	998	M	V	p.Met998Val	1.8585472108162492e-06	3	1614164	
15-48489943-G-C	997	P	R	p.Pro997Arg	1.2390821375158139e-06	2	1614098	not_in_clinvar
15-48489947-A-G	996	C	R	p.Cys996Arg	6.195971131731303e-07	1	1613952	
15-48489952-T-C	994	E	G	p.Glu994Gly	6.195157369387497e-07	1	1614164	not_in_clinvar
15-48489952-T-A	994	E	V	p.Glu994Val	6.195157369387497e-07	1	1614164	not_in_clinvar
15-48489953-C-T	994	E	K	p.Glu994Lys	8.673746922368726e-06	14	1614066	vus
15-48489956-A-G	993	C	R	p.Cys993Arg	6.195717767707671e-07	1	1614018	
15-48489957-T-G	992	E	D	p.Glu992Asp	6.195640994821683e-07	1	1614038	
15-48489968-C-A	989	G	C	p.Gly989Cys	1.2391450890201832e-06	2	1614016	not_in_clinvar
15-48489969-C-G	988	W	C	p.Trp988Cys	6.195203425699686e-07	1	1614152	not_in_clinvar
15-48489970-C-G	988	W	S	p.Trp988Ser	1.2391343407495523e-06	2	1614030	not_in_clinvar
15-48489973-G-A	987	A	V	p.Ala987Val	6.195740799944486e-07	1	1614012	not_in_clinvar
15-48489974-C-T	987	A	T	p.Ala987Thr	6.195310893091237e-07	1	1614124	not_in_clinvar
15-48489976-G-A	986	A	V	p.Ala986Val	4.956672486626278e-06	8	1613986	
15-48489977-C-T	986	A	T	p.Ala986Thr	0.0011002872146130037	1776	1614124	benign
15-48489982-A-T	984	V	D	p.Val984Asp	6.81506153381014e-06	11	1614072	not_in_clinvar
15-48489983-C-A	984	V	F	p.Val984Phe	1.2391527664705087e-06	2	1614006	not_in_clinvar
15-48489983-C-T	984	V	I	p.Val984Ile	1.4869833197646105e-05	24	1614006	
15-48489990-G-C	981	C	W	p.Cys981Trp	6.195403010965864e-07	1	1614100	
15-48489997-G-A	979	A	V	p.Ala979Val	2.4781212866901345e-06	4	1614126	not_in_clinvar
15-48489998-C-T	979	A	T	p.Ala979Thr	4.956224150193416e-06	8	1614132	vus
15-48489999-G-C	978	D	E	p.Asp978Glu	0.00022179625226287936	358	1614094	benign
15-48490000-T-C	978	D	G	p.Asp978Gly	6.195449070930457e-07	1	1614088	
15-48490003-A-C	977	M	R	p.Met977Arg	3.221801185127174e-05	52	1614004	
15-48490004-T-C	977	M	V	p.Met977Val	3.71711744976006e-06	6	1614154	vus
15-48490006-C-T	976	R	H	p.Arg976His	0.00010903733661436592	176	1614126	
15-48490007-G-A	976	R	C	p.Arg976Cys	1.3010572019092086e-05	21	1614072	
15-48490009-T-C	975	H	R	p.His975Arg	6.195341598745072e-07	1	1614116	
15-48490010-G-A	975	H	Y	p.His975Tyr	1.2390698550412176e-06	2	1614114	vus
15-48490012-C-T	974	R	H	p.Arg974His	1.1772140918722661e-05	19	1613980	vus
15-48490018-G-A	972	A	V	p.Ala972Val	6.195211101818295e-07	1	1614150	not_in_clinvar
15-48490021-A-G	971	I	T	p.Ile971Thr	6.195341598745072e-07	1	1614116	not_in_clinvar
15-48490022-T-C	971	I	V	p.Ile971Val	2.9741730249942064e-05	48	1613894	
15-48490024-G-A	970	P	L	p.Pro970Leu	6.195917386115941e-06	10	1613966	vus
15-48490025-G-A	970	P	S	p.Pro970Ser	6.195418364211298e-07	1	1614096	
15-48490030-G-C	968	T	S	p.Thr968Ser	1.2390729256370383e-06	2	1614110	vus
15-48490031-T-A	968	T	S	p.Thr968Ser	1.796856121393121e-05	29	1613930	vus
15-48490035-C-G	966	E	D	p.Glu966Asp	6.195333922303078e-07	1	1614118	vus
15-48490038-C-G	965	E	D	p.Glu965Asp	1.2390437555911849e-06	2	1614148	not_in_clinvar
15-48490039-T-G	965	E	A	p.Glu965Ala	6.195379981240389e-07	1	1614106	not_in_clinvar
15-48490040-C-G	965	E	Q	p.Glu965Gln	3.469636344936375e-05	56	1614002	vus
15-48490040-C-T	965	E	K	p.Glu965Lys	4.956260996704087e-06	8	1614120	vus
15-48490044-C-A	963	E	D	p.Glu963Asp	1.8585495136175923e-06	3	1614162	not_in_clinvar
15-48490046-C-T	963	E	K	p.Glu963Lys	1.85855872488003e-06	3	1614154	vus
15-48490046-C-G	963	E	Q	p.Glu963Gln	1.23903914992002e-06	2	1614154	
15-48490049-A-G	962	Y	H	p.Tyr962His	6.1959557757460554e-06	10	1613956	
15-48490050-C-A	961	R	S	p.Arg961Ser	4.956365398126246e-06	8	1614086	benign
15-48490056-G-T	959	F	L	p.Phe959Leu	1.8585564220558607e-06	3	1614156	vus
15-48490058-A-G	959	F	L	p.Phe959Leu	6.195211101818295e-07	1	1614150	vus
15-48490065-T-A	956	E	D	p.Glu956Asp	6.19528018774177e-07	1	1614132	not_in_clinvar
15-48490072-C-T	954	R	H	p.Arg954His	2.4781980526319704e-06	4	1614076	
15-48490075-A-C	953	I	S	p.Ile953Ser	6.195403010965864e-07	1	1614100	not_in_clinvar
15-48490075-A-T	953	I	N	p.Ile953Asn	6.195403010965864e-07	1	1614100	not_in_clinvar
15-48490075-A-G	953	I	T	p.Ile953Thr	3.7175135782183442e-06	6	1613982	vus
15-48490076-T-C	953	I	V	p.Ile953Val	6.195403010965864e-07	1	1614100	
15-48492463-A-T	951	L	H	p.Leu951His	1.8594641768028125e-06	3	1613368	not_in_clinvar
15-48492470-T-C	949	I	V	p.Ile949Val	6.197645390563217e-07	1	1613516	not_in_clinvar
15-48492481-G-A	945	A	V	p.Ala945Val	1.2396059044908444e-06	2	1613416	not_in_clinvar
15-48492482-C-A	945	A	S	p.Ala945Ser	6.197514796566577e-07	1	1613550	not_in_clinvar
15-48492492-C-A	941	M	I	p.Met941Ile	3.098515439282731e-06	5	1613676	not_in_clinvar
15-48492496-C-A	940	G	V	p.Gly940Val	1.859263657221194e-06	3	1613542	vus
15-48492499-C-G	939	S	T	p.Ser939Thr	1.2394384352337643e-06	2	1613634	not_in_clinvar
15-48492499-C-T	939	S	N	p.Ser939Asn	1.2395290781126435e-06	2	1613516	not_in_clinvar
15-48492500-T-C	939	S	G	p.Ser939Gly	1.2394430438738048e-06	2	1613628	
15-48492502-G-A	938	P	L	p.Pro938Leu	8.05857717761352e-06	13	1613188	vus
15-48492507-C-A	936	Q	H	p.Gln936His	1.239673519581883e-06	2	1613328	not_in_clinvar
15-48492514-T-C	934	K	R	p.Lys934Arg	1.239601294639592e-06	2	1613422	
15-48492514-T-G	934	K	T	p.Lys934Thr	6.19800647319796e-07	1	1613422	vus
15-48492520-G-A	932	S	L	p.Ser932Leu	6.199789455150103e-07	1	1612958	vus
15-48492523-C-G	931	G	A	p.Gly931Ala	6.203258447597354e-07	1	1612056	vus
15-48492523-C-A	931	G	V	p.Gly931Val	6.203258447597354e-07	1	1612056	
15-48492523-C-T	931	G	E	p.Gly931Glu	6.203258447597354e-07	1	1612056	vus
15-48492524-C-T	931	G	R	p.Gly931Arg	4.341785342132685e-06	7	1612240	vus
15-48492529-G-A	929	T	I	p.Thr929Ile	2.4810232732388147e-06	4	1612238	vus
15-48492529-G-C	929	T	S	p.Thr929Ser	1.2404208499859831e-06	2	1612356	
15-48492530-T-C	929	T	A	p.Thr929Ala	3.7199474743416624e-06	6	1612926	vus
15-48492530-T-A	929	T	S	p.Thr929Ser	1.24007321392255e-06	2	1612808	
15-48492542-G-C	925	L	V	p.Leu925Val	5.14864702240716e-05	83	1612074	
15-48492544-C-A	924	G	V	p.Gly924Val	1.2410674172642405e-06	2	1611516	
15-48492545-C-T	924	G	S	p.Gly924Ser	6.207016411351392e-07	1	1611080	not_in_clinvar
15-48492547-T-C	923	N	S	p.Asn923Ser	6.207201346714404e-07	1	1611032	vus
15-48492557-C-A	920	V	L	p.Val920Leu	1.2433666389810362e-06	2	1608536	
15-48492557-C-T	920	V	M	p.Val920Met	1.8650499584715544e-06	3	1608536	vus
15-48492559-C-T	919	G	E	p.Gly919Glu	6.218139806168146e-07	1	1608198	not_in_clinvar
15-48492560-C-T	919	G	R	p.Gly919Arg	6.218781715786751e-07	1	1608032	not_in_clinvar
15-48492562-G-A	918	P	L	p.Pro918Leu	1.2443165840025683e-06	2	1607308	not_in_clinvar
15-48492562-G-C	918	P	R	p.Pro918Arg	3.2974348445539444e-05	53	1607310	benign
15-48492563-G-A	918	P	S	p.Pro918Ser	6.222589493282092e-07	1	1607048	vus
15-48492564-G-T	917	F	L	p.Phe917Leu	0.0	0	1606378	not_in_clinvar
15-48492566-A-G	917	F	L	p.Phe917Leu	1.2450261206480112e-06	2	1606392	not_in_clinvar
15-48492569-C-T	916	V	M	p.Val916Met	1.8066622226929235e-05	29	1605170	
15-48492569-C-G	916	V	L	p.Val916Leu	6.229869733423874e-07	1	1605170	
15-48492572-C-T	915	E	K	p.Glu915Lys	1.2466760499817363e-06	2	1604266	vus
15-48492580-T-A	912	D	V	p.Asp912Val	6.867111405772619e-06	11	1601838	
15-48492580-T-C	912	D	G	p.Asp912Gly	4.370301925430163e-06	7	1601720	
15-48492582-T-C	911	I	M	p.Ile911Met	0.0	0	1601214	not_in_clinvar
15-48492583-A-G	911	I	T	p.Ile911Thr	1.8754336940417472e-06	3	1599630	vus
15-48492584-T-C	911	I	V	p.Ile911Val	1.8752250270032404e-06	3	1599808	not_in_clinvar
15-48492585-A-C	910	D	E	p.Asp910Glu	6.258401904556868e-07	1	1597852	not_in_clinvar
15-48492586-T-A	910	D	V	p.Asp910Val	0.0	0	1597210	
15-48494205-T-G	909	E	D	p.Glu909Asp	6.208157021673918e-07	1	1610784	
15-48494212-T-C	907	Q	R	p.Gln907Arg	3.101009812835452e-06	5	1612378	
15-48494213-G-T	907	Q	K	p.Gln907Lys	6.203219967420689e-07	1	1612066	not_in_clinvar
15-48494218-C-T	905	G	E	p.Gly905Glu	2.480675537562389e-06	4	1612464	vus
15-48494219-C-T	905	G	R	p.Gly905Arg	3.721040998429721e-06	6	1612452	vus
15-48494221-T-C	904	K	R	p.Lys904Arg	2.4182057409444396e-05	39	1612766	
15-48494222-T-C	904	K	E	p.Lys904Glu	6.200143099302732e-07	1	1612866	not_in_clinvar
15-48494228-T-C	902	R	G	p.Arg902Gly	0.0	0	1613010	vus
15-48494230-G-A	901	S	L	p.Ser901Leu	6.200312247724795e-07	1	1612822	
15-48494242-C-T	897	G	D	p.Gly897Asp	6.200927410703545e-07	1	1612662	
15-48494247-T-C	895	I	M	p.Ile895Met	0.0	0	1612686	not_in_clinvar
15-48494248-A-G	895	I	T	p.Ile895Thr	1.2402731577602652e-06	2	1612548	vus
15-48494249-T-C	895	I	V	p.Ile895Val	5.58057167376226e-06	9	1612738	
15-48494251-G-C	894	P	R	p.Pro894Arg	6.201888847267324e-07	1	1612412	not_in_clinvar
15-48495125-A-G	892	V	A	p.Val892Ala	6.195886674754365e-07	1	1613974	not_in_clinvar
15-48495126-C-T	892	V	I	p.Val892Ile	4.956488228960017e-06	8	1614046	
15-48495134-A-T	889	L	Q	p.Leu889Gln	1.8587107238934784e-06	3	1614022	
15-48495135-G-C	889	L	V	p.Leu889Val	6.195356951686129e-07	1	1614112	
15-48495137-G-A	888	T	I	p.Thr888Ile	6.195403010965864e-07	1	1614100	
15-48495137-G-C	888	T	S	p.Thr888Ser	6.195403010965864e-07	1	1614100	
15-48495138-T-A	888	T	S	p.Thr888Ser	1.2391174509867092e-06	2	1614052	
15-48495143-G-A	886	P	L	p.Pro886Leu	2.478112075096708e-06	4	1614132	
15-48495159-C-T	881	A	T	p.Ala881Thr	3.717131266773555e-06	6	1614148	vus
15-48495164-A-C	879	L	R	p.Leu879Arg	6.195065258817436e-07	1	1614188	
15-48495164-A-T	879	L	H	p.Leu879His	6.195065258817436e-07	1	1614188	not_in_clinvar
15-48495165-G-C	879	L	V	p.Leu879Val	1.2390253331119608e-06	2	1614172	not_in_clinvar
15-48495171-A-C	877	S	A	p.Ser877Ala	1.2391420180666906e-06	2	1614020	
15-48495178-C-A	874	Q	H	p.Gln874His	6.195142017435608e-07	1	1614168	
15-48495183-A-G	873	S	P	p.Ser873Pro	6.195165045391975e-07	1	1614162	not_in_clinvar
15-48495191-G-C	870	T	S	p.Thr870Ser	6.195111313760086e-07	1	1614176	not_in_clinvar
15-48495194-G-T	869	A	D	p.Ala869Asp	1.2390591080756917e-06	2	1614128	
15-48495195-C-T	869	A	T	p.Ala869Thr	6.195226454112577e-07	1	1614146	not_in_clinvar
15-48495200-T-C	867	N	S	p.Asn867Ser	4.584660716520515e-05	74	1614078	
15-48495204-T-A	866	I	F	p.Ile866Phe	6.195019204559534e-07	1	1614200	not_in_clinvar
15-48495204-T-C	866	I	V	p.Ile866Val	4.336830470818707e-06	7	1614082	
15-48495205-G-T	865	N	K	p.Asn865Lys	1.8585218803780978e-06	3	1614186	
15-48495210-T-C	864	I	V	p.Ile864Val	1.920634428921037e-05	31	1614050	
15-48495212-T-G	863	E	A	p.Glu863Ala	8.053714559009567e-06	13	1614162	vus
15-48495214-A-C	862	C	W	p.Cys862Trp	0.00018981658972018288	304	1601546	not_in_clinvar
15-48495218-C-T	861	R	Q	p.Arg861Gln	6.815433114578583e-06	11	1613984	vus
15-48495221-C-T	860	G	E	p.Gly860Glu	4.337029308404915e-06	7	1614008	
15-48495222-C-T	860	G	R	p.Gly860Arg	6.195211101818295e-07	1	1614150	not_in_clinvar
15-48495225-C-G	859	D	H	p.Asp859His	1.8586070855058386e-06	3	1614112	not_in_clinvar
15-48495227-A-G	858	I	T	p.Ile858Thr	6.195095962036452e-07	1	1614180	
15-48495231-C-T	857	V	I	p.Val857Ile	6.195310893091237e-07	1	1614124	not_in_clinvar
15-48495236-T-C	855	Q	R	p.Gln855Arg	5.575717625834654e-06	9	1614142	vus
15-48495246-T-C	852	T	A	p.Thr852Ala	6.195241806482949e-07	1	1614142	
15-48495248-C-G	851	G	A	p.Gly851Ala	1.2391450890201832e-06	2	1614016	vus
15-48495253-G-C	849	I	M	p.Ile849Met	5.948073319917124e-05	96	1613968	
15-48495255-T-A	849	I	F	p.Ile849Phe	6.195372304703279e-07	1	1614108	not_in_clinvar
15-48495255-T-C	849	I	V	p.Ile849Val	1.734704245316918e-05	28	1614108	vus
15-48495257-G-T	848	T	N	p.Thr848Asn	1.2391481599888972e-06	2	1614012	vus
15-48495258-T-C	848	T	A	p.Thr848Ala	6.195687058324959e-07	1	1614026	
15-48495472-T-C	846	I	V	p.Ile846Val	6.195687058324959e-07	1	1614026	vus
15-48495477-A-G	844	I	T	p.Ile844Thr	1.1772447268730274e-05	19	1613938	
15-48495478-T-C	844	I	V	p.Ile844Val	1.8586761764800638e-06	3	1614052	
15-48495484-T-C	842	K	E	p.Lys842Glu	6.195387657796524e-07	1	1614104	not_in_clinvar
15-48495486-G-A	841	T	I	p.Thr841Ile	6.196170766466323e-07	1	1613900	not_in_clinvar
15-48495487-T-C	841	T	A	p.Thr841Ala	6.195925064003906e-07	1	1613964	not_in_clinvar
15-48495487-T-A	841	T	S	p.Thr841Ser	4.336830470818707e-06	7	1614082	
15-48495489-G-A	840	P	L	p.Pro840Leu	6.196324340401274e-07	1	1613860	
15-48495489-G-C	840	P	R	p.Pro840Arg	1.2392648680802549e-06	2	1613860	not_in_clinvar
15-48495490-G-T	840	P	T	p.Pro840Thr	6.196101660679167e-07	1	1613918	not_in_clinvar
15-48495492-T-C	839	D	G	p.Asp839Gly	6.195456747657807e-07	1	1614086	not_in_clinvar
15-48495493-C-T	839	D	N	p.Asp839Asn	3.7178084262888713e-06	6	1613854	
15-48495494-C-G	838	L	F	p.Leu838Phe	6.195955775746055e-07	1	1613956	not_in_clinvar
15-48495498-G-A	837	T	I	p.Thr837Ile	6.195702412978262e-07	1	1614022	
15-48495500-A-T	836	S	R	p.Ser836Arg	6.815340215587798e-06	11	1614006	vus
15-48495504-T-C	835	E	G	p.Glu835Gly	6.195548869869931e-07	1	1614062	not_in_clinvar
15-48495516-T-C	831	E	G	p.Glu831Gly	6.195548869869931e-07	1	1614062	not_in_clinvar
15-48495517-C-T	831	E	K	p.Glu831Lys	6.195687058324959e-07	1	1614026	not_in_clinvar
15-48495522-A-G	829	I	T	p.Ile829Thr	6.195426040862552e-07	1	1614094	not_in_clinvar
15-48495528-G-C	827	S	C	p.Ser827Cys	2.4782993909579246e-06	4	1614010	
15-48495529-A-G	827	S	P	p.Ser827Pro	6.195395334371682e-07	1	1614102	vus
15-48495531-C-G	826	G	A	p.Gly826Ala	6.195948097781974e-07	1	1613958	
15-48495534-G-T	825	P	Q	p.Pro825Gln	6.196178444982273e-07	1	1613898	
15-48495535-G-A	825	P	S	p.Pro825Ser	1.2392786902311379e-06	2	1613842	vus
15-48495546-C-T	821	C	Y	p.Cys821Tyr	6.195664026487703e-07	1	1614032	
15-48495549-A-C	820	V	G	p.Val820Gly	1.239120521818434e-06	2	1614048	not_in_clinvar
15-48495550-C-A	820	V	F	p.Val820Phe	6.196063269241255e-07	1	1613928	
15-48495555-T-C	818	N	S	p.Asn818Ser	6.195472101169581e-07	1	1614082	not_in_clinvar
15-48495557-A-C	817	I	M	p.Ile817Met	1.9207415301494462e-05	31	1613960	
15-48495559-T-C	817	I	V	p.Ile817Val	2.4783331722416772e-06	4	1613988	vus
15-48495566-A-T	814	S	R	p.Ser814Arg	1.2390944202339162e-06	2	1614082	vus
15-48495571-A-C	813	S	A	p.Ser813Ala	6.195379981240389e-07	1	1614106	not_in_clinvar
15-48495574-C-T	812	E	K	p.Glu812Lys	3.903645633245677e-05	63	1613876	
15-48495586-T-G	808	I	L	p.Ile808Leu	6.195364628185191e-07	1	1614110	not_in_clinvar
15-48495586-T-C	808	I	V	p.Ile808Val	1.2390729256370383e-06	2	1614110	
15-48496100-C-T	807	D	N	p.Asp807Asn	6.197176814130555e-07	1	1613638	
15-48496101-T-G	806	E	D	p.Glu806Asp	6.196677589343698e-07	1	1613768	not_in_clinvar
15-48496108-G-A	804	T	I	p.Thr804Ile	1.2393616296118195e-06	2	1613734	
15-48496109-T-C	804	T	A	p.Thr804Ala	6.196838868556372e-07	1	1613726	not_in_clinvar
15-48496126-T-C	798	Y	C	p.Tyr798Cys	2.478723259223639e-06	4	1613734	
15-48496129-A-G	797	I	T	p.Ile797Thr	6.196247552482217e-07	1	1613880	not_in_clinvar
15-48496129-A-C	797	I	S	p.Ile797Ser	3.7180203772303476e-06	6	1613762	
15-48496136-C-T	795	G	R	p.Gly795Arg	6.197414934282612e-07	1	1613576	not_in_clinvar
15-48496138-T-G	794	K	T	p.Lys794Thr	3.0984117541348306e-06	5	1613730	vus
15-48496141-G-C	793	P	R	p.Pro793Arg	6.1968772696063e-07	1	1613716	not_in_clinvar
15-48496142-G-A	793	P	S	p.Pro793Ser	1.8592360027417534e-06	3	1613566	
15-48496153-A-G	789	V	A	p.Val789Ala	6.196723668262116e-07	1	1613756	not_in_clinvar
15-48496158-A-C	787	S	R	p.Ser787Arg	6.196416488416419e-07	1	1613836	not_in_clinvar
15-48496165-G-A	785	P	L	p.Pro785Leu	6.197292031274014e-07	1	1613608	not_in_clinvar
15-48496168-G-A	784	T	I	p.Thr784Ile	3.098496237805868e-06	5	1613686	vus
15-48496169-T-A	784	T	S	p.Thr784Ser	6.196715988394791e-07	1	1613758	vus
15-48496169-T-C	784	T	A	p.Thr784Ala	1.2393431976789581e-06	2	1613758	not_in_clinvar
15-48496175-T-C	782	R	G	p.Arg782Gly	4.3375022926797836e-06	7	1613832	vus
15-48496180-T-A	780	Q	L	p.Gln780Leu	6.196500959837999e-07	1	1613814	
15-48496196-G-A	775	L	F	p.Leu775Phe	6.197161452168449e-07	1	1613642	vus
15-48496201-C-A	773	S	I	p.Ser773Ile	2.4786986831913245e-06	4	1613750	vus
15-48496203-G-C	772	N	K	p.Asn772Lys	1.2394537975005174e-06	2	1613614	not_in_clinvar
15-48496204-T-C	772	N	S	p.Asn772Ser	1.239317086712538e-06	2	1613792	vus
15-48496205-T-G	772	N	H	p.Asn772His	6.19711536673909e-07	1	1613654	vus
15-48496220-T-C	767	N	D	p.Asn767Asp	6.196838868556372e-07	1	1613726	not_in_clinvar
15-48496223-T-C	766	I	V	p.Ile766Val	7.43621585847394e-06	12	1613724	
15-48497268-A-G	764	V	A	p.Val764Ala	6.195502808421423e-07	1	1614074	
15-48497269-C-A	764	V	F	p.Val764Phe	1.8587406660239554e-06	3	1613996	vus
15-48497269-C-G	764	V	L	p.Val764Leu	2.4783208880319408e-06	4	1613996	not_in_clinvar
15-48497269-C-T	764	V	I	p.Val764Ile	2.9742025109704698e-05	48	1613878	
15-48497283-G-A	759	T	I	p.Thr759Ile	6.19560260909217e-07	1	1614048	not_in_clinvar
15-48497290-C-G	757	D	H	p.Asp757His	1.2392295462065324e-06	2	1613906	vus
15-48497292-A-G	756	V	A	p.Val756Ala	1.2391235926653797e-06	2	1614044	
15-48497296-C-T	755	E	K	p.Glu755Lys	6.195502808421423e-07	1	1614074	
15-48497299-A-G	754	Y	H	p.Tyr754His	6.195510485281946e-07	1	1614072	vus
15-48497304-G-A	752	S	L	p.Ser752Leu	6.196201480644306e-07	1	1613892	not_in_clinvar
15-48497314-T-C	749	I	V	p.Ile749Val	1.23912512809456e-06	2	1614042	vus
15-48497320-T-C	747	K	E	p.Lys747Glu	1.2391097739739861e-06	2	1614062	not_in_clinvar
15-48497331-C-T	743	R	H	p.Arg743His	1.0534861094757977e-05	17	1613690	
15-48497331-C-A	743	R	L	p.Arg743Leu	6.19652399789814e-07	1	1613808	not_in_clinvar
15-48497332-G-A	743	R	C	p.Arg743Cys	1.2392955843898327e-06	2	1613820	
15-48497335-G-C	742	L	V	p.Leu742Val	6.196562395045725e-07	1	1613798	not_in_clinvar
15-48497335-G-T	742	L	I	p.Leu742Ile	6.196562395045725e-07	1	1613798	not_in_clinvar
15-48497340-T-C	740	E	G	p.Glu740Gly	8.054492982058307e-06	13	1614006	vus
15-48497340-T-G	740	E	A	p.Glu740Ala	6.195763832352544e-07	1	1614006	vus
15-48497351-A-T	736	N	K	p.Asn736Lys	6.195564223838301e-07	1	1614058	vus
15-48497351-A-C	736	N	K	p.Asn736Lys	3.7176103200862487e-06	6	1613940	vus
15-48497352-T-C	736	N	S	p.Asn736Ser	1.8586899952913187e-06	3	1614040	
15-48497353-T-C	736	N	D	p.Asn736Asp	1.23915430197199e-06	2	1614004	vus
15-48497355-G-C	735	P	R	p.Pro735Arg	6.19692335149445e-07	1	1613704	
15-48497355-G-T	735	P	Q	p.Pro735Gln	0.0	0	1613702	not_in_clinvar
15-48497356-G-A	735	P	S	p.Pro735Ser	6.197691483876086e-07	1	1613504	
15-48497362-T-C	733	I	V	p.Ile733Val	6.8156273661070006e-06	11	1613938	
15-48497368-G-T	731	P	T	p.Pro731Thr	6.196769747865833e-07	1	1613744	not_in_clinvar
15-48497368-G-C	731	P	A	p.Pro731Ala	3.7180618487194996e-06	6	1613744	vus
15-48497369-A-T	730	D	E	p.Asp730Glu	1.2391819416494006e-06	2	1613968	
15-48497371-C-T	730	D	N	p.Asp730Asn	6.1965931131064144e-06	10	1613790	vus
15-48497377-C-A	728	A	S	p.Ala728Ser	2.478870725652222e-06	4	1613638	not_in_clinvar
15-48497389-T-C	724	I	V	p.Ile724Val	1.2394645513138325e-06	2	1613600	
15-48498986-A-C	722	S	R	p.Ser722Arg	6.195264835181174e-07	1	1614136	
15-48498987-C-T	722	S	N	p.Ser722Asn	1.8585610277099058e-06	3	1614152	vus
15-48498999-G-C	718	T	R	p.Thr718Arg	6.195157369387497e-07	1	1614164	not_in_clinvar
15-48498999-G-A	718	T	M	p.Thr718Met	5.576049257580019e-06	9	1614046	vus
15-48499003-T-A	717	M	L	p.Met717Leu	6.195948097781974e-07	1	1613958	not_in_clinvar
15-48499008-G-C	715	P	R	p.Pro715Arg	6.195149693402042e-07	1	1614166	not_in_clinvar
15-48499015-T-C	713	S	G	p.Ser713Gly	1.8584666163641703e-06	3	1614234	vus
15-48499017-C-A	712	S	I	p.Ser712Ile	6.194904071910447e-07	1	1614230	not_in_clinvar
15-48499024-G-C	710	L	V	p.Leu710Val	6.195011528916455e-07	1	1614202	not_in_clinvar
15-48499026-G-C	709	A	G	p.Ala709Gly	1.8587061174974876e-06	3	1614026	vus
15-48499030-G-C	708	Q	E	p.Gln708Glu	6.195241806482949e-07	1	1614142	not_in_clinvar
15-48499038-G-A	705	A	V	p.Ala705Val	8.674026371518462e-06	14	1614014	vus
15-48503791-A-C	703	N	K	p.Asn703Lys	6.196485601226409e-07	1	1613818	not_in_clinvar
15-48503793-T-G	703	N	H	p.Asn703His	6.196577754038e-07	1	1613794	not_in_clinvar
15-48503794-C-A	702	Q	H	p.Gln702His	7.436132913439695e-06	12	1613742	vus
15-48503801-G-C	700	P	R	p.Pro700Arg	6.195994165851893e-07	1	1613946	not_in_clinvar
15-48503802-G-A	700	P	S	p.Pro700Ser	3.0983003963345867e-06	5	1613788	vus
15-48503807-G-A	698	P	L	p.Pro698Leu	1.0533803595373057e-05	17	1613852	
15-48503808-G-A	698	P	S	p.Pro698Ser	6.195794542496335e-07	1	1613998	
15-48503810-T-C	697	Q	R	p.Gln697Arg	3.7176149269674547e-06	6	1613938	
15-48503817-G-T	695	P	T	p.Pro695Thr	6.195564223838301e-07	1	1614058	not_in_clinvar
15-48503818-T-A	694	E	D	p.Glu694Asp	6.195694735642097e-07	1	1614024	
15-48503822-C-T	693	G	E	p.Gly693Glu	6.195349275206088e-07	1	1614114	not_in_clinvar
15-48503825-A-T	692	F	Y	p.Phe692Tyr	1.0532707153566871e-05	17	1614020	
15-48503831-T-C	690	Y	C	p.Tyr690Cys	6.195241806482949e-07	1	1614142	not_in_clinvar
15-48503838-T-C	688	T	A	p.Thr688Ala	6.195080610388902e-07	1	1614184	not_in_clinvar
15-48503843-G-T	686	A	D	p.Ala686Asp	6.195587254933546e-07	1	1614052	
15-48503844-C-T	686	A	T	p.Ala686Thr	2.9119476592897326e-05	47	1614040	
15-48503856-C-G	682	E	Q	p.Glu682Gln	1.238983884536614e-06	2	1614226	vus
15-48503856-C-T	682	E	K	p.Glu682Lys	1.238983884536614e-06	2	1614226	
15-48503858-G-A	681	S	F	p.Ser681Phe	6.195379981240389e-07	1	1614106	not_in_clinvar
15-48503873-C-G	676	G	A	p.Gly676Ala	1.2389884897969299e-06	2	1614220	not_in_clinvar
15-48503878-C-A	674	L	F	p.Leu674Phe	6.195026880221633e-07	1	1614198	vus
15-48503883-G-A	673	P	S	p.Pro673Ser	4.4608062411635766e-05	72	1614058	vus
15-48503885-T-C	672	K	R	p.Lys672Arg	1.2389884897969299e-06	2	1614220	not_in_clinvar
15-48503887-G-C	671	I	M	p.Ile671Met	6.195111313760086e-07	1	1614176	not_in_clinvar
15-48503889-T-G	671	I	L	p.Ile671Leu	6.194911747287248e-07	1	1614228	
15-48503892-A-G	670	C	R	p.Cys670Arg	1.238997700420268e-06	2	1614208	
15-48503893-C-G	669	Q	H	p.Gln669His	6.194973150986364e-07	1	1614212	
15-48503894-T-A	669	Q	L	p.Gln669Leu	6.194973150986364e-07	1	1614212	
15-48503898-C-T	668	G	S	p.Gly668Ser	6.194957799947467e-07	1	1614216	not_in_clinvar
15-48503903-T-C	666	K	R	p.Lys666Arg	2.4779984710749432e-06	4	1614206	not_in_clinvar
15-48503909-C-T	664	G	E	p.Gly664Glu	1.2390744609406557e-06	2	1614108	vus
15-48503910-C-G	664	G	R	p.Gly664Arg	1.238986954706354e-06	2	1614222	not_in_clinvar
15-48503913-C-T	663	G	S	p.Gly663Ser	6.195034555902752e-07	1	1614196	not_in_clinvar
15-48503915-T-C	662	Y	C	p.Tyr662Cys	3.717209565123653e-06	6	1614114	
15-48503916-A-G	662	Y	H	p.Tyr662His	6.195372304703279e-07	1	1614108	not_in_clinvar
15-48503927-C-T	658	R	Q	p.Arg658Gln	3.7171220554198116e-06	6	1614152	vus
15-48503928-G-A	658	R	W	p.Arg658Trp	5.575987073622855e-06	9	1614064	vus
15-48503930-A-G	657	M	T	p.Met657Thr	6.195111313760086e-07	1	1614176	vus
15-48503933-T-C	656	H	R	p.His656Arg	6.195080610388902e-07	1	1614184	vus
15-48503934-G-C	656	H	D	p.His656Asp	6.195564223838301e-07	1	1614058	not_in_clinvar
15-48503936-G-C	655	T	R	p.Thr655Arg	6.195226454112577e-07	1	1614146	
15-48503938-G-T	654	D	E	p.Asp654Glu	6.195249482696668e-07	1	1614140	not_in_clinvar
15-48505033-A-G	651	V	A	p.Val651Ala	8.674187600372742e-06	14	1613984	
15-48505034-C-G	651	V	L	p.Val651Leu	6.195180397457993e-07	1	1614158	not_in_clinvar
15-48505034-C-T	651	V	M	p.Val651Met	3.7173799905826374e-06	6	1614040	vus
15-48505036-C-T	650	R	H	p.Arg650His	2.4780967225931795e-06	4	1614142	vus
15-48505039-C-T	649	G	D	p.Gly649Asp	6.195211101818295e-07	1	1614150	not_in_clinvar
15-48505042-T-C	648	D	G	p.Asp648Gly	6.195441394222132e-07	1	1614090	
15-48505043-C-T	648	D	N	p.Asp648Asn	1.8585057613678602e-06	3	1614200	not_in_clinvar
15-48505045-A-G	647	L	P	p.Leu647Pro	6.19483499437509e-07	1	1614248	
15-48505046-G-C	647	L	V	p.Leu647Val	6.195264835181174e-07	1	1614136	vus
15-48505048-C-T	646	G	D	p.Gly646Asp	1.4249850686347155e-05	23	1614052	vus
15-48505060-C-A	642	G	V	p.Gly642Val	6.195126665559804e-07	1	1614172	not_in_clinvar
15-48505061-C-T	642	G	R	p.Gly642Arg	6.195034555902752e-07	1	1614196	
15-48505063-G-A	641	P	L	p.Pro641Leu	1.2391343407495523e-06	2	1614030	not_in_clinvar
15-48505067-A-C	640	F	V	p.Phe640Val	6.194996177687358e-07	1	1614206	not_in_clinvar
15-48505071-T-G	638	E	D	p.Glu638Asp	6.195525839060065e-07	1	1614068	vus
15-48505072-T-G	638	E	A	p.Glu638Ala	6.195165045391975e-07	1	1614162	not_in_clinvar
15-48505075-C-T	637	C	Y	p.Cys637Tyr	6.195011528916455e-07	1	1614202	
15-48505077-T-A	636	R	S	p.Arg636Ser	1.858666964053381e-06	3	1614060	
15-48505078-C-T	636	R	K	p.Arg636Lys	1.8586393273212547e-06	3	1614084	vus
15-48505078-C-A	636	R	I	p.Arg636Ile	1.8585057613678602e-06	3	1614200	not_in_clinvar
15-48505084-G-A	634	S	F	p.Ser634Phe	6.195065258817436e-07	1	1614188	
15-48505090-T-C	632	D	G	p.Asp632Gly	3.7170667882560515e-06	6	1614176	vus
15-48505093-G-A	631	T	I	p.Thr631Ile	2.478032244155561e-06	4	1614184	not_in_clinvar
15-48505093-G-C	631	T	S	p.Thr631Ser	1.2390161220777804e-06	2	1614184	
15-48505100-C-G	629	V	L	p.Val629Leu	6.195226454112577e-07	1	1614146	not_in_clinvar
15-48505100-C-T	629	V	I	p.Val629Ile	1.920520200774899e-05	31	1614146	
15-48505105-C-T	627	R	H	p.Arg627His	0.00011400021808737373	184	1614032	
15-48505105-C-A	627	R	L	p.Arg627Leu	6.195203425699686e-07	1	1614152	not_in_clinvar
15-48505109-C-A	626	G	W	p.Gly626Trp	6.195272511451961e-07	1	1614134	not_in_clinvar
15-48505110-A-T	625	N	K	p.Asn625Lys	0.0	0	1613992	not_in_clinvar
15-48505112-T-C	625	N	D	p.Asn625Asp	6.195049907322053e-07	1	1614192	not_in_clinvar
15-48505112-T-G	625	N	H	p.Asn625His	6.195049907322053e-07	1	1614192	not_in_clinvar
15-48505115-T-A	624	M	L	p.Met624Leu	1.2390053760443266e-06	2	1614198	not_in_clinvar
15-48505121-T-A	622	I	F	p.Ile622Phe	6.195287864050603e-07	1	1614130	not_in_clinvar
15-48505123-C-T	621	G	E	p.Gly621Glu	6.195387657796524e-07	1	1614104	vus
15-48505126-G-A	620	P	L	p.Pro620Leu	6.195326245880108e-07	1	1614120	
15-48505126-G-T	620	P	H	p.Pro620His	6.195326245880108e-07	1	1614120	not_in_clinvar
15-48505127-G-T	620	P	T	p.Pro620Thr	6.195510485281946e-07	1	1614072	not_in_clinvar
15-48505127-G-A	620	P	S	p.Pro620Ser	1.8587890361187493e-06	3	1613954	
15-48505129-G-T	619	T	N	p.Thr619Asn	4.1512955139985406e-05	67	1613954	
15-48505141-T-C	615	N	S	p.Asn615Ser	1.8586761764800638e-06	3	1614052	vus
15-48505144-A-G	614	I	T	p.Ile614Thr	2.4780383848145807e-06	4	1614180	vus
15-48505145-T-C	614	I	V	p.Ile614Val	1.8585172749180703e-06	3	1614190	not_in_clinvar
15-48508584-T-C	612	K	R	p.Lys612Arg	1.8591069593809917e-06	3	1613678	vus
15-48508593-C-T	609	R	H	p.Arg609His	9.915101939641818e-06	16	1613700	vus
15-48508594-G-A	609	R	C	p.Arg609Cys	2.4786741076463377e-06	4	1613766	vus
15-48508596-C-T	608	G	E	p.Gly608Glu	6.196431846685405e-07	1	1613832	vus
15-48508596-C-G	608	G	A	p.Gly608Ala	6.196884949873398e-07	1	1613714	not_in_clinvar
15-48508597-C-T	608	G	R	p.Gly608Arg	6.196508639172344e-07	1	1613812	not_in_clinvar
15-48508605-G-A	605	A	V	p.Ala605Val	1.239312479009145e-06	2	1613798	not_in_clinvar
15-48508606-C-T	605	A	T	p.Ala605Thr	1.239314014906469e-06	2	1613796	not_in_clinvar
15-48508620-G-A	600	P	L	p.Pro600Leu	1.2393247662943323e-06	2	1613782	
15-48508621-G-C	600	P	A	p.Pro600Ala	6.197100005081622e-07	1	1613658	
15-48508630-T-G	597	I	L	p.Ile597Leu	6.196401130223566e-07	1	1613840	not_in_clinvar
15-48508640-A-T	593	S	R	p.Ser593Arg	6.196308982665206e-07	1	1613864	not_in_clinvar
15-48508641-C-T	593	S	N	p.Ser593Asn	1.2392679396426943e-06	2	1613856	not_in_clinvar
15-48508642-T-C	593	S	G	p.Ser593Gly	6.196262909913772e-07	1	1613876	not_in_clinvar
15-48508647-T-C	591	D	G	p.Asp591Gly	6.196301303825721e-07	1	1613866	not_in_clinvar
15-48508655-G-C	588	I	M	p.Ile588Met	4.337663560899557e-06	7	1613772	not_in_clinvar
15-48508663-T-C	586	M	V	p.Met586Val	6.196554715578139e-07	1	1613800	not_in_clinvar
15-48508672-G-A	583	L	F	p.Leu583Phe	8.676176582503622e-06	14	1613614	
15-48508676-C-T	581	M	I	p.Met581Ile	6.196623831471661e-07	1	1613782	
15-48508677-A-G	581	M	T	p.Met581Thr	6.196593113106414e-07	1	1613790	not_in_clinvar
15-48508678-T-A	581	M	L	p.Met581Leu	6.196401130223566e-07	1	1613840	not_in_clinvar
15-48508680-T-C	580	N	S	p.Asn580Ser	6.196577754038e-07	1	1613794	not_in_clinvar
15-48508685-T-C	578	I	M	p.Ile578Met	3.0982197629242236e-06	5	1613830	
15-48508686-A-C	578	I	R	p.Ile578Arg	6.196485601226409e-07	1	1613818	vus
15-48508687-T-C	578	I	V	p.Ile578Val	1.8589433765847493e-06	3	1613820	
15-48508689-C-G	577	S	T	p.Ser577Thr	1.2394015673472221e-06	2	1613682	not_in_clinvar
15-48508689-C-T	577	S	N	p.Ser577Asn	6.197461024167619e-07	1	1613564	not_in_clinvar
15-48508702-T-C	573	M	V	p.Met573Val	6.19724594390253e-07	1	1613620	
15-48510051-G-C	569	N	K	p.Asn569Lys	6.19912071671754e-07	1	1613132	not_in_clinvar
15-48510054-C-G	568	K	N	p.Lys568Asn	1.8595886589886318e-06	3	1613260	not_in_clinvar
15-48510058-C-T	567	G	E	p.Gly567Glu	1.0537721323141084e-05	17	1613252	vus
15-48510062-C-T	566	D	N	p.Asp566Asn	6.198183188543774e-07	1	1613376	not_in_clinvar
15-48510064-C-T	565	R	Q	p.Arg565Gln	3.09916843112656e-06	5	1613336	
15-48510065-G-C	565	R	G	p.Arg565Gly	4.9590690835516356e-06	8	1613206	vus
15-48510067-G-A	564	T	I	p.Thr564Ile	6.198283075588062e-07	1	1613350	not_in_clinvar
15-48510072-A-C	562	H	Q	p.His562Gln	1.2396151242962085e-06	2	1613404	
15-48510082-G-A	559	A	V	p.Ala559Val	1.4256687316135223e-05	23	1613278	vus
15-48510092-C-T	556	V	M	p.Val556Met	8.05816757269397e-06	13	1613270	vus
15-48510092-C-A	556	V	L	p.Val556Leu	6.198590440533823e-07	1	1613270	not_in_clinvar
15-48510101-A-T	553	F	I	p.Phe553Ile	6.197591615898062e-07	1	1613530	
15-48510107-C-T	551	G	S	p.Gly551Ser	6.198152454716299e-07	1	1613384	not_in_clinvar
15-48510108-A-T	550	D	E	p.Asp550Glu	6.197745260274313e-07	1	1613490	not_in_clinvar
15-48510110-C-A	550	D	Y	p.Asp550Tyr	1.2395828555774411e-06	2	1613446	not_in_clinvar
15-48510118-A-G	547	I	T	p.Ile547Thr	1.2395444426264459e-05	20	1613496	
15-48510119-T-C	547	I	V	p.Ile547Val	1.8593028358086852e-06	3	1613508	
15-48510119-T-G	547	I	L	p.Ile547Leu	6.198129404545708e-07	1	1613390	vus
15-48510124-C-A	545	R	L	p.Arg545Leu	6.198920891851147e-07	1	1613184	not_in_clinvar
15-48510124-C-T	545	R	H	p.Arg545His	2.47974974365587e-06	4	1613066	vus
15-48510131-T-C	543	N	D	p.Asn543Asp	6.197799037605765e-07	1	1613476	
15-48510133-T-C	542	N	S	p.Asn542Ser	4.338357150914092e-06	7	1613514	
15-48510142-C-T	539	R	Q	p.Arg539Gln	6.1994204781737005e-06	10	1613054	
15-48510143-G-A	539	R	W	p.Arg539Trp	8.058966840451055e-06	13	1613110	vus
15-48510145-C-T	538	G	D	p.Gly538Asp	1.79777398385475e-05	29	1613106	
15-48510149-T-G	537	N	H	p.Asn537His	6.198060255062575e-07	1	1613408	not_in_clinvar
15-48510149-T-C	537	N	D	p.Asn537Asp	6.198060255062575e-07	1	1613408	not_in_clinvar
15-48510152-G-T	536	Q	K	p.Gln536Lys	6.198575071562549e-07	1	1613274	not_in_clinvar
15-48510154-A-G	535	L	S	p.Leu535Ser	1.2396427845352083e-06	2	1613368	vus
15-48510155-A-T	535	L	I	p.Leu535Ile	2.479380849014384e-06	4	1613306	
15-48510163-T-C	532	D	G	p.Asp532Gly	6.19875950424801e-07	1	1613226	vus
15-48513551-C-T	529	R	Q	p.Arg529Gln	8.055281538286133e-06	13	1613848	vus
15-48513558-C-T	527	E	K	p.Glu527Lys	6.195756154864164e-07	1	1614008	not_in_clinvar
15-48513563-C-T	525	R	Q	p.Arg525Gln	4.337115297873079e-06	7	1613976	vus
15-48513564-G-C	525	R	G	p.Arg525Gly	6.196032556433464e-07	1	1613936	not_in_clinvar
15-48513564-G-A	525	R	W	p.Arg525Trp	1.3011668368510276e-05	21	1613936	vus
15-48513566-G-A	524	T	M	p.Thr524Met	2.354632429484955e-05	38	1613840	
15-48513566-G-C	524	T	R	p.Thr524Arg	6.195948097781974e-07	1	1613958	vus
15-48513569-A-C	523	L	R	p.Leu523Arg	1.2391727282865958e-06	2	1613980	not_in_clinvar
15-48513572-G-A	522	T	I	p.Thr522Ile	1.2391850128007811e-06	2	1613964	not_in_clinvar
15-48513573-T-C	522	T	A	p.Thr522Ala	6.195664026487703e-07	1	1614032	not_in_clinvar
15-48513574-G-T	521	S	R	p.Ser521Arg	6.195863641432979e-07	1	1613980	not_in_clinvar
15-48513575-C-T	521	S	N	p.Ser521Asn	8.67408011380393e-06	14	1614004	
15-48513577-C-G	520	Q	H	p.Gln520His	1.858832801707152e-06	3	1613916	vus
15-48513584-C-A	518	G	V	p.Gly518Val	6.195610286200021e-07	1	1614046	vus
15-48513590-C-T	516	R	Q	p.Arg516Gln	2.2926456883389845e-05	37	1613856	
15-48513593-C-T	515	C	Y	p.Cys515Tyr	6.19577150985995e-07	1	1614004	
15-48513602-G-C	512	T	S	p.Thr512Ser	6.195863641432979e-07	1	1613980	not_in_clinvar
15-48513608-G-A	510	S	L	p.Ser510Leu	4.33715291933763e-06	7	1613962	vus
15-48513617-T-C	507	N	S	p.Asn507Ser	2.478443735609536e-06	4	1613916	not_in_clinvar
15-48513618-T-G	507	N	H	p.Asn507His	6.195817575303966e-07	1	1613992	not_in_clinvar
15-48513621-T-A	506	N	Y	p.Asn506Tyr	1.2391297344049328e-06	2	1614036	
15-48513624-T-C	505	I	V	p.Ile505Val	0.0	0	1614042	
15-48513626-C-A	504	C	F	p.Cys504Phe	6.195863641432979e-07	1	1613980	not_in_clinvar
15-48513628-C-G	503	E	D	p.Glu503Asp	6.195817575303966e-07	1	1613992	not_in_clinvar
15-48513630-C-T	503	E	K	p.Glu503Lys	6.195802220079852e-07	1	1613996	not_in_clinvar
15-48513633-C-T	502	G	S	p.Gly502Ser	3.717854500524837e-06	6	1613834	not_in_clinvar
15-48513633-C-G	502	G	R	p.Gly502Arg	1.177320591832865e-05	19	1613834	
15-48513635-C-G	501	G	A	p.Gly501Ala	6.19577150985995e-07	1	1614004	not_in_clinvar
15-48513635-C-A	501	G	V	p.Gly501Val	6.19577150985995e-07	1	1614004	vus
15-48513644-G-A	498	P	L	p.Pro498Leu	1.23920958255986e-06	2	1613932	
15-48513645-G-A	498	P	S	p.Pro498Ser	6.196247552482217e-07	1	1613880	not_in_clinvar
15-48513646-G-T	497	N	K	p.Asn497Lys	9.294532584152697e-06	15	1613852	
15-48513649-T-G	496	K	N	p.Lys496Asn	6.196209159236379e-07	1	1613890	not_in_clinvar
15-48513650-T-G	496	K	T	p.Lys496Thr	1.2391297344049328e-06	2	1614036	not_in_clinvar
15-48513658-T-A	493	E	D	p.Glu493Asp	6.195794542496335e-07	1	1613998	
15-48513660-C-T	493	E	K	p.Glu493Lys	6.195825252944566e-07	1	1613990	not_in_clinvar
15-48513665-A-G	491	V	A	p.Val491Ala	1.2391850128007811e-06	2	1613964	vus
15-48513666-C-A	491	V	F	p.Val491Phe	1.2392003687860298e-06	2	1613944	
15-48513666-C-G	491	V	L	p.Val491Leu	6.196001843930149e-07	1	1613944	not_in_clinvar
15-48513666-C-T	491	V	I	p.Val491Ile	2.4785819536926535e-06	4	1613826	vus
15-48515390-T-C	489	I	V	p.Ile489Val	1.2393539495731665e-06	2	1613744	not_in_clinvar
15-48515395-T-G	487	E	A	p.Glu487Ala	8.675638929822757e-06	14	1613714	vus
15-48515396-C-T	487	E	K	p.Glu487Lys	6.196017200143747e-07	1	1613940	not_in_clinvar
15-48515398-C-T	486	G	E	p.Gly486Glu	6.196001843930149e-07	1	1613944	
15-48515401-C-A	485	R	L	p.Arg485Leu	1.2391896195563948e-06	2	1613958	vus
15-48515401-C-T	485	R	H	p.Arg485His	6.196401130223566e-06	10	1613840	vus
15-48515419-C-A	479	G	V	p.Gly479Val	1.2392971202452818e-06	2	1613818	not_in_clinvar
15-48515421-T-G	478	K	N	p.Lys478Asn	6.195871319187746e-07	1	1613978	not_in_clinvar
15-48515422-T-C	478	K	R	p.Lys478Arg	1.8588834802264368e-06	3	1613872	
15-48515423-T-C	478	K	E	p.Lys478Glu	6.195671703747762e-07	1	1614030	not_in_clinvar
15-48515424-G-C	477	N	K	p.Asn477Lys	6.19584828598053e-07	1	1613984	not_in_clinvar
15-48515425-T-A	477	N	I	p.Asn477Ile	1.2391481599888972e-06	2	1614012	not_in_clinvar
15-48515437-C-T	473	R	Q	p.Arg473Gln	6.195832930604193e-06	10	1613988	vus
15-48515438-G-A	473	R	W	p.Arg473Trp	4.957170050761421e-06	8	1613824	vus
15-48515449-G-A	469	P	L	p.Pro469Leu	6.195717767707671e-07	1	1614018	
15-48515450-G-A	469	P	S	p.Pro469Ser	6.195817575303966e-07	1	1613992	not_in_clinvar
15-48515450-G-C	469	P	A	p.Pro469Ala	1.2391635150607933e-06	2	1613992	not_in_clinvar
15-48515452-G-C	468	T	S	p.Thr468Ser	6.195464424404182e-07	1	1614084	not_in_clinvar
15-48515456-G-T	467	P	T	p.Pro467Thr	6.195587254933546e-07	1	1614052	not_in_clinvar
15-48515458-A-G	466	I	T	p.Ile466Thr	1.2391143801702047e-06	2	1614056	vus
15-48515459-T-A	466	I	F	p.Ile466Phe	6.196009522027433e-07	1	1613942	not_in_clinvar
15-48515460-G-C	465	C	W	p.Cys465Trp	6.195671703747762e-07	1	1614030	not_in_clinvar
15-48515464-C-T	464	R	H	p.Arg464His	8.054243471106331e-06	13	1614056	vus
15-48515465-G-C	464	R	G	p.Arg464Gly	6.195802220079852e-07	1	1613996	
15-48515469-A-C	462	N	K	p.Asn462Lys	6.195487454757453e-07	1	1614078	not_in_clinvar
15-48515482-T-C	458	Y	C	p.Tyr458Cys	2.478474449406901e-06	4	1613896	
15-48515482-T-G	458	Y	S	p.Tyr458Ser	6.195725445100916e-07	1	1614016	not_in_clinvar
15-48515483-A-C	458	Y	D	p.Tyr458Asp	6.195510485281946e-07	1	1614072	not_in_clinvar
15-48515485-C-T	457	R	H	p.Arg457His	9.294428919305768e-06	15	1613870	vus
15-48515486-G-A	457	R	C	p.Arg457Cys	3.0979932438963336e-06	5	1613948	vus
15-48515486-G-T	457	R	S	p.Arg457Ser	1.2391957619504941e-06	2	1613950	not_in_clinvar
15-48515489-C-T	456	V	I	p.Val456Ile	6.196163087969406e-07	1	1613902	
15-48515494-T-C	454	Q	R	p.Gln454Arg	6.195687058324959e-07	1	1614026	
15-48515494-T-A	454	Q	L	p.Gln454Leu	6.196140052592837e-07	1	1613908	not_in_clinvar
15-48515501-A-T	452	Y	N	p.Tyr452Asn	6.195633317637729e-07	1	1614040	not_in_clinvar
15-48515501-A-G	452	Y	H	p.Tyr452His	4.33694332234641e-06	7	1614040	
15-48515507-T-C	450	T	A	p.Thr450Ala	3.717412234994975e-06	6	1614026	vus
15-48515510-C-A	449	V	F	p.Val449Phe	1.8587683057698647e-06	3	1613972	not_in_clinvar
15-48515510-C-T	449	V	I	p.Val449Ile	4.70922400663257e-05	76	1613854	
15-48515519-G-A	446	P	S	p.Pro446Ser	6.196117017387543e-07	1	1613914	not_in_clinvar
15-48515525-C-A	444	V	L	p.Val444Leu	1.8588696585380361e-06	3	1613884	
15-48515526-C-A	443	R	S	p.Arg443Ser	6.196216837847483e-07	1	1613888	not_in_clinvar
15-48515527-C-A	443	R	M	p.Arg443Met	6.196339698213471e-07	1	1613856	not_in_clinvar
15-48516186-G-A	442	P	S	p.Pro442Ser	1.239515250375883e-06	2	1613534	
15-48516188-G-A	441	P	L	p.Pro441Leu	6.196892630159533e-07	1	1613712	vus
15-48516188-G-T	441	P	Q	p.Pro441Gln	6.196892630159533e-07	1	1613712	not_in_clinvar
15-48516189-G-T	441	P	T	p.Pro441Thr	1.2394768416146913e-06	2	1613584	vus
15-48516194-C-T	439	R	Q	p.Arg439Gln	1.2395382967752172e-05	20	1613504	
15-48516195-G-A	439	R	W	p.Arg439Trp	3.0985461621407235e-06	5	1613660	vus
15-48516197-G-A	438	S	F	p.Ser438Phe	1.2394246095192767e-06	2	1613652	vus
15-48516201-G-C	437	P	A	p.Pro437Ala	6.197883546726464e-07	1	1613454	not_in_clinvar
15-48516203-T-A	436	Y	F	p.Tyr436Phe	1.2395382967752172e-06	2	1613504	not_in_clinvar
15-48516209-T-C	434	Y	C	p.Tyr434Cys	6.196408809310476e-07	1	1613838	not_in_clinvar
15-48516213-C-T	433	E	K	p.Glu433Lys	6.196608472250967e-07	1	1613786	not_in_clinvar
15-48516218-G-T	431	P	Q	p.Pro431Gln	1.2391942263462607e-06	2	1613952	not_in_clinvar
15-48516219-G-A	431	P	S	p.Pro431Ser	6.19622451647762e-07	1	1613886	not_in_clinvar
15-48516221-G-A	430	P	L	p.Pro430Leu	2.6025239525150916e-05	42	1613818	
15-48516222-G-T	430	P	T	p.Pro430Thr	0.0	0	1613940	vus
15-48516224-C-A	429	R	L	p.Arg429Leu	1.2398917822452457e-06	2	1613044	
15-48516224-C-T	429	R	Q	p.Arg429Gln	2.169805238281812e-05	35	1613048	
15-48516224-C-G	429	R	P	p.Arg429Pro	4.339610476563624e-06	7	1613048	vus
15-48516227-G-A	428	P	L	p.Pro428Leu	6.196032556433464e-07	1	1613936	not_in_clinvar
15-48516231-C-A	427	V	F	p.Val427Phe	4.958761698028768e-06	8	1613306	not_in_clinvar
15-48516233-G-A	426	P	L	p.Pro426Leu	1.3013135831111806e-05	21	1613754	
15-48516234-G-A	426	P	S	p.Pro426Ser	6.221838403924238e-07	1	1607242	not_in_clinvar
15-48516238-T-A	424	Q	H	p.Gln424His	6.197883546726464e-07	1	1613454	not_in_clinvar
15-48516240-G-T	424	Q	K	p.Gln424Lys	1.2392495104964434e-06	2	1613880	
15-48516242-G-A	423	P	L	p.Pro423Leu	1.2392295462065324e-06	2	1613906	vus
15-48516242-G-C	423	P	R	p.Pro423Arg	6.196147731032662e-07	1	1613906	
15-48516245-C-T	422	G	E	p.Gly422Glu	5.020323011301305e-05	81	1613442	
15-48516248-G-A	421	P	L	p.Pro421Leu	1.2392802260447132e-06	2	1613840	vus
15-48516251-G-A	420	P	L	p.Pro420Leu	1.8588166773032288e-06	3	1613930	not_in_clinvar
15-48516258-C-G	418	G	R	p.Gly418Arg	6.199043859475115e-07	1	1613152	not_in_clinvar
15-48516260-G-A	417	P	L	p.Pro417Leu	6.195971131731303e-07	1	1613952	not_in_clinvar
15-48516261-G-C	417	P	A	p.Pro417Ala	6.198475175106923e-07	1	1613300	not_in_clinvar
15-48516267-C-G	415	V	L	p.Val415Leu	1.2396258809091417e-06	2	1613390	not_in_clinvar
15-48516267-C-A	415	V	F	p.Val415Phe	6.198129404545708e-07	1	1613390	not_in_clinvar
15-48516269-G-C	414	P	R	p.Pro414Arg	1.8587867327238166e-06	3	1613956	not_in_clinvar
15-48516270-G-A	414	P	S	p.Pro414Ser	6.196040234606868e-07	1	1613934	not_in_clinvar
15-48516275-A-T	412	V	D	p.Val412Asp	1.2393923507182898e-06	2	1613694	
15-48516279-G-A	411	P	S	p.Pro411Ser	6.197729895493878e-07	1	1613494	
15-48516281-G-T	410	P	H	p.Pro410His	1.2392111182021525e-06	2	1613930	vus
15-48516282-G-A	410	P	S	p.Pro410Ser	3.7526784742610036e-06	6	1598858	not_in_clinvar
15-48516284-A-C	409	I	S	p.Ile409Ser	0.0	0	1466216	
15-48516284-A-T	409	I	N	p.Ile409Asn	3.4102178310741776e-06	5	1466182	not_in_clinvar
15-48516285-T-G	409	I	L	p.Ile409Leu	0.0	0	1610422	not_in_clinvar
15-48516290-C-T	407	G	D	p.Gly407Asp	4.338007639851169e-06	7	1613644	vus
15-48516291-C-A	407	G	C	p.Gly407Cys	5.017548877198e-06	8	1594404	not_in_clinvar
15-48516293-A-T	406	L	H	p.Leu406His	4.968655481826618e-05	71	1428958	not_in_clinvar
15-48516294-G-C	406	L	V	p.Leu406Val	3.7181309699240384e-06	6	1613714	vus
15-48516296-G-A	405	P	L	p.Pro405Leu	6.19610933902384e-07	1	1613916	
15-48516297-G-T	405	P	T	p.Pro405Thr	1.2393339819181173e-06	2	1613770	
15-48516299-G-C	404	P	R	p.Pro404Arg	1.1153757019121258e-05	18	1613806	
15-48516299-G-T	404	P	Q	p.Pro404Gln	8.675144348205422e-06	14	1613806	
15-48516299-G-A	404	P	L	p.Pro404Leu	1.8589595031868763e-06	3	1613806	
15-48516300-G-A	404	P	S	p.Pro404Ser	6.19610933902384e-07	1	1613916	not_in_clinvar
15-48516302-G-T	403	P	H	p.Pro403His	1.2392602607651441e-06	2	1613866	not_in_clinvar
15-48516303-G-A	403	P	S	p.Pro403Ser	6.204228305674884e-07	1	1611804	not_in_clinvar
15-48516305-G-A	402	P	L	p.Pro402Leu	6.19666222985651e-07	1	1613772	
15-48516306-G-C	402	P	A	p.Pro402Ala	0.0	0	1600584	not_in_clinvar
15-48516309-A-T	401	Y	N	p.Tyr401Asn	8.675198104345283e-06	14	1613796	vus
15-48516311-T-G	400	E	A	p.Glu400Ala	6.196239873794987e-07	1	1613882	not_in_clinvar
15-48516314-G-A	399	P	L	p.Pro399Leu	6.196600792669173e-07	1	1613788	vus
15-48516315-G-C	399	P	A	p.Pro399Ala	1.8589318577545341e-06	3	1613830	vus
15-48516317-C-T	398	R	K	p.Arg398Lys	4.337572174102711e-06	7	1613806	vus
15-48516320-C-T	397	G	E	p.Gly397Glu	6.19692335149445e-07	1	1613704	not_in_clinvar
15-48516324-G-A	396	P	S	p.Pro396Ser	1.2393247662943323e-06	2	1613782	not_in_clinvar
15-48516330-C-A	394	V	L	p.Val394Leu	0.0	0	1613766	not_in_clinvar
15-48516332-A-G	393	M	T	p.Met393Thr	1.2392341532932647e-06	2	1613900	vus
15-48516333-T-C	393	M	V	p.Met393Val	2.0449542921731542e-05	33	1613728	
15-48516333-T-G	393	M	L	p.Met393Leu	6.196378093077035e-07	1	1613846	not_in_clinvar
15-48516335-G-C	392	P	R	p.Pro392Arg	1.4871583873254448e-05	24	1613816	
15-48516335-G-A	392	P	L	p.Pro392Leu	2.478778557078214e-06	4	1613698	
15-48516336-G-C	392	P	A	p.Pro392Ala	6.816759312622779e-06	11	1613670	vus
15-48516341-G-A	390	S	F	p.Ser390Phe	6.320799147311801e-05	102	1613720	
15-48516342-A-T	390	S	T	p.Ser390Thr	1.8590286203652867e-06	3	1613746	
15-48516342-A-G	390	S	P	p.Ser390Pro	4.337733447519002e-06	7	1613746	vus
15-48516344-C-T	389	C	Y	p.Cys389Tyr	6.196677589343698e-07	1	1613768	not_in_clinvar
15-48516352-G-C	386	N	K	p.Asn386Lys	6.50689048717399e-05	105	1613674	
15-48516353-T-C	386	N	S	p.Asn386Ser	6.19740725270176e-06	10	1613578	not_in_clinvar
15-48516354-T-C	386	N	D	p.Asn386Asp	6.197130728472718e-07	1	1613650	not_in_clinvar
15-48516354-T-G	386	N	H	p.Asn386His	1.859139218541815e-06	3	1613650	
15-48516358-A-C	384	D	E	p.Asp384Glu	1.2395613440315741e-06	2	1613474	vus
15-48516360-C-T	384	D	N	p.Asp384Asn	2.4792056625057332e-06	4	1613420	vus
15-48520661-G-A	382	T	I	p.Thr382Ile	6.195610286200021e-07	1	1614046	
15-48520662-T-C	382	T	A	p.Thr382Ala	2.4782011233685692e-06	4	1614074	vus
15-48520667-C-T	380	R	K	p.Arg380Lys	1.239086743506566e-06	2	1614092	
15-48520670-A-C	379	I	S	p.Ile379Ser	6.195894352566215e-07	1	1613972	vus
15-48520671-T-C	379	I	V	p.Ile379Val	2.4781489218813115e-06	4	1614108	
15-48520673-G-C	378	P	R	p.Pro378Arg	6.195541192914283e-07	1	1614064	
15-48520673-G-A	378	P	L	p.Pro378Leu	6.195541192914283e-07	1	1614064	not_in_clinvar
15-48520674-G-T	378	P	T	p.Pro378Thr	6.195341598745072e-07	1	1614116	not_in_clinvar
15-48520674-G-A	378	P	S	p.Pro378Ser	6.195341598745072e-07	1	1614116	not_in_clinvar
15-48520680-T-C	376	M	V	p.Met376Val	6.196040234606868e-07	1	1613934	not_in_clinvar
15-48520681-C-A	375	E	D	p.Glu375Asp	1.8587406660239554e-06	3	1613996	vus
15-48520683-C-G	375	E	Q	p.Glu375Gln	6.195318569476161e-07	1	1614122	not_in_clinvar
15-48520688-G-C	373	A	G	p.Ala373Gly	1.2390575728101207e-06	2	1614130	not_in_clinvar
15-48520688-G-A	373	A	V	p.Ala373Val	2.4782963199777944e-06	4	1614012	
15-48520689-C-T	373	A	T	p.Ala373Thr	1.9827893881111947e-05	32	1613888	
15-48520691-A-G	372	V	A	p.Val372Ala	6.195464424404182e-07	1	1614084	
15-48520694-G-T	371	T	N	p.Thr371Asn	6.195203425699686e-07	1	1614152	not_in_clinvar
15-48520697-A-T	370	V	D	p.Val370Asp	6.195802220079852e-07	1	1613996	not_in_clinvar
15-48520698-C-A	370	V	F	p.Val370Phe	4.956236432302767e-06	8	1614128	
15-48520701-C-T	369	G	R	p.Gly369Arg	6.195287864050603e-07	1	1614130	not_in_clinvar
15-48520701-C-G	369	G	R	p.Gly369Arg	1.2391481599888972e-06	2	1614012	not_in_clinvar
15-48520704-G-A	368	P	S	p.Pro368Ser	1.8585379996679411e-06	3	1614172	not_in_clinvar
15-48520709-C-A	366	W	L	p.Trp366Leu	0.0	0	1614094	not_in_clinvar
15-48520715-C-T	364	R	Q	p.Arg364Gln	2.478062947754999e-06	4	1614164	
15-48520718-C-T	363	G	D	p.Gly363Asp	1.858577147678823e-06	3	1614138	not_in_clinvar
15-48520719-C-T	363	G	S	p.Gly363Ser	2.1065570926538158e-05	34	1614008	vus
15-48520719-C-G	363	G	R	p.Gly363Arg	6.195303216725336e-07	1	1614126	not_in_clinvar
15-48520721-G-C	362	A	G	p.Ala362Gly	6.195234130288251e-07	1	1614144	not_in_clinvar
15-48520721-G-A	362	A	V	p.Ala362Val	6.195234130288251e-07	1	1614144	
15-48520724-T-A	361	D	V	p.Asp361Val	3.097582522695987e-06	5	1614162	vus
15-48520725-C-T	361	D	N	p.Asp361Asn	6.195042231602893e-07	1	1614194	not_in_clinvar
15-48520736-T-C	357	Q	R	p.Gln357Arg	1.85850806406649e-06	3	1614198	not_in_clinvar
15-48520739-A-C	356	M	R	p.Met356Arg	1.239002305783291e-06	2	1614202	not_in_clinvar
15-48520740-T-C	356	M	V	p.Met356Val	6.195264835181174e-07	1	1614136	not_in_clinvar
15-48520742-T-G	355	K	T	p.Lys355Thr	6.195088286203166e-07	1	1614182	not_in_clinvar
15-48520745-G-T	354	T	N	p.Thr354Asn	2.478053736595278e-06	4	1614170	not_in_clinvar
15-48520749-T-C	353	I	V	p.Ile353Val	1.5487394499868668e-05	25	1614216	
15-48520754-T-C	351	Q	R	p.Gln351Arg	2.4779769795938597e-06	4	1614220	vus
15-48520755-G-C	351	Q	E	p.Gln351Glu	1.239002305783291e-06	2	1614202	not_in_clinvar
15-48520758-G-A	350	P	S	p.Pro350Ser	1.2390253331119608e-06	2	1614172	
15-48520764-G-C	348	Q	E	p.Gln348Glu	1.2390207275777517e-06	2	1614178	not_in_clinvar
15-48520775-C-T	344	R	H	p.Arg344His	6.815162870001388e-06	11	1614048	vus
15-48520775-C-A	344	R	L	p.Arg344Leu	2.4780598773608166e-06	4	1614166	not_in_clinvar
15-48520778-C-T	343	G	E	p.Gly343Glu	2.47806601815679e-06	4	1614162	not_in_clinvar
15-48520779-C-T	343	G	R	p.Gly343Arg	0.00020506275787725972	331	1614140	
15-48520785-T-G	341	T	P	p.Thr341Pro	6.195111313760086e-07	1	1614176	not_in_clinvar
15-48520791-C-G	339	A	P	p.Ala339Pro	6.195111313760086e-07	1	1614176	
15-48520793-G-A	338	T	I	p.Thr338Ile	6.195111313760086e-07	1	1614176	not_in_clinvar
15-48520793-G-C	338	T	R	p.Thr338Arg	1.2391128447676602e-06	2	1614058	
15-48520794-T-G	338	T	P	p.Thr338Pro	6.195564223838301e-07	1	1614058	not_in_clinvar
15-48520802-T-C	335	Y	C	p.Tyr335Cys	1.23903914992002e-06	2	1614154	not_in_clinvar
15-48520805-C-A	334	G	V	p.Gly334Val	1.2390621786182474e-06	2	1614124	not_in_clinvar
15-48520808-G-A	333	P	L	p.Pro333Leu	6.195395334371682e-07	1	1614102	not_in_clinvar
15-48520809-G-T	333	P	T	p.Pro333Thr	6.195487454757453e-07	1	1614078	not_in_clinvar
15-48520811-C-A	332	R	L	p.Arg332Leu	6.195548869869931e-07	1	1614062	
15-48520811-C-T	332	R	H	p.Arg332His	2.0446806084969492e-05	33	1613944	vus
15-48520812-G-A	332	R	C	p.Arg332Cys	6.815382442087837e-06	11	1613996	
15-48520812-G-C	332	R	G	p.Arg332Gly	1.2390698550412176e-06	2	1614114	not_in_clinvar
15-48520814-A-G	331	V	A	p.Val331Ala	1.2390345442830946e-06	2	1614160	not_in_clinvar
15-48520815-C-T	331	V	I	p.Val331Ile	1.8586093884555574e-06	3	1614110	vus
15-48520817-T-C	330	D	G	p.Asp330Gly	3.7175181848597874e-06	6	1613980	vus
15-48526131-T-C	329	I	M	p.Ile329Met	1.8587107238934784e-06	3	1614022	vus
15-48526132-A-G	329	I	T	p.Ile329Thr	0.001235374075482967	1994	1614086	benign
15-48526133-T-C	329	I	V	p.Ile329Val	6.814673106326247e-06	11	1614164	benign
15-48526137-T-A	327	R	S	p.Arg327Ser	1.239033009078395e-06	2	1614162	
15-48526138-C-G	327	R	T	p.Arg327Thr	6.195671703747762e-06	10	1614030	
15-48526139-T-C	327	R	G	p.Arg327Gly	1.2390314738774995e-06	2	1614164	vus
15-48526142-T-C	326	T	A	p.Thr326Ala	1.2390038409119069e-06	2	1614200	
15-48526142-T-A	326	T	S	p.Thr326Ser	6.195019204559534e-07	1	1614200	not_in_clinvar
15-48526144-C-A	325	G	V	p.Gly325Val	6.195333922303078e-07	1	1614118	not_in_clinvar
15-48526144-C-G	325	G	A	p.Gly325Ala	6.195786864931847e-07	1	1614000	vus
15-48526147-T-C	324	D	G	p.Asp324Gly	6.195648672024664e-07	1	1614036	
15-48526147-T-A	324	D	V	p.Asp324Val	4.33663702472007e-06	7	1614154	
15-48526148-C-G	324	D	H	p.Asp324His	6.195126665559804e-07	1	1614172	not_in_clinvar
15-48526148-C-T	324	D	N	p.Asp324Asn	1.8586738733648316e-06	3	1614054	
15-48526150-G-A	323	P	L	p.Pro323Leu	2.416362865831142e-05	39	1613996	
15-48526153-G-A	322	S	F	p.Ser322Phe	1.2390161220777804e-06	2	1614184	
15-48526165-C-A	318	G	V	p.Gly318Val	6.195418364211298e-07	1	1614096	not_in_clinvar
15-48526165-C-T	318	G	D	p.Gly318Asp	6.195418364211298e-07	1	1614096	not_in_clinvar
15-48526168-G-A	317	P	L	p.Pro317Leu	6.195418364211298e-07	1	1614096	not_in_clinvar
15-48526169-G-A	317	P	S	p.Pro317Ser	6.195733122513187e-07	1	1614014	
15-48526172-G-A	316	P	S	p.Pro316Ser	3.717333928106762e-06	6	1614060	vus
15-48526172-G-T	316	P	T	p.Pro316Thr	6.195556546844603e-07	1	1614060	vus
15-48526172-G-C	316	P	A	p.Pro316Ala	6.195556546844603e-07	1	1614060	
15-48526190-T-G	310	S	R	p.Ser310Arg	4.33692182636452e-06	7	1614048	
15-48526195-A-T	308	V	D	p.Val308Asp	6.195456747657807e-07	1	1614086	not_in_clinvar
15-48526198-G-C	307	T	R	p.Thr307Arg	6.195748477394811e-07	1	1614010	
15-48526204-G-A	305	T	I	p.Thr305Ile	1.239178870513243e-06	2	1613972	
15-48526205-T-C	305	T	A	p.Thr305Ala	3.7175918926756003e-06	6	1613948	
15-48526208-A-C	304	C	G	p.Cys304Gly	6.195495131579926e-07	1	1614076	not_in_clinvar
15-48526211-C-T	303	E	K	p.Glu303Lys	6.195648672024664e-07	1	1614036	vus
15-48526213-C-A	302	G	V	p.Gly302Val	7.435064009705237e-06	12	1613974	vus
15-48526213-C-T	302	G	D	p.Gly302Asp	6.195886674754365e-07	1	1613974	vus
15-48526216-C-A	301	G	V	p.Gly301Val	0.0002515458296675382	406	1614020	
15-48526216-C-T	301	G	E	p.Gly301Glu	1.8588466228474556e-06	3	1613904	
15-48526216-C-G	301	G	A	p.Gly301Ala	1.8587107238934784e-06	3	1614022	vus
15-48526219-T-C	300	E	G	p.Glu300Gly	6.195449070930457e-07	1	1614088	
15-48526228-C-T	297	G	E	p.Gly297Glu	3.7174536929184985e-06	6	1614008	vus
15-48526229-C-T	297	G	R	p.Gly297Arg	6.195748477394811e-07	1	1614010	not_in_clinvar
15-48526232-G-C	296	P	A	p.Pro296Ala	6.195633317637729e-07	1	1614040	not_in_clinvar
15-48526233-A-C	295	I	M	p.Ile295Met	6.195188073519536e-06	10	1614156	
15-48526235-T-C	295	I	V	p.Ile295Val	6.195264835181174e-07	1	1614136	not_in_clinvar
15-48526237-G-C	294	T	S	p.Thr294Ser	6.195702412978262e-07	1	1614022	not_in_clinvar
15-48526237-G-A	294	T	I	p.Thr294Ile	6.195702412978262e-07	1	1614022	vus
15-48526246-T-A	291	E	V	p.Glu291Val	4.956396105263941e-06	8	1614076	vus
15-48526250-C-A	290	D	Y	p.Asp290Tyr	1.858791339519391e-06	3	1613952	vus
15-48526252-A-G	289	I	T	p.Ile289Thr	1.2391404825956524e-06	2	1614022	
15-48526253-T-C	289	I	V	p.Ile289Val	2.4783669544463762e-06	4	1613966	
15-48526255-T-A	288	D	V	p.Asp288Val	6.196247552482217e-07	1	1613880	not_in_clinvar
15-48526255-T-C	288	D	G	p.Asp288Gly	2.72655165576046e-05	44	1613760	vus
15-48534083-C-T	287	E	K	p.Glu287Lys	6.197015517326855e-07	1	1613680	
15-48534087-T-G	285	K	N	p.Lys285Asn	0.0	0	1603454	not_in_clinvar
15-48534088-T-G	285	K	T	p.Lys285Thr	0.0	0	1608408	not_in_clinvar
15-48534092-G-T	284	Q	K	p.Gln284Lys	0.0	0	1612182	not_in_clinvar
15-48534098-C-G	282	V	L	p.Val282Leu	6.197391889597182e-07	1	1613582	not_in_clinvar
15-48534099-T-A	281	E	D	p.Glu281Asp	6.196792787924682e-06	10	1613738	vus
15-48534099-T-G	281	E	D	p.Glu281Asp	2.72658882668686e-05	44	1613738	vus
15-48534103-T-G	280	N	T	p.Asn280Thr	0.0	0	1609738	not_in_clinvar
15-48534106-A-C	279	L	R	p.Leu279Arg	3.0988303774623308e-06	5	1613512	not_in_clinvar
15-48534107-G-C	279	L	V	p.Leu279Val	9.298715661392848e-06	15	1613126	vus
15-48534110-T-C	278	K	E	p.Lys278Glu	6.196570074532345e-06	10	1613796	
15-48534115-C-A	276	G	V	p.Gly276Val	4.3386314221042114e-06	7	1613412	vus
15-48534115-C-T	276	G	E	p.Gly276Glu	6.197622344163885e-07	1	1613522	
15-48534116-C-T	276	G	R	p.Gly276Arg	9.918716121385248e-06	16	1613112	vus
15-48534118-G-T	275	A	D	p.Ala275Asp	6.198229289856474e-07	1	1613364	not_in_clinvar
15-48534119-C-G	275	A	P	p.Ala275Pro	1.2394875958278847e-06	2	1613570	
15-48534119-C-T	275	A	T	p.Ala275Thr	4.338206585397596e-06	7	1613570	vus
15-48534121-G-T	274	P	H	p.Pro274His	5.577901593420555e-06	9	1613510	
15-48534122-G-T	274	P	T	p.Pro274Thr	6.198559702667488e-07	1	1613278	not_in_clinvar
15-48534127-T-C	272	K	R	p.Lys272Arg	4.957102474461628e-06	8	1613846	
15-48534128-T-G	272	K	Q	p.Lys272Gln	1.425205818309805e-05	23	1613802	vus
15-48534134-C-G	270	E	Q	p.Glu270Gln	1.8596670452122251e-06	3	1613192	vus
15-48534134-C-T	270	E	K	p.Glu270Lys	3.7193340904244502e-06	6	1613192	not_in_clinvar
15-48534135-A-T	269	F	L	p.Phe269Leu	1.8588258912140735e-06	3	1613922	
15-48534136-A-G	269	F	S	p.Phe269Ser	1.23912512809456e-06	2	1614042	vus
15-48534137-A-G	269	F	L	p.Phe269Leu	1.2391834772231881e-06	2	1613966	
15-48534139-G-T	268	S	Y	p.Ser268Tyr	6.198536649467794e-07	1	1613284	not_in_clinvar
15-48534145-A-G	266	V	A	p.Val266Ala	6.196024878279092e-07	1	1613938	
15-48534146-C-G	266	V	L	p.Val266Leu	1.8594434313921157e-06	3	1613386	
15-48534146-C-T	266	V	I	p.Val266Ile	6.817959248437758e-06	11	1613386	
15-48534148-G-A	265	T	I	p.Thr265Ile	8.679834388759863e-06	14	1612934	vus
15-48534149-T-A	265	T	S	p.Thr265Ser	2.168834468356705e-05	35	1613770	vus
15-48534155-T-C	263	I	V	p.Ile263Val	6.19663151111056e-07	1	1613780	vus
15-48534159-A-C	261	N	K	p.Asn261Lys	6.197076962738215e-07	1	1613664	not_in_clinvar
15-48534164-C-T	260	G	R	p.Gly260Arg	6.19653935670007e-07	1	1613804	vus
15-48534166-C-T	259	G	E	p.Gly259Glu	4.8952175583398395e-05	79	1613820	
15-48534167-C-T	259	G	R	p.Gly259Arg	6.196685269115844e-07	1	1613766	
15-48534168-C-A	258	Q	H	p.Gln258His	6.196332019297856e-07	1	1613858	not_in_clinvar
15-48534170-G-T	258	Q	K	p.Gln258Lys	6.198982375053311e-07	1	1613168	not_in_clinvar
15-48534179-C-T	255	G	R	p.Gly255Arg	9.299972472081483e-06	15	1612908	vus
15-48534179-C-G	255	G	R	p.Gly255Arg	6.199535778760887e-07	1	1613024	vus
15-48534179-C-A	255	G	W	p.Gly255Trp	2.4798143115043546e-06	4	1613024	
15-48534181-G-C	254	P	R	p.Pro254Arg	6.197391889597182e-07	1	1613582	not_in_clinvar
15-48534182-G-T	254	P	T	p.Pro254Thr	6.197637708411062e-07	1	1613518	not_in_clinvar
15-48534185-T-C	253	I	V	p.Ile253Val	6.200689020563965e-07	1	1612724	
15-48534187-G-T	252	A	D	p.Ala252Asp	2.4800418631066494e-06	4	1612876	not_in_clinvar
15-48534188-C-T	252	A	T	p.Ala252Thr	1.8594549565631323e-06	3	1613376	not_in_clinvar
15-48534190-T-G	251	Q	P	p.Gln251Pro	6.20011234603571e-07	1	1612874	
15-48534191-G-T	251	Q	K	p.Gln251Lys	6.199604961171874e-07	1	1613006	not_in_clinvar
15-48534193-C-A	250	C	F	p.Cys250Phe	0.0	0	1611510	not_in_clinvar
15-48534194-A-G	250	C	R	p.Cys250Arg	6.199251378403544e-07	1	1613098	
15-48534199-T-A	248	D	V	p.Asp248Val	0.0	0	1612244	not_in_clinvar
15-48534199-T-C	248	D	G	p.Asp248Gly	1.2405070200292263e-06	2	1612244	not_in_clinvar
15-48534200-C-T	248	D	N	p.Asp248Asn	1.2399625035338931e-06	2	1612952	not_in_clinvar
15-48534200-C-A	248	D	Y	p.Asp248Tyr	0.0	0	1612950	not_in_clinvar
15-48534202-A-C	247	V	G	p.Val247Gly	6.199589587169329e-07	1	1613010	not_in_clinvar
15-48534203-C-T	247	V	M	p.Val247Met	1.4900279876923687e-05	24	1610708	not_in_clinvar
15-48534203-C-A	247	V	L	p.Val247Leu	0.0	0	1610708	not_in_clinvar
15-48534205-T-G	246	D	A	p.Asp246Ala	6.203658669737064e-07	1	1611952	not_in_clinvar
15-48537612-T-G	245	Q	H	p.Gln245His	6.195003853292397e-07	1	1614204	not_in_clinvar
15-48537625-G-C	241	T	R	p.Thr241Arg	6.195118989650434e-07	1	1614174	not_in_clinvar
15-48537625-G-A	241	T	M	p.Thr241Met	4.336900330595717e-06	7	1614056	vus
15-48537625-G-T	241	T	K	p.Thr241Lys	6.195118989650434e-07	1	1614174	not_in_clinvar
15-48537626-T-A	241	T	S	p.Thr241Ser	1.2390284034871216e-06	2	1614168	not_in_clinvar
15-48537628-C-A	240	R	L	p.Arg240Leu	2.4782686814991047e-06	4	1614030	vus
15-48537628-C-T	240	R	H	p.Arg240His	8.05437321487209e-06	13	1614030	vus
15-48537628-C-G	240	R	P	p.Arg240Pro	6.195218777955924e-07	1	1614148	
15-48537631-A-G	239	I	T	p.Ile239Thr	3.717246412547441e-06	6	1614098	
15-48537632-T-G	239	I	L	p.Ile239Leu	6.19493477353177e-07	1	1614222	not_in_clinvar
15-48537635-T-C	238	N	D	p.Asn238Asp	1.238993095091481e-06	2	1614214	not_in_clinvar
15-48537640-A-T	236	I	N	p.Ile236Asn	6.194942448984649e-07	1	1614220	not_in_clinvar
15-48537641-T-G	236	I	L	p.Ile236Leu	6.195349275206088e-07	1	1614114	
15-48537649-C-T	233	R	H	p.Arg233His	4.336448968668537e-06	7	1614224	
15-48537649-C-A	233	R	L	p.Arg233Leu	6.195379981240389e-07	1	1614106	not_in_clinvar
15-48537650-G-A	233	R	C	p.Arg233Cys	2.477986190182962e-06	4	1614214	
15-48537650-G-T	233	R	S	p.Arg233Ser	1.8584896426372216e-06	3	1614214	vus
15-48537652-C-T	232	R	H	p.Arg232His	1.2390207275777517e-06	2	1614178	vus
15-48537652-C-G	232	R	P	p.Arg232Pro	1.2390207275777517e-06	2	1614178	
15-48537653-G-A	232	R	C	p.Arg232Cys	2.4781612043863454e-06	4	1614100	
15-48537658-G-A	230	P	L	p.Pro230Leu	6.195049907322053e-07	1	1614192	not_in_clinvar
15-48537659-G-A	230	P	S	p.Pro230Ser	1.8585103667708258e-06	3	1614196	vus
15-48537660-G-C	229	H	Q	p.His229Gln	4.336765986868273e-06	7	1614106	vus
15-48537662-G-C	229	H	D	p.His229Asp	6.19484266958072e-07	1	1614246	not_in_clinvar
15-48537667-T-C	227	Q	R	p.Gln227Arg	6.195072934593659e-07	1	1614186	not_in_clinvar
15-48537678-C-T	223	M	I	p.Met223Ile	1.2389777442427803e-06	2	1614234	
15-48537679-A-G	223	M	T	p.Met223Thr	6.19498850210134e-07	1	1614208	not_in_clinvar
15-48537681-C-A	222	E	D	p.Glu222Asp	4.9559600995652385e-06	8	1614218	
15-48537681-C-G	222	E	D	p.Glu222Asp	6.194950124456548e-07	1	1614218	
15-48537684-A-C	221	C	W	p.Cys221Trp	7.636507223018295e-05	123	1610684	not_in_clinvar
15-48537685-C-A	221	C	F	p.Cys221Phe	6.19491942268307e-07	1	1614226	not_in_clinvar
15-48537689-G-C	220	P	A	p.Pro220Ala	1.2389884897969299e-06	2	1614220	not_in_clinvar
15-48537689-G-A	220	P	S	p.Pro220Ser	1.2390790668743364e-06	2	1614102	vus
15-48537689-G-T	220	P	T	p.Pro220Thr	1.8586186003115044e-06	3	1614102	not_in_clinvar
15-48537690-G-C	219	H	Q	p.His219Gln	3.0974558736436242e-06	5	1614228	
15-48537690-G-T	219	H	Q	p.His219Gln	1.8584735241861744e-06	3	1614228	
15-48537694-C-T	218	G	D	p.Gly218Asp	3.0977398889770024e-06	5	1614080	vus
15-48537698-A-C	217	W	G	p.Trp217Gly	6.194819644020884e-07	1	1614252	
15-48537703-C-T	215	R	Q	p.Arg215Gln	3.717251018526779e-06	6	1614096	vus
15-48537704-G-C	215	R	G	p.Arg215Gly	9.293116031368603e-06	15	1614098	
15-48537712-G-A	212	T	I	p.Thr212Ile	6.194911747287248e-07	1	1614228	not_in_clinvar
15-48537715-G-T	211	A	D	p.Ala211Asp	6.195379981240389e-07	1	1614106	not_in_clinvar
15-48537725-G-C	208	L	V	p.Leu208Val	6.194942448984649e-07	1	1614220	not_in_clinvar
15-48537727-G-A	207	T	M	p.Thr207Met	1.362894093217e-05	22	1614212	vus
15-48537728-T-A	207	T	S	p.Thr207Ser	1.0532498333387029e-05	17	1614052	vus
15-48537730-T-G	206	K	T	p.Lys206Thr	6.194865695311726e-07	1	1614240	not_in_clinvar
15-48537734-T-G	205	T	P	p.Thr205Pro	6.194957799947467e-07	1	1614216	not_in_clinvar
15-48537737-A-G	204	C	R	p.Cys204Arg	6.195387657796524e-07	1	1614104	
15-48537740-C-T	203	V	I	p.Val203Ile	6.194942448984649e-07	1	1614220	not_in_clinvar
15-48537742-A-G	202	I	T	p.Ile202Thr	1.2390944202339162e-06	2	1614082	not_in_clinvar
15-48537746-C-G	201	G	R	p.Gly201Arg	6.19498850210134e-07	1	1614208	vus
15-48537746-C-T	201	G	R	p.Gly201Arg	8.053485052731742e-06	13	1614208	vus
15-48537749-T-C	200	S	G	p.Ser200Gly	4.956365398126246e-06	8	1614086	vus
15-48537752-G-C	199	L	V	p.Leu199Val	1.858491945295909e-06	3	1614212	vus
15-48537753-T-A	198	Q	H	p.Gln198His	6.195103637888758e-07	1	1614178	not_in_clinvar
15-48537754-T-C	198	Q	R	p.Gln198Arg	1.2389946301972728e-06	2	1614212	
15-48537755-G-T	198	Q	K	p.Gln198Lys	6.195042231602893e-07	1	1614194	not_in_clinvar
15-48537757-C-T	197	G	E	p.Gly197Glu	4.0891129227120485e-05	66	1614042	vus
15-48537758-C-G	197	G	R	p.Gly197Arg	6.1951957496001e-07	1	1614154	vus
15-48537768-C-G	193	Q	H	p.Gln193His	1.2390099814644106e-06	2	1614192	
15-48537768-C-A	193	Q	H	p.Gln193His	6.195049907322053e-07	1	1614192	
15-48537771-G-T	192	N	K	p.Asn192Lys	6.195026880221633e-07	1	1614198	
15-48537771-G-C	192	N	K	p.Asn192Lys	3.71701612813298e-06	6	1614198	
15-48537772-T-C	192	N	S	p.Asn192Ser	6.195042231602893e-07	1	1614194	not_in_clinvar
15-48537773-T-G	192	N	H	p.Asn192His	6.194973150986364e-07	1	1614212	not_in_clinvar
15-48537775-C-A	191	S	I	p.Ser191Ile	9.912202664895687e-06	16	1614172	
15-48537776-T-C	191	S	G	p.Ser191Gly	6.195011528916455e-07	1	1614202	vus
15-48537781-A-C	189	V	G	p.Val189Gly	6.195057583060235e-07	1	1614190	not_in_clinvar
15-48537782-C-A	189	V	L	p.Val189Leu	1.8585610277099058e-06	3	1614152	vus
15-48537787-A-T	187	F	Y	p.Phe187Tyr	1.8586485394739777e-06	3	1614076	vus
15-48537793-G-A	185	P	L	p.Pro185Leu	1.858590965017601e-06	3	1614126	vus
15-48537799-G-A	183	T	I	p.Thr183Ile	4.9563285500632555e-06	8	1614098	not_in_clinvar
15-48537800-T-C	183	T	A	p.Thr183Ala	6.195418364211298e-07	1	1614096	not_in_clinvar
15-48537801-C-G	182	R	S	p.Arg182Ser	0.0	0	1614044	not_in_clinvar
15-48596294-T-C	176	Q	R	p.Gln176Arg	2.4784406642716667e-06	4	1613918	
15-48596297-G-C	175	P	R	p.Pro175Arg	6.196677589343698e-07	1	1613768	
15-48596300-C-G	174	G	A	p.Gly174Ala	6.195994165851893e-07	1	1613946	not_in_clinvar
15-48596301-C-T	174	G	R	p.Gly174Arg	6.19577150985995e-07	1	1614004	
15-48596303-G-A	173	T	I	p.Thr173Ile	1.2391742638375492e-06	2	1613978	not_in_clinvar
15-48596309-C-T	171	G	E	p.Gly171Glu	6.195633317637729e-07	1	1614040	
15-48596310-C-T	171	G	R	p.Gly171Arg	6.195886674754365e-07	1	1613974	
15-48596312-T-C	170	Y	C	p.Tyr170Cys	6.196063269241255e-07	1	1613928	
15-48596315-G-A	169	T	I	p.Thr169Ile	1.2391128447676602e-06	2	1614058	not_in_clinvar
15-48596316-T-C	169	T	A	p.Thr169Ala	6.195648672024664e-07	1	1614036	
15-48596322-C-T	167	A	T	p.Ala167Thr	3.0977936274667733e-06	5	1614052	
15-48596327-C-T	165	R	Q	p.Arg165Gln	8.055041960572429e-06	13	1613896	
15-48596327-C-A	165	R	L	p.Arg165Leu	1.2391450890201832e-06	2	1614016	not_in_clinvar
15-48596330-T-C	164	N	S	p.Asn164Ser	1.239120521818434e-06	2	1614048	not_in_clinvar
15-48596337-C-T	162	A	T	p.Ala162Thr	3.407885475220335e-05	55	1613904	vus
15-48596337-C-A	162	A	S	p.Ala162Ser	1.2391404825956524e-06	2	1614022	vus
15-48596344-C-A	159	R	S	p.Arg159Ser	3.0977398889770024e-06	5	1614080	vus
15-48596348-C-T	158	G	E	p.Gly158Glu	6.195978809752471e-07	1	1613950	
15-48596351-C-A	157	G	V	p.Gly157Val	6.195487454757453e-07	1	1614078	not_in_clinvar
15-48596353-A-T	156	N	K	p.Asn156Lys	6.196070947490777e-07	1	1613926	not_in_clinvar
15-48596354-T-C	156	N	S	p.Asn156Ser	9.294175526081315e-06	15	1613914	
15-48596355-T-G	156	N	H	p.Asn156His	5.576581332579875e-05	90	1613892	vus
15-48596358-G-A	155	L	F	p.Leu155Phe	6.195610286200021e-07	1	1614046	
15-48596359-A-C	154	C	W	p.Cys154Trp	0.0	0	1614022	not_in_clinvar
15-48596363-C-G	153	G	A	p.Gly153Ala	1.239177334950873e-06	2	1613974	
15-48596364-C-T	153	G	S	p.Gly153Ser	3.0978396905134235e-06	5	1614028	vus
15-48596365-A-T	152	S	R	p.Ser152Arg	3.0978473678210483e-06	5	1614024	
15-48596366-C-T	152	S	N	p.Ser152Asn	6.195740799944486e-07	1	1614012	vus
15-48596366-C-A	152	S	I	p.Ser152Ile	6.195740799944486e-07	1	1614012	not_in_clinvar
15-48596367-T-C	152	S	G	p.Ser152Gly	6.195817575303966e-07	1	1613992	not_in_clinvar
15-48596370-C-G	151	E	Q	p.Glu151Gln	2.478551237230814e-06	4	1613846	vus
15-48596376-C-G	149	V	L	p.Val149Leu	6.196355056101799e-07	1	1613852	not_in_clinvar
15-48596376-C-T	149	V	I	p.Val149Ile	6.196355056101799e-07	1	1613852	not_in_clinvar
15-48600139-G-A	148	P	S	p.Pro148Ser	1.5014470195651058e-05	24	1598458	
15-48600139-G-T	148	P	T	p.Pro148Thr	0.0	0	1598576	not_in_clinvar
15-48600141-T-C	147	Q	R	p.Gln147Arg	6.231608964044862e-07	1	1604722	
15-48600144-C-T	146	G	E	p.Gly146Glu	6.222488821298832e-07	1	1607074	vus
15-48600145-C-T	146	G	R	p.Gly146Arg	6.212530674370205e-07	1	1609650	not_in_clinvar
15-48600149-G-T	144	H	Q	p.His144Gln	6.206993295205843e-07	1	1611086	vus
15-48600150-T-G	144	H	P	p.His144Pro	5.585392584832805e-06	9	1611346	not_in_clinvar
15-48600150-T-C	144	H	R	p.His144Arg	6.206446263346963e-07	1	1611228	
15-48600151-G-C	144	H	D	p.His144Asp	6.207471063873636e-07	1	1610962	not_in_clinvar
15-48600159-A-T	141	I	K	p.Ile141Lys	6.199312868161693e-07	1	1613082	not_in_clinvar
15-48600159-A-G	141	I	T	p.Ile141Thr	6.199312868161693e-07	1	1613082	vus
15-48600160-T-A	141	I	L	p.Ile141Leu	6.198313810710934e-07	1	1613342	
15-48600177-A-G	135	L	P	p.Leu135Pro	6.195832930604193e-07	1	1613988	not_in_clinvar
15-48600178-G-C	135	L	V	p.Leu135Val	6.197676119362284e-07	1	1613508	
15-48600187-C-T	132	D	N	p.Asp132Asn	8.675359376762182e-06	14	1613766	
15-48600189-T-C	131	D	G	p.Asp131Gly	1.239192690745833e-06	2	1613954	vus
15-48600190-C-T	131	D	N	p.Asp131Asn	6.19587899696154e-07	1	1613976	vus
15-48600192-C-T	130	S	N	p.Ser130Asn	6.195802220079852e-07	1	1613996	not_in_clinvar
15-48600193-T-C	130	S	G	p.Ser130Gly	6.195295540378459e-07	1	1614128	not_in_clinvar
15-48600197-G-T	128	S	R	p.Ser128Arg	6.196239873794987e-07	1	1613882	
15-48600205-C-G	126	G	R	p.Gly126Arg	6.196792787924681e-07	1	1613738	not_in_clinvar
15-48600207-T-C	125	N	S	p.Asn125Ser	6.196201480644306e-07	1	1613892	
15-48600207-T-G	125	N	T	p.Asn125Thr	6.196201480644306e-07	1	1613892	not_in_clinvar
15-48600211-T-A	124	M	L	p.Met124Leu	6.196232195126788e-07	1	1613884	not_in_clinvar
15-48600211-T-C	124	M	V	p.Met124Val	3.718011161469507e-06	6	1613766	vus
15-48600216-C-A	122	R	L	p.Arg122Leu	1.2396304909432597e-06	2	1613384	
15-48600216-C-T	122	R	H	p.Arg122His	1.9215654187648922e-05	31	1613268	vus
15-48600217-G-C	122	R	G	p.Arg122Gly	6.199343613498203e-07	1	1613074	not_in_clinvar
15-48600222-T-C	120	N	S	p.Asn120Ser	9.296560272699102e-06	15	1613500	
15-48600222-T-A	120	N	I	p.Asn120Ile	1.2395413696932134e-06	2	1613500	
15-48600223-T-C	120	N	D	p.Asn120Asp	1.2395137139797315e-06	2	1613536	
15-48600228-T-C	118	H	R	p.His118Arg	1.4257783199868084e-05	23	1613154	
15-48600230-T-A	117	Q	H	p.Gln117His	6.8192103354431555e-06	11	1613090	vus
15-48600231-T-C	117	Q	R	p.Gln117Arg	3.7203349789615054e-05	60	1612758	vus
15-48610728-T-C	116	I	V	p.Ile116Val	3.105177324256279e-06	5	1610214	not_in_clinvar
15-48610733-C-A	114	R	I	p.Arg114Ile	6.202881362450485e-07	1	1612154	
15-48610733-C-G	114	R	T	p.Arg114Thr	1.240576272490097e-06	2	1612154	vus
15-48610736-G-A	113	S	F	p.Ser113Phe	1.8607259063906012e-06	3	1612274	not_in_clinvar
15-48610740-C-G	112	G	R	p.Gly112Arg	6.199528091921643e-07	1	1613026	not_in_clinvar
15-48610755-T-A	107	I	L	p.Ile107Leu	1.2390990263159852e-06	2	1614076	vus
15-48610758-G-T	106	Q	K	p.Gln106Lys	6.19560260909217e-07	1	1614048	not_in_clinvar
15-48610772-G-A	101	T	I	p.Thr101Ile	3.7173799905826374e-06	6	1614040	vus
15-48610777-C-T	99	M	I	p.Met99Ile	1.85874527259119e-06	3	1613992	vus
15-48610779-T-C	99	M	V	p.Met99Val	1.239026868297639e-06	2	1614170	vus
15-48610781-T-C	98	N	S	p.Asn98Ser	1.8586001766909234e-06	3	1614118	
15-48610787-C-G	96	R	T	p.Arg96Thr	6.195878996961541e-06	10	1613976	
15-48610790-G-A	95	S	L	p.Ser95Leu	1.6727961220868564e-05	27	1614064	vus
15-48610805-C-G	90	G	A	p.Gly90Ala	6.195664026487703e-07	1	1614032	
15-48610813-A-C	87	H	Q	p.His87Gln	6.196093982353524e-07	1	1613920	not_in_clinvar
15-48610815-G-T	87	H	N	p.His87Asn	3.09831575555528e-06	5	1613780	not_in_clinvar
15-48610817-C-T	86	R	Q	p.Arg86Gln	2.4785973122090747e-06	4	1613816	vus
15-48610818-G-A	86	R	W	p.Arg86Trp	6.8166410319650885e-06	11	1613698	
15-48610824-T-C	84	I	V	p.Ile84Val	2.4792210287527658e-06	4	1613410	
15-48610826-G-T	83	P	H	p.Pro83His	6.198905521241169e-07	1	1613188	not_in_clinvar
15-48613010-G-A	83	P	S	p.Pro83Ser	1.2426435501829172e-06	2	1609472	
15-48613010-G-T	83	P	T	p.Pro83Thr	0.0	0	1609472	not_in_clinvar
15-48613013-C-T	82	V	I	p.Val82Ile	1.8624054829217418e-06	3	1610820	vus
15-48613013-C-A	82	V	F	p.Val82Phe	6.207563543724216e-07	1	1610938	not_in_clinvar
15-48613021-T-A	79	Q	L	p.Gln79Leu	6.200912030141393e-07	1	1612666	not_in_clinvar
15-48613025-T-A	78	N	Y	p.Asn78Tyr	3.099483502069215e-06	5	1613172	not_in_clinvar
15-48613031-C-G	76	G	R	p.Gly76Arg	6.198052571881914e-07	1	1613410	not_in_clinvar
15-48613034-G-A	75	P	S	p.Pro75Ser	4.3385615065468895e-06	7	1613438	
15-48613051-G-C	69	P	R	p.Pro69Arg	6.197660754924662e-07	1	1613512	
15-48613052-G-A	69	P	S	p.Pro69Ser	6.197822085319219e-07	1	1613470	not_in_clinvar
15-48613060-T-A	66	Y	F	p.Tyr66Phe	1.8593074451628257e-06	3	1613504	
15-48613072-C-T	62	R	H	p.Arg62His	4.4634056529032594e-05	72	1613118	
15-48613072-C-G	62	R	P	p.Arg62Pro	3.7192280370286342e-06	6	1613238	not_in_clinvar
15-48613076-A-G	61	S	P	p.Ser61Pro	3.099579573026715e-06	5	1613122	vus
15-48613078-C-G	60	G	A	p.Gly60Ala	6.199789455150103e-07	1	1612958	not_in_clinvar
15-48613081-C-G	59	C	S	p.Cys59Ser	6.200565987663354e-07	1	1612756	not_in_clinvar
15-48613085-C-T	58	V	I	p.Val58Ile	1.2404131568142717e-06	2	1612366	not_in_clinvar
15-48613087-T-C	57	N	S	p.Asn57Ser	1.8608343981441278e-06	3	1612180	vus
15-48613088-T-G	57	N	H	p.Asn57His	1.8611137649214795e-06	3	1611938	
15-48613090-G-A	56	P	L	p.Pro56Leu	1.241854983626142e-06	2	1610494	
15-48644607-C-G	55	G	R	p.Gly55Arg	6.195172721415473e-07	1	1614160	
15-48644613-G-T	53	L	I	p.Leu53Ile	6.195241806482949e-07	1	1614142	not_in_clinvar
15-48644615-G-A	52	A	V	p.Ala52Val	8.054542886103808e-06	13	1613996	vus
15-48644616-C-A	52	A	S	p.Ala52Ser	6.195095962036452e-07	1	1614180	not_in_clinvar
15-48644616-C-T	52	A	T	p.Ala52Thr	1.2390191924072904e-06	2	1614180	
15-48644617-G-C	51	D	E	p.Asp51Glu	6.195326245880108e-07	1	1614120	vus
15-48644617-G-T	51	D	E	p.Asp51Glu	1.2390652491760217e-06	2	1614120	vus
15-48644619-C-G	51	D	H	p.Asp51His	6.195065258817436e-07	1	1614188	not_in_clinvar
15-48644619-C-T	51	D	N	p.Asp51Asn	6.195065258817436e-07	1	1614188	vus
15-48644621-T-A	50	H	L	p.His50Leu	1.239095955590801e-06	2	1614080	
15-48644624-C-G	49	G	A	p.Gly49Ala	3.7181632273656814e-06	6	1613700	vus
15-48644624-C-T	49	G	E	p.Gly49Glu	1.2394768416146913e-06	2	1613584	
15-48644625-C-T	49	G	R	p.Gly49Arg	6.196570074532345e-07	1	1613796	not_in_clinvar
15-48644630-C-T	47	G	D	p.Gly47Asp	6.196155409491519e-07	1	1613904	vus
15-48644631-C-T	47	G	S	p.Gly47Ser	2.1067842169640743e-05	34	1613834	
15-48644634-C-G	46	G	R	p.Gly46Arg	0.0	0	1613962	not_in_clinvar
15-48644634-C-T	46	G	S	p.Gly46Ser	2.478185769761673e-06	4	1614084	
15-48644636-C-G	45	R	T	p.Arg45Thr	0.0	0	1613826	not_in_clinvar
15-48644636-C-A	45	R	I	p.Arg45Ile	6.196001843930149e-07	1	1613944	not_in_clinvar
15-48644637-T-C	45	R	G	p.Arg45Gly	3.097997082925947e-06	5	1613946	vus
15-48644639-C-T	44	R	K	p.Arg44Lys	3.0979510151985476e-06	5	1613970	vus
15-48644640-T-C	44	R	G	p.Arg44Gly	6.196485601226409e-07	1	1613818	not_in_clinvar
15-48644641-C-G	43	K	N	p.Lys43Asn	0.0	0	1613932	not_in_clinvar
15-48644641-C-A	43	K	N	p.Lys43Asn	1.2391235926653797e-06	2	1614044	not_in_clinvar
15-48644642-T-G	43	K	T	p.Lys43Thr	6.195756154864164e-07	1	1614008	vus
15-48644642-T-C	43	K	R	p.Lys43Arg	6.195756154864164e-07	1	1614008	not_in_clinvar
15-48644643-T-C	43	K	E	p.Lys43Glu	1.2391573729863693e-06	2	1614000	
15-48644646-C-G	42	A	P	p.Ala42Pro	4.461602334905222e-05	72	1613770	
15-48644646-C-A	42	A	S	p.Ala42Ser	0.0	0	1613766	not_in_clinvar
15-48644648-C-A	41	R	L	p.Arg41Leu	0.0	0	1613576	not_in_clinvar
15-48644649-G-C	41	R	G	p.Arg41Gly	9.914979054606747e-06	16	1613720	vus
15-48644649-G-A	41	R	W	p.Arg41Trp	6.196861909129217e-07	1	1613720	not_in_clinvar
15-48644651-C-G	40	S	T	p.Ser40Thr	2.4786218862312555e-06	4	1613800	not_in_clinvar
15-48644666-T-C	35	K	R	p.Lys35Arg	1.2392034400287495e-06	2	1613940	not_in_clinvar
15-48644670-C-T	34	V	M	p.Val34Met	1.238986954706354e-06	2	1614222	
15-48644670-C-G	34	V	L	p.Val34Leu	1.238986954706354e-06	2	1614222	
15-48644671-G-C	33	N	K	p.Asn33Lys	1.2394215371801673e-06	2	1613656	not_in_clinvar
15-48644671-G-T	33	N	K	p.Asn33Lys	6.197107685900837e-07	1	1613656	not_in_clinvar
15-48644672-T-C	33	N	S	p.Asn33Ser	6.195395334371682e-07	1	1614102	
15-48644673-T-C	33	N	D	p.Asn33Asp	6.195095962036452e-07	1	1614180	
15-48644678-G-A	31	A	V	p.Ala31Val	6.196186123517253e-07	1	1613896	not_in_clinvar
15-48644679-C-T	31	A	T	p.Ala31Thr	3.0980124391395454e-06	5	1613938	
15-48644680-C-A	30	E	D	p.Glu30Asp	6.195003853292397e-07	1	1614204	
15-48644685-A-C	29	L	V	p.Leu29Val	6.195264835181174e-07	1	1614136	
15-48644687-T-C	28	N	S	p.Asn28Ser	8.54981506378286e-05	138	1614070	
15-48644691-C-T	27	A	T	p.Ala27Thr	0.00016788647652748816	271	1614186	benign
15-48644694-C-A	26	D	Y	p.Asp26Tyr	6.195026880221633e-07	1	1614198	not_in_clinvar
15-48644694-C-G	26	D	H	p.Asp26His	2.292324677432745e-05	37	1614082	
15-48644697-C-T	25	A	T	p.Ala25Thr	6.195042231602893e-07	1	1614194	not_in_clinvar
15-48644699-C-T	24	G	E	p.Gly24Glu	6.8145464547631825e-06	11	1614194	not_in_clinvar
15-48644699-C-G	24	G	A	p.Gly24Ala	1.2390084463205785e-06	2	1614194	
15-48644702-T-A	23	H	L	p.His23Leu	6.195149693402042e-07	1	1614166	not_in_clinvar
15-48644708-G-A	21	T	M	p.Thr21Met	7.435054796353849e-06	12	1613976	
15-48644709-T-C	21	T	A	p.Thr21Ala	4.956445237475682e-06	8	1614060	
15-48644711-T-C	20	Y	C	p.Tyr20Cys	0.00024719872423154655	399	1614086	vus
15-48644714-G-A	19	S	F	p.Ser19Phe	1.2390683197490144e-06	2	1614116	
15-48644717-G-A	18	A	V	p.Ala18Val	1.2392510462376959e-06	2	1613878	
15-48644717-G-C	18	A	G	p.Ala18Gly	6.195802220079852e-07	1	1613996	not_in_clinvar
15-48644724-G-A	16	L	F	p.Leu16Phe	3.7178498930498515e-06	6	1613836	vus
15-48644727-C-G	15	V	L	p.Val15Leu	6.196032556433464e-07	1	1613936	
15-48644729-G-A	14	T	I	p.Thr14Ile	6.19665455014147e-07	1	1613774	
15-48644732-A-C	13	F	C	p.Phe13Cys	6.8165903415111764e-06	11	1613710	
15-48644739-G-C	11	L	V	p.Leu11Val	6.8171817770533665e-06	11	1613570	vus
15-48644739-G-T	11	L	M	p.Leu11Met	6.197445660796447e-07	1	1613568	not_in_clinvar
15-48644741-G-A	10	A	V	p.Ala10Val	2.479608321069604e-06	4	1613158	not_in_clinvar
15-48644742-C-T	10	A	T	p.Ala10Thr	6.198582756038659e-07	1	1613272	not_in_clinvar
15-48644750-A-G	7	L	P	p.Leu7Pro	6.201235037970162e-07	1	1612582	not_in_clinvar
15-48644753-A-G	6	L	P	p.Leu6Pro	6.203189183623084e-07	1	1612074	not_in_clinvar
15-48644756-C-T	5	R	H	p.Arg5His	6.205984058068152e-07	1	1611348	not_in_clinvar
15-48644757-G-C	5	R	G	p.Arg5Gly	1.2414803411587978e-06	2	1610980	not_in_clinvar
15-48644757-G-A	5	R	C	p.Arg5Cys	1.117332307042918e-05	18	1610980	
15-48644759-C-G	4	G	A	p.Gly4Ala	6.206392335850233e-07	1	1611242	not_in_clinvar
15-48644759-C-T	4	G	E	p.Gly4Glu	6.206392335850233e-07	1	1611242	
15-48644762-C-T	3	R	Q	p.Arg3Gln	6.208727484049779e-07	1	1610636	
15-48644762-C-G	3	R	P	p.Arg3Pro	6.830083662315696e-06	11	1610522	
15-48644765-C-G	2	R	P	p.Arg2Pro	6.215109926649273e-07	1	1608982	not_in_clinvar
15-48644765-C-A	2	R	L	p.Arg2Leu	6.215109926649273e-07	1	1608982	not_in_clinvar
15-48644766-G-T	2	R	S	p.Arg2Ser	0.0	0	1608908	not_in_clinvar
15-48644766-G-A	2	R	C	p.Arg2Cys	6.215395783972732e-07	1	1608908	not_in_clinvar
