variation_id	position	wt_aa	mut_aa	set_primary	set_sensitivity	cbegf_index	site_label	is_ca_consensus	cys_role	cys_removing	is_critical_residue	structural_coverage	template_pdb	template_file	residue	sasa_abs_A2	rsa_pct	buried	secondary_structure	dist_to_nearest_ca_A	is_direct_ca_ligand	disulfide_partner	ss_bond_dist_A
16421	1137	R	P			13		False		False	False	True	1LMJ	EXP_1LMJ_cbEGF12-13.pdb	R	137.1	50.0	False	E	7.66	False		
16422	2307	C	S		pathogenic	36		False	C3	True	True	False											
16425	1249	C	S		pathogenic	16		False	C2	True	True	False											
16426	1663	C	R		pathogenic	24		False	C3	True	True	False											
16427	2221	C	S		pathogenic	34		False	C3	True	True	False											
16428	1117	C	Y		pathogenic	13		False	C1	True	True	True	1LMJ	EXP_1LMJ_cbEGF12-13.pdb	C	47.2	28.3	False	H	6.54	False	1129	2.03
16429	1242	C	Y	pathogenic	pathogenic	16		False	C1	True	True	False											
16431	2144	N	S	pathogenic	pathogenic	32	ca_DN_bOH	True		False	True	True	1EMN	EXP_1EMN_cbEGF32-33.pdb	N	71.1	36.5	False	-	2.56	True		
16432	548	N	I	pathogenic	pathogenic	4	ca_DN_bOH	True		False	True	False											
16433	723	D	A	pathogenic	pathogenic	7	ca_D1	True		False	True	False											
16437	2447	E	K	pathogenic	pathogenic	38	ca_EH	True		False	True	False											
16438	1074	C	R			12		False	C1	True	True	True	1LMJ	EXP_1LMJ_cbEGF12-13.pdb	C	38.8	23.2	False	T	6.67	False	1086	2.03
16440	122	R	C	pathogenic	pathogenic			False		False	True	False											
16443	1127	G	S		conflicting	13		False		False	True	True	1LMJ	EXP_1LMJ_cbEGF12-13.pdb	G	27.3	26.2	False	S	15.57	False		
16444	1223	C	Y		pathogenic	15		False	C5	True	True	False											
16445	2726	R	W	benign	benign			False		False	False	False											
16446	1043	K	R		conflicting	11		False		False	False	False											
16447	1131	N	Y			13	ca_DN_bOH	True		False	True	True	1LMJ	EXP_1LMJ_cbEGF12-13.pdb	N	50.6	25.9	False	E	2.45	True		
16450	1265	C	R			16		False	C5	True	True	False											
16451	1170	R	H	benign	benign	14		False		False	False	False											
16453	985	G	E		pathogenic			False		False	False	False											
16455	1013	G	R					False		False	False	False											
16457	1073	E	K	pathogenic	pathogenic	12	ca_EH	True		False	True	True	1LMJ	EXP_1LMJ_cbEGF12-13.pdb	E	20.2	9.0	True	T	2.45	True		
16460	754	Y	C	pathogenic	pathogenic	7		False		False	True	False											
16461	240	R	C	pathogenic	pathogenic			False		False	True	False											
16462	1032	C	Y		pathogenic	11		False	C1	True	True	False											
16463	1129	C	Y		pathogenic	13		False	C3	True	True	True	1LMJ	EXP_1LMJ_cbEGF12-13.pdb	C	33.2	19.9	True	E	7.73	False	1117	2.03
16464	1221	C	Y			15		False	C4	True	True	False											
16465	1086	C	Y			12		False	C3	True	True	True	1LMJ	EXP_1LMJ_cbEGF12-13.pdb	C	16.5	9.9	True	E	9.29	False	1074	2.03
16466	485	R	C	pathogenic	pathogenic			False		False	True	False											
16469	1570	W	C					False		False	True	True	1UZJ	EXP_1UZJ_cbEGF22-TB4-cbEGF23.pdb	W	5.8	2.0	True	E	16.29	False		
16470	1570	W	C					False		False	True	True	1UZJ	EXP_1UZJ_cbEGF22-TB4-cbEGF23.pdb	W	5.8	2.0	True	E	16.29	False		
16471	1564	C	S					False		True	True	True	1UZJ	EXP_1UZJ_cbEGF22-TB4-cbEGF23.pdb	C	0.1	0.1	True	T	8.78	False	1589	2.03
16472	1577	C	G		pathogenic			False		True	True	True	1UZJ	EXP_1UZJ_cbEGF22-TB4-cbEGF23.pdb	C	18.7	11.2	True	P	15.96	False	1563	2.04
29696	1699	Y	C	pathogenic	pathogenic			False		False	True	False											
29697	1762	G	S	pathogenic	pathogenic			False		False	False	False											
29698	1728	A	T					False		False	False	False											
29699	1696	Y	C	pathogenic	pathogenic			False		False	True	False											
29700	1750	S	R		pathogenic			False		False	False	False											
29701	1700	Y	C	pathogenic	pathogenic			False		False	True	False											
36034	545	R	H	vus	vus	4		False		False	False	False											
36042	650	R	C	pathogenic	pathogenic	6		False		False	True	False											
36043	685	C	W	pathogenic	pathogenic			False		True	True	False											
36045	686	A	D		conflicting			False		False	False	False											
36047	790	C	S	pathogenic	pathogenic	8		False	C4	True	True	False											
36051	827	S	P	vus	vus	9	ca_backbone_3	False		False	False	True	2W86	EXP_2W86_cbEGF9-hyb2-cbEGF10.pdb	S	56.6	36.5	False	E	2.58	True		
36052	836	S	R	vus	vus	9		False		False	False	True	2W86	EXP_2W86_cbEGF9-hyb2-cbEGF10.pdb	S	11.6	7.5	True	E	21.53	False		
36053	848	T	P		conflicting			False		False	False	True	2W86	EXP_2W86_cbEGF9-hyb2-cbEGF10.pdb	T	79.9	46.4	False	-	21.08	False		
36055	89	C	S		pathogenic			False		True	True	False											
36056	893	D	H		pathogenic			False		False	False	True	2W86	EXP_2W86_cbEGF9-hyb2-cbEGF10.pdb	D	18.1	9.4	True	-	13.74	False		
36060	986	A	T	benign	benign			False		False	False	False											
36061	1009	P	R		conflicting			False		False	False	False											
36065	1148	P	A	benign	benign	13		False		False	False	True	1LMJ	EXP_1LMJ_cbEGF12-13.pdb	P	105.9	66.6	False	S	11.7	False		
36067	1187	H	R		conflicting	14		False		False	False	False											
36073	1389	C	G		pathogenic	19		False	C4	True	True	False											
36074	1481	S	G	benign	benign	21		False		False	False	False											
36076	1489	N	K	pathogenic	pathogenic	22	ca_DN2	True		False	True	True	1UZJ	EXP_1UZJ_cbEGF22-TB4-cbEGF23.pdb	N	55.1	28.3	False	-	4.42	False		
36077	152	S	C		conflicting			False		False	True	False											
36078	1530	R	C	pathogenic	pathogenic			False		False	True	True	1UZJ	EXP_1UZJ_cbEGF22-TB4-cbEGF23.pdb	R	88.8	32.4	False	-	18.16	False		
36079	1562	C	S		pathogenic			False		True	True	True	1UZJ	EXP_1UZJ_cbEGF22-TB4-cbEGF23.pdb	C	0.0	0.0	True	H	10.96	False	1534	2.04
36083	162	A	T	vus	vus			False		False	False	False											
36090	1851	N	S		conflicting	27	ca_DN2	True		False	False	False											
36091	186	C	R		pathogenic			False		True	True	False											
36092	1891	D	H	pathogenic	pathogenic	28	ca_D1	True		False	True	False											
36094	19	S	F		conflicting			False		False	False	False											
36097	2025	A	S	benign	benign	31		False		False	False	False											
36100	2129	D	Y		pathogenic	32	ca_DN2	True		False	True	True	1EMN	EXP_1EMN_cbEGF32-33.pdb	D	52.3	27.1	False	-	4.02	False		
36101	217	W	G		pathogenic			False		False	False	False											
36104	2234	V	M	benign	benign	34		False		False	False	False											
36107	2269	I	T	pathogenic	pathogenic	35		False		False	False	False											
36108	2278	P	S	benign	benign	35		False		False	False	False											
36109	2324	A	T		conflicting	36		False		False	False	False											
36111	2358	V	I		conflicting			False		False	False	False											
36112	2410	H	P		pathogenic	37		False		False	False	False											
36115	2471	P	R		conflicting	38		False		False	False	False											
36116	2556	F	V		conflicting	40		False		False	False	False											
36118	2576	R	C	pathogenic	pathogenic	41		False		False	True	False											
36122	2627	G	R	pathogenic	pathogenic	42		False		False	True	False											
36123	2633	C	S		pathogenic	42		False	C5	True	True	False											
36124	2667	E	K		conflicting	43		False		False	False	False											
36126	2740	N	S		conflicting			False		False	False	False											
36129	2771	V	I		conflicting			False		False	False	False											
36130	28	N	S		conflicting			False		False	False	False											
36133	329	I	T	benign	benign	2		False		False	False	False											
39667	974	R	C	pathogenic	pathogenic			False		False	True	False											
42288	534	C	Y	pathogenic	pathogenic	4		False	C1	True	True	False											
42291	559	A	V	vus	vus	4		False		False	False	False											
42293	615	N	S	vus	vus	6	ca_DN2	True		False	False	False											
42294	616	E	K		conflicting	6	ca_EH	True		False	True	False											
42295	62	R	C	pathogenic	pathogenic			False		False	True	False											
42296	62	R	H		conflicting			False		False	False	False											
42299	730	D	N	vus	vus	7		False		False	False	False											
42300	748	C	R	pathogenic	pathogenic	7		False	C4	True	True	False											
42301	781	C	R	pathogenic	pathogenic	8		False	C3	True	True	False											
42302	80	C	Y	pathogenic	pathogenic			False		True	True	False											
42305	816	C	S		pathogenic	9		False	C2	True	True	True	2W86	EXP_2W86_cbEGF9-hyb2-cbEGF10.pdb	C	11.6	7.0	True	S	10.98	False	830	2.02
42306	816	C	W		pathogenic	9		False	C2	True	True	True	2W86	EXP_2W86_cbEGF9-hyb2-cbEGF10.pdb	C	11.6	7.0	True	S	10.98	False	830	2.02
42309	830	C	G		pathogenic	9		False	C4	True	True	True	2W86	EXP_2W86_cbEGF9-hyb2-cbEGF10.pdb	C	5.0	3.0	True	E	10.64	False	816	2.02
42310	830	C	S	pathogenic	pathogenic	9		False	C4	True	True	True	2W86	EXP_2W86_cbEGF9-hyb2-cbEGF10.pdb	C	5.0	3.0	True	E	10.64	False	816	2.02
42311	832	C	Y	pathogenic	pathogenic	9		False	C5	True	True	True	2W86	EXP_2W86_cbEGF9-hyb2-cbEGF10.pdb	C	38.7	23.2	False	-	16.99	False	845	2.03
42312	832	C	W	pathogenic	pathogenic	9		False	C5	True	True	True	2W86	EXP_2W86_cbEGF9-hyb2-cbEGF10.pdb	C	38.7	23.2	False	-	16.99	False	845	2.03
42313	840	P	L		vus	9		False		False	False	True	2W86	EXP_2W86_cbEGF9-hyb2-cbEGF10.pdb	P	128.0	80.5	False	T	17.56	False		
42321	976	R	H		conflicting			False		False	False	False											
42322	100	C	F		pathogenic			False		True	True	False											
42325	1020	T	A	benign	benign			False		False	False	False											
42327	1055	C	Y	pathogenic	pathogenic	11		False	C5	True	True	False											
42332	1131	N	S		pathogenic	13	ca_DN_bOH	True		False	True	True	1LMJ	EXP_1LMJ_cbEGF12-13.pdb	N	50.6	25.9	False	E	2.45	True		
42333	1138	C	F	pathogenic	pathogenic	13		False	C4	True	True	True	1LMJ	EXP_1LMJ_cbEGF12-13.pdb	C	21.0	12.6	True	E	10.87	False	1124	2.03
42334	1141	P	L	benign	benign	13		False		False	False	True	1LMJ	EXP_1LMJ_cbEGF12-13.pdb	P	87.5	55.0	False	-	18.58	False		
42338	1172	V	M		conflicting	14		False		False	False	False											
42339	1197	D	N	pathogenic	pathogenic	15	ca_D1	True		False	True	False											
42340	123	C	Y	pathogenic	pathogenic			False		True	True	False											
42341	1258	P	S	vus	vus	16		False		False	False	False											
42343	1283	E	A		conflicting	17	ca_EH	True		False	True	False											
42344	1296	C	R	pathogenic	pathogenic	17		False	C3	True	True	False											
42345	1334	G	D		conflicting	18		False		False	True	False											
42346	1339	C	S	pathogenic	pathogenic	18		False	C3	True	True	False											
42347	1350	C	S		pathogenic	18		False	C5	True	True	False											
42348	1369	N	S		conflicting	19		False		False	False	False											
42349	139	G	R		vus			False		False	False	False											
42350	1387	Y	C		pathogenic	19	ca_YF	True		False	True	False											
42351	1408	C	R	pathogenic	pathogenic	20		False	C1	True	True	False											
42354	1420	C	Y	pathogenic	pathogenic	20		False	C3	True	True	False											
42355	1424	P	A		conflicting	20		False		False	False	False											
42356	1436	V	M	benign	benign	20		False		False	False	False											
42357	1456	C	Y	pathogenic	pathogenic	21		False	C2	True	True	False											
42358	1446	D	V		conflicting	21	ca_D1	True		False	True	False											
42359	1455	I	S	vus	vus	21		False		False	False	False											
42360	1456	C	S	pathogenic	pathogenic	21		False	C2	True	True	False											
42361	1469	R	P		pathogenic	21		False		False	False	False											
42363	1502	C	Y	pathogenic	pathogenic	22		False	C3	True	True	True	1UZJ	EXP_1UZJ_cbEGF22-TB4-cbEGF23.pdb	C	33.9	20.3	False	E	7.65	False	1491	2.05
42364	1511	C	R	pathogenic	pathogenic	22		False	C4	True	True	True	1UZJ	EXP_1UZJ_cbEGF22-TB4-cbEGF23.pdb	C	13.2	7.9	True	E	10.73	False	1497	2.03
42367	1547	T	I	benign	benign			False		False	False	True	1UZJ	EXP_1UZJ_cbEGF22-TB4-cbEGF23.pdb	T	119.9	69.7	False	-	28.27	False		
42370	1584	E	K	benign	benign			False		False	False	True	1UZJ	EXP_1UZJ_cbEGF22-TB4-cbEGF23.pdb	E	99.9	44.8	False	H	19.35	False		
42371	1594	G	D	pathogenic	pathogenic			False		False	False	True	1UZJ	EXP_1UZJ_cbEGF22-TB4-cbEGF23.pdb	G	2.2	2.1	True	T	4.83	False		
42372	1646	C	Y	pathogenic	pathogenic	23		False	C6	True	True	True	1UZJ	EXP_1UZJ_cbEGF22-TB4-cbEGF23.pdb	C	13.6	8.1	True	E	17.65	False	1633	2.04
42375	1648	D	N	pathogenic	pathogenic	24	ca_D1	True		False	True	False											
42376	1652	C	Y	pathogenic	pathogenic	24		False	C1	True	True	False											
42377	166	C	S		pathogenic			False		True	True	False											
42380	177	C	R		pathogenic			False		True	True	False											
42385	1835	C	Y	pathogenic	pathogenic	26		False	C5	True	True	False											
42386	1838	G	C	pathogenic	pathogenic	26		False		False	True	False											
42387	1907	N	D	pathogenic	pathogenic	28	ca_DN_bOH	True		False	True	False											
42388	1863	G	E	pathogenic	pathogenic	27		False		False	True	False											
42390	1907	N	K		pathogenic	28	ca_DN_bOH	True		False	True	False											
42391	1916	C	Y	pathogenic	pathogenic	28		False	C5	True	True	False											
42395	1947	C	Y	pathogenic	pathogenic	29		False	C3	True	True	False											
42397	2040	C	Y	pathogenic	pathogenic	31		False	C5	True	True	False											
42402	2149	Y	C	pathogenic	pathogenic	32	ca_YF	True		False	True	True	1EMN	EXP_1EMN_cbEGF32-33.pdb	Y	78.4	29.8	False	-	5.85	False		
42405	2210	C	W		pathogenic	34		False	C1	True	True	False											
42406	2219	F	S		vus	34		False		False	False	False											
42409	2249	D	G	vus	vus	35	ca_DN2	True		False	True	False											
42414	2307	C	Y		pathogenic	36		False	C3	True	True	False											
42415	233	R	C		conflicting			False		False	True	False											
42416	2331	C	Y		conflicting	36		False	C6	True	True	False											
42418	2361	S	L	vus	vus			False		False	False	False											
42419	2365	C	Y		pathogenic			False		True	True	False											
42421	2390	C	R	pathogenic	pathogenic			False		True	True	False											
42423	2395	G	V	vus	vus			False		False	False	False											
42425	2449	N	S	benign	benign	38		False		False	False	False											
42428	2527	E	A		pathogenic	40	ca_EH	True		False	True	False											
42429	2536	G	R	pathogenic	pathogenic	40		False		False	True	False											
42430	2547	S	I		vus	40	ca_backbone_3	False		False	False	False											
42432	2595	G	V		conflicting	41		False		False	False	False											
42434	2618	G	R		conflicting	42		False		False	True	False											
42436	2631	C	Y	pathogenic	pathogenic	42		False	C4	True	True	False											
42438	2652	C	Y	pathogenic	pathogenic	43		False	C1	True	True	False											
42439	2691	G	S		conflicting			False		False	False	False											
42440	2740	N	D	vus	vus			False		False	False	False											
42443	2793	Y	C	pathogenic	pathogenic			False		False	True	False											
42446	2867	Q	P		pathogenic			False		False	False	False											
126960	129	C	G					False		True	True	False											
155790	464	R	G					False		False	False	False											
155791	499	C	Y	pathogenic	pathogenic	3		False	C2	True	True	False											
155792	1438	S	N		conflicting	20		False		False	False	False											
155793	1469	R	C	vus	vus	21		False		False	True	False											
155794	1928	C	F		pathogenic	28		False	C6	True	True	False											
161236	2832	S	G		conflicting			False		False	False	False											
161240	2694	R	Q		conflicting			False		False	False	False											
161237	2616	I	V		conflicting	42		False		False	False	False											
161238	2568	V	M	vus	vus	41	ca_backbone_1	False		False	False	False											
161241	2554	R	W		conflicting	40		False		False	False	False											
161239	2460	K	R	vus	vus	38		False		False	False	False											
161234	2414	R	Q		conflicting	37		False		False	False	False											
161235	1266	Y	F		conflicting	16		False		False	False	False											
161242	686	A	T		conflicting			False		False	False	False											
161243	449	V	I		conflicting			False		False	False	False											
161244	343	G	R		conflicting			False		False	False	False											
161245	20	Y	C	vus	vus			False		False	True	False											
163462	2585	I	T	pathogenic	pathogenic	41		False		False	False	False											
179532	2230	C	W		vus	34		False	C4	True	True	False											
180039	2118	I	M	pathogenic	pathogenic			False		False	False	False											
177648	1013	G	R	pathogenic	pathogenic			False		False	False	False											
163480	627	R	C	pathogenic	pathogenic	6		False		False	True	False											
177856	346	S	P	vus	vus			False		False	False	False											
163486	27	A	T	benign	benign			False		False	False	False											
178034	2514	G	R	pathogenic	pathogenic	39		False		False	False	False											
163467	2170	C	Y	pathogenic	pathogenic	33		False	C1	True	True	True	1EMN	EXP_1EMN_cbEGF32-33.pdb	C	29.6	17.7	True	G	5.56	False	2181	2.02
179119	1987	G	R		conflicting	30		False		False	True	False											
179244	1197	D	H		pathogenic	15	ca_D1	True		False	True	False											
179765	981	C	S	pathogenic	pathogenic			False		True	True	False											
180357	1954	F	C	pathogenic	pathogenic	29	ca_YF	True		False	True	False											
180355	1509	Y	C	pathogenic	pathogenic	22	ca_YF	True		False	True	True	1UZJ	EXP_1UZJ_cbEGF22-TB4-cbEGF23.pdb	Y	61.8	23.5	False	E	4.66	False		
180354	1485	C	R		pathogenic	21		False	C6	True	True	False											
180353	1044	C	Y		pathogenic	11		False	C3	True	True	False											
180352	545	R	C	pathogenic	pathogenic	4		False		False	True	False											
180349	1	M	V	pathogenic	pathogenic			False		False	False	False											
190266	516	R	Q		conflicting	3		False		False	False	False											
195848	977	M	R		conflicting			False		False	False	False											
198345	2655	A	V	benign	benign	43		False		False	False	False											
200137	2860	D	G	vus	vus			False		False	False	False											
200136	2851	K	E		conflicting			False		False	False	False											
200135	2827	Y	S	vus	vus			False		False	False	False											
200134	2826	T	S	vus	vus			False		False	False	False											
200133	2821	K	Q	vus	vus			False		False	False	False											
200132	2817	F	V		conflicting			False		False	False	False											
200131	2804	F	L		vus			False		False	False	False											
200130	2802	G	D	vus	vus			False		False	False	False											
200202	2733	T	R		conflicting			False		False	False	False											
199954	2729	K	Q	benign	benign			False		False	False	False											
200128	2703	G	V	vus	vus			False		False	False	False											
200127	2680	R	C	pathogenic	pathogenic	43		False		False	True	False											
200201	2670	Y	C		pathogenic	43	ca_YF	True		False	True	False											
200125	2669	G	C	pathogenic	pathogenic	43	ca_backbone_3	False		False	True	False											
200124	2665	N	S	vus	vus	43	ca_DN_bOH	True		False	True	False											
200123	2639	Y	C	pathogenic	pathogenic	42		False		False	True	False											
200200	2626	L	Q		conflicting	42		False		False	False	False											
200199	2611	C	Y	pathogenic	pathogenic	42		False	C1	True	True	False											
200120	2592	C	Y	pathogenic	pathogenic	41		False	C5	True	True	False											
200118	2535	C	Y	pathogenic	pathogenic	40		False	C2	True	True	False											
200117	2534	L	M		pathogenic	40		False		False	False	False											
200116	2533	N	S		conflicting	40		False		False	False	False											
200198	2526	N	S	pathogenic	pathogenic	40	ca_DN2	True		False	False	False											
200115	2511	C	R	pathogenic	pathogenic	39		False	C5	True	True	False											
200114	2510	K	R		conflicting	39		False		False	False	False											
199953	2500	C	Y	pathogenic	pathogenic	39		False	C3	True	True	False											
200113	2477	Q	R	vus	vus	38		False		False	False	False											
2933381	2462	T	A	vus	vus	38	ca_backbone_2	False		False	False	False											
200110	2418	C	Y	pathogenic	pathogenic	37		False	C3	True	True	False											
200109	2416	G	R	pathogenic	pathogenic	37		False		False	True	False											
3750550	2400	G	E		vus			False		False	False	False											
200107	2378	C	R		pathogenic			False		True	True	False											
200104	2371	W	R		conflicting			False		False	False	False											
200103	2361	S	W	vus	vus			False		False	False	False											
200102	2351	G	S		conflicting			False		False	False	False											
200101	2350	I	V		conflicting			False		False	False	False											
200100	2335	R	W	pathogenic	pathogenic			False		False	False	False											
200099	2320	D	V	vus	vus	36		False		False	False	False											
200197	2311	R	H		conflicting	36		False		False	False	False											
200098	2308	L	P		vus	36		False		False	False	False											
200097	2306	R	H		conflicting	36		False		False	False	False											
200094	2291	D	N		conflicting	36	ca_D1	True		False	True	False											
200093	2251	C	Y	pathogenic	pathogenic	35		False	C1	True	True	False											
200092	2236	Y	F	vus	vus	34		False		False	False	False											
200091	2233	P	S		conflicting	34		False		False	False	False											
200196	2219	F	C		pathogenic	34		False		False	True	False											
200090	2217	C	Y	pathogenic	pathogenic	34		False	C2	True	True	False											
200089	2210	C	R	pathogenic	pathogenic	34		False	C1	True	True	False											
200195	2167	T	P		conflicting	33	ca_backbone_1	False		False	False	True	1EMN	EXP_1EMN_cbEGF32-33.pdb	T	50.2	29.2	False	-	2.46	True		
200194	2166	D	Y		pathogenic	33	ca_D1	True		False	True	True	1EMN	EXP_1EMN_cbEGF32-33.pdb	D	26.8	13.9	True	E	2.56	True		
200088	2166	D	H	vus	vus	33	ca_D1	True		False	True	True	1EMN	EXP_1EMN_cbEGF32-33.pdb	D	26.8	13.9	True	E	2.56	True		
200087	2166	D	N		conflicting	33	ca_D1	True		False	True	True	1EMN	EXP_1EMN_cbEGF32-33.pdb	D	26.8	13.9	True	E	2.56	True		
200086	2151	C	W	pathogenic	pathogenic	32		False	C4	True	True	True	1EMN	EXP_1EMN_cbEGF32-33.pdb	C	20.6	12.3	True	E	11.1	False	2137	2.02
200085	2150	R	L		conflicting	32		False		False	False	True	1EMN	EXP_1EMN_cbEGF32-33.pdb	R	164.3	60.0	False	-	8.12	False		
200084	2150	R	C	pathogenic	pathogenic	32		False		False	True	True	1EMN	EXP_1EMN_cbEGF32-33.pdb	R	164.3	60.0	False	-	8.12	False		
200192	2142	C	Y	pathogenic	pathogenic	32		False	C3	True	True	True	1EMN	EXP_1EMN_cbEGF32-33.pdb	C	37.7	22.6	False	E	9.23	False	2131	2.02
200083	2140	G	R	pathogenic	pathogenic	32		False		False	True	True	1EMN	EXP_1EMN_cbEGF32-33.pdb	G	27.7	26.6	False	S	13.64	False		
200082	2139	H	R	vus	vus	32		False		False	False	True	1EMN	EXP_1EMN_cbEGF32-33.pdb	H	139.9	62.4	False	S	12.49	False		
200081	2135	D	N	vus	vus	32		False		False	False	True	1EMN	EXP_1EMN_cbEGF32-33.pdb	D	114.6	59.4	False	T	13.76	False		
200191	2130	E	K	pathogenic	pathogenic	32	ca_EH	True		False	True	True	1EMN	EXP_1EMN_cbEGF32-33.pdb	E	16.2	7.3	True	S	2.6	True		
200080	2105	E	Q		pathogenic			False		False	False	False											
200079	2092	W	R	pathogenic	pathogenic			False		False	False	False											
200078	2084	C	F		pathogenic			False		True	True	False											
200073	2018	V	I		conflicting	31		False		False	False	False											
200190	2009	E	K		conflicting	30		False		False	False	False											
200072	1991	N	Y		vus	30	ca_DN_bOH	True		False	True	False											
200071	1973	D	G		conflicting	30	ca_D1	True		False	True	False											
200070	1942	C	F		pathogenic	29		False	C2	True	True	False											
200069	1934	C	Y	pathogenic	pathogenic	29		False	C1	True	True	False											
200068	1923	S	P		conflicting	28		False		False	False	False											
200067	1916	C	R		conflicting	28		False	C5	True	True	False											
200189	1909	I	T	pathogenic	pathogenic	28		False		False	False	False											
200066	1900	C	Y	pathogenic	pathogenic	28		False	C2	True	True	False											
200065	1838	G	D		conflicting	26		False		False	False	False											
200064	1815	G	S	vus	vus	26		False		False	False	False											
200063	1811	E	K	pathogenic	pathogenic	26	ca_EH	True		False	True	False											
200061	1733	C	G		pathogenic			False		True	True	False											
1332330	1714	M	V	vus	vus			False		False	False	False											
200058	1674	C	F		pathogenic	24		False	C5	True	True	False											
200187	1672	C	Y	pathogenic	pathogenic	24		False	C4	True	True	False											
200055	1580	V	M	vus	vus			False		False	False	True	1UZJ	EXP_1UZJ_cbEGF22-TB4-cbEGF23.pdb	V	110.1	63.3	False	T	16.0	False		
200054	1576	M	T		conflicting			False		False	False	True	1UZJ	EXP_1UZJ_cbEGF22-TB4-cbEGF23.pdb	M	122.9	54.9	False	E	20.41	False		
200053	1550	S	C	vus	vus			False		False	True	True	1UZJ	EXP_1UZJ_cbEGF22-TB4-cbEGF23.pdb	S	59.0	38.1	False	E	20.34	False		
200051	1529	T	N	vus	vus			False		False	False	True	1UZJ	EXP_1UZJ_cbEGF22-TB4-cbEGF23.pdb	T	89.6	52.1	False	-	19.45	False		
200050	1521	P	T		vus	22		False		False	False	True	1UZJ	EXP_1UZJ_cbEGF22-TB4-cbEGF23.pdb	P	97.4	61.2	False	T	17.58	False		
200049	1507	G	D	pathogenic	pathogenic	22		False		False	True	True	1UZJ	EXP_1UZJ_cbEGF22-TB4-cbEGF23.pdb	G	64.6	62.1	False	S	3.91	False		
200048	1506	P	S		vus	22		False		False	False	True	1UZJ	EXP_1UZJ_cbEGF22-TB4-cbEGF23.pdb	P	127.7	80.3	False	S	4.74	False		
200047	1498	I	V		conflicting	22		False		False	False	True	1UZJ	EXP_1UZJ_cbEGF22-TB4-cbEGF23.pdb	I	57.9	29.4	False	B	14.76	False		
200045	1483	G	R		conflicting	21		False		False	False	False											
200044	1479	D	E		conflicting	21		False		False	False	False											
200043	1448	D	G		vus	21	ca_DN2	True		False	True	False											
200042	1446	D	N	pathogenic	pathogenic	21	ca_D1	True		False	True	False											
200041	1405	L	R	vus	vus	20	ca_backbone_1	False		False	False	False											
200040	1404	D	N		conflicting	20	ca_D1	True		False	True	False											
200039	1386	S	F	vus	vus	19	ca_backbone_3	False		False	False	False											
200038	1384	M	V		conflicting	19		False		False	False	False											
200037	1382	N	K		conflicting	19	ca_DN_bOH	True		False	True	False											
200036	1366	E	K	pathogenic	pathogenic	19	ca_EH	True		False	True	False											
200035	1365	D	G		conflicting	19	ca_DN2	True		False	True	False											
200031	1325	E	D		pathogenic	18	ca_EH	True		False	True	False											
200185	1325	E	A		conflicting	18	ca_EH	True		False	True	False											
200027	1297	E	G	benign	benign	17		False		False	False	False											
200025	1280	D	N	pathogenic	pathogenic	17	ca_D1	True		False	True	False											
200024	1240	D	N		conflicting	16	ca_DN2	True		False	True	False											
200022	1238	D	N	pathogenic	pathogenic	16	ca_D1	True		False	True	False											
200184	1223	C	F		pathogenic	15		False	C5	True	True	False											
200021	1205	N	S	vus	vus	15		False		False	False	False											
200020	1199	D	G	pathogenic	pathogenic	15	ca_DN2	True		False	True	False											
200183	1169	G	V		vus	14		False		False	True	False											
200018	1159	C	S		pathogenic	14		False	C1	True	True	False											
200017	1155	D	N	pathogenic	pathogenic	14	ca_D1	True		False	True	False											
200016	1130	H	R		conflicting	13		False		False	False	True	1LMJ	EXP_1LMJ_cbEGF12-13.pdb	H	76.1	34.0	False	E	6.95	False		
200015	1115	D	G	pathogenic	pathogenic	13	ca_DN2	True		False	True	True	1LMJ	EXP_1LMJ_cbEGF12-13.pdb	D	58.9	30.5	False	-	4.6	False		
200014	1062	D	N	vus	vus	11		False		False	False	False											
200013	1058	G	V	pathogenic	pathogenic	11		False		False	False	False											
200012	1049	G	C		pathogenic	11		False		False	True	False											
199948	1026	F	S	benign	benign			False		False	False	False											
200010	1007	L	R		conflicting			False		False	False	False											
200009	1005	E	K		conflicting			False		False	False	False											
200008	985	G	R	pathogenic	pathogenic			False		False	False	False											
199947	978	D	E	benign	benign			False		False	False	False											
200007	977	M	I		vus			False		False	False	False											
200006	976	R	C		conflicting			False		False	True	False											
200005	954	R	H		conflicting			False		False	False	False											
200004	916	V	M		conflicting	10		False		False	False	True	2W86	EXP_2W86_cbEGF9-hyb2-cbEGF10.pdb	V	7.5	4.3	True	H	8.21	False		
200001	882	A	V	pathogenic	pathogenic			False		False	False	True	2W86	EXP_2W86_cbEGF9-hyb2-cbEGF10.pdb	A	0.0	0.0	True	E	17.34	False		
200000	880	G	S	pathogenic	pathogenic			False		False	False	True	2W86	EXP_2W86_cbEGF9-hyb2-cbEGF10.pdb	G	11.9	11.5	True	-	12.08	False		
199999	876	C	Y	pathogenic	pathogenic			False		True	True	True	2W86	EXP_2W86_cbEGF9-hyb2-cbEGF10.pdb	C	9.4	5.6	True	H	12.13	False	890	2.04
200182	866	I	V		conflicting			False		False	False	True	2W86	EXP_2W86_cbEGF9-hyb2-cbEGF10.pdb	I	12.3	6.2	True	E	13.31	False		
200181	861	R	Q	vus	vus			False		False	False	True	2W86	EXP_2W86_cbEGF9-hyb2-cbEGF10.pdb	R	115.2	42.1	False	E	25.33	False		
199997	812	E	K		conflicting	9		False		False	False	True	2W86	EXP_2W86_cbEGF9-hyb2-cbEGF10.pdb	E	144.9	65.0	False	G	8.79	False		
199995	769	C	Y	pathogenic	pathogenic	8		False	C1	True	True	False											
199994	768	E	A		conflicting	8	ca_EH	True		False	True	False											
199993	743	R	C		conflicting	7		False		False	True	False											
199992	734	C	F	pathogenic	pathogenic	7		False	C2	True	True	False											
199991	727	C	Y	pathogenic	pathogenic	7		False	C1	True	True	False											
199990	718	T	M	vus	vus			False		False	False	False											
199989	716	G	E		conflicting			False		False	False	False											
199988	709	A	G	vus	vus			False		False	False	False											
199987	691	A	P		conflicting			False		False	False	False											
199986	674	L	F	vus	vus			False		False	False	False											
199985	658	R	Q	vus	vus			False		False	False	False											
199984	638	E	D	vus	vus	6		False		False	False	False											
199983	630	N	K		pathogenic	6	ca_DN_bOH	True		False	True	False											
199982	630	N	I		pathogenic	6	ca_DN_bOH	True		False	True	False											
199978	587	C	G	pathogenic	pathogenic	5		False	C3	True	True	False											
199977	576	C	G	pathogenic	pathogenic	5		False	C1	True	True	False											
199976	565	R	Q		conflicting	4		False		False	False	False											
199974	555	C	F	pathogenic	pathogenic	4		False	C4	True	True	False											
199973	530	D	G		conflicting	4	ca_D1	True		False	True	False											
199972	528	C	Y	pathogenic	pathogenic	3		False	C6	True	True	False											
199971	518	G	V	vus	vus	3		False		False	False	False											
199970	518	G	R		conflicting	3		False		False	False	False											
199968	485	R	L	vus	vus			False		False	False	False											
200179	476	C	G	pathogenic	pathogenic			False		True	True	False											
199967	474	C	Y	pathogenic	pathogenic			False		True	True	False											
199966	429	R	Q		conflicting			False		False	False	False											
200178	422	G	E		conflicting			False		False	False	False											
200177	383	E	K	pathogenic	pathogenic			False		False	False	False											
199964	364	R	P	vus	vus			False		False	False	False											
1677349	351	Q	R	vus	vus			False		False	False	False											
199960	301	G	V		conflicting	2		False		False	True	False											
199959	272	K	Q	vus	vus	1		False		False	False	False											
199957	241	T	M	vus	vus			False		False	False	False											
200145	234	G	C		pathogenic			False		False	True	False											
199956	214	G	S	pathogenic	pathogenic			False		False	False	False											
200203	156	N	D		vus			False		False	False	False											
200144	118	H	R		conflicting			False		False	False	False											
200143	102	C	F		pathogenic			False		True	True	False											
200142	96	R	T		conflicting			False		False	False	False											
200141	89	C	Y	pathogenic	pathogenic			False		True	True	False											
200140	77	G	R		conflicting			False		False	False	False											
200139	71	W	S		pathogenic			False		False	False	False											
200029	47	G	S		conflicting			False		False	False	False											
200011	17	L	S	vus	vus			False		False	False	False											
221117	2390	C	Y	pathogenic	pathogenic			False		True	True	False											
220855	1852	E	G		pathogenic	27	ca_EH	True		False	True	False											
222614	2590	C	Y	pathogenic	pathogenic	41		False	C4	True	True	False											
222613	2474	Y	C	pathogenic	pathogenic	38		False		False	True	False											
222610	2274	C	R	pathogenic	pathogenic	35		False	C4	True	True	False											
222609	2232	C	R		pathogenic	34		False	C5	True	True	False											
222605	1477	E	K	vus	vus	21		False		False	False	False											
222604	1444	C	S	pathogenic	pathogenic	20		False	C6	True	True	False											
222603	1191	D	N		conflicting	14		False		False	False	False											
222602	899	G	R		vus			False		False	False	True	2W86	EXP_2W86_cbEGF9-hyb2-cbEGF10.pdb	G	1.6	1.5	True	T	4.57	False		
222600	113	S	C	pathogenic	pathogenic			False		False	True	False											
225356	1015	A	T	benign	benign			False		False	False	False											
228689	2848	K	T		conflicting			False		False	False	False											
228684	846	I	T		vus	9		False		False	False	True	2W86	EXP_2W86_cbEGF9-hyb2-cbEGF10.pdb	I	85.4	43.4	False	E	20.56	False		
228683	524	T	M		conflicting	3		False		False	False	False											
228687	263	I	V	vus	vus	1		False		False	False	False											
228262	100	C	Y	pathogenic	pathogenic			False		True	True	False											
234313	2119	V	M	vus	vus			False		False	False	False											
237107	2726	R	Q		conflicting			False		False	False	False											
237106	2717	E	K		conflicting			False		False	False	False											
237101	2091	G	D		pathogenic			False		False	False	False											
237100	1895	C	R	pathogenic	pathogenic	28		False	C1	True	True	False											
237099	1835	C	S		pathogenic	26		False	C5	True	True	False											
237096	1714	M	I		conflicting			False		False	False	False											
237092	1485	C	S		pathogenic	21		False	C6	True	True	False											
237087	848	T	N	vus	vus			False		False	False	True	2W86	EXP_2W86_cbEGF9-hyb2-cbEGF10.pdb	T	79.9	46.4	False	-	21.08	False		
237085	736	N	D	vus	vus	7		False		False	False	False											
237084	724	I	T		conflicting	7	ca_backbone_1	False		False	False	False											
237083	639	C	Y		pathogenic	6		False	C5	True	True	False											
237091	145	C	Y	pathogenic	pathogenic			False		True	True	False											
255306	2193	E	K		conflicting	33		False		False	False	True	1EMN	EXP_1EMN_cbEGF32-33.pdb	E	140.9	63.2	False	S	19.25	False		
255295	1282	N	S		conflicting	17	ca_DN2	True		False	False	False											
255292	1152	A	T		conflicting	13		False		False	False	True	1LMJ	EXP_1LMJ_cbEGF12-13.pdb	A	15.5	12.0	True	-	15.19	False		
263832	2788	T	M	benign	benign			False		False	False	False											
263390	2700	P	L	vus	vus			False		False	False	False											
263642	2669	G	V	pathogenic	pathogenic	43	ca_backbone_3	False		False	True	False											
264272	2610	E	K		conflicting	42	ca_EH	True		False	True	False											
263693	2650	N	S	vus	vus	43	ca_DN2	True		False	False	False											
264033	2730	R	Q		conflicting			False		False	False	False											
263562	2694	R	G	vus	vus			False		False	False	False											
263398	2570	E	K	pathogenic	pathogenic	41	ca_EH	True		False	True	False											
263901	2356	N	S	vus	vus			False		False	False	False											
263805	2455	C	R		pathogenic	38		False	C2	True	True	False											
264152	2371	W	C		vus			False		False	True	False											
264354	2236	Y	C	pathogenic	pathogenic	34		False		False	True	False											
264235	2302	C	S	pathogenic	pathogenic	36		False	C2	True	True	False											
264438	2204	C	Y	pathogenic	pathogenic	33		False	C6	True	True	True	1EMN	EXP_1EMN_cbEGF32-33.pdb	C	30.4	18.2	True	-	14.15	False	2192	2.02
263688	2331	C	S		pathogenic	36		False	C6	True	True	False											
264000	2101	T	M		conflicting			False		False	False	False											
263837	2144	N	H	pathogenic	pathogenic	32	ca_DN_bOH	True		False	True	True	1EMN	EXP_1EMN_cbEGF32-33.pdb	N	71.1	36.5	False	-	2.56	True		
263823	2023	I	T	vus	vus	31		False		False	False	False											
263849	2295	C	Y	pathogenic	pathogenic	36		False	C1	True	True	False											
263898	2011	C	Y	pathogenic	pathogenic	30		False	C6	True	True	False											
263922	2195	G	R	pathogenic	pathogenic	33		False		False	False	True	1EMN	EXP_1EMN_cbEGF32-33.pdb	G	85.9	82.6	False	S	22.48	False		
264106	2258	C	Y		pathogenic	35		False	C2	True	True	False											
264487	1974	I	T		conflicting	30	ca_backbone_1	False		False	False	False											
263865	2027	G	V		vus	31		False		False	True	False											
263804	1942	C	S		pathogenic	29		False	C2	True	True	False											
263396	1909	I	L	vus	vus	28		False		False	False	False											
263568	1791	C	Y	pathogenic	pathogenic	25		False	C4	True	True	False											
263524	1719	C	R		conflicting			False		True	True	False											
263788	1662	T	K	vus	vus	24		False		False	False	False											
264314	1526	C	Y	pathogenic	pathogenic	22		False	C6	True	True	True	1UZJ	EXP_1UZJ_cbEGF22-TB4-cbEGF23.pdb	C	1.2	0.7	True	E	16.78	False	1513	2.04
263831	1444	C	Y	pathogenic	pathogenic	20		False	C6	True	True	False											
264424	1651	E	K		conflicting	24	ca_EH	True		False	True	False											
263872	1366	E	Q		conflicting	19	ca_EH	True		False	True	False											
264533	1439	A	V		vus	20		False		False	False	False											
263875	1321	T	I	vus	vus	17		False		False	False	False											
263388	1336	H	R	vus	vus	18		False		False	False	False											
263427	1195	C	Y		pathogenic	14		False	C6	True	True	False											
263998	1168	N	S		conflicting	14		False		False	False	False											
263470	1066	R	T	vus	vus	11		False		False	False	False											
264619	1058	G	S		conflicting	11		False		False	False	False											
263632	1030	N	S	benign	benign	11	ca_DN2	True		False	False	False											
264289	1041	H	Q		vus	11		False		False	False	False											
263789	1230	M	T	benign	benign	15		False		False	False	False											
263660	1153	C	R	pathogenic	pathogenic	13		False	C6	True	True	True	1LMJ	EXP_1LMJ_cbEGF12-13.pdb	C	28.4	17.0	True	-	17.49	False	1140	2.03
264248	961	R	K	vus	vus			False		False	False	False											
263855	880	G	D		conflicting			False		False	False	True	2W86	EXP_2W86_cbEGF9-hyb2-cbEGF10.pdb	G	11.9	11.5	True	-	12.08	False		
264089	875	C	Y	pathogenic	pathogenic			False		True	True	True	2W86	EXP_2W86_cbEGF9-hyb2-cbEGF10.pdb	C	0.0	0.0	True	H	11.28	False	853	2.04
263937	792	C	F		pathogenic	8		False	C5	True	True	False											
264139	780	Q	L		vus	8		False		False	False	False											
263790	734	C	Y	pathogenic	pathogenic	7		False	C2	True	True	False											
264197	698	P	L		conflicting			False		False	False	False											
263953	626	G	R		conflicting	6		False		False	True	False											
263638	386	N	K		conflicting			False		False	False	False											
264435	399	P	A	vus	vus			False		False	False	False											
263825	138	K	Q		vus			False		False	False	False											
264355	50	H	L		conflicting			False		False	False	False											
264175	1	M	I	pathogenic	pathogenic			False		False	False	False											
264158	377	C	R	pathogenic	pathogenic			False		True	True	False											
265142	1805	V	I	vus	vus	25		False		False	False	False											
265347	1278	C	W	pathogenic	pathogenic	16		False	C6	True	True	False											
280307	1	M	R	pathogenic	pathogenic			False		False	False	False											
281609	2353	S	G	vus	vus			False		False	False	False											
284953	327	R	T		conflicting	2		False		False	False	False											
289267	2015	D	N	vus	vus	31	ca_DN2	True		False	True	False											
289671	500	A	P	vus	vus	3		False		False	False	False											
316364	2554	R	Q		conflicting	40		False		False	False	False											
316375	1299	T	M	benign	benign	17	ca_backbone_2	False		False	False	False											
316376	1247	N	I		conflicting	16		False		False	False	False											
316390	197	G	R	vus	vus			False		False	False	False											
316393	75	P	S		conflicting			False		False	False	False											
316382	968	T	I	vus	vus			False		False	False	False											
316387	398	R	K	vus	vus			False		False	False	False											
316365	2329	D	E	benign	benign	36		False		False	False	False											
316369	2032	T	S	vus	vus	31	ca_backbone_2	False		False	False	False											
316373	1802	K	R		vus	25		False		False	False	False											
316388	295	I	M		conflicting	2		False		False	False	False											
373598	1489	N	S	vus	vus	22	ca_DN2	True		False	False	True	1UZJ	EXP_1UZJ_cbEGF22-TB4-cbEGF23.pdb	N	55.1	28.3	False	-	4.42	False		
372659	1422	N	S		conflicting	20	ca_DN_bOH	True		False	True	False											
372606	2627	G	R	pathogenic	pathogenic	42		False		False	True	False											
373268	2314	Y	C	vus	vus	36	ca_YF	True		False	True	False											
372558	2029	C	Y	pathogenic	pathogenic	31		False	C3	True	True	False											
373256	1482	G	S	vus	vus	21		False		False	False	False											
373743	1832	R	H		conflicting	26		False		False	False	False											
373490	1263	C	W		pathogenic	16		False	C4	True	True	False											
374081	2672	C	W		pathogenic	43		False	C4	True	True	False											
373976	2425	Y	C			37	ca_YF	True		False	True	False											
373981	2267	N	I			35	ca_DN_bOH	True		False	True	False											
374032	1727	R	Q		conflicting			False		False	False	False											
374079	494	C	F		pathogenic	3		False	C1	True	True	False											
374203	160	C	R	pathogenic	pathogenic			False		True	True	False											
375299	2002	P	S		pathogenic	30		False		False	False	False											
377096	596	C	G	pathogenic	pathogenic	5		False	C4	True	True	False											
381609	2668	G	C	pathogenic	pathogenic	43		False		False	True	False											
393275	2636	G	S		conflicting	42		False		False	False	False											
393048	2402	D	H		pathogenic	37	ca_D1	True		False	True	False											
379655	2265	C	Y	pathogenic	pathogenic	35		False	C3	True	True	False											
391735	2100	P	L		vus			False		False	False	False											
387780	1461	C	F	pathogenic	pathogenic	21		False	C3	True	True	False											
391621	1139	E	Q		conflicting	13		False		False	False	True	1LMJ	EXP_1LMJ_cbEGF12-13.pdb	E	57.7	25.9	False	E	13.62	False		
381611	557	C	Y	pathogenic	pathogenic	4		False	C5	True	True	False											
381612	494	C	Y	pathogenic	pathogenic	3		False	C1	True	True	False											
391616	127	G	R		vus			False		False	False	False											
392209	2557	S	P		vus	40		False		False	False	False											
379778	2489	C	R	pathogenic	pathogenic	39		False	C1	True	True	False											
384344	2242	R	C	vus	vus	34		False		False	True	False											
387797	1212	C	S		pathogenic	15		False	C3	True	True	False											
392364	982	C	S	pathogenic	pathogenic			False		True	True	False											
389041	937	C	Y	pathogenic	pathogenic	10		False	C5	True	True	True	2W86	EXP_2W86_cbEGF9-hyb2-cbEGF10.pdb	C	26.4	15.8	True	P	16.43	False	950	2.07
381934	592	G	C		pathogenic	5		False		False	True	False											
380285	2278	P	A	benign	benign	35		False		False	False	False											
385605	2265	C	G	pathogenic	pathogenic	35		False	C3	True	True	False											
379489	2258	C	R	pathogenic	pathogenic	35		False	C2	True	True	False											
381613	154	C	S	pathogenic	pathogenic			False		True	True	False											
392242	51	D	E	vus	vus			False		False	False	False											
381610	1894	E	K	pathogenic	pathogenic	28	ca_EH	True		False	True	False											
392910	1762	G	V		conflicting			False		False	False	False											
389343	908	C	S	pathogenic	pathogenic			False		True	True	True	2W86	EXP_2W86_cbEGF9-hyb2-cbEGF10.pdb	C	40.9	24.5	False	E	10.72	False	896	2.03
402848	1837	P	S	vus	vus	26		False		False	False	False											
402849	915	E	K	vus	vus	10		False		False	False	True	2W86	EXP_2W86_cbEGF9-hyb2-cbEGF10.pdb	E	125.6	56.3	False	H	8.33	False		
402851	124	M	V	vus	vus			False		False	False	False											
406304	2742	E	D		vus			False		False	False	False											
406263	2674	C	R	pathogenic	pathogenic	43		False	C5	True	True	False											
406349	2489	C	Y		pathogenic	39		False	C1	True	True	False											
406366	2444	D	G		pathogenic	38	ca_D1	True		False	True	False											
406326	2412	V	A		vus	37		False		False	False	False											
406333	2192	C	W		pathogenic	33		False	C5	True	True	True	1EMN	EXP_1EMN_cbEGF32-33.pdb	C	13.2	7.9	True	-	15.95	False	2204	2.02
406371	1926	N	D	vus	vus	28		False		False	False	False											
406341	1777	C	Y	pathogenic	pathogenic	25		False	C2	True	True	False											
406285	1591	G	E	vus	vus			False		False	False	True	1UZJ	EXP_1UZJ_cbEGF22-TB4-cbEGF23.pdb	G	34.6	33.2	False	T	11.97	False		
406329	1456	C	F	pathogenic	pathogenic	21		False	C2	True	True	False											
406364	905	G	E	vus	vus			False		False	False	True	2W86	EXP_2W86_cbEGF9-hyb2-cbEGF10.pdb	G	48.6	46.7	False	T	18.12	False		
406321	849	I	M		conflicting			False		False	False	True	2W86	EXP_2W86_cbEGF9-hyb2-cbEGF10.pdb	I	100.7	51.1	False	-	20.1	False		
406267	617	C	G	pathogenic	pathogenic	6		False	C1	True	True	False											
406353	87	H	R	vus	vus			False		False	False	False											
406279	2864	M	K		conflicting			False		False	False	False											
406309	2798	G	E		vus			False		False	False	False											
406302	2776	R	Q		conflicting			False		False	False	False											
406281	2660	S	R		vus	43		False		False	False	False											
406268	2374	H	R		vus			False		False	False	False											
406360	1907	N	S		pathogenic	28	ca_DN_bOH	True		False	True	False											
406346	1511	C	Y	pathogenic	pathogenic	22		False	C4	True	True	True	1UZJ	EXP_1UZJ_cbEGF22-TB4-cbEGF23.pdb	C	13.2	7.9	True	E	10.73	False	1497	2.03
406297	1262	R	K		conflicting	16		False		False	False	False											
406328	1169	G	D		vus	14		False		False	True	False											
406347	1140	C	Y		pathogenic	13		False	C5	True	True	True	1LMJ	EXP_1LMJ_cbEGF12-13.pdb	C	25.4	15.2	True	S	17.09	False	1153	2.03
406351	639	C	S		pathogenic	6		False	C5	True	True	False											
406298	585	G	A		vus	5		False		False	True	False											
406350	412	V	D		conflicting			False		False	False	False											
406352	165	R	P		conflicting			False		False	False	False											
406316	42	A	P		conflicting			False		False	False	False											
406357	2824	A	D	vus	vus			False		False	False	False											
406361	2757	D	G		vus			False		False	False	False											
406315	2232	C	Y	pathogenic	pathogenic	34		False	C5	True	True	False											
406344	2209	E	A		vus	34	ca_EH	True		False	True	False											
406303	2070	C	F		pathogenic			False		True	True	False											
406318	1888	M	I		vus	27		False		False	False	False											
406296	1876	C	Y		pathogenic	27		False	C5	True	True	False											
406289	1861	S	N		conflicting	27		False		False	False	False											
406342	1736	C	Y		pathogenic			False		True	True	False											
406339	1667	V	I		conflicting	24		False		False	False	False											
406334	1294	G	V	vus	vus	17		False		False	True	False											
406367	1076	I	L		conflicting	12		False		False	False	True	1LMJ	EXP_1LMJ_cbEGF12-13.pdb	I	135.9	69.0	False	T	9.31	False		
406272	769	C	R	pathogenic	pathogenic	8		False	C1	True	True	False											
406359	661	C	Y	pathogenic	pathogenic			False		True	True	False											
406372	543	N	I		vus	4		False		False	False	False											
406288	513	C	F	pathogenic	pathogenic	3		False	C4	True	True	False											
406345	509	G	C		pathogenic	3		False		False	True	False											
406325	476	C	R	pathogenic	pathogenic			False		True	True	False											
406269	271	C	G	pathogenic	pathogenic	1		False	C4	True	True	False											
406312	2767	N	S		conflicting			False		False	False	False											
406273	2616	I	M		conflicting	42		False		False	False	False											
406317	2509	C	G	pathogenic	pathogenic	39		False	C4	True	True	False											
406276	2270	G	C		vus	35		False		False	True	False											
406283	2247	D	G		conflicting	35	ca_D1	True		False	True	False											
406305	2047	S	F	vus	vus	31		False		False	False	False											
406277	1389	C	S	pathogenic	pathogenic	19		False	C4	True	True	False											
406271	908	C	R	pathogenic	pathogenic			False		True	True	True	2W86	EXP_2W86_cbEGF9-hyb2-cbEGF10.pdb	C	40.9	24.5	False	E	10.72	False	896	2.03
406356	886	P	L		conflicting			False		False	False	True	2W86	EXP_2W86_cbEGF9-hyb2-cbEGF10.pdb	P	130.1	81.8	False	T	24.95	False		
406335	880	G	R	pathogenic	pathogenic			False		False	False	True	2W86	EXP_2W86_cbEGF9-hyb2-cbEGF10.pdb	G	11.9	11.5	True	-	12.08	False		
406322	790	C	F	pathogenic	pathogenic	8		False	C4	True	True	False											
406265	430	P	L		conflicting			False		False	False	False											
418202	2676	P	L		conflicting	43		False		False	False	False											
423498	2592	C	F	pathogenic	pathogenic	41		False	C5	True	True	False											
423862	2590	C	W	pathogenic	pathogenic	41		False	C4	True	True	False											
418200	2140	G	E	pathogenic	pathogenic	32		False		False	True	True	1EMN	EXP_1EMN_cbEGF32-33.pdb	G	27.7	26.6	False	S	13.64	False		
418199	2093	G	R		conflicting			False		False	False	False											
423987	2038	C	G		pathogenic	31		False	C4	True	True	False											
424594	1726	G	D	pathogenic	pathogenic			False		False	False	False											
418197	1646	C	G		pathogenic	23		False	C6	True	True	True	1UZJ	EXP_1UZJ_cbEGF22-TB4-cbEGF23.pdb	C	13.6	8.1	True	E	17.65	False	1633	2.04
418196	1418	G	C		pathogenic	20		False		False	True	False											
420926	1166	C	R		pathogenic	14		False	C2	True	True	False											
421062	1127	G	V	pathogenic	pathogenic	13		False		False	True	True	1LMJ	EXP_1LMJ_cbEGF12-13.pdb	G	27.3	26.2	False	S	15.57	False		
418195	1125	R	Q		conflicting	13		False		False	False	True	1LMJ	EXP_1LMJ_cbEGF12-13.pdb	R	187.7	68.5	False	T	15.06	False		
418194	1095	C	S		pathogenic	12		False	C4	True	True	True	1LMJ	EXP_1LMJ_cbEGF12-13.pdb	C	26.8	16.1	True	E	10.86	False	1081	2.03
418193	798	Y	C		conflicting	8		False		False	True	False											
420086	748	C	Y	pathogenic	pathogenic	7		False	C4	True	True	False											
419660	727	C	R	pathogenic	pathogenic	7		False	C1	True	True	False											
418630	627	R	H		conflicting	6		False		False	False	False											
419187	609	R	H	vus	vus	5		False		False	False	False											
420087	560	G	S		conflicting	4		False		False	False	False											
423986	428	P	T		vus			False		False	False	False											
423542	281	E	D	vus	vus	1		False		False	False	False											
425069	46	G	D		vus			False		False	False	False											
427024	2724	P	S		pathogenic			False		False	False	False											
426992	2621	S	C		pathogenic	42		False		False	True	False											
427047	2485	D	G	pathogenic	pathogenic	39	ca_D1	True		False	True	False											
427179	2468	C	R	pathogenic	pathogenic	38		False	C4	True	True	False											
426268	1998	C	Y	pathogenic	pathogenic	30		False	C4	True	True	False											
426624	1436	V	L		conflicting	20		False		False	False	False											
427006	1420	C	F	pathogenic	pathogenic	20		False	C3	True	True	False											
426218	905	G	R	vus	vus			False		False	False	True	2W86	EXP_2W86_cbEGF9-hyb2-cbEGF10.pdb	G	48.6	46.7	False	T	18.12	False		
426442	698	P	S		vus			False		False	False	False											
426255	585	G	R		conflicting	5		False		False	True	False											
426283	274	P	H		conflicting	1		False		False	False	False											
426140	210	C	Y	pathogenic	pathogenic			False		True	True	False											
429595	2406	C	Y	pathogenic	pathogenic	37		False	C1	True	True	False											
429425	2181	C	R	pathogenic	pathogenic	33		False	C3	True	True	True	1EMN	EXP_1EMN_cbEGF32-33.pdb	C	32.2	19.3	True	E	9.31	False	2170	2.02
429578	2111	C	Y	pathogenic	pathogenic			False		True	True	False											
430149	2099	C	F		pathogenic			False		True	True	False											
430389	1947	C	R	pathogenic	pathogenic	29		False	C3	True	True	False											
429562	1858	N	S	vus	vus	27		False		False	False	False											
429594	1824	C	R	pathogenic	pathogenic	26		False	C3	True	True	False											
430150	1728	A	V	pathogenic	pathogenic			False		False	False	False											
430267	1563	C	S		pathogenic			False		True	True	True	1UZJ	EXP_1UZJ_cbEGF22-TB4-cbEGF23.pdb	C	6.8	4.1	True	H	12.06	False	1577	2.04
430423	1461	C	S	pathogenic	pathogenic	21		False	C3	True	True	False											
429778	1380	C	R		pathogenic	19		False	C3	True	True	False											
430151	1254	C	Y		pathogenic	16		False	C3	True	True	False											
430152	1138	C	R		pathogenic	13		False	C4	True	True	True	1LMJ	EXP_1LMJ_cbEGF12-13.pdb	C	21.0	12.6	True	E	10.87	False	1124	2.03
429763	1097	C	R		pathogenic	12		False	C5	True	True	True	1LMJ	EXP_1LMJ_cbEGF12-13.pdb	C	19.5	11.7	True	-	10.33	False	1111	2.04
429319	1028	D	G	pathogenic	pathogenic	11	ca_D1	True		False	True	False											
432086	2674	C	Y	pathogenic	pathogenic	43		False	C5	True	True	False											
432905	2116	G	L		vus			False		False	False	False											
431924	2038	C	Y	pathogenic	pathogenic	31		False	C4	True	True	False											
432128	1497	C	R		pathogenic	22		False	C2	True	True	True	1UZJ	EXP_1UZJ_cbEGF22-TB4-cbEGF23.pdb	C	8.3	5.0	True	S	10.65	False	1511	2.03
432123	1326	C	Y	pathogenic	pathogenic	18		False	C1	True	True	False											
432164	1032	C	R		pathogenic	11		False	C1	True	True	False											
432343	1031	E	K		pathogenic	11	ca_EH	True		False	True	False											
431935	890	C	Y	pathogenic	pathogenic			False		True	True	True	2W86	EXP_2W86_cbEGF9-hyb2-cbEGF10.pdb	C	25.9	15.5	True	-	15.61	False	876	2.04
437420	2206	D	N		conflicting	34	ca_D1	True		False	True	False											
439718	1387	Y	D	vus	vus	19	ca_YF	True		False	True	False											
439709	609	R	C	vus	vus	5		False		False	True	False											
439699	392	P	L		conflicting			False		False	False	False											
439705	1074	C	Y		pathogenic	12		False	C1	True	True	True	1LMJ	EXP_1LMJ_cbEGF12-13.pdb	C	38.8	23.2	False	T	6.67	False	1086	2.03
439707	2063	A	T		conflicting			False		False	False	False											
439708	2221	C	R	pathogenic	pathogenic	34		False	C3	True	True	False											
439715	743	R	H		conflicting	7		False		False	False	False											
439719	1928	C	Y	pathogenic	pathogenic	28		False	C6	True	True	False											
439720	511	Y	C		pathogenic	3	ca_YF	True		False	True	False											
446121	628	C	F			6		False	C3	True	True	False											
449653	2716	Y	C		vus			False		False	True	False											
451315	2674	C	S	pathogenic	pathogenic	43		False	C5	True	True	False											
449756	2627	G	E	pathogenic	pathogenic	42		False		False	True	False											
450946	2539	G	D		vus	40		False		False	True	False											
449160	2502	N	I		conflicting	39	ca_DN_bOH	True		False	True	False											
449794	2459	C	Y	pathogenic	pathogenic	38		False	C3	True	True	False											
449435	2455	C	Y	pathogenic	pathogenic	38		False	C2	True	True	False											
449436	2318	C	Y	pathogenic	pathogenic	36		False	C5	True	True	False											
450683	2273	M	I		conflicting	35		False		False	False	False											
449437	2168	D	G	pathogenic	pathogenic	33	ca_DN2	True		False	True	True	1EMN	EXP_1EMN_cbEGF32-33.pdb	D	55.1	28.6	False	-	4.23	False		
451249	1981	P	H		vus	30		False		False	False	False											
449439	1791	C	R	pathogenic	pathogenic	25		False	C4	True	True	False											
449440	1427	Y	C	pathogenic	pathogenic	20	ca_YF	True		False	True	False											
449441	1284	C	Y	pathogenic	pathogenic	17		False	C1	True	True	False											
452521	1149	N	S		conflicting	13		False		False	False	True	1LMJ	EXP_1LMJ_cbEGF12-13.pdb	N	82.7	42.4	False	S	9.36	False		
449897	1044	C	F		pathogenic	11		False	C3	True	True	False											
452428	1028	D	N		pathogenic	11	ca_D1	True		False	True	False											
449603	965	E	K	vus	vus			False		False	False	False											
453168	890	C	S		pathogenic			False		True	True	True	2W86	EXP_2W86_cbEGF9-hyb2-cbEGF10.pdb	C	25.9	15.5	True	-	15.61	False	876	2.04
450130	867	N	I		vus			False		False	False	True	2W86	EXP_2W86_cbEGF9-hyb2-cbEGF10.pdb	N	32.0	16.4	True	E	13.87	False		
449842	814	S	R	vus	vus	9		False		False	False	True	2W86	EXP_2W86_cbEGF9-hyb2-cbEGF10.pdb	S	35.1	22.6	False	-	11.76	False		
451090	695	P	H	vus	vus			False		False	False	False											
452287	673	P	S	vus	vus			False		False	False	False											
449898	474	C	R		pathogenic			False		True	True	False											
451043	404	P	R		conflicting			False		False	False	False											
450997	403	P	L		vus			False		False	False	False											
451847	278	K	E		conflicting	1		False		False	False	False											
449122	240	R	H	vus	vus			False		False	False	False											
450846	175	P	S		conflicting			False		False	False	False											
449282	168	C	F	pathogenic	pathogenic			False		True	True	False											
449605	156	N	S		conflicting			False		False	False	False											
457269	2744	Q	H		conflicting			False		False	False	False											
457267	2681	I	R	pathogenic	pathogenic	43		False		False	False	False											
457256	2302	C	W		pathogenic	36		False	C2	True	True	False											
457253	2282	R	Q		conflicting	35		False		False	False	False											
457252	2267	N	K		conflicting	35	ca_DN_bOH	True		False	True	False											
457248	2211	A	S		benign	34		False		False	False	False											
457240	2017	C	R	pathogenic	pathogenic	31		False	C1	True	True	False											
457233	1919	G	S	vus	vus	28		False		False	False	False											
457229	1783	I	F	vus	vus	25		False		False	False	False											
457227	1631	C	S	pathogenic	pathogenic	23		False	C4	True	True	True	1UZJ	EXP_1UZJ_cbEGF22-TB4-cbEGF23.pdb	C	26.4	15.8	True	E	10.53	False	1617	2.03
457222	1565	S	F	pathogenic	pathogenic			False		False	False	True	1UZJ	EXP_1UZJ_cbEGF22-TB4-cbEGF23.pdb	S	13.3	8.6	True	T	6.92	False		
457221	1564	C	Y	pathogenic	pathogenic			False		True	True	True	1UZJ	EXP_1UZJ_cbEGF22-TB4-cbEGF23.pdb	C	0.1	0.1	True	T	8.78	False	1589	2.03
457209	1439	A	G		conflicting	20		False		False	False	False											
457181	924	G	V		conflicting	10		False		False	True	True	2W86	EXP_2W86_cbEGF9-hyb2-cbEGF10.pdb	G	27.5	26.4	False	S	15.44	False		
457167	621	G	E	vus	vus	6		False		False	False	False											
457163	512	T	I	vus	vus	3		False		False	False	False											
457255	229	H	Q	vus	vus			False		False	False	False											
457264	2535	C	W	pathogenic	pathogenic	40		False	C2	True	True	False											
457262	2506	G	S		conflicting	39	ca_backbone_3	False		False	True	False											
457260	2467	Q	R		conflicting	38		False		False	False	False											
457246	2183	N	K		vus	33	ca_DN_bOH	True		False	True	True	1EMN	EXP_1EMN_cbEGF32-33.pdb	N	78.2	40.1	False	E	2.62	True		
457245	2131	C	S		pathogenic	32		False	C1	True	True	True	1EMN	EXP_1EMN_cbEGF32-33.pdb	C	5.3	3.2	True	S	6.78	False	2142	2.02
457237	1942	C	G		pathogenic	29		False	C2	True	True	False											
457236	1941	L	F		vus	29		False		False	False	False											
457232	1838	G	S		conflicting	26		False		False	False	False											
457215	1513	C	W	pathogenic	pathogenic	22		False	C5	True	True	True	1UZJ	EXP_1UZJ_cbEGF22-TB4-cbEGF23.pdb	C	34.3	20.5	False	P	16.53	False	1526	2.04
457207	1431	C	W	pathogenic	pathogenic	20		False	C5	True	True	False											
457206	1415	C	Y		pathogenic	20		False	C2	True	True	False											
457202	1348	C	Y	pathogenic	pathogenic	18		False	C4	True	True	False											
457196	1174	L	P		vus	14	ca_backbone_2	False		False	False	False											
457190	1049	G	S		conflicting	11		False		False	False	False											
457184	984	V	I		conflicting			False		False	False	False											
457183	959	F	L	vus	vus			False		False	False	False											
457182	958	C	S		pathogenic			False		True	True	False											
457180	913	E	A		pathogenic	10	ca_EH	True		False	True	True	2W86	EXP_2W86_cbEGF9-hyb2-cbEGF10.pdb	E	5.4	2.4	True	H	2.51	True		
457173	876	C	R		pathogenic			False		True	True	True	2W86	EXP_2W86_cbEGF9-hyb2-cbEGF10.pdb	C	9.4	5.6	True	H	12.13	False	890	2.04
457172	806	E	K		vus	8		False		False	False	False											
457170	749	I	V	vus	vus	7		False		False	False	False											
457166	557	C	F		pathogenic	4		False	C5	True	True	False											
457164	525	R	W	vus	vus	3		False		False	False	False											
457270	276	G	R	vus	vus	1		False		False	False	False											
457160	47	G	C		vus			False		False	True	False											
457251	2227	S	P		vus	34	ca_backbone_3	False		False	False	False											
457194	1153	C	Y	pathogenic	pathogenic	13		False	C6	True	True	True	1LMJ	EXP_1LMJ_cbEGF12-13.pdb	C	28.4	17.0	True	-	17.49	False	1140	2.03
457186	1011	G	R		conflicting			False		False	False	False											
457185	985	G	W		pathogenic			False		False	False	False											
457174	883	W	R	pathogenic	pathogenic			False		False	False	True	2W86	EXP_2W86_cbEGF9-hyb2-cbEGF10.pdb	W	21.4	7.5	True	E	16.71	False		
457168	661	C	W		pathogenic			False		True	True	False											
457162	488	C	R	pathogenic	pathogenic			False		True	True	False											
457261	2504	I	F	vus	vus	39		False		False	False	False											
457211	145	C	R	pathogenic	pathogenic			False		True	True	False											
457203	136	C	G		pathogenic			False		True	True	False											
457192	11	L	Q		conflicting			False		False	False	False											
457244	2116	G	A		vus			False		False	False	False											
457199	1265	C	S	pathogenic	pathogenic	16		False	C5	True	True	False											
457198	1206	G	R		pathogenic	15		False		False	False	False											
457191	1099	E	K		conflicting	12		False		False	False	True	1LMJ	EXP_1LMJ_cbEGF12-13.pdb	E	136.9	61.4	False	S	8.06	False		
457157	360	C	Y		pathogenic			False		True	True	False											
488792	1	M	I	pathogenic	pathogenic			False		False	False	False											
492831	2367	G	R	vus	vus			False		False	False	False											
492830	2221	C	Y	pathogenic	pathogenic	34		False	C3	True	True	False											
492828	1171	C	W		pathogenic	14		False	C3	True	True	False											
492826	750	C	R	pathogenic	pathogenic	7		False	C5	True	True	False											
493158	2230	C	Y	pathogenic	pathogenic	34		False	C4	True	True	False											
493159	16	L	V		vus			False		False	False	False											
495645	2461	N	K		conflicting	38	ca_DN_bOH	True		False	True	False											
495640	2244	M	I	vus	vus	34		False		False	False	False											
495638	2228	Y	C	vus	vus	34	ca_YF	True		False	True	False											
495625	1880	F	V	vus	vus	27		False		False	False	False											
495624	1863	G	R		pathogenic	27		False		False	True	False											
495615	1662	T	S	vus	vus	24		False		False	False	False											
495603	1341	N	S		conflicting	18	ca_DN_bOH	True		False	True	False											
495599	1236	C	Y	pathogenic	pathogenic	15		False	C6	True	True	False											
495583	980	C	F		pathogenic			False		True	True	False											
495582	954	R	C	pathogenic	pathogenic			False		False	True	False											
495566	639	C	S		pathogenic	6		False	C5	True	True	False											
495562	616	E	G		conflicting	6	ca_EH	True		False	True	False											
495557	504	C	S		pathogenic	3		False	C3	True	True	False											
495555	474	C	G		conflicting			False		True	True	False											
495662	304	C	Y	pathogenic	pathogenic	2		False	C3	True	True	False											
495602	134	C	Y	pathogenic	pathogenic			False		True	True	False											
495659	2714	A	V		conflicting			False		False	False	False											
495657	2695	G	R	vus	vus			False		False	False	False											
495600	129	C	S		pathogenic			False		True	True	False											
495661	30	E	D		conflicting			False		False	False	False											
495656	2693	G	D		vus			False		False	False	False											
495649	2520	T	M		conflicting	39		False		False	False	False											
495658	28	N	D	vus	vus			False		False	False	False											
495646	2501	V	L		conflicting	39		False		False	False	False											
495644	2339	C	Y	pathogenic	pathogenic			False		True	True	False											
495605	1388	R	P		conflicting	19		False		False	False	False											
495594	1186	Y	C	pathogenic	pathogenic	14		False		False	True	False											
495585	1049	G	D		conflicting	11		False		False	False	False											
495568	656	H	R	vus	vus			False		False	False	False											
495560	547	I	N	vus	vus	4		False		False	False	False											
495554	394	V	G		vus			False		False	False	False											
495660	2861	N	I		conflicting			False		False	False	False											
495639	22	S	R		vus			False		False	False	False											
495643	2335	R	G		conflicting			False		False	False	False											
495614	16	L	R		vus			False		False	False	False											
495637	2165	V	L	vus	vus	32		False		False	False	True	1EMN	EXP_1EMN_cbEGF32-33.pdb	V	54.3	31.2	False	E	7.63	False		
495629	1915	R	C	pathogenic	pathogenic	28		False		False	True	False											
495626	1881	K	N		vus	27		False		False	False	False											
495623	1847	C	Y	pathogenic	pathogenic	26		False	C6	True	True	False											
495617	1672	C	G	pathogenic	pathogenic	24		False	C4	True	True	False											
495607	1441	G	R		conflicting	20		False		False	False	False											
495598	1226	G	V	vus	vus	15		False		False	False	False											
495655	2669	G	S	vus	vus	43	ca_backbone_3	False		False	True	False											
495652	2606	V	I		vus	41		False		False	False	False											
495651	2595	G	D		conflicting	41		False		False	False	False											
495595	1191	D	E	vus	vus	14		False		False	False	False											
495641	2285	D	V		vus	35		False		False	False	False											
495635	2029	C	S		vus	31		False	C3	True	True	False											
495573	742	L	P		vus	7	ca_backbone_2	False		False	False	False											
495570	681	S	Y		vus			False		False	False	False											
495616	1729	W	R	vus	vus			False		False	False	False											
495597	1192	R	K		conflicting	14		False		False	False	False											
495561	613	D	Y		vus	6	ca_D1	True		False	True	False											
495590	1138	C	S	pathogenic	pathogenic	13		False	C4	True	True	True	1LMJ	EXP_1LMJ_cbEGF12-13.pdb	C	21.0	12.6	True	E	10.87	False	1124	2.03
495610	148	P	S		conflicting			False		False	False	False											
495589	1127	G	D		conflicting	13		False		False	True	True	1LMJ	EXP_1LMJ_cbEGF12-13.pdb	G	27.3	26.2	False	S	15.57	False		
495569	1	M	L	pathogenic	pathogenic			False		False	False	False											
495580	929	T	S	vus	vus	10	ca_backbone_2	False		False	False	True	2W86	EXP_2W86_cbEGF9-hyb2-cbEGF10.pdb	T	46.4	27.0	False	E	2.54	True		
495575	796	F	L		vus	8		False		False	False	False											
495574	746	Y	C	pathogenic	pathogenic	7	ca_YF	True		False	True	False											
495572	711	C	R	pathogenic	pathogenic			False		True	True	False											
495565	630	N	Y		pathogenic	6	ca_DN_bOH	True		False	True	False											
495563	617	C	Y	pathogenic	pathogenic	6		False	C1	True	True	False											
495558	544	G	R	pathogenic	pathogenic	4		False		False	True	False											
498253	2727	G	S	vus	vus			False		False	False	False											
500066	1391	C	F		conflicting	19		False	C5	True	True	False											
501654	1453	P	L	vus	vus	21		False		False	False	False											
502437	1839	Y	F		conflicting	26		False		False	False	False											
502478	494	C	S	pathogenic	pathogenic	3		False	C1	True	True	False											
504529	2500	C	S	pathogenic	pathogenic	39		False	C3	True	True	False											
505164	1401	T	N		vus	19		False		False	False	False											
513328	2848	K	Q	benign	benign			False		False	False	False											
517124	474	C	W					False		True	True	False											
517135	209	C	Y					False		True	True	False											
519710	2868	V	D		vus			False		False	False	False											
519779	2816	H	R		vus			False		False	False	False											
519775	2776	R	G	vus	vus			False		False	False	False											
520239	2742	E	K		conflicting			False		False	False	False											
519693	2672	C	G	pathogenic	pathogenic	43		False	C4	True	True	False											
519752	2668	G	D		pathogenic	43		False		False	True	False											
519749	2651	E	Q		vus	43	ca_EH	True		False	True	False											
520232	2633	C	R	pathogenic	pathogenic	42		False	C5	True	True	False											
519697	2622	C	Y		pathogenic	42		False	C3	True	True	False											
519750	2581	C	F		pathogenic	41		False	C3	True	True	False											
519756	2550	C	S		pathogenic	40		False	C4	True	True	False											
519787	2468	C	Y	pathogenic	pathogenic	38		False	C4	True	True	False											
519765	2466	Y	C	vus	vus	38	ca_YF	True		False	True	False											
519781	2461	N	S		conflicting	38	ca_DN_bOH	True		False	True	False											
519771	2347	M	V		vus			False		False	False	False											
519780	2251	C	S	pathogenic	pathogenic	35		False	C1	True	True	False											
519696	2185	I	T		conflicting	33		False		False	False	True	1EMN	EXP_1EMN_cbEGF32-33.pdb	I	113.2	57.4	False	S	4.63	False		
519782	2178	N	K	vus	vus	33		False		False	False	True	1EMN	EXP_1EMN_cbEGF32-33.pdb	N	125.5	64.4	False	S	17.02	False		
519735	2169	E	Q		conflicting	33	ca_EH	True		False	True	True	1EMN	EXP_1EMN_cbEGF32-33.pdb	E	27.6	12.4	True	G	2.54	True		
519770	2137	C	S		pathogenic	32		False	C2	True	True	True	1EMN	EXP_1EMN_cbEGF32-33.pdb	C	2.3	1.3	True	-	11.35	False	2151	2.02
519773	2116	G	E	vus	vus			False		False	False	False											
519736	2062	Y	S	vus	vus			False		False	False	False											
520238	1994	G	A	vus	vus	30		False		False	True	False											
519772	1989	C	W	pathogenic	pathogenic	30		False	C3	True	True	False											
519792	1984	C	Y	pathogenic	pathogenic	30		False	C2	True	True	False											
519761	1976	E	A	pathogenic	pathogenic	30	ca_EH	True		False	True	False											
519743	1968	G	R	vus	vus	29		False		False	False	False											
519734	1959	N	K		vus	29		False		False	False	False											
519797	1900	C	S		pathogenic	28		False	C2	True	True	False											
519722	1879	G	R		vus	27		False		False	False	False											
519783	1840	R	C	pathogenic	pathogenic	26		False		False	True	False											
519757	1782	C	Y	pathogenic	pathogenic	25		False	C3	True	True	False											
519774	1684	G	R		vus	24		False		False	False	False											
519715	1644	R	Q		conflicting	23		False		False	False	True	1UZJ	EXP_1UZJ_cbEGF22-TB4-cbEGF23.pdb	R	32.7	11.9	True	T	11.41	False		
519692	1530	R	P	pathogenic	pathogenic			False		False	False	True	1UZJ	EXP_1UZJ_cbEGF22-TB4-cbEGF23.pdb	R	88.8	32.4	False	-	18.16	False		
519764	1508	S	I		conflicting	22	ca_backbone_3	False		False	False	True	1UZJ	EXP_1UZJ_cbEGF22-TB4-cbEGF23.pdb	S	60.8	39.2	False	S	2.51	True		
519730	1507	G	V	pathogenic	pathogenic	22		False		False	True	True	1UZJ	EXP_1UZJ_cbEGF22-TB4-cbEGF23.pdb	G	64.6	62.1	False	S	3.91	False		
519707	1415	C	R	pathogenic	pathogenic	20		False	C2	True	True	False											
519799	1402	C	Y	pathogenic	pathogenic	19		False	C6	True	True	False											
519726	1361	C	Y	pathogenic	pathogenic	18		False	C6	True	True	False											
519762	1359	I	V		conflicting	18		False		False	False	False											
519794	1262	R	S	vus	vus	16		False		False	False	False											
519795	1243	E	G		vus	16		False		False	False	False											
519748	1208	C	F	pathogenic	pathogenic	15		False	C2	True	True	False											
519721	1126	G	S	vus	vus	13		False		False	True	True	1LMJ	EXP_1LMJ_cbEGF12-13.pdb	G	54.9	52.8	False	T	17.42	False		
519740	1042	G	D	pathogenic	pathogenic	11		False		False	True	False											
519571	1042	G	S	pathogenic	pathogenic	11		False		False	True	False											
519704	977	M	V	vus	vus			False		False	False	False											
519785	966	E	D	vus	vus			False		False	False	False											
519754	925	L	V		conflicting	10		False		False	False	True	2W86	EXP_2W86_cbEGF9-hyb2-cbEGF10.pdb	L	114.4	56.9	False	E	12.17	False		
520236	914	C	G		pathogenic	10		False	C1	True	True	True	2W86	EXP_2W86_cbEGF9-hyb2-cbEGF10.pdb	C	29.4	17.6	True	H	6.45	False	926	2.05
519733	908	C	Y	pathogenic	pathogenic			False		True	True	True	2W86	EXP_2W86_cbEGF9-hyb2-cbEGF10.pdb	C	40.9	24.5	False	E	10.72	False	896	2.03
519713	877	S	F	vus	vus			False		False	False	True	2W86	EXP_2W86_cbEGF9-hyb2-cbEGF10.pdb	S	5.5	3.5	True	T	8.4	False		
519804	867	N	S		conflicting			False		False	False	True	2W86	EXP_2W86_cbEGF9-hyb2-cbEGF10.pdb	N	32.0	16.4	True	E	13.87	False		
519723	821	C	W		pathogenic	9		False	C3	True	True	True	2W86	EXP_2W86_cbEGF9-hyb2-cbEGF10.pdb	C	33.5	20.1	False	E	8.03	False	811	2.05
519759	770	V	I		vus	8		False		False	False	False											
519758	763	C	R	pathogenic	pathogenic	7		False	C6	True	True	False											
519800	753	G	V		conflicting	7		False		False	False	False											
519803	705	A	V	vus	vus			False		False	False	False											
519796	692	F	Y		conflicting			False		False	False	False											
519705	684	C	R	pathogenic	pathogenic			False		True	True	False											
519731	644	A	P		vus	6		False		False	False	False											
519778	547	I	V		conflicting	4		False		False	False	False											
519712	439	R	Q		conflicting			False		False	False	False											
519753	373	A	T		conflicting			False		False	False	False											
519711	344	R	P		vus			False		False	False	False											
519791	288	D	G	vus	vus	2	ca_D1	True		False	True	False											
519802	261	N	S		vus	1		False		False	False	False											
519737	166	C	S	pathogenic	pathogenic			False		True	True	False											
519745	158	G	R	vus	vus			False		False	False	False											
519790	156	N	H	vus	vus			False		False	False	False											
519727	150	C	R	pathogenic	pathogenic			False		True	True	False											
520235	136	C	W		pathogenic			False		True	True	False											
519698	117	Q	R	vus	vus			False		False	False	False											
520234	68	C	S		pathogenic			False		True	True	False											
520499	1876	C	R	pathogenic	pathogenic	27		False	C5	True	True	False											
520497	1672	C	W		pathogenic	24		False	C4	True	True	False											
520495	965	E	Q	vus	vus			False		False	False	False											
520494	899	G	E		pathogenic			False		False	False	True	2W86	EXP_2W86_cbEGF9-hyb2-cbEGF10.pdb	G	1.6	1.5	True	T	4.57	False		
520498	739	C	Y	pathogenic	pathogenic	7		False	C3	True	True	False											
520493	635	Y	C	pathogenic	pathogenic	6	ca_YF	True		False	True	False											
521729	2000	C	Y	pathogenic	pathogenic	30		False	C5	True	True	False											
521833	1353	G	R		conflicting	18		False		False	False	False											
521083	220	P	L		vus			False		False	False	False											
523335	2610	E	G		pathogenic	42	ca_EH	True		False	True	False											
523334	1463	N	S		conflicting	21	ca_DN_bOH	True		False	True	False											
527153	2680	R	H		conflicting	43		False		False	False	False											
527191	2547	S	R		vus	40	ca_backbone_3	False		False	False	False											
527160	2511	C	Y	pathogenic	pathogenic	39		False	C5	True	True	False											
527188	2378	C	W		pathogenic			False		True	True	False											
527199	1931	V	I	vus	vus	29	ca_backbone_1	False		False	False	False											
527208	1912	F	L		vus	28	ca_YF	True		False	True	False											
527178	1766	D	H		vus	25	ca_D1	True		False	True	False											
527159	1367	C	S		pathogenic	19		False	C1	True	True	False											
527181	1344	G	E	pathogenic	pathogenic	18		False		False	True	False											
527155	2454	P	L		vus	38		False		False	False	False											
527143	1188	S	L	vus	vus	14		False		False	False	False											
527165	2320	D	G	vus	vus	36		False		False	False	False											
527149	2152	E	K	vus	vus	32		False		False	False	True	1EMN	EXP_1EMN_cbEGF32-33.pdb	E	118.4	53.1	False	E	13.25	False		
527180	1871	S	R	vus	vus	27	ca_backbone_3	False		False	False	False											
527203	1806	C	F	pathogenic	pathogenic	25		False	C6	True	True	False											
527168	1504	N	Y		pathogenic	22	ca_DN_bOH	True		False	True	True	1UZJ	EXP_1UZJ_cbEGF22-TB4-cbEGF23.pdb	N	52.4	26.9	False	E	2.2	True		
527144	1448	D	N		conflicting	21	ca_DN2	True		False	True	False											
527187	993	C	R		conflicting			False		True	True	False											
527217	781	C	Y	pathogenic	pathogenic	8		False	C3	True	True	False											
527207	644	A	S		vus	6		False		False	False	False											
527206	639	C	R		pathogenic	6		False	C5	True	True	False											
527179	393	M	V		conflicting			False		False	False	False											
527175	265	T	S	vus	vus	1	ca_backbone_2	False		False	False	False											
527141	134	C	R		pathogenic			False		True	True	False											
527193	2433	Y	C		pathogenic	37		False		False	True	False											
527182	2222	V	L		vus	34		False		False	False	False											
527145	2053	C	Y		pathogenic	31		False	C6	True	True	False											
527152	1977	C	Y	pathogenic	pathogenic	30		False	C1	True	True	False											
527205	1487	D	G	pathogenic	pathogenic	22	ca_D1	True		False	True	True	1UZJ	EXP_1UZJ_cbEGF22-TB4-cbEGF23.pdb	D	66.8	34.6	False	-	2.54	True		
527200	1348	C	W		pathogenic	18		False	C4	True	True	False											
527204	1204	M	V		conflicting	15		False		False	False	False											
527151	996	C	R		pathogenic			False		True	True	False											
527216	926	C	Y	pathogenic	pathogenic	10		False	C3	True	True	True	2W86	EXP_2W86_cbEGF9-hyb2-cbEGF10.pdb	C	27.5	16.4	True	E	8.13	False	914	2.05
527166	918	P	S	vus	vus	10		False		False	False	True	2W86	EXP_2W86_cbEGF9-hyb2-cbEGF10.pdb	P	81.5	51.2	False	T	12.28	False		
527201	884	G	E	pathogenic	pathogenic			False		False	False	True	2W86	EXP_2W86_cbEGF9-hyb2-cbEGF10.pdb	G	6.7	6.4	True	T	20.39	False		
527174	234	G	D		pathogenic			False		False	False	False											
527186	2778	L	R		pathogenic			False		False	False	False											
527167	2701	V	I	vus	vus			False		False	False	False											
527194	2652	C	R		pathogenic	43		False	C1	True	True	False											
527210	2455	C	W		pathogenic	38		False	C2	True	True	False											
527154	2204	C	R	pathogenic	pathogenic	33		False	C6	True	True	True	1EMN	EXP_1EMN_cbEGF32-33.pdb	C	30.4	18.2	True	-	14.15	False	2192	2.02
527197	1814	N	S		conflicting	26		False		False	False	False											
527218	1658	C	Y		pathogenic	24		False	C2	True	True	False											
527147	1592	G	E	vus	vus			False		False	False	True	1UZJ	EXP_1UZJ_cbEGF22-TB4-cbEGF23.pdb	G	25.7	24.7	False	-	10.3	False		
527189	1285	D	N		vus	17		False		False	False	False											
527185	1072	D	N	vus	vus	12	ca_DN2	True		False	True	True	1LMJ	EXP_1LMJ_cbEGF12-13.pdb	D	60.4	31.3	False	-	4.67	False		
527173	979	A	S		vus			False		False	False	False											
527163	753	G	E		pathogenic	7		False		False	False	False											
527209	535	L	I		conflicting	4		False		False	False	False											
527148	532	D	G	vus	vus	4	ca_DN2	True		False	True	False											
546101	1152	A	V	vus	vus	13		False		False	False	True	1LMJ	EXP_1LMJ_cbEGF12-13.pdb	A	15.5	12.0	True	-	15.19	False		
546316	1099	E	D		vus	12		False		False	False	True	1LMJ	EXP_1LMJ_cbEGF12-13.pdb	E	136.9	61.4	False	S	8.06	False		
546242	913	E	K	pathogenic	pathogenic	10	ca_EH	True		False	True	True	2W86	EXP_2W86_cbEGF9-hyb2-cbEGF10.pdb	E	5.4	2.4	True	H	2.51	True		
546752	215	R	Q	vus	vus			False		False	False	False											
547351	2831	I	S		vus			False		False	False	False											
547350	2831	I	F		vus			False		False	False	False											
547346	2500	C	R	pathogenic	pathogenic	39		False	C3	True	True	False											
547344	2401	A	S		conflicting			False		False	False	False											
547343	2339	C	R	pathogenic	pathogenic			False		True	True	False											
547340	2164	C	Y	pathogenic	pathogenic	32		False	C6	True	True	True	1EMN	EXP_1EMN_cbEGF32-33.pdb	C	0.0	0.0	True	E	11.29	False	2153	2.02
547339	2107	F	C	vus	vus			False		False	True	False											
547338	2085	C	Y	pathogenic	pathogenic			False		True	True	False											
547333	1930	D	N	pathogenic	pathogenic	29	ca_D1	True		False	True	False											
547332	1914	C	F		vus	28		False	C4	True	True	False											
547331	1806	C	R	pathogenic	pathogenic	25		False	C6	True	True	False											
547326	1674	C	Y	pathogenic	pathogenic	24		False	C5	True	True	False											
547325	1663	C	F	pathogenic	pathogenic	24		False	C3	True	True	False											
547322	1513	C	Y	pathogenic	pathogenic	22		False	C5	True	True	True	1UZJ	EXP_1UZJ_cbEGF22-TB4-cbEGF23.pdb	C	34.3	20.5	False	P	16.53	False	1526	2.04
547321	1497	C	Y	pathogenic	pathogenic	22		False	C2	True	True	True	1UZJ	EXP_1UZJ_cbEGF22-TB4-cbEGF23.pdb	C	8.3	5.0	True	S	10.65	False	1511	2.03
547319	1388	R	H		conflicting	19		False		False	False	False											
547318	1382	N	I		benign	19	ca_DN_bOH	True		False	True	False											
547313	1235	S	P		conflicting	15		False		False	False	False											
547312	1206	G	D		pathogenic	15		False		False	False	False											
547310	1173	N	T	pathogenic	pathogenic	14	ca_DN_bOH	True		False	True	False											
547309	1159	C	Y	pathogenic	pathogenic	14		False	C1	True	True	False											
547308	1137	R	H		conflicting	13		False		False	False	True	1LMJ	EXP_1LMJ_cbEGF12-13.pdb	R	137.1	50.0	False	E	7.66	False		
547307	1053	C	G	pathogenic	pathogenic	11		False	C4	True	True	False											
547304	795	G	V	vus	vus	8		False		False	False	False											
547302	697	Q	H		vus			False		False	False	False											
547301	684	C	F	pathogenic	pathogenic			False		True	True	False											
547300	576	C	S		vus	5		False	C1	True	True	False											
547298	305	T	A		conflicting	2		False		False	False	False											
547297	75	P	R	vus	vus			False		False	False	False											
547296	63	Y	C	vus	vus			False		False	True	False											
548587	2713	E	G	vus	vus			False		False	False	False											
549464	2816	H	P		pathogenic			False		False	False	False											
549461	2793	Y	H		conflicting			False		False	False	False											
549460	2777	I	T		vus			False		False	False	False											
549458	2767	N	D		conflicting			False		False	False	False											
549457	2730	R	W	vus	vus			False		False	False	False											
549453	2690	M	T					False		False	False	False											
549452	2685	H	R	vus	vus	43		False		False	False	False											
549450	2672	C	S		pathogenic	43		False	C4	True	True	False											
549449	2672	C	Y		pathogenic	43		False	C4	True	True	False											
549448	2661	Y	C	pathogenic	pathogenic	43		False		False	True	False											
549447	2659	C	G		pathogenic	43		False	C2	True	True	False											
549445	2658	P	A			43		False		False	False	False											
549444	2646	C	R		pathogenic	42		False	C6	True	True	False											
549440	2635	A	T	benign	benign	42		False		False	False	False											
549439	2631	C	F	pathogenic	pathogenic	42		False	C4	True	True	False											
549438	2627	G	V			42		False		False	True	False											
549437	2624	N	S	pathogenic	pathogenic	42	ca_DN_bOH	True		False	True	False											
549436	2622	C	R	pathogenic	pathogenic	42		False	C3	True	True	False											
549435	2622	C	S			42		False	C3	True	True	False											
549434	2617	C	Y			42		False	C2	True	True	False											
549433	2610	E	V			42	ca_EH	True		False	True	False											
549426	2581	C	Y		pathogenic	41		False	C3	True	True	False											
549423	2571	C	F			41		False	C1	True	True	False											
549422	2571	C	Y	pathogenic	pathogenic	41		False	C1	True	True	False											
549418	2535	C	R			40		False	C2	True	True	False											
549414	2496	C	F		pathogenic	39		False	C2	True	True	False											
549413	2496	C	S			39		False	C2	True	True	False											
549412	2489	C	G			39		False	C1	True	True	False											
549411	2483	C	S			38		False	C6	True	True	False											
549410	2483	C	R	pathogenic	pathogenic	38		False	C6	True	True	False											
549408	2470	C	W	pathogenic	pathogenic	38		False	C5	True	True	False											
549407	2470	C	Y		pathogenic	38		False	C5	True	True	False											
549406	2470	C	R	pathogenic	pathogenic	38		False	C5	True	True	False											
549401	2444	D	Y		vus	38	ca_D1	True		False	True	False											
549400	2442	C	S	pathogenic	pathogenic	37		False	C6	True	True	False											
549398	2418	C	R		pathogenic	37		False	C3	True	True	False											
549397	2416	G	V			37		False		False	True	False											
549396	2403	I	N			37	ca_backbone_1	False		False	False	False											
549386	2348	C	R					False		True	True	False											
549381	2318	C	R	pathogenic	pathogenic	36		False	C5	True	True	False											
549379	2316	C	F		pathogenic	36		False	C4	True	True	False											
549378	2316	C	Y	pathogenic	pathogenic	36		False	C4	True	True	False											
549374	2295	C	G		pathogenic	36		False	C1	True	True	False											
549373	2294	E	A			36	ca_EH	True		False	True	False											
549371	2282	R	W		conflicting	35		False		False	False	False											
549370	2267	N	K		pathogenic	35	ca_DN_bOH	True		False	True	False											
549360	2230	C	R	pathogenic	pathogenic	34		False	C4	True	True	False											
549358	2223	N	H			34	ca_DN_bOH	True		False	True	False											
549357	2220	R	Q	vus	vus	34		False		False	False	False											
549354	2210	C	S			34		False	C1	True	True	False											
549353	2204	C	F		pathogenic	33		False	C6	True	True	True	1EMN	EXP_1EMN_cbEGF32-33.pdb	C	30.4	18.2	True	-	14.15	False	2192	2.02
549350	2185	I	S		vus	33		False		False	False	True	1EMN	EXP_1EMN_cbEGF32-33.pdb	I	113.2	57.4	False	S	4.63	False		
549345	2154	P	R		conflicting	32		False		False	False	True	1EMN	EXP_1EMN_cbEGF32-33.pdb	P	67.4	42.4	False	-	10.44	False		
549344	2142	C	S			32		False	C3	True	True	True	1EMN	EXP_1EMN_cbEGF32-33.pdb	C	37.7	22.6	False	E	9.23	False	2131	2.02
549341	2127	D	N		conflicting	32	ca_D1	True		False	True	True	1EMN	EXP_1EMN_cbEGF32-33.pdb	D	69.8	36.2	False	-	2.47	True		
549340	2111	C	R	pathogenic	pathogenic			False		True	True	False											
549339	2108	R	C	pathogenic	pathogenic			False		False	True	False											
549337	2085	C	S					False		True	True	False											
549336	2084	C	Y					False		True	True	False											
549335	2079	S	C		pathogenic			False		False	True	False											
549333	2061	C	R	pathogenic	pathogenic			False		True	True	False											
549330	2029	C	W		pathogenic	31		False	C3	True	True	False											
549328	2015	D	V	vus	vus	31	ca_DN2	True		False	True	False											
549325	2013	D	H			31	ca_D1	True		False	True	False											
549323	1998	C	W		pathogenic	30		False	C4	True	True	False											
549322	1995	S	P		vus	30	ca_backbone_3	False		False	False	False											
549320	1984	C	R	pathogenic	pathogenic	30		False	C2	True	True	False											
549319	1976	E	G		vus	30	ca_EH	True		False	True	False											
549316	1971	C	Y		pathogenic	29		False	C6	True	True	False											
549315	1971	C	G		pathogenic	29		False	C6	True	True	False											
549310	1945	G	D			29		False		False	True	False											
549308	1934	C	S		pathogenic	29		False	C1	True	True	False											
549307	1932	D	A			29	ca_DN2	True		False	True	False											
549306	1930	D	Y			29	ca_D1	True		False	True	False											
549302	1924	H	R		vus	28		False		False	False	False											
549301	1915	R	S			28		False		False	False	False											
549300	1912	F	S		vus	28	ca_YF	True		False	True	False											
549299	1908	T	P			28	ca_backbone_2	False		False	False	False											
549298	1900	C	F		pathogenic	28		False	C2	True	True	False											
549291	1865	C	R		pathogenic	27		False	C3	True	True	False											
549290	1853	C	S		pathogenic	27		False	C1	True	True	False											
549289	1853	C	S			27		False	C1	True	True	False											
549286	1847	C	R			26		False	C6	True	True	False											
549284	1835	C	F			26		False	C5	True	True	False											
549283	1835	C	R		pathogenic	26		False	C5	True	True	False											
549282	1835	C	S		pathogenic	26		False	C5	True	True	False											
549277	1812	C	Y			26		False	C1	True	True	False											
549275	1793	C	S			25		False	C5	True	True	False											
549274	1791	C	W			25		False	C4	True	True	False											
549273	1790	R	P		vus	25		False		False	False	False											
549272	1790	R	Q		conflicting	25		False		False	False	False											
549263	1719	C	Y	pathogenic	pathogenic			False		True	True	False											
549262	1708	G	E	vus	vus			False		False	False	False											
549258	1674	C	R			24		False	C5	True	True	False											
549257	1672	C	S	pathogenic	pathogenic	24		False	C4	True	True	False											
549253	1633	C	Y		pathogenic	23		False	C5	True	True	True	1UZJ	EXP_1UZJ_cbEGF22-TB4-cbEGF23.pdb	C	31.2	18.7	True	P	16.9	False	1646	2.04
549249	1599	P	T					False		False	False	True	1UZJ	EXP_1UZJ_cbEGF22-TB4-cbEGF23.pdb	P	49.3	31.0	False	T	14.25	False		
549248	1596	R	P		pathogenic			False		False	False	True	1UZJ	EXP_1UZJ_cbEGF22-TB4-cbEGF23.pdb	R	43.1	15.7	True	E	8.84	False		
549246	1589	C	F	pathogenic	pathogenic			False		True	True	True	1UZJ	EXP_1UZJ_cbEGF22-TB4-cbEGF23.pdb	C	3.0	1.8	True	S	13.16	False	1564	2.03
549243	1534	C	W					False		True	True	True	1UZJ	EXP_1UZJ_cbEGF22-TB4-cbEGF23.pdb	C	0.0	0.0	True	E	13.17	False	1562	2.04
549240	1511	C	G		pathogenic	22		False	C4	True	True	True	1UZJ	EXP_1UZJ_cbEGF22-TB4-cbEGF23.pdb	C	13.2	7.9	True	E	10.73	False	1497	2.03
549239	1504	N	S		pathogenic	22	ca_DN_bOH	True		False	True	True	1UZJ	EXP_1UZJ_cbEGF22-TB4-cbEGF23.pdb	N	52.4	26.9	False	E	2.2	True		
549237	1497	C	S			22		False	C2	True	True	True	1UZJ	EXP_1UZJ_cbEGF22-TB4-cbEGF23.pdb	C	8.3	5.0	True	S	10.65	False	1511	2.03
549235	1490	E	K	pathogenic	pathogenic	22	ca_EH	True		False	True	True	1UZJ	EXP_1UZJ_cbEGF22-TB4-cbEGF23.pdb	E	43.7	19.6	True	G	2.55	True		
549234	1487	D	A		conflicting	22	ca_D1	True		False	True	True	1UZJ	EXP_1UZJ_cbEGF22-TB4-cbEGF23.pdb	D	66.8	34.6	False	-	2.54	True		
549232	1487	D	N	pathogenic	pathogenic	22	ca_D1	True		False	True	True	1UZJ	EXP_1UZJ_cbEGF22-TB4-cbEGF23.pdb	D	66.8	34.6	False	-	2.54	True		
549231	1485	C	Y			21		False	C6	True	True	False											
549229	1472	C	R	pathogenic	pathogenic	21		False	C5	True	True	False											
549228	1463	N	K		vus	21	ca_DN_bOH	True		False	True	False											
549227	1450	C	Y		pathogenic	21		False	C1	True	True	False											
549226	1450	C	S			21		False	C1	True	True	False											
549225	1449	E	D	vus	vus	21	ca_EH	True		False	True	False											
549219	1431	C	Y	pathogenic	pathogenic	20		False	C5	True	True	False											
549218	1429	C	W			20		False	C4	True	True	False											
549216	1429	C	Y	pathogenic	pathogenic	20		False	C4	True	True	False											
549215	1429	C	S			20		False	C4	True	True	False											
549212	1395	Y	H		vus	19		False		False	False	False											
549211	1384	M	T		vus	19		False		False	False	False											
549210	1375	S	R			19		False		False	False	False											
549209	1367	C	R		pathogenic	19		False	C1	True	True	False											
549204	1350	C	F	pathogenic	pathogenic	18		False	C5	True	True	False											
549203	1350	C	Y		pathogenic	18		False	C5	True	True	False											
549202	1349	S	T		conflicting	18		False		False	False	False											
549200	1339	C	Y		pathogenic	18		False	C3	True	True	False											
549199	1337	A	P			18		False		False	False	False											
549198	1322	D	G		conflicting	18	ca_D1	True		False	True	False											
549197	1320	C	F			17		False	C6	True	True	False											
549196	1320	C	S		pathogenic	17		False	C6	True	True	False											
549195	1313	G	S		conflicting	17		False		False	False	False											
549194	1311	Y	C	pathogenic	pathogenic	17		False		False	True	False											
549190	1283	E	K			17	ca_EH	True		False	True	False											
549189	1280	D	V			17	ca_D1	True		False	True	False											
549187	1272	S	Y			16		False		False	False	False											
549184	1250	D	Y			16		False		False	False	False											
549182	1236	C	R			15		False	C6	True	True	False											
549181	1219	Y	C	pathogenic	pathogenic	15	ca_YF	True		False	True	False											
549180	1217	G	D	pathogenic	pathogenic	15		False		False	True	False											
549179	1214	N	S			15	ca_DN_bOH	True		False	True	False											
549176	1201	C	Y			15		False	C1	True	True	False											
549173	1185	G	D	pathogenic	pathogenic	14		False		False	False	False											
549172	1180	C	Y		pathogenic	14		False	C4	True	True	False											
549171	1178	Y	C	pathogenic	pathogenic	14	ca_YF	True		False	True	False											
549170	1171	C	Y		pathogenic	14		False	C3	True	True	False											
549169	1170	R	C	vus	vus	14		False		False	True	False											
549168	1159	C	R	pathogenic	pathogenic	14		False	C1	True	True	False											
549164	1140	C	F			13		False	C5	True	True	True	1LMJ	EXP_1LMJ_cbEGF12-13.pdb	C	25.4	15.2	True	S	17.09	False	1153	2.03
549161	1128	V	L			13		False		False	False	True	1LMJ	EXP_1LMJ_cbEGF12-13.pdb	V	64.7	37.2	False	E	12.06	False		
549159	1116	E	K			13	ca_EH	True		False	True	True	1LMJ	EXP_1LMJ_cbEGF12-13.pdb	E	10.0	4.5	True	H	2.43	True		
549158	1113	D	G	pathogenic	pathogenic	13	ca_D1	True		False	True	True	1LMJ	EXP_1LMJ_cbEGF12-13.pdb	D	18.6	9.6	True	E	2.45	True		
549154	1101	Y	C	pathogenic	pathogenic	12		False		False	True	True	1LMJ	EXP_1LMJ_cbEGF12-13.pdb	Y	38.1	14.5	True	E	6.71	False		
549152	1100	G	V			12		False		False	False	True	1LMJ	EXP_1LMJ_cbEGF12-13.pdb	G	11.0	10.6	True	S	4.91	False		
549151	1100	G	A	pathogenic	pathogenic	12		False		False	False	True	1LMJ	EXP_1LMJ_cbEGF12-13.pdb	G	11.0	10.6	True	S	4.91	False		
549150	1097	C	Y	pathogenic	pathogenic	12		False	C5	True	True	True	1LMJ	EXP_1LMJ_cbEGF12-13.pdb	C	19.5	11.7	True	-	10.33	False	1111	2.04
549149	1090	P	S		pathogenic	12		False		False	False	True	1LMJ	EXP_1LMJ_cbEGF12-13.pdb	P	116.7	73.4	False	T	4.28	False		
549148	1088	N	S		vus	12	ca_DN_bOH	True		False	True	True	1LMJ	EXP_1LMJ_cbEGF12-13.pdb	N	67.0	34.3	False	E	2.6	True		
549147	1086	C	R		pathogenic	12		False	C3	True	True	True	1LMJ	EXP_1LMJ_cbEGF12-13.pdb	C	16.5	9.9	True	E	9.29	False	1074	2.03
549144	1075	R	C	vus	vus	12		False		False	True	True	1LMJ	EXP_1LMJ_cbEGF12-13.pdb	R	198.0	72.3	False	T	8.53	False		
549143	1072	D	H			12	ca_DN2	True		False	True	True	1LMJ	EXP_1LMJ_cbEGF12-13.pdb	D	60.4	31.3	False	-	4.67	False		
549142	1071	I	S			12	ca_backbone_1	False		False	False	True	1LMJ	EXP_1LMJ_cbEGF12-13.pdb	I	123.6	62.7	False	-	2.45	True		
549141	1070	D	G		conflicting	12	ca_D1	True		False	True	True	1LMJ	EXP_1LMJ_cbEGF12-13.pdb	D	72.4	37.5	False	-	2.58	True		
549138	1068	C	Y		pathogenic	11		False	C6	True	True	False											
549137	1068	C	R		pathogenic	11		False	C6	True	True	False											
549136	1055	C	W			11		False	C5	True	True	False											
549135	1053	C	S			11		False	C4	True	True	False											
549134	1051	F	S		conflicting	11	ca_YF	True		False	True	False											
549133	1050	S	I			11	ca_backbone_3	False		False	False	False											
549131	1048	I	T	pathogenic	pathogenic	11		False		False	False	False											
549128	1027	K	N					False		False	False	False											
549125	1008	C	R	pathogenic	pathogenic			False		True	True	False											
549121	981	C	Y					False		True	True	False											
549117	950	C	F			10		False	C6	True	True	True	2W86	EXP_2W86_cbEGF9-hyb2-cbEGF10.pdb	C	4.9	3.0	True	B	17.7	False	937	2.07
549116	950	C	Y		pathogenic	10		False	C6	True	True	True	2W86	EXP_2W86_cbEGF9-hyb2-cbEGF10.pdb	C	4.9	3.0	True	B	17.7	False	937	2.07
549115	938	P	L	vus	vus	10		False		False	False	True	2W86	EXP_2W86_cbEGF9-hyb2-cbEGF10.pdb	P	65.4	41.1	False	P	19.65	False		
549112	931	G	V		vus	10		False		False	False	True	2W86	EXP_2W86_cbEGF9-hyb2-cbEGF10.pdb	G	21.3	20.4	False	T	3.91	False		
549110	914	C	S		pathogenic	10		False	C1	True	True	True	2W86	EXP_2W86_cbEGF9-hyb2-cbEGF10.pdb	C	29.4	17.6	True	H	6.45	False	926	2.05
549109	913	E	G			10	ca_EH	True		False	True	True	2W86	EXP_2W86_cbEGF9-hyb2-cbEGF10.pdb	E	5.4	2.4	True	H	2.51	True		
549107	908	C	F					False		True	True	True	2W86	EXP_2W86_cbEGF9-hyb2-cbEGF10.pdb	C	40.9	24.5	False	E	10.72	False	896	2.03
549105	899	G	R					False		False	False	True	2W86	EXP_2W86_cbEGF9-hyb2-cbEGF10.pdb	G	1.6	1.5	True	T	4.57	False		
549101	893	D	N		conflicting			False		False	False	True	2W86	EXP_2W86_cbEGF9-hyb2-cbEGF10.pdb	D	18.1	9.4	True	-	13.74	False		
549097	862	C	Y	pathogenic	pathogenic			False		True	True	True	2W86	EXP_2W86_cbEGF9-hyb2-cbEGF10.pdb	C	18.6	11.2	True	E	22.82	False	887	2.09
549094	853	C	W					False		True	True	True	2W86	EXP_2W86_cbEGF9-hyb2-cbEGF10.pdb	C	0.0	0.0	True	E	13.72	False	875	2.04
549093	853	C	S	pathogenic	pathogenic			False		True	True	True	2W86	EXP_2W86_cbEGF9-hyb2-cbEGF10.pdb	C	0.0	0.0	True	E	13.72	False	875	2.04
549090	830	C	Y			9		False	C4	True	True	True	2W86	EXP_2W86_cbEGF9-hyb2-cbEGF10.pdb	C	5.0	3.0	True	E	10.64	False	816	2.02
549088	826	G	D			9		False		False	True	True	2W86	EXP_2W86_cbEGF9-hyb2-cbEGF10.pdb	G	70.3	67.6	False	T	4.05	False		
549084	816	C	R	pathogenic	pathogenic	9		False	C2	True	True	True	2W86	EXP_2W86_cbEGF9-hyb2-cbEGF10.pdb	C	11.6	7.0	True	S	10.98	False	830	2.02
549082	811	C	W		pathogenic	9		False	C1	True	True	True	2W86	EXP_2W86_cbEGF9-hyb2-cbEGF10.pdb	C	31.1	18.6	True	G	6.55	False	821	2.05
549081	811	C	Y	pathogenic	pathogenic	9		False	C1	True	True	True	2W86	EXP_2W86_cbEGF9-hyb2-cbEGF10.pdb	C	31.1	18.6	True	G	6.55	False	821	2.05
549080	809	D	G			9	ca_DN2	True		False	True	True	2W86	EXP_2W86_cbEGF9-hyb2-cbEGF10.pdb	D	58.7	30.4	False	-	4.54	False		
549076	790	C	Y	pathogenic	pathogenic	8		False	C4	True	True	False											
549075	790	C	S			8		False	C4	True	True	False											
549074	781	C	S			8		False	C3	True	True	False											
549073	776	C	Y			8		False	C2	True	True	False											
549070	763	C	G	pathogenic	pathogenic	7		False	C6	True	True	False											
549067	723	D	Y			7	ca_D1	True		False	True	False											
549062	685	C	Y	pathogenic	pathogenic			False		True	True	False											
549061	684	C	S					False		True	True	False											
549055	643	L	R			6		False		False	False	False											
549054	617	C	R	pathogenic	pathogenic	6		False	C1	True	True	False											
549049	611	C	R	pathogenic	pathogenic	5		False	C6	True	True	False											
549047	602	F	S			5		False		False	False	False											
549045	598	C	W		pathogenic	5		False	C5	True	True	False											
549044	598	C	Y			5		False	C5	True	True	False											
549043	592	G	D			5		False		False	True	False											
549041	589	N	S	pathogenic	pathogenic	5	ca_DN_bOH	True		False	True	False											
549040	587	C	Y		pathogenic	5		False	C3	True	True	False											
549039	585	G	E	pathogenic	pathogenic	5		False		False	True	False											
549038	576	C	Y	pathogenic	pathogenic	5		False	C1	True	True	False											
549037	572	D	V			5	ca_D1	True		False	True	False											
549035	570	C	Y	pathogenic	pathogenic	4		False	C6	True	True	False											
549034	560	G	D		conflicting	4		False		False	False	False											
549033	555	C	Y	pathogenic	pathogenic	4		False	C4	True	True	False											
549030	546	C	R			4		False	C3	True	True	False											
549029	541	C	F			4		False	C2	True	True	False											
549024	519	Y	C	pathogenic	pathogenic	3		False		False	True	False											
549022	513	C	R	pathogenic	pathogenic	3		False	C4	True	True	False											
549021	504	C	Y	pathogenic	pathogenic	3		False	C3	True	True	False											
549020	504	C	R	pathogenic	pathogenic	3		False	C3	True	True	False											
549019	490	D	Y	pathogenic	pathogenic	3	ca_D1	True		False	True	False											
549018	488	C	F					False		True	True	False											
549017	488	C	Y	pathogenic	pathogenic			False		True	True	False											
549015	474	C	F	pathogenic	pathogenic			False		True	True	False											
549013	464	R	C	pathogenic	pathogenic			False		False	True	False											
549007	390	S	F		conflicting			False		False	False	False											
549004	366	W	C	pathogenic	pathogenic			False		False	True	False											
549003	359	C	Y					False		True	True	False											
549002	359	C	R		pathogenic			False		True	True	False											
549001	358	C	Y	pathogenic	pathogenic			False		True	True	False											
548999	344	R	C	pathogenic	pathogenic			False		False	True	False											
548997	336	C	R	pathogenic	pathogenic			False		True	True	False											
549475	329	I	V	benign	benign	2		False		False	False	False											
549472	313	C	W		pathogenic	2		False	C4	True	True	False											
549470	287	E	G			1		False		False	False	False											
549428	259	G	E		conflicting	1		False		False	True	False											
549362	224	C	R					False		True	True	False											
549338	209	C	S		pathogenic			False		True	True	False											
549259	168	C	W		pathogenic			False		True	True	False											
549250	160	C	Y	pathogenic	pathogenic			False		True	True	False											
549223	145	C	G					False		True	True	False											
549214	142	G	E		vus			False		False	False	False											
549206	136	C	R					False		True	True	False											
549205	136	C	S					False		True	True	False											
549183	124	M	I					False		False	False	False											
549127	102	C	S					False		True	True	False											
549100	89	C	R					False		True	True	False											
549077	80	C	G		pathogenic			False		True	True	False											
549066	71	W	R		pathogenic			False		False	False	False											
549065	71	W	R		pathogenic			False		False	False	False											
549059	66	Y	C					False		False	True	False											
549042	59	C	F					False		True	True	False											
549251	16	L	H					False		False	False	False											
549153	11	L	R	pathogenic	pathogenic			False		False	False	False											
549124	1	M	T	pathogenic	pathogenic			False		False	False	False											
560218	652	C	W			6		False	C6	True	True	False											
561296	215	R	G		conflicting			False		False	False	False											
571346	2846	E	K	vus	vus			False		False	False	False											
582674	2686	C	R		pathogenic	43		False	C6	True	True	False											
576623	2663	C	R		conflicting	43		False	C3	True	True	False											
572714	2555	G	V	pathogenic	pathogenic	40		False		False	False	False											
576527	2427	C	R		pathogenic	37		False	C4	True	True	False											
571705	2415	N	I	vus	vus	37		False		False	False	False											
576463	2017	C	W	pathogenic	pathogenic	31		False	C1	True	True	False											
572562	1256	N	H		conflicting	16	ca_DN_bOH	True		False	True	False											
573764	1116	E	G		pathogenic	13	ca_EH	True		False	True	True	1LMJ	EXP_1LMJ_cbEGF12-13.pdb	E	10.0	4.5	True	H	2.43	True		
571004	769	C	F		pathogenic	8		False	C1	True	True	False											
572871	714	G	R		vus			False		False	False	False											
569768	654	D	H		vus			False		False	False	False											
576493	619	T	N		conflicting	6		False		False	False	False											
575196	570	C	W		pathogenic	4		False	C6	True	True	False											
573231	547	I	T		conflicting	4		False		False	False	False											
581985	513	C	S	pathogenic	pathogenic	3		False	C4	True	True	False											
576755	363	G	S	vus	vus			False		False	False	False											
574053	177	C	Y	pathogenic	pathogenic			False		True	True	False											
571222	2588	Y	C		conflicting	41	ca_YF	True		False	True	False											
567107	2555	G	R	pathogenic	pathogenic	40		False		False	False	False											
574697	2448	C	R		pathogenic	38		False	C1	True	True	False											
573316	2404	D	N		conflicting	37	ca_DN2	True		False	True	False											
581358	2291	D	G		vus	36	ca_D1	True		False	True	False											
579213	1993	D	N	vus	vus	30		False		False	False	False											
570737	1962	Y	C	pathogenic	pathogenic	29		False		False	True	False											
577401	1943	R	I	vus	vus	29		False		False	False	False											
566202	1877	H	R		vus	27		False		False	False	False											
576549	1450	C	R	pathogenic	pathogenic	21		False	C1	True	True	False											
569815	1048	I	V		conflicting	11		False		False	False	False											
576840	1043	K	N		vus	11		False		False	False	False											
570805	224	C	Y	pathogenic	pathogenic			False		True	True	False											
566266	2413	C	S	pathogenic	pathogenic	37		False	C2	True	True	False											
568619	2388	K	E		vus			False		False	False	False											
570431	2261	K	N	benign	benign	35		False		False	False	False											
573034	2251	C	R	pathogenic	pathogenic	35		False	C1	True	True	False											
583258	2233	P	L	pathogenic	pathogenic	34		False		False	False	False											
566383	2190	C	S		pathogenic	33		False	C4	True	True	True	1EMN	EXP_1EMN_cbEGF32-33.pdb	C	6.1	3.6	True	E	9.97	False	2176	2.02
567503	1942	C	Y		pathogenic	29		False	C2	True	True	False											
566815	1937	G	E		vus	29		False		False	False	False											
565697	1934	C	S		pathogenic	29		False	C1	True	True	False											
576709	1889	C	F		pathogenic	27		False	C6	True	True	False											
570671	1173	N	I		pathogenic	14	ca_DN_bOH	True		False	True	False											
575810	1091	G	E		pathogenic	12		False		False	True	True	1LMJ	EXP_1LMJ_cbEGF12-13.pdb	G	48.8	46.9	False	T	4.65	False		
569691	895	I	T	vus	vus			False		False	False	True	2W86	EXP_2W86_cbEGF9-hyb2-cbEGF10.pdb	I	73.9	37.5	False	T	15.03	False		
569969	807	D	N		conflicting	9	ca_D1	True		False	True	True	2W86	EXP_2W86_cbEGF9-hyb2-cbEGF10.pdb	D	68.1	35.3	False	-	2.61	True		
572039	623	C	Y		pathogenic	6		False	C2	True	True	False											
570815	458	Y	C		conflicting			False		False	True	False											
577426	1	M	L	pathogenic	pathogenic			False		False	False	False											
571314	2796	E	K		conflicting			False		False	False	False											
567978	2295	C	R		pathogenic	36		False	C1	True	True	False											
575545	2199	G	S	vus	vus	33		False		False	False	True	1EMN	EXP_1EMN_cbEGF32-33.pdb	G	22.7	21.8	False	-	11.92	False		
582086	1892	I	L		vus	28	ca_backbone_1	False		False	False	False											
565385	1391	C	Y	pathogenic	pathogenic	19		False	C5	True	True	False											
567633	1283	E	V		vus	17	ca_EH	True		False	True	False											
581299	696	C	F		pathogenic			False		True	True	False											
568701	634	S	P		conflicting	6	ca_backbone_3	False		False	False	False											
581987	508	Q	H		vus	3		False		False	False	False											
581305	303	E	K	vus	vus	2		False		False	False	False											
579559	209	C	F	pathogenic	pathogenic			False		True	True	False											
573035	207	T	S	vus	vus			False		False	False	False											
581628	171	G	R		vus			False		False	False	False											
574616	129	C	Y		pathogenic			False		True	True	False											
590852	2550	C	Y	pathogenic	pathogenic	40		False	C4	True	True	False											
590974	1748	C	F					False		True	True	False											
617616	598	C	S			5		False	C5	True	True	False											
617873	2707	D	E		vus			False		False	False	False											
617871	2289	C	F		pathogenic	35		False	C6	True	True	False											
617872	2199	G	D		vus	33		False		False	False	True	1EMN	EXP_1EMN_cbEGF32-33.pdb	G	22.7	21.8	False	-	11.92	False		
617874	1143	G	D	vus	vus	13		False		False	False	True	1LMJ	EXP_1LMJ_cbEGF12-13.pdb	G	90.2	86.8	False	T	22.34	False		
617875	736	N	S		conflicting	7		False		False	False	False											
617870	271	C	W		pathogenic	1		False	C4	True	True	False											
618648	2707	D	G		vus			False		False	False	False											
618123	2685	H	Q		vus	43		False		False	False	False											
618118	2596	Y	C	pathogenic	pathogenic	41		False		False	True	False											
618653	2406	C	F		pathogenic	37		False	C1	True	True	False											
618119	2062	Y	C	vus	vus			False		False	True	False											
618121	2002	P	L	vus	vus	30		False		False	False	False											
618650	1910	G	D	pathogenic	pathogenic	28		False		False	True	False											
618652	1840	R	H	vus	vus	26		False		False	False	False											
618120	1670	Y	C	pathogenic	pathogenic	24	ca_YF	True		False	True	False											
618646	623	C	F	pathogenic	pathogenic	6		False	C2	True	True	False											
618124	574	D	G		conflicting	5	ca_DN2	True		False	True	False											
618647	129	C	W		pathogenic			False		True	True	False											
623167	2190	C	F		pathogenic	33		False	C4	True	True	True	1EMN	EXP_1EMN_cbEGF32-33.pdb	C	6.1	3.6	True	E	9.97	False	2176	2.02
623870	2019	E	K		conflicting	31		False		False	False	False											
625128	2565	C	Y		pathogenic	40		False	C6	True	True	False											
625127	2528	C	R	pathogenic	pathogenic	40		False	C1	True	True	False											
625125	2129	D	G		pathogenic	32	ca_DN2	True		False	True	True	1EMN	EXP_1EMN_cbEGF32-33.pdb	D	52.3	27.1	False	-	4.02	False		
625121	1346	F	V		pathogenic	18	ca_YF	True		False	True	False											
625120	1200	E	V		pathogenic	15	ca_EH	True		False	True	False											
625119	1111	C	Y		pathogenic	12		False	C6	True	True	True	1LMJ	EXP_1LMJ_cbEGF12-13.pdb	C	14.8	8.9	True	E	9.14	False	1097	2.04
625118	853	C	R		pathogenic			False		True	True	True	2W86	EXP_2W86_cbEGF9-hyb2-cbEGF10.pdb	C	0.0	0.0	True	E	13.72	False	875	2.04
625115	102	C	R		pathogenic			False		True	True	False											
626103	1488	V	L	vus	vus	22	ca_backbone_1	False		False	False	True	1UZJ	EXP_1UZJ_cbEGF22-TB4-cbEGF23.pdb	V	111.2	63.9	False	-	2.47	True		
626876	2552	C	R	pathogenic	pathogenic	40		False	C5	True	True	False											
626877	2550	C	S	pathogenic	pathogenic	40		False	C4	True	True	False											
626586	2296	Q	H		conflicting	36		False		False	False	False											
626587	2083	C	S		vus			False		True	True	False											
626588	2027	G	R		vus	31		False		False	True	False											
626591	1842	T	I	vus	vus	26		False		False	False	False											
626593	1834	D	E	vus	vus	26		False		False	False	False											
626594	1828	A	T	vus	vus	26		False		False	False	False											
626880	1450	C	F	pathogenic	pathogenic	21		False	C1	True	True	False											
626881	1428	R	H	vus	vus	20		False		False	False	False											
626882	1361	C	R	pathogenic	pathogenic	18		False	C6	True	True	False											
626883	1277	T	S		conflicting	16		False		False	False	False											
626596	1097	C	F		pathogenic	12		False	C5	True	True	True	1LMJ	EXP_1LMJ_cbEGF12-13.pdb	C	19.5	11.7	True	-	10.33	False	1111	2.04
626597	928	N	I		vus	10	ca_DN_bOH	True		False	True	True	2W86	EXP_2W86_cbEGF9-hyb2-cbEGF10.pdb	N	54.0	27.7	False	E	2.4	True		
626600	816	C	F		vus	9		False	C2	True	True	True	2W86	EXP_2W86_cbEGF9-hyb2-cbEGF10.pdb	C	11.6	7.0	True	S	10.98	False	830	2.02
626884	127	G	D	vus	vus			False		False	False	False											
626885	59	C	Y		conflicting			False		True	True	False											
628178	2484	K	R		conflicting	38		False		False	False	False											
628701	2189	E	Q		vus	33		False		False	False	True	1EMN	EXP_1EMN_cbEGF32-33.pdb	E	73.6	33.0	False	E	6.48	False		
629673	2149	Y	F		conflicting	32	ca_YF	True		False	True	True	1EMN	EXP_1EMN_cbEGF32-33.pdb	Y	78.4	29.8	False	-	5.85	False		
629518	2108	R	H	vus	vus			False		False	False	False											
628860	2048	S	F		vus	31		False		False	False	False											
629678	1906	R	G		vus	28		False		False	False	False											
629532	1301	G	A		conflicting	17		False		False	True	False											
629616	1121	P	S		vus	13		False		False	False	True	1LMJ	EXP_1LMJ_cbEGF12-13.pdb	P	114.3	71.9	False	S	14.04	False		
630592	970	P	S		vus			False		False	False	False											
628357	929	T	A	vus	vus	10	ca_backbone_2	False		False	False	True	2W86	EXP_2W86_cbEGF9-hyb2-cbEGF10.pdb	T	46.4	27.0	False	E	2.54	True		
629374	918	P	R	benign	benign	10		False		False	False	True	2W86	EXP_2W86_cbEGF9-hyb2-cbEGF10.pdb	P	81.5	51.2	False	T	12.28	False		
629651	633	G	A		vus	6		False		False	True	False											
629467	487	E	A	vus	vus			False		False	False	False											
629654	312	F	L		vus	2		False		False	False	False											
629334	230	P	S	vus	vus			False		False	False	False											
628674	122	R	H	vus	vus			False		False	False	False											
628807	3	R	P		conflicting			False		False	False	False											
632818	2753	L	V	vus	vus			False		False	False	False											
632816	2495	N	S	vus	vus	39		False		False	False	False											
633209	2395	G	R		conflicting			False		False	False	False											
632817	2297	T	M		conflicting	36		False		False	False	False											
632813	2289	C	S	pathogenic	pathogenic	35		False	C6	True	True	False											
632805	2276	C	Y		pathogenic	35		False	C5	True	True	False											
632820	2270	G	D	vus	vus	35		False		False	True	False											
633210	2244	M	I		conflicting	34		False		False	False	False											
633211	2137	C	Y	pathogenic	pathogenic	32		False	C2	True	True	True	1EMN	EXP_1EMN_cbEGF32-33.pdb	C	2.3	1.3	True	-	11.35	False	2151	2.02
632806	1967	D	E		vus	29		False		False	False	False											
632819	1853	C	Y	pathogenic	pathogenic	27		False	C1	True	True	False											
633216	1832	R	S		vus	26		False		False	False	False											
632803	1652	C	R		vus	24		False	C1	True	True	False											
632810	1647	D	V		vus	23		False		False	False	True	1UZJ	EXP_1UZJ_cbEGF22-TB4-cbEGF23.pdb	D	99.3	51.5	False	-	21.39	False		
632809	1534	C	S		conflicting			False		True	True	True	1UZJ	EXP_1UZJ_cbEGF22-TB4-cbEGF23.pdb	C	0.0	0.0	True	E	13.17	False	1562	2.04
632808	1353	G	W		conflicting	18		False		False	False	False											
633214	935	C	Y		conflicting	10		False	C4	True	True	True	2W86	EXP_2W86_cbEGF9-hyb2-cbEGF10.pdb	C	6.5	3.9	True	E	10.77	False	921	2.02
633213	450	T	A	vus	vus			False		False	False	False											
632802	223	M	I		conflicting			False		False	False	False											
635278	1646	C	F		pathogenic	23		False	C6	True	True	True	1UZJ	EXP_1UZJ_cbEGF22-TB4-cbEGF23.pdb	C	13.6	8.1	True	E	17.65	False	1633	2.04
636638	2607	D	N	pathogenic	pathogenic	42	ca_D1	True		False	True	False											
636935	2364	C	Y		conflicting			False		True	True	False											
636975	2350	I	M		vus			False		False	False	False											
636543	2251	C	G		pathogenic	35		False	C1	True	True	False											
636946	2206	D	G		conflicting	34	ca_D1	True		False	True	False											
636895	2170	C	R	pathogenic	pathogenic	33		False	C1	True	True	True	1EMN	EXP_1EMN_cbEGF32-33.pdb	C	29.6	17.7	True	G	5.56	False	2181	2.02
636784	1642	D	G		conflicting	23		False		False	False	True	1UZJ	EXP_1UZJ_cbEGF22-TB4-cbEGF23.pdb	D	116.6	60.4	False	T	17.79	False		
636765	1337	A	V		vus	18		False		False	False	False											
636757	1198	I	T	vus	vus	15	ca_backbone_1	False		False	False	False											
637004	845	C	S		pathogenic	9		False	C6	True	True	True	2W86	EXP_2W86_cbEGF9-hyb2-cbEGF10.pdb	C	2.5	1.5	True	E	17.56	False	832	2.03
636896	737	G	R	vus	vus	7		False		False	True	False											
636747	612	K	N		vus	5		False		False	False	False											
636447	513	C	Y		pathogenic	3		False	C4	True	True	False											
636640	460	C	Y	pathogenic	pathogenic			False		True	True	False											
636478	45	R	G	vus	vus			False		False	False	False											
638157	2402	D	N		pathogenic	37	ca_D1	True		False	True	False											
638555	2276	C	W		pathogenic	35		False	C5	True	True	False											
638559	1989	C	F	pathogenic	pathogenic	30		False	C3	True	True	False											
638563	739	C	W		pathogenic	7		False	C3	True	True	False											
638643	921	C	R		pathogenic	10		False	C2	True	True	True	2W86	EXP_2W86_cbEGF9-hyb2-cbEGF10.pdb	C	8.5	5.1	True	S	11.47	False	935	2.02
638676	950	C	S		pathogenic	10		False	C6	True	True	True	2W86	EXP_2W86_cbEGF9-hyb2-cbEGF10.pdb	C	4.9	3.0	True	B	17.7	False	937	2.07
650768	2866	I	N		conflicting			False		False	False	False											
662665	2864	M	T		pathogenic			False		False	False	False											
659714	2790	H	R		vus			False		False	False	False											
659948	2786	T	A		conflicting			False		False	False	False											
654730	2772	S	G		conflicting			False		False	False	False											
661655	2715	C	Y		vus			False		True	True	False											
652442	2687	V	F	vus	vus	43		False		False	False	False											
654002	2672	C	F		conflicting	43		False	C4	True	True	False											
661431	2663	C	Y	pathogenic	pathogenic	43		False	C3	True	True	False											
653296	2646	C	Y		pathogenic	42		False	C6	True	True	False											
659715	2646	C	S		pathogenic	42		False	C6	True	True	False											
659764	2638	Q	H		vus	42		False		False	False	False											
660361	2589	R	G		conflicting	41		False		False	False	False											
656559	2560	Q	H		vus	40		False		False	False	False											
654126	2471	P	L		conflicting	38		False		False	False	False											
664702	2459	C	F		pathogenic	38		False	C3	True	True	False											
646261	2442	C	Y	pathogenic	pathogenic	37		False	C6	True	True	False											
648865	2366	D	N		benign			False		False	False	False											
662097	2306	R	C	pathogenic	pathogenic	36		False		False	True	False											
653363	2289	C	Y	pathogenic	pathogenic	35		False	C6	True	True	False											
662944	2250	E	K		conflicting	35	ca_EH	True		False	True	False											
643925	2208	N	S		conflicting	34	ca_DN2	True		False	False	False											
649846	2201	M	L	vus	vus	33		False		False	False	True	1EMN	EXP_1EMN_cbEGF32-33.pdb	M	88.7	39.6	False	S	7.36	False		
647088	2195	G	V		pathogenic	33		False		False	False	True	1EMN	EXP_1EMN_cbEGF32-33.pdb	G	85.9	82.6	False	S	22.48	False		
662658	2151	C	Y		pathogenic	32		False	C4	True	True	True	1EMN	EXP_1EMN_cbEGF32-33.pdb	C	20.6	12.3	True	E	11.1	False	2137	2.02
664437	2131	C	W	pathogenic	pathogenic	32		False	C1	True	True	True	1EMN	EXP_1EMN_cbEGF32-33.pdb	C	5.3	3.2	True	S	6.78	False	2142	2.02
640534	1994	G	L		vus	30		False		False	True	False											
641330	1910	G	C		pathogenic	28		False		False	True	False											
659198	1893	N	K		pathogenic	28	ca_DN2	True		False	True	False											
652102	1880	F	S		vus	27		False		False	False	False											
645309	1860	C	Y	pathogenic	pathogenic	27		False	C2	True	True	False											
642146	1839	Y	C		vus	26		False		False	True	False											
649332	1829	G	R		pathogenic	26		False		False	True	False											
660084	1824	C	Y		pathogenic	26		False	C3	True	True	False											
655979	1812	C	R	pathogenic	pathogenic	26		False	C1	True	True	False											
647812	1793	C	R	pathogenic	pathogenic	25		False	C5	True	True	False											
647128	1760	Y	C	vus	vus			False		False	True	False											
640108	1672	C	F	pathogenic	pathogenic	24		False	C4	True	True	False											
661945	1572	T	A	vus	vus			False		False	False	True	1UZJ	EXP_1UZJ_cbEGF22-TB4-cbEGF23.pdb	T	102.9	59.8	False	T	23.13	False		
652226	1525	G	D		vus	22		False		False	False	True	1UZJ	EXP_1UZJ_cbEGF22-TB4-cbEGF23.pdb	G	0.0	0.0	True	B	14.97	False		
640417	1514	P	L		vus	22		False		False	False	True	1UZJ	EXP_1UZJ_cbEGF22-TB4-cbEGF23.pdb	P	28.9	18.2	True	P	19.55	False		
660076	1428	R	C		conflicting	20		False		False	True	False											
641887	1426	G	R		vus	20	ca_backbone_3	False		False	True	False											
647282	1376	Q	R	vus	vus	19		False		False	False	False											
639403	1320	C	R	pathogenic	pathogenic	17		False	C6	True	True	False											
658778	1225	P	L		conflicting	15		False		False	False	False											
639700	1209	E	V		vus	15		False		False	False	False											
639698	1197	D	V		vus	15	ca_D1	True		False	True	False											
647760	1158	E	G		pathogenic	14	ca_EH	True		False	True	False											
660460	1134	G	R		conflicting	13		False		False	True	True	1LMJ	EXP_1LMJ_cbEGF12-13.pdb	G	5.1	4.9	True	T	4.73	False		
665324	1068	C	S		pathogenic	11		False	C6	True	True	False											
646221	1058	G	D		pathogenic	11		False		False	False	False											
652696	1054	R	S		vus	11		False		False	False	False											
650941	975	H	Y	vus	vus			False		False	False	False											
661278	968	T	S	vus	vus			False		False	False	False											
641157	963	E	K	vus	vus			False		False	False	False											
652247	914	C	R		pathogenic	10		False	C1	True	True	True	2W86	EXP_2W86_cbEGF9-hyb2-cbEGF10.pdb	C	29.4	17.6	True	H	6.45	False	926	2.05
642667	875	C	S		pathogenic			False		True	True	True	2W86	EXP_2W86_cbEGF9-hyb2-cbEGF10.pdb	C	0.0	0.0	True	H	11.28	False	853	2.04
647275	832	C	S		pathogenic	9		False	C5	True	True	True	2W86	EXP_2W86_cbEGF9-hyb2-cbEGF10.pdb	C	38.7	23.2	False	-	16.99	False	845	2.03
656190	805	C	Y		pathogenic	8		False	C6	True	True	False											
642750	705	A	T		pathogenic			False		False	False	False											
646759	685	C	S		pathogenic			False		True	True	False											
650371	624	M	R		vus	6		False		False	False	False											
654480	608	G	E	vus	vus	5		False		False	False	False											
660849	572	D	G		conflicting	5	ca_D1	True		False	True	False											
653004	504	C	S		pathogenic	3		False	C3	True	True	False											
664156	486	G	E		vus			False		False	False	False											
657652	404	P	L		conflicting			False		False	False	False											
660486	402	P	L		vus			False		False	False	False											
654549	392	P	R		conflicting			False		False	False	False											
643422	386	N	H		vus			False		False	False	False											
647600	366	W	C	pathogenic	pathogenic			False		False	True	False											
661976	332	R	L		vus			False		False	False	False											
649153	68	C	Y	pathogenic	pathogenic			False		True	True	False											
662622	49	G	A	vus	vus			False		False	False	False											
667006	1138	C	Y		pathogenic	13		False	C4	True	True	True	1LMJ	EXP_1LMJ_cbEGF12-13.pdb	C	21.0	12.6	True	E	10.87	False	1124	2.03
667456	2275	I	M		vus	35		False		False	False	False											
667452	2147	G	D		conflicting	32		False		False	False	True	1EMN	EXP_1EMN_cbEGF32-33.pdb	G	71.2	68.5	False	S	4.99	False		
667451	1146	L	R			13		False		False	False	True	1LMJ	EXP_1LMJ_cbEGF12-13.pdb	L	31.2	15.5	True	-	15.24	False		
667457	871	L	F		vus			False		False	False	True	2W86	EXP_2W86_cbEGF9-hyb2-cbEGF10.pdb	L	59.5	29.6	False	-	13.45	False		
667455	524	T	K			3		False		False	False	False											
667453	486	G	W					False		False	False	False											
667454	95	S	W					False		False	False	False											
684493	1570	W	R					False		False	False	True	1UZJ	EXP_1UZJ_cbEGF22-TB4-cbEGF23.pdb	W	5.8	2.0	True	E	16.29	False		
684608	2295	C	W			36		False	C1	True	True	False											
684600	2049	S	G			31		False		False	False	False											
684599	2040	C	R			31		False	C5	True	True	False											
684598	1893	N	S	pathogenic	pathogenic	28	ca_DN2	True		False	False	False											
684597	1833	C	Y		pathogenic	26		False	C4	True	True	False											
684596	1806	C	G			25		False	C6	True	True	False											
684590	1022	G	E					False		False	False	False											
684588	880	G	C		pathogenic			False		False	True	True	2W86	EXP_2W86_cbEGF9-hyb2-cbEGF10.pdb	G	11.9	11.5	True	-	12.08	False		
684582	685	C	R					False		True	True	False											
684580	630	N	H			6	ca_DN_bOH	True		False	True	False											
684579	628	C	N			6		False	C3	True	True	False											
684577	545	R	P			4		False		False	False	False											
684576	460	C	S					False		True	True	False											
684575	327	R	G	vus	vus	2		False		False	False	False											
684574	212	T	P		pathogenic			False		False	False	False											
684571	100	C	R		pathogenic			False		True	True	False											
684570	68	C	R					False		True	True	False											
684730	1095	C	S		pathogenic	12		False	C4	True	True	True	1LMJ	EXP_1LMJ_cbEGF12-13.pdb	C	26.8	16.1	True	E	10.86	False	1081	2.03
684777	1793	C	Y		pathogenic	25		False	C5	True	True	False											
684779	805	C	W	pathogenic	pathogenic	8		False	C6	True	True	False											
684790	1889	C	Y	pathogenic	pathogenic	27		False	C6	True	True	False											
684789	1398	D	N		pathogenic	19		False		False	False	False											
689478	1876	C	S		pathogenic	27		False	C5	True	True	False											
689491	1824	C	F		pathogenic	26		False	C3	True	True	False											
689583	2592	C	G			41		False	C5	True	True	False											
689552	2315	T	A	vus	vus	36		False		False	False	False											
690431	2390	C	S	pathogenic	pathogenic			False		True	True	False											
690432	2363	C	G	pathogenic	pathogenic			False		True	True	False											
690486	1777	C	R		pathogenic	25		False	C2	True	True	False											
691913	265	T	I	vus	vus	1	ca_backbone_2	False		False	False	False											
694262	1847	C	S		pathogenic	26		False	C6	True	True	False											
724608	2037	K	R		conflicting	31		False		False	False	False											
803079	2610	E	D		vus	42	ca_EH	True		False	True	False											
803082	2027	G	C		pathogenic	31		False		False	True	False											
803086	1695	C	G		pathogenic			False		True	True	False											
803087	1663	C	S		pathogenic	24		False	C3	True	True	False											
803088	1563	C	S		pathogenic			False		True	True	True	1UZJ	EXP_1UZJ_cbEGF22-TB4-cbEGF23.pdb	C	6.8	4.1	True	H	12.06	False	1577	2.04
803089	1350	C	G		pathogenic	18		False	C5	True	True	False											
803090	1350	C	R	pathogenic	pathogenic	18		False	C5	True	True	False											
803091	1182	C	Y	pathogenic	pathogenic	14		False	C5	True	True	False											
803095	587	C	R		pathogenic	5		False	C3	True	True	False											
803096	560	G	V	pathogenic	pathogenic	4		False		False	False	False											
803097	377	C	Y	pathogenic	pathogenic			False		True	True	False											
803098	166	C	R	pathogenic	pathogenic			False		True	True	False											
807242	2201	M	V	vus	vus	33		False		False	False	True	1EMN	EXP_1EMN_cbEGF32-33.pdb	M	88.7	39.6	False	S	7.36	False		
807243	1752	R	S		vus			False		False	False	False											
807244	1720	C	R	pathogenic	pathogenic			False		True	True	False											
807245	1529	T	I		vus			False		False	False	True	1UZJ	EXP_1UZJ_cbEGF22-TB4-cbEGF23.pdb	T	89.6	52.1	False	-	19.45	False		
807248	692	F	C		vus			False		False	True	False											
807250	299	C	R	pathogenic	pathogenic	2		False	C2	True	True	False											
807251	293	S	N		vus	2		False		False	False	False											
807252	165	R	Q		conflicting			False		False	False	False											
807254	50	H	Q		vus			False		False	False	False											
810672	2038	C	S		pathogenic	31		False	C4	True	True	False											
811957	2024	C	Y	pathogenic	pathogenic	31		False	C2	True	True	False											
811830	2003	G	R	vus	vus	30		False		False	False	False											
811411	1942	C	R	pathogenic	pathogenic	29		False	C2	True	True	False											
812041	168	C	Y	pathogenic	pathogenic			False		True	True	False											
811134	2	R	G	vus	vus			False		False	False	False											
828000	2082	E	Q	vus	vus			False		False	False	False											
828129	876	C	F	pathogenic	pathogenic			False		True	True	True	2W86	EXP_2W86_cbEGF9-hyb2-cbEGF10.pdb	C	9.4	5.6	True	H	12.13	False	890	2.04
848113	2795	I	N		vus			False		False	False	False											
864722	2732	S	N		vus			False		False	False	False											
847326	2710	L	P		vus			False		False	False	False											
857658	2672	C	R		pathogenic	43		False	C4	True	True	False											
844728	2622	C	S	pathogenic	pathogenic	42		False	C3	True	True	False											
837695	2615	H	D		vus	42		False		False	False	False											
854052	2583	N	S	vus	vus	41	ca_DN_bOH	True		False	True	False											
858956	2566	E	A	vus	vus	40		False		False	False	False											
842096	2563	S	C		vus	40		False		False	True	False											
843462	2552	C	F		pathogenic	40		False	C5	True	True	False											
859479	2546	G	R		conflicting	40		False		False	True	False											
839607	2524	D	H		vus	40	ca_D1	True		False	True	False											
852973	2467	Q	P		vus	38		False		False	False	False											
849304	2454	P	T	vus	vus	38		False		False	False	False											
842263	2406	C	R		pathogenic	37		False	C1	True	True	False											
856730	2302	C	Y		pathogenic	36		False	C2	True	True	False											
843495	2279	G	R		conflicting	35		False		False	False	False											
855685	2270	G	V		vus	35		False		False	True	False											
837738	2215	L	M	vus	vus	34		False		False	False	False											
857010	2171	S	F	vus	vus	33		False		False	False	True	1EMN	EXP_1EMN_cbEGF32-33.pdb	S	85.6	55.2	False	G	7.48	False		
863326	2154	P	S		vus	32		False		False	False	True	1EMN	EXP_1EMN_cbEGF32-33.pdb	P	67.4	42.4	False	-	10.44	False		
835729	2117	I	N	vus	vus			False		False	False	False											
855800	2099	C	Y	pathogenic	pathogenic			False		True	True	False											
840655	2044	F	V	vus	vus	31		False		False	False	False											
835183	1999	I	V	vus	vus	30		False		False	False	False											
852975	1971	C	R	pathogenic	pathogenic	29		False	C6	True	True	False											
834675	1948	I	V		conflicting	29		False		False	False	False											
854432	1947	C	G		pathogenic	29		False	C3	True	True	False											
845508	1826	N	S	vus	vus	26	ca_DN_bOH	True		False	True	False											
842482	1770	C	Y	pathogenic	pathogenic	25		False	C1	True	True	False											
858489	1606	D	N		vus	23	ca_D1	True		False	True	True	1UZJ	EXP_1UZJ_cbEGF22-TB4-cbEGF23.pdb	D	32.2	16.7	True	E	2.54	True		
847220	1583	S	A	vus	vus			False		False	False	True	1UZJ	EXP_1UZJ_cbEGF22-TB4-cbEGF23.pdb	S	74.5	48.1	False	H	21.59	False		
857217	1563	C	W	pathogenic	pathogenic			False		True	True	True	1UZJ	EXP_1UZJ_cbEGF22-TB4-cbEGF23.pdb	C	6.8	4.1	True	H	12.06	False	1577	2.04
847866	1563	C	Y	pathogenic	pathogenic			False		True	True	True	1UZJ	EXP_1UZJ_cbEGF22-TB4-cbEGF23.pdb	C	6.8	4.1	True	H	12.06	False	1577	2.04
850247	1490	E	G		vus	22	ca_EH	True		False	True	True	1UZJ	EXP_1UZJ_cbEGF22-TB4-cbEGF23.pdb	E	43.7	19.6	True	G	2.55	True		
848754	1438	S	G	vus	vus	20		False		False	False	False											
849542	1338	V	I		conflicting	18		False		False	False	False											
857099	1310	G	C		pathogenic	17		False		False	True	False											
847403	1284	C	R		pathogenic	17		False	C1	True	True	False											
848945	1275	M	V	vus	vus	16		False		False	False	False											
851489	1241	E	G		pathogenic	16	ca_EH	True		False	True	False											
863722	1166	C	Y	pathogenic	pathogenic	14		False	C2	True	True	False											
855960	1129	C	R		pathogenic	13		False	C3	True	True	True	1LMJ	EXP_1LMJ_cbEGF12-13.pdb	C	33.2	19.9	True	E	7.73	False	1117	2.03
859589	1088	N	K		vus	12	ca_DN_bOH	True		False	True	True	1LMJ	EXP_1LMJ_cbEGF12-13.pdb	N	67.0	34.3	False	E	2.6	True		
858220	996	C	S		pathogenic			False		True	True	False											
852682	904	K	R		conflicting			False		False	False	True	2W86	EXP_2W86_cbEGF9-hyb2-cbEGF10.pdb	K	114.3	48.4	False	E	16.87	False		
853703	882	A	T	pathogenic	pathogenic			False		False	False	True	2W86	EXP_2W86_cbEGF9-hyb2-cbEGF10.pdb	A	0.0	0.0	True	E	17.34	False		
857483	862	C	R	pathogenic	pathogenic			False		True	True	True	2W86	EXP_2W86_cbEGF9-hyb2-cbEGF10.pdb	C	18.6	11.2	True	E	22.82	False	887	2.09
864732	854	W	S		pathogenic			False		False	False	True	2W86	EXP_2W86_cbEGF9-hyb2-cbEGF10.pdb	W	47.1	16.5	True	E	16.66	False		
837264	854	W	R		conflicting			False		False	False	True	2W86	EXP_2W86_cbEGF9-hyb2-cbEGF10.pdb	W	47.1	16.5	True	E	16.66	False		
863983	780	Q	P	vus	vus	8		False		False	False	False											
835249	764	V	I		conflicting	7		False		False	False	False											
859325	762	N	K		vus	7		False		False	False	False											
834873	714	G	R	vus	vus			False		False	False	False											
854807	699	C	S		pathogenic			False		True	True	False											
854113	684	C	Y	pathogenic	pathogenic			False		True	True	False											
858022	652	C	Y	pathogenic	pathogenic	6		False	C6	True	True	False											
839687	652	C	R		pathogenic	6		False	C6	True	True	False											
836639	626	G	R		pathogenic	6		False		False	True	False											
836596	555	C	R	pathogenic	pathogenic	4		False	C4	True	True	False											
857616	553	F	I		vus	4	ca_YF	True		False	True	False											
846906	499	C	S		pathogenic	3		False	C2	True	True	False											
862212	464	R	S	vus	vus			False		False	False	False											
854683	430	P	T	vus	vus			False		False	False	False											
836106	399	P	L	vus	vus			False		False	False	False											
837209	367	S	P		vus			False		False	False	False											
850750	321	T	I		vus	2		False		False	False	False											
834418	275	A	T	vus	vus	1		False		False	False	False											
859337	255	G	R	vus	vus	1		False		False	False	False											
844064	208	L	H		vus			False		False	False	False											
836146	200	S	G	vus	vus			False		False	False	False											
841509	168	C	R	pathogenic	pathogenic			False		True	True	False											
850078	70	G	R		conflicting			False		False	False	False											
841878	68	C	F		pathogenic			False		True	True	False											
858546	43	K	T	vus	vus			False		False	False	False											
860251	18	A	P	vus	vus			False		False	False	False											
864854	1053	C	W		pathogenic	11		False	C4	True	True	False											
870137	1497	C	S			22		False	C2	True	True	True	1UZJ	EXP_1UZJ_cbEGF22-TB4-cbEGF23.pdb	C	8.3	5.0	True	S	10.65	False	1511	2.03
872711	2157	Y	C		vus	32		False		False	True	True	1EMN	EXP_1EMN_cbEGF32-33.pdb	Y	58.5	22.2	False	E	7.0	False		
3386823	1020	T	R		vus			False		False	False	False											
3375627	190	I	F	vus	vus			False		False	False	False											
873484	2677	G	S	vus	vus	43		False		False	False	False											
885367	2518	H	Q		vus	39		False		False	False	False											
886456	2355	R	K		conflicting			False		False	False	False											
884560	2330	E	K	vus	vus	36		False		False	False	False											
884681	2202	M	K		vus	33		False		False	False	True	1EMN	EXP_1EMN_cbEGF32-33.pdb	M	153.0	68.3	False	S	9.82	False		
885629	2194	E	D		vus	33		False		False	False	True	1EMN	EXP_1EMN_cbEGF32-33.pdb	E	157.6	70.7	False	S	20.83	False		
886701	2097	E	K	vus	vus			False		False	False	False											
886749	1810	D	V		vus	26	ca_DN2	True		False	True	False											
888018	1810	D	Y		vus	26	ca_DN2	True		False	True	False											
885815	1768	D	E		conflicting	25	ca_DN2	True		False	True	False											
885169	1192	R	G	vus	vus	14		False		False	False	False											
887213	1075	R	H		conflicting	12		False		False	False	True	1LMJ	EXP_1LMJ_cbEGF12-13.pdb	R	198.0	72.3	False	T	8.53	False		
884371	740	E	G	vus	vus	7		False		False	False	False											
884621	225	P	A		vus			False		False	False	False											
884752	31	A	T		conflicting			False		False	False	False											
885690	13	F	C		conflicting			False		False	True	False											
915543	2837	Y	C	vus	vus			False		False	True	False											
915544	2801	D	A		vus			False		False	False	False											
915546	2559	D	V		vus	40		False		False	False	False											
915547	2221	C	F		pathogenic	34		False	C3	True	True	False											
915610	2196	F	V	vus	vus	33		False		False	False	True	1EMN	EXP_1EMN_cbEGF32-33.pdb	F	51.6	21.5	False	S	16.26	False		
915611	1947	C	F		pathogenic	29		False	C3	True	True	False											
915613	1892	I	V		conflicting	28	ca_backbone_1	False		False	False	False											
915615	1632	R	H		conflicting	23		False		False	False	True	1UZJ	EXP_1UZJ_cbEGF22-TB4-cbEGF23.pdb	R	143.5	52.4	False	E	13.53	False		
915678	1594	G	C		pathogenic			False		False	True	True	1UZJ	EXP_1UZJ_cbEGF22-TB4-cbEGF23.pdb	G	2.2	2.1	True	T	4.83	False		
915679	1546	D	Y		vus			False		False	False	True	1UZJ	EXP_1UZJ_cbEGF22-TB4-cbEGF23.pdb	D	142.8	74.0	False	S	31.34	False		
915680	1343	A	S		vus	18		False		False	False	False											
915681	1310	G	V		vus	17		False		False	False	False											
915682	1301	G	V		conflicting	17		False		False	True	False											
915814	887	C	Y	pathogenic	pathogenic			False		True	True	True	2W86	EXP_2W86_cbEGF9-hyb2-cbEGF10.pdb	C	40.4	24.2	False	T	22.99	False	862	2.09
915815	830	C	S		pathogenic	9		False	C4	True	True	True	2W86	EXP_2W86_cbEGF9-hyb2-cbEGF10.pdb	C	5.0	3.0	True	E	10.64	False	816	2.02
915816	655	T	R		vus			False		False	False	False											
915551	596	C	Y	pathogenic	pathogenic	5		False	C4	True	True	False											
915553	153	G	S	vus	vus			False		False	False	False											
918026	125	N	S		vus			False		False	False	False											
927302	2870	L	F		vus			False		False	False	False											
926615	2865	K	N		vus			False		False	False	False											
919100	2865	K	E	vus	vus			False		False	False	False											
921035	2849	Y	N	vus	vus			False		False	False	False											
922383	2846	E	G	vus	vus			False		False	False	False											
922325	2845	L	V	vus	vus			False		False	False	False											
924542	2842	L	F	vus	vus			False		False	False	False											
927102	2834	T	I	vus	vus			False		False	False	False											
921090	2833	S	T		vus			False		False	False	False											
918186	2832	S	N	vus	vus			False		False	False	False											
925385	2831	I	M		vus			False		False	False	False											
923409	2823	V	A	vus	vus			False		False	False	False											
920916	2811	G	E	vus	vus			False		False	False	False											
922752	2801	D	H	vus	vus			False		False	False	False											
927358	2789	N	H	vus	vus			False		False	False	False											
925865	2763	I	V		conflicting			False		False	False	False											
927741	2756	W	L		vus			False		False	False	False											
920087	2752	S	N	vus	vus			False		False	False	False											
923537	2747	T	A		vus			False		False	False	False											
921320	2746	E	K		vus			False		False	False	False											
924953	2734	N	D	vus	vus			False		False	False	False											
925919	2727	G	D	vus	vus			False		False	False	False											
919280	2714	A	T	vus	vus			False		False	False	False											
921811	2709	S	L		vus			False		False	False	False											
919600	2708	N	S		conflicting			False		False	False	False											
922436	2690	M	R		conflicting			False		False	False	False											
923457	2690	M	L		vus			False		False	False	False											
918552	2676	P	S		conflicting	43		False		False	False	False											
922973	2673	G	S		vus	43		False		False	False	False											
924642	2664	S	F	vus	vus	43		False		False	False	False											
924798	2658	P	R		vus	43		False		False	False	False											
926733	2640	E	K	vus	vus	42		False		False	False	False											
919783	2634	P	R		vus	42		False		False	False	False											
918775	2626	L	V	vus	vus	42		False		False	False	False											
923404	2602	W	R		vus	41		False		False	False	False											
922215	2601	Q	R	vus	vus	41		False		False	False	False											
927828	2576	R	H		conflicting	41		False		False	False	False											
928216	2562	G	A		vus	40		False		False	False	False											
922931	2562	G	S	vus	vus	40		False		False	False	False											
921473	2554	R	G		vus	40		False		False	False	False											
922051	2549	T	I	vus	vus	40		False		False	False	False											
926099	2536	G	W		vus	40		False		False	True	False											
918500	2523	I	L	vus	vus	39		False		False	False	False											
919826	2516	T	I	vus	vus	39		False		False	False	False											
921486	2491	T	A		vus	39		False		False	False	False											
923954	2485	D	E	vus	vus	39	ca_D1	True		False	True	False											
923195	2482	S	R		vus	38		False		False	False	False											
926584	2458	I	M	vus	vus	38		False		False	False	False											
919568	2456	N	S	vus	vus	38		False		False	False	False											
924255	2428	I	T		conflicting	37		False		False	False	False											
921500	2410	H	Y	vus	vus	37		False		False	False	False											
927327	2410	H	D	vus	vus	37		False		False	False	False											
922516	2398	T	I	vus	vus			False		False	False	False											
922308	2397	M	I	vus	vus			False		False	False	False											
922761	2397	M	V		conflicting			False		False	False	False											
921089	2394	R	Q		conflicting			False		False	False	False											
928188	2334	N	Y	vus	vus			False		False	False	False											
921655	2304	N	S	vus	vus	36		False		False	False	False											
926243	2287	E	Q		conflicting	35		False		False	False	False											
921346	2286	G	E	vus	vus	35		False		False	False	False											
921460	2285	D	G	vus	vus	35		False		False	False	False											
919355	2277	G	E	vus	vus	35		False		False	False	False											
926475	2263	M	V	vus	vus	35		False		False	False	False											
927108	2253	E	D		vus	35		False		False	False	False											
925197	2242	R	H	vus	vus	34		False		False	False	False											
919296	2197	E	A	vus	vus	33		False		False	False	True	1EMN	EXP_1EMN_cbEGF32-33.pdb	E	133.6	59.9	False	-	17.9	False		
927659	2187	G	D	vus	vus	33	ca_backbone_3	False		False	True	True	1EMN	EXP_1EMN_cbEGF32-33.pdb	G	6.3	6.0	True	S	2.44	True		
919259	2175	P	T	vus	vus	33		False		False	False	True	1EMN	EXP_1EMN_cbEGF32-33.pdb	P	29.1	18.3	True	T	8.9	False		
921417	2160	A	T		conflicting	32		False		False	False	True	1EMN	EXP_1EMN_cbEGF32-33.pdb	A	77.7	60.3	False	E	13.57	False		
927129	2117	I	V		conflicting			False		False	False	False											
924256	2113	Y	F		conflicting			False		False	False	False											
924334	2110	I	M		vus			False		False	False	False											
921147	2066	E	K	vus	vus			False		False	False	False											
925538	2064	K	M		vus			False		False	False	False											
923481	2049	S	R		vus	31		False		False	False	False											
924139	2047	S	P		vus	31		False		False	False	False											
927215	2045	S	F		vus	31		False		False	False	False											
918784	2006	L	R		vus	30		False		False	False	False											
924242	1997	R	K		vus	30		False		False	False	False											
921917	1988	T	I		conflicting	30		False		False	False	False											
923013	1964	V	A		vus	29		False		False	False	False											
925249	1959	N	S		conflicting	29		False		False	False	False											
920583	1959	N	D	vus	vus	29		False		False	False	False											
924129	1955	Q	H	vus	vus	29		False		False	False	False											
924564	1926	N	K		vus	28		False		False	False	False											
926906	1913	N	S	vus	vus	28		False		False	False	False											
922756	1908	T	I	vus	vus	28	ca_backbone_2	False		False	False	False											
925107	1904	T	I	vus	vus	28		False		False	False	False											
928372	1868	T	I		conflicting	27	ca_backbone_2	False		False	False	False											
918768	1868	T	R	vus	vus	27	ca_backbone_2	False		False	False	False											
925188	1866	I	T		conflicting	27		False		False	False	False											
926451	1866	I	V		conflicting	27		False		False	False	False											
919716	1862	H	R		conflicting	27		False		False	False	False											
924212	1857	P	S	vus	vus	27		False		False	False	False											
919776	1850	R	C		conflicting	27	ca_backbone_1	False		False	True	False											
921405	1844	T	K		vus	26		False		False	False	False											
922403	1844	T	A		vus	26		False		False	False	False											
923648	1837	P	R	vus	vus	26		False		False	False	False											
927315	1830	S	N	vus	vus	26	ca_backbone_3	False		False	False	False											
925058	1822	A	T	vus	vus	26		False		False	False	False											
918773	1820	R	H	vus	vus	26		False		False	False	False											
927991	1817	V	M	vus	vus	26		False		False	False	False											
926777	1802	K	N		vus	25		False		False	False	False											
926630	1785	M	I		vus	25	ca_backbone_2	False		False	False	False											
923469	1771	R	Q		conflicting	25		False		False	False	False											
918678	1771	R	W	vus	vus	25		False		False	False	False											
924671	1765	V	I	vus	vus			False		False	False	False											
920294	1726	G	S		vus			False		False	False	False											
921816	1714	M	I		vus			False		False	False	False											
926028	1696	Y	H		conflicting			False		False	False	False											
925501	1690	M	T		vus			False		False	False	False											
923072	1688	M	V		vus	24		False		False	False	False											
920891	1683	G	E		vus	24		False		False	False	False											
925481	1656	G	V		vus	24		False		False	False	False											
923488	1636	G	S	vus	vus	23		False		False	False	True	1UZJ	EXP_1UZJ_cbEGF22-TB4-cbEGF23.pdb	G	52.5	50.5	False	T	24.88	False		
923327	1635	T	A		vus	23		False		False	False	True	1UZJ	EXP_1UZJ_cbEGF22-TB4-cbEGF23.pdb	T	141.2	82.1	False	T	22.74	False		
928232	1632	R	C	vus	vus	23		False		False	True	True	1UZJ	EXP_1UZJ_cbEGF22-TB4-cbEGF23.pdb	R	143.5	52.4	False	E	13.53	False		
921248	1615	G	R		vus	23		False		False	False	True	1UZJ	EXP_1UZJ_cbEGF22-TB4-cbEGF23.pdb	G	10.4	10.0	True	G	12.86	False		
924932	1611	Q	R		vus	23		False		False	False	True	1UZJ	EXP_1UZJ_cbEGF22-TB4-cbEGF23.pdb	Q	141.0	62.7	False	H	8.11	False		
923819	1596	R	Q	vus	vus			False		False	False	True	1UZJ	EXP_1UZJ_cbEGF22-TB4-cbEGF23.pdb	R	43.1	15.7	True	E	8.84	False		
925980	1586	K	R		vus			False		False	False	True	1UZJ	EXP_1UZJ_cbEGF22-TB4-cbEGF23.pdb	K	140.9	59.7	False	H	18.01	False		
927888	1573	P	L	vus	vus			False		False	False	True	1UZJ	EXP_1UZJ_cbEGF22-TB4-cbEGF23.pdb	P	129.6	81.5	False	T	24.34	False		
924693	1560	A	T	vus	vus			False		False	False	True	1UZJ	EXP_1UZJ_cbEGF22-TB4-cbEGF23.pdb	A	10.9	8.5	True	H	10.68	False		
925889	1547	T	R	vus	vus			False		False	False	True	1UZJ	EXP_1UZJ_cbEGF22-TB4-cbEGF23.pdb	T	119.9	69.7	False	-	28.27	False		
925754	1541	R	Q	vus	vus			False		False	False	True	1UZJ	EXP_1UZJ_cbEGF22-TB4-cbEGF23.pdb	R	178.2	65.0	False	T	29.21	False		
924833	1537	D	Y	vus	vus			False		False	False	True	1UZJ	EXP_1UZJ_cbEGF22-TB4-cbEGF23.pdb	D	69.3	35.9	False	E	19.19	False		
926574	1533	N	S		conflicting			False		False	False	True	1UZJ	EXP_1UZJ_cbEGF22-TB4-cbEGF23.pdb	N	35.4	18.1	True	E	17.05	False		
926280	1530	R	H	vus	vus			False		False	False	True	1UZJ	EXP_1UZJ_cbEGF22-TB4-cbEGF23.pdb	R	88.8	32.4	False	-	18.16	False		
918685	1530	R	S		vus			False		False	False	True	1UZJ	EXP_1UZJ_cbEGF22-TB4-cbEGF23.pdb	R	88.8	32.4	False	-	18.16	False		
924550	1524	V	I	vus	vus	22		False		False	False	True	1UZJ	EXP_1UZJ_cbEGF22-TB4-cbEGF23.pdb	V	57.0	32.8	False	S	13.0	False		
926690	1523	R	Q	vus	vus	22		False		False	False	True	1UZJ	EXP_1UZJ_cbEGF22-TB4-cbEGF23.pdb	R	165.8	60.5	False	S	11.58	False		
928275	1516	D	E	vus	vus	22		False		False	False	True	1UZJ	EXP_1UZJ_cbEGF22-TB4-cbEGF23.pdb	D	77.7	40.3	False	T	22.23	False		
920832	1515	P	S	vus	vus	22		False		False	False	True	1UZJ	EXP_1UZJ_cbEGF22-TB4-cbEGF23.pdb	P	119.4	75.1	False	T	23.04	False		
926276	1494	P	S		vus	22		False		False	False	True	1UZJ	EXP_1UZJ_cbEGF22-TB4-cbEGF23.pdb	P	127.4	80.1	False	T	13.02	False		
925320	1493	D	G	vus	vus	22		False		False	False	True	1UZJ	EXP_1UZJ_cbEGF22-TB4-cbEGF23.pdb	D	72.4	37.5	False	S	10.18	False		
922683	1469	R	H	vus	vus	21		False		False	False	False											
927577	1464	L	F		vus	21	ca_backbone_2	False		False	False	False											
918869	1454	N	S	vus	vus	21		False		False	False	False											
924199	1446	D	G		conflicting	21	ca_D1	True		False	True	False											
925008	1443	A	V	vus	vus	20		False		False	False	False											
923131	1437	P	A		vus	20		False		False	False	False											
922236	1432	D	N	vus	vus	20		False		False	False	False											
920374	1426	G	A	vus	vus	20	ca_backbone_3	False		False	True	False											
918294	1411	N	H		vus	20		False		False	False	False											
927657	1397	G	V		conflicting	19		False		False	False	False											
927669	1396	T	I	vus	vus	19		False		False	False	False											
924866	1396	T	A		vus	19		False		False	False	False											
922079	1388	R	L	vus	vus	19		False		False	False	False											
926775	1388	R	C	vus	vus	19		False		False	True	False											
922913	1384	M	I		conflicting	19		False		False	False	False											
920777	1376	Q	H		vus	19		False		False	False	False											
924587	1362	T	P		vus	18		False		False	False	False											
918578	1332	N	K		vus	18		False		False	False	False											
924335	1313	G	R		vus	17		False		False	False	False											
923162	1309	M	V	vus	vus	17		False		False	False	False											
926085	1290	I	T	vus	vus	17		False		False	False	False											
921344	1256	N	D		conflicting	16	ca_DN_bOH	True		False	True	False											
928181	1237	T	A	vus	vus	15		False		False	False	False											
928219	1230	M	L		conflicting	15		False		False	False	False											
919912	1202	S	I	vus	vus	15		False		False	False	False											
928399	1198	I	V	vus	vus	15	ca_backbone_1	False		False	False	False											
922040	1190	P	Q	vus	vus	14		False		False	False	False											
919653	1160	E	K	vus	vus	14		False		False	False	False											
927077	1142	P	R	vus	vus	13		False		False	False	True	1LMJ	EXP_1LMJ_cbEGF12-13.pdb	P	108.4	68.2	False	T	18.47	False		
920151	1141	P	A		vus	13		False		False	False	True	1LMJ	EXP_1LMJ_cbEGF12-13.pdb	P	87.5	55.0	False	-	18.58	False		
918493	1135	S	R	vus	vus	13	ca_backbone_3	False		False	False	True	1LMJ	EXP_1LMJ_cbEGF12-13.pdb	S	41.5	26.7	False	E	3.41	False		
927858	1114	I	T		vus	13	ca_backbone_1	False		False	False	True	1LMJ	EXP_1LMJ_cbEGF12-13.pdb	I	55.9	28.4	False	-	2.44	True		
923663	1114	I	V		conflicting	13	ca_backbone_1	False		False	False	True	1LMJ	EXP_1LMJ_cbEGF12-13.pdb	I	55.9	28.4	False	-	2.44	True		
919241	1089	T	N		vus	12	ca_backbone_2	False		False	False	True	1LMJ	EXP_1LMJ_cbEGF12-13.pdb	T	18.4	10.7	True	E	2.45	True		
927045	1054	R	G		vus	11		False		False	False	False											
924460	1040	T	N		vus	11		False		False	False	False											
924838	1026	F	V		vus			False		False	False	False											
925193	1009	P	L		conflicting			False		False	False	False											
921753	1006	E	K		conflicting			False		False	False	False											
918728	1000	N	S		vus			False		False	False	False											
919063	961	R	S	benign	benign			False		False	False	False											
926148	953	I	T	vus	vus			False		False	False	False											
919363	934	K	T	vus	vus	10		False		False	False	True	2W86	EXP_2W86_cbEGF9-hyb2-cbEGF10.pdb	K	116.5	49.4	False	E	7.29	False		
920774	931	G	A	vus	vus	10		False		False	False	True	2W86	EXP_2W86_cbEGF9-hyb2-cbEGF10.pdb	G	21.3	20.4	False	T	3.91	False		
923997	923	N	S	vus	vus	10		False		False	False	True	2W86	EXP_2W86_cbEGF9-hyb2-cbEGF10.pdb	N	68.7	35.2	False	S	18.14	False		
920776	916	V	G		vus	10		False		False	False	True	2W86	EXP_2W86_cbEGF9-hyb2-cbEGF10.pdb	V	7.5	4.3	True	H	8.21	False		
925624	909	E	D		vus			False		False	False	True	2W86	EXP_2W86_cbEGF9-hyb2-cbEGF10.pdb	E	78.1	35.0	False	E	7.43	False		
918481	895	I	V		conflicting			False		False	False	True	2W86	EXP_2W86_cbEGF9-hyb2-cbEGF10.pdb	I	73.9	37.5	False	T	15.03	False		
920896	889	L	P		conflicting			False		False	False	True	2W86	EXP_2W86_cbEGF9-hyb2-cbEGF10.pdb	L	114.8	57.1	False	E	19.51	False		
919927	874	Q	H		vus			False		False	False	True	2W86	EXP_2W86_cbEGF9-hyb2-cbEGF10.pdb	Q	38.7	17.2	True	H	8.35	False		
922499	874	Q	R	vus	vus			False		False	False	True	2W86	EXP_2W86_cbEGF9-hyb2-cbEGF10.pdb	Q	38.7	17.2	True	H	8.35	False		
921724	855	Q	R	vus	vus			False		False	False	True	2W86	EXP_2W86_cbEGF9-hyb2-cbEGF10.pdb	Q	64.5	28.7	False	E	15.2	False		
919405	850	K	Q	vus	vus			False		False	False	True	2W86	EXP_2W86_cbEGF9-hyb2-cbEGF10.pdb	K	124.7	52.8	False	-	16.59	False		
925226	848	T	I	vus	vus			False		False	False	True	2W86	EXP_2W86_cbEGF9-hyb2-cbEGF10.pdb	T	79.9	46.4	False	-	21.08	False		
922855	844	I	T		conflicting	9		False		False	False	True	2W86	EXP_2W86_cbEGF9-hyb2-cbEGF10.pdb	I	35.3	17.9	True	B	16.11	False		
928230	841	T	S		conflicting	9		False		False	False	True	2W86	EXP_2W86_cbEGF9-hyb2-cbEGF10.pdb	T	92.6	53.8	False	T	13.96	False		
920318	825	P	Q		vus	9		False		False	False	True	2W86	EXP_2W86_cbEGF9-hyb2-cbEGF10.pdb	P	130.4	82.0	False	T	4.76	False		
920171	822	K	E		vus	9		False		False	False	True	2W86	EXP_2W86_cbEGF9-hyb2-cbEGF10.pdb	K	107.0	45.3	False	E	6.59	False		
920036	814	S	N	vus	vus	9		False		False	False	True	2W86	EXP_2W86_cbEGF9-hyb2-cbEGF10.pdb	S	35.1	22.6	False	-	11.76	False		
924160	800	P	R		vus	8		False		False	False	False											
925867	797	I	S		conflicting	8		False		False	False	False											
918422	784	T	I	vus	vus	8	ca_backbone_2	False		False	False	False											
924771	782	R	G	vus	vus	8		False		False	False	False											
922163	773	S	I	vus	vus	8		False		False	False	False											
925034	772	N	S	vus	vus	8		False		False	False	False											
926387	757	D	H	vus	vus	7		False		False	False	False											
925631	756	V	A		vus	7		False		False	False	False											
925725	736	N	K	vus	vus	7		False		False	False	False											
922165	697	Q	R		conflicting			False		False	False	False											
926611	688	T	N		vus			False		False	False	False											
927916	682	E	Q	vus	vus			False		False	False	False											
926753	669	Q	R		vus			False		False	False	False											
921857	667	R	K		vus			False		False	False	False											
920886	657	M	T	vus	vus			False		False	False	False											
923094	650	R	H	vus	vus	6		False		False	False	False											
925063	646	G	D	vus	vus	6		False		False	False	False											
922302	631	T	S		vus	6	ca_backbone_2	False		False	False	False											
924443	620	P	S		conflicting	6		False		False	False	False											
926962	583	L	F		conflicting	5		False		False	False	False											
927454	542	N	S		conflicting	4		False		False	False	False											
924155	542	N	H		vus	4		False		False	False	False											
919582	539	R	W	vus	vus	4		False		False	False	False											
928341	529	R	Q	vus	vus	3		False		False	False	False											
926701	521	S	N		conflicting	3		False		False	False	False											
923073	510	S	L	vus	vus	3	ca_backbone_3	False		False	False	False											
921836	505	I	V		conflicting	3		False		False	False	False											
919237	491	V	A	vus	vus	3	ca_backbone_1	False		False	False	False											
923169	475	E	D		vus			False		False	False	False											
922251	473	R	W	vus	vus			False		False	False	False											
924718	466	I	V	vus	vus			False		False	False	False											
928335	464	R	H	vus	vus			False		False	False	False											
922395	457	R	H	vus	vus			False		False	False	False											
918426	454	Q	R		vus			False		False	False	False											
923840	426	P	L		conflicting			False		False	False	False											
919540	423	P	R		conflicting			False		False	False	False											
919555	410	P	H	vus	vus			False		False	False	False											
922145	406	L	V	vus	vus			False		False	False	False											
923423	405	P	T		vus			False		False	False	False											
925101	404	P	Q		conflicting			False		False	False	False											
918803	404	P	A		vus			False		False	False	False											
923497	390	S	P	vus	vus			False		False	False	False											
928435	382	T	S		vus			False		False	False	False											
919888	373	A	V		conflicting			False		False	False	False											
919876	370	V	F		conflicting			False		False	False	False											
920432	364	R	G		vus			False		False	False	False											
926390	353	I	L	vus	vus			False		False	False	False											
927728	326	T	A		vus	2		False		False	False	False											
925643	324	D	V		vus	2		False		False	False	False											
919884	323	P	L		conflicting	2		False		False	False	False											
927796	317	P	S		vus	2		False		False	False	False											
923103	309	S	N		vus	2		False		False	False	False											
920625	306	N	D		vus	2	ca_DN_bOH	True		False	True	False											
926652	276	G	V	vus	vus	1		False		False	False	False											
921687	272	K	R		vus	1		False		False	False	False											
920377	270	E	Q	vus	vus	1		False		False	False	False											
925903	269	F	S	vus	vus	1	ca_YF	True		False	True	False											
919909	266	V	I		conflicting	1		False		False	False	False											
921386	261	N	I	vus	vus	1		False		False	False	False											
921097	260	G	R	vus	vus	1		False		False	True	False											
926473	199	L	V	vus	vus			False		False	False	False											
923800	197	G	E	vus	vus			False		False	False	False											
923988	182	R	K	vus	vus			False		False	False	False											
928043	162	A	S	vus	vus			False		False	False	False											
921240	155	L	F		vus			False		False	False	False											
924638	141	I	L		vus			False		False	False	False											
926806	122	R	L		vus			False		False	False	False											
925148	120	N	I		conflicting			False		False	False	False											
922919	120	N	S		conflicting			False		False	False	False											
923237	117	Q	H	vus	vus			False		False	False	False											
925755	95	S	L	vus	vus			False		False	False	False											
923246	73	T	I		vus			False		False	False	False											
924289	61	S	P	vus	vus			False		False	False	False											
918427	57	N	S	vus	vus			False		False	False	False											
920884	52	A	V		conflicting			False		False	False	False											
924196	46	G	S		vus			False		False	False	False											
926786	44	R	S	vus	vus			False		False	False	False											
918477	41	R	G	vus	vus			False		False	False	False											
922370	37	T	N		vus			False		False	False	False											
926784	34	V	A		vus			False		False	False	False											
922799	26	D	H		conflicting			False		False	False	False											
921512	21	T	M		conflicting			False		False	False	False											
924062	5	R	C		conflicting			False		False	True	False											
918151	658	R	W	vus	vus			False		False	False	False											
928685	2621	S	A	vus	vus	42		False		False	False	False											
928686	2187	G	S	vus	vus	33	ca_backbone_3	False		False	True	True	1EMN	EXP_1EMN_cbEGF32-33.pdb	G	6.3	6.0	True	S	2.44	True		
928614	1661	G	R		vus	24		False		False	True	False											
929135	1517	F	S		vus	22		False		False	False	True	1UZJ	EXP_1UZJ_cbEGF22-TB4-cbEGF23.pdb	F	31.1	12.9	True	-	19.35	False		
929148	1470	C	F		vus	21		False	C4	True	True	False											
928903	1137	R	C	vus	vus	13		False		False	True	True	1LMJ	EXP_1LMJ_cbEGF12-13.pdb	R	137.1	50.0	False	E	7.66	False		
928916	584	N	S		vus	5		False		False	False	False											
929149	575	E	K	vus	vus	5	ca_EH	True		False	True	False											
929136	476	C	F		vus			False		True	True	False											
929137	4	G	R	vus	vus			False		False	False	False											
929865	468	T	A		pathogenic			False		False	False	False											
931972	2018	V	A		vus	31		False		False	False	False											
931716	1218	S	R		vus	15	ca_backbone_3	False		False	False	False											
933156	727	C	G		vus	7		False	C1	True	True	False											
949976	2815	L	H		pathogenic			False		False	False	False											
950683	2690	M	K		vus			False		False	False	False											
948459	2489	C	S		pathogenic	39		False	C1	True	True	False											
951009	2363	C	F		pathogenic			False		True	True	False											
946365	2331	C	F		pathogenic	36		False	C6	True	True	False											
947549	2251	C	F		pathogenic	35		False	C1	True	True	False											
945021	1987	G	A		pathogenic	30		False		False	True	False											
947613	1823	E	K		conflicting	26		False		False	False	False											
950235	1764	P	H		vus			False		False	False	False											
944924	1212	C	R		pathogenic	15		False	C3	True	True	False											
949264	1095	C	Y		pathogenic	12		False	C4	True	True	True	1LMJ	EXP_1LMJ_cbEGF12-13.pdb	C	26.8	16.1	True	E	10.86	False	1081	2.03
946172	1086	C	G		pathogenic	12		False	C3	True	True	True	1LMJ	EXP_1LMJ_cbEGF12-13.pdb	C	16.5	9.9	True	E	9.29	False	1074	2.03
946557	1053	C	Y		pathogenic	11		False	C4	True	True	False											
944642	873	S	F		vus			False		False	False	True	2W86	EXP_2W86_cbEGF9-hyb2-cbEGF10.pdb	S	12.1	7.8	True	H	11.17	False		
948395	316	P	T	vus	vus	2		False		False	False	False											
944581	89	C	F	pathogenic	pathogenic			False		True	True	False											
944380	37	T	S		vus			False		False	False	False											
943446	2777	I	M		vus			False		False	False	False											
935557	2607	D	Y		conflicting	42	ca_D1	True		False	True	False											
942922	2497	Q	P		vus	39		False		False	False	False											
938945	2462	T	P		vus	38	ca_backbone_2	False		False	False	False											
941377	2347	M	L		vus			False		False	False	False											
937068	2192	C	Y	pathogenic	pathogenic	33		False	C5	True	True	True	1EMN	EXP_1EMN_cbEGF32-33.pdb	C	13.2	7.9	True	-	15.95	False	2204	2.02
938248	2120	G	V		vus			False		False	False	False											
938898	2054	Q	R	vus	vus	31		False		False	False	False											
940889	1989	C	G		pathogenic	30		False	C3	True	True	False											
934403	1928	C	R	pathogenic	pathogenic	28		False	C6	True	True	False											
939999	1916	C	F		pathogenic	28		False	C5	True	True	False											
939548	1806	C	W	pathogenic	pathogenic	25		False	C6	True	True	False											
933319	1679	M	V		vus	24		False		False	False	False											
933374	1504	N	I		pathogenic	22	ca_DN_bOH	True		False	True	True	1UZJ	EXP_1UZJ_cbEGF22-TB4-cbEGF23.pdb	N	52.4	26.9	False	E	2.2	True		
940459	1392	K	E	vus	vus	19		False		False	False	False											
935239	1363	D	V		vus	19	ca_D1	True		False	True	False											
938695	1012	P	R	vus	vus			False		False	False	False											
934513	916	V	L		vus	10		False		False	False	True	2W86	EXP_2W86_cbEGF9-hyb2-cbEGF10.pdb	V	7.5	4.3	True	H	8.21	False		
943589	912	D	G		conflicting	10	ca_DN2	True		False	True	True	2W86	EXP_2W86_cbEGF9-hyb2-cbEGF10.pdb	D	44.0	22.8	False	-	4.34	False		
935238	805	C	R	pathogenic	pathogenic	8		False	C6	True	True	False											
943899	576	C	W		pathogenic	5		False	C1	True	True	False											
939149	541	C	Y	pathogenic	pathogenic	4		False	C2	True	True	False											
934678	336	C	G		pathogenic			False		True	True	False											
943539	302	G	V	vus	vus	2		False		False	True	False											
942009	281	E	D	vus	vus	1		False		False	False	False											
953802	2813	S	C	vus	vus			False		False	True	False											
963925	2571	C	R	pathogenic	pathogenic	41		False	C1	True	True	False											
961059	2279	G	V		vus	35		False		False	False	False											
953581	2276	C	G		pathogenic	35		False	C5	True	True	False											
963629	1916	C	G		pathogenic	28		False	C5	True	True	False											
955920	1721	C	Y	pathogenic	pathogenic			False		True	True	False											
963073	1536	L	W		vus			False		False	False	True	1UZJ	EXP_1UZJ_cbEGF22-TB4-cbEGF23.pdb	L	25.7	12.8	True	E	14.75	False		
953342	1491	C	W		pathogenic	22		False	C1	True	True	True	1UZJ	EXP_1UZJ_cbEGF22-TB4-cbEGF23.pdb	C	34.3	20.5	False	G	6.51	False	1502	2.05
960628	1080	L	R	vus	vus	12		False		False	False	True	1LMJ	EXP_1LMJ_cbEGF12-13.pdb	L	24.1	12.0	True	T	10.22	False		
961251	954	R	P		pathogenic			False		False	False	False											
961950	896	C	R		pathogenic			False		True	True	True	2W86	EXP_2W86_cbEGF9-hyb2-cbEGF10.pdb	C	19.4	11.6	True	T	11.11	False	908	2.03
963640	832	C	F	pathogenic	pathogenic	9		False	C5	True	True	True	2W86	EXP_2W86_cbEGF9-hyb2-cbEGF10.pdb	C	38.7	23.2	False	-	16.99	False	845	2.03
962932	821	C	Y		pathogenic	9		False	C3	True	True	True	2W86	EXP_2W86_cbEGF9-hyb2-cbEGF10.pdb	C	33.5	20.1	False	E	8.03	False	811	2.05
960384	792	C	Y	pathogenic	pathogenic	8		False	C5	True	True	False											
963306	750	C	Y	pathogenic	pathogenic	7		False	C5	True	True	False											
955551	639	C	L		pathogenic	6		False	C5	True	True	False											
959230	631	T	P		conflicting	6	ca_backbone_2	False		False	False	False											
962809	623	C	L		pathogenic	6		False	C2	True	True	False											
963295	598	C	F		pathogenic	5		False	C5	True	True	False											
956400	570	C	R	pathogenic	pathogenic	4		False	C6	True	True	False											
959605	119	C	R		pathogenic			False		True	True	False											
953109	67	C	F	pathogenic	pathogenic			False		True	True	False											
953324	15	V	M		vus			False		False	False	False											
965285	2848	K	R		conflicting			False		False	False	False											
971524	2663	C	S		pathogenic	43		False	C3	True	True	False											
968455	2245	C	Y		pathogenic	34		False	C6	True	True	False											
966095	2219	F	V		pathogenic	34		False		False	False	False											
971295	1858	N	T		vus	27		False		False	False	False											
967627	1698	N	S	vus	vus			False		False	False	False											
968811	1673	I	T	vus	vus	24		False		False	False	False											
967533	1084	G	R		pathogenic	12		False		False	True	True	1LMJ	EXP_1LMJ_cbEGF12-13.pdb	G	11.1	10.6	True	S	14.08	False		
970113	880	G	V		pathogenic			False		False	False	True	2W86	EXP_2W86_cbEGF9-hyb2-cbEGF10.pdb	G	11.9	11.5	True	-	12.08	False		
970337	476	C	Y	pathogenic	pathogenic			False		True	True	False											
968721	201	G	R	vus	vus			False		False	False	False											
966048	80	C	R	pathogenic	pathogenic			False		True	True	False											
973318	1406	D	G	pathogenic	pathogenic	20	ca_DN2	True		False	True	False											
973570	1879	G	D		pathogenic	27		False		False	False	False											
973868	1307	C	W		pathogenic	17		False	C5	True	True	False											
976206	1417	N	S		conflicting	20		False		False	False	False											
977683	131	D	N	vus	vus			False		False	False	False											
979121	2770	H	Y		conflicting			False		False	False	False											
979122	1638	Y	S		conflicting	23		False		False	False	True	1UZJ	EXP_1UZJ_cbEGF22-TB4-cbEGF23.pdb	Y	167.9	63.8	False	-	20.36	False		
979123	1311	Y	N		conflicting	17		False		False	False	False											
979124	438	S	F	vus	vus			False		False	False	False											
982345	2486	L	V		vus	39	ca_backbone_1	False		False	False	False											
982347	2483	C	Y	pathogenic	pathogenic	38		False	C6	True	True	False											
982348	2416	G	E		pathogenic	37		False		False	True	False											
982350	2318	C	S	pathogenic	pathogenic	36		False	C5	True	True	False											
982358	2017	C	Y	pathogenic	pathogenic	31		False	C1	True	True	False											
982359	2011	C	W		pathogenic	30		False	C6	True	True	False											
982360	1912	F	C		pathogenic	28	ca_YF	True		False	True	False											
982319	1491	C	F	pathogenic	pathogenic	22		False	C1	True	True	True	1UZJ	EXP_1UZJ_cbEGF22-TB4-cbEGF23.pdb	C	34.3	20.5	False	G	6.51	False	1502	2.05
982320	1456	C	R		pathogenic	21		False	C2	True	True	False											
982321	1418	G	D		vus	20		False		False	True	False											
982322	1319	G	S		vus	17		False		False	False	False											
982323	1072	D	V		vus	12	ca_DN2	True		False	True	True	1LMJ	EXP_1LMJ_cbEGF12-13.pdb	D	60.4	31.3	False	-	4.67	False		
982324	1029	I	S		vus	11	ca_backbone_1	False		False	False	False											
982336	890	C	G		pathogenic			False		True	True	True	2W86	EXP_2W86_cbEGF9-hyb2-cbEGF10.pdb	C	25.9	15.5	True	-	15.61	False	876	2.04
982337	792	C	R	pathogenic	pathogenic	8		False	C5	True	True	False											
982338	768	E	G		vus	8	ca_EH	True		False	True	False											
982340	734	C	S		pathogenic	7		False	C2	True	True	False											
982352	332	R	C		conflicting			False		False	True	False											
982354	55	G	E	pathogenic	pathogenic			False		False	False	False											
984411	2633	C	G			42		False	C5	True	True	False											
988285	2636	G	V		pathogenic	42		False		False	False	False											
988304	1891	D	G		pathogenic	28	ca_D1	True		False	True	False											
988477	1796	G	V		conflicting	25		False		False	False	False											
988272	1661	G	R		pathogenic	24		False		False	True	False											
988300	958	C	R		pathogenic			False		True	True	False											
992537	2250	E	V		pathogenic	35	ca_EH	True		False	True	False											
993381	2741	I	M		conflicting			False		False	False	False											
993575	2587	G	S	vus	vus	41	ca_backbone_3	False		False	True	False											
993900	1538	I	V	vus	vus			False		False	False	True	1UZJ	EXP_1UZJ_cbEGF22-TB4-cbEGF23.pdb	I	35.1	17.8	True	-	22.11	False		
993755	1156	I	S		vus	14	ca_backbone_1	False		False	False	False											
993417	765	D	N		pathogenic	8	ca_D1	True		False	True	False											
997890	2036	F	L		vus	31	ca_YF	True		False	True	False											
1010148	2848	K	N		vus			False		False	False	False											
1001645	2754	A	V	vus	vus			False		False	False	False											
1002178	2750	N	S		conflicting			False		False	False	False											
1004390	2243	R	K		conflicting	34		False		False	False	False											
1008866	2105	E	V		conflicting			False		False	False	False											
1001086	1428	R	G		vus	20		False		False	False	False											
1005680	1271	A	T	vus	vus	16		False		False	False	False											
1004707	1175	I	V		conflicting	14		False		False	False	False											
1004610	1120	D	V		conflicting	13		False		False	False	True	1LMJ	EXP_1LMJ_cbEGF12-13.pdb	D	30.6	15.8	True	-	10.78	False		
1000255	1085	Q	R	vus	vus	12		False		False	False	True	1LMJ	EXP_1LMJ_cbEGF12-13.pdb	Q	130.7	58.1	False	-	12.03	False		
1006686	1071	I	V	vus	vus	12	ca_backbone_1	False		False	False	True	1LMJ	EXP_1LMJ_cbEGF12-13.pdb	I	123.6	62.7	False	-	2.45	True		
1000504	562	H	Q		vus	4		False		False	False	False											
1008301	502	G	C	vus	vus	3		False		False	True	False											
1004623	364	R	Q		conflicting			False		False	False	False											
1000150	189	V	L	vus	vus			False		False	False	False											
1019484	2837	Y	H	vus	vus			False		False	False	False											
1015775	2372	G	S		vus			False		False	False	False											
1014036	1699	Y	N		pathogenic			False		False	False	False											
1025849	1540	P	R	vus	vus			False		False	False	True	1UZJ	EXP_1UZJ_cbEGF22-TB4-cbEGF23.pdb	P	66.3	41.7	False	S	28.22	False		
1025680	1421	L	P	vus	vus	20		False		False	False	False											
1018326	1398	D	G	vus	vus	19		False		False	False	False											
1016915	1381	K	N	vus	vus	19		False		False	False	False											
1014269	1012	P	H		vus			False		False	False	False											
1016233	771	L	V		vus	8		False		False	False	False											
1017965	384	D	N	vus	vus			False		False	False	False											
1018383	57	N	D		pathogenic			False		False	False	False											
2152237	1333	C	Y		pathogenic	18		False	C2	True	True	False											
1029664	954	R	L	pathogenic	pathogenic			False		False	False	False											
1029663	438	S	C	vus	vus			False		False	True	False											
1043471	2584	I	M		vus	41	ca_backbone_2	False		False	False	False											
1037043	2473	G	D		conflicting	38		False		False	False	False											
1041375	2206	D	V		conflicting	34	ca_D1	True		False	True	False											
1045603	1745	A	V		vus			False		False	False	False											
1038536	1000	N	I		vus			False		False	False	False											
1043585	998	M	V		vus			False		False	False	False											
1038944	971	I	V		conflicting			False		False	False	False											
1040606	361	D	V	vus	vus			False		False	False	False											
1049329	2264	E	G		vus	35		False		False	False	False											
1060073	2713	E	K		vus			False		False	False	False											
1063964	2338	Y	C	vus	vus			False		False	True	False											
1061380	2134	P	L		vus	32		False		False	False	True	1EMN	EXP_1EMN_cbEGF32-33.pdb	P	98.2	61.8	False	T	13.29	False		
1060002	1725	I	N		pathogenic			False		False	False	False											
1055113	1602	V	I		conflicting			False		False	False	True	1UZJ	EXP_1UZJ_cbEGF22-TB4-cbEGF23.pdb	V	2.0	1.2	True	-	16.23	False		
1058847	1253	Q	H	vus	vus	16		False		False	False	False											
1060096	1151	S	F		conflicting	13		False		False	False	True	1LMJ	EXP_1LMJ_cbEGF12-13.pdb	S	2.3	1.5	True	-	12.64	False		
1053613	1131	N	K		pathogenic	13	ca_DN_bOH	True		False	True	True	1LMJ	EXP_1LMJ_cbEGF12-13.pdb	N	50.6	25.9	False	E	2.45	True		
1053878	1027	K	E	vus	vus			False		False	False	False											
1061845	851	G	S		vus			False		False	False	True	2W86	EXP_2W86_cbEGF9-hyb2-cbEGF10.pdb	G	13.1	12.6	True	E	17.88	False		
1055825	636	R	K	vus	vus	6		False		False	False	False											
1053670	457	R	C	vus	vus			False		False	True	False											
1051880	429	R	L		conflicting			False		False	False	False											
1060553	411	P	S		vus			False		False	False	False											
1055589	401	Y	C		vus			False		False	True	False											
1064406	259	G	V		pathogenic	1		False		False	True	False											
1057274	83	P	L		vus			False		False	False	False											
1056518	24	G	A		conflicting			False		False	False	False											
1064552	2836	L	H		vus			False		False	False	False											
1067271	1989	C	S		pathogenic	30		False	C3	True	True	False											
1067779	1942	C	S		pathogenic	29		False	C2	True	True	False											
1067526	1562	C	F		pathogenic			False		True	True	True	1UZJ	EXP_1UZJ_cbEGF22-TB4-cbEGF23.pdb	C	0.0	0.0	True	H	10.96	False	1534	2.04
1067104	1111	C	G		pathogenic	12		False	C6	True	True	True	1LMJ	EXP_1LMJ_cbEGF12-13.pdb	C	14.8	8.9	True	E	9.14	False	1097	2.04
1066508	696	C	G		pathogenic			False		True	True	False											
1066301	628	C	Y	pathogenic	pathogenic	6		False	C3	True	True	False											
1066814	560	G	C		pathogenic	4		False		False	True	False											
1067815	313	C	F		pathogenic	2		False	C4	True	True	False											
1071312	2686	C	F		pathogenic	43		False	C6	True	True	False											
1068546	2470	C	Y		pathogenic	38		False	C5	True	True	False											
1069382	2265	C	S		pathogenic	35		False	C3	True	True	False											
1070334	2111	C	G	pathogenic	pathogenic			False		True	True	False											
1068676	2085	C	G		pathogenic			False		True	True	False											
1072043	1934	C	W		pathogenic	29		False	C1	True	True	False											
1071569	1930	D	H		pathogenic	29	ca_D1	True		False	True	False											
1075547	1818	C	Y	pathogenic	pathogenic	26		False	C2	True	True	False											
1072045	1791	C	G	pathogenic	pathogenic	25		False	C4	True	True	False											
1069285	1502	C	R	pathogenic	pathogenic	22		False	C3	True	True	True	1UZJ	EXP_1UZJ_cbEGF22-TB4-cbEGF23.pdb	C	33.9	20.3	False	E	7.65	False	1491	2.05
1071752	1485	C	G		pathogenic	21		False	C6	True	True	False											
1069628	1461	C	Y		pathogenic	21		False	C3	True	True	False											
1073640	1424	P	S		pathogenic	20		False		False	False	False											
1073227	1420	C	R		pathogenic	20		False	C3	True	True	False											
1075671	1389	C	Y	pathogenic	pathogenic	19		False	C4	True	True	False											
1072290	1348	C	R		pathogenic	18		False	C4	True	True	False											
1069718	1171	C	R		pathogenic	14		False	C3	True	True	False											
1069719	1039	C	Y		pathogenic	11		False	C2	True	True	False											
1076287	952	D	N		pathogenic			False		False	False	False											
1075770	926	C	R	pathogenic	pathogenic	10		False	C3	True	True	True	2W86	EXP_2W86_cbEGF9-hyb2-cbEGF10.pdb	C	27.5	16.4	True	E	8.13	False	914	2.05
1073880	637	C	Y		pathogenic	6		False	C4	True	True	False											
1076449	534	C	S		pathogenic	4		False	C1	True	True	False											
1076563	359	C	F		pathogenic			False		True	True	False											
1074922	123	C	S	pathogenic	pathogenic			False		True	True	False											
1077159	2429	C	Y		pathogenic	37		False	C5	True	True	False											
1079925	1202	S	N		conflicting	15		False		False	False	False											
1098776	2470	C	F	pathogenic	pathogenic	38		False	C5	True	True	False											
1120215	499	C	G		pathogenic	3		False	C2	True	True	False											
1163573	2762	A	T		vus			False		False	False	False											
1163574	2692	M	L		vus			False		False	False	False											
1163968	2232	C	S	pathogenic	pathogenic	34		False	C5	True	True	False											
1163969	1987	G	D		pathogenic	30		False		False	True	False											
1163970	1646	C	S	pathogenic	pathogenic	23		False	C6	True	True	True	1UZJ	EXP_1UZJ_cbEGF22-TB4-cbEGF23.pdb	C	13.6	8.1	True	E	17.65	False	1633	2.04
1163973	893	D	Y		conflicting			False		False	False	True	2W86	EXP_2W86_cbEGF9-hyb2-cbEGF10.pdb	D	18.1	9.4	True	-	13.74	False		
1163974	881	A	T	vus	vus			False		False	False	True	2W86	EXP_2W86_cbEGF9-hyb2-cbEGF10.pdb	A	34.3	26.6	False	S	15.61	False		
1163382	617	C	W		pathogenic	6		False	C1	True	True	False											
1163383	289	I	M		vus	2	ca_backbone_1	False		False	False	False											
1171543	2868	V	I		conflicting			False		False	False	False											
1171424	2852	D	N		vus			False		False	False	False											
1172081	2846	E	D		vus			False		False	False	False											
1170974	2755	S	G		vus			False		False	False	False											
1172025	2736	T	S		vus			False		False	False	False											
1172377	2658	P	L		vus	43		False		False	False	False											
1171713	2639	Y	H		vus	42		False		False	False	False											
1171695	2579	H	Y		vus	41		False		False	False	False											
1171268	2508	T	A		vus	39		False		False	False	False											
1171975	2503	T	I	vus	vus	39	ca_backbone_2	False		False	False	False											
1172202	2469	S	L		vus	38		False		False	False	False											
1171434	2437	I	T		vus	37		False		False	False	False											
1171698	2380	F	L		vus			False		False	False	False											
1171404	2231	K	Q	vus	vus	34		False		False	False	False											
1172078	2161	G	R		vus	32		False		False	False	True	1EMN	EXP_1EMN_cbEGF32-33.pdb	G	69.0	66.4	False	T	16.09	False		
1172082	1967	D	Y	vus	vus	29		False		False	False	False											
1172438	1959	N	H		vus	29		False		False	False	False											
1171861	1886	Q	E	vus	vus	27		False		False	False	False											
1172144	1871	S	R		vus	27	ca_backbone_3	False		False	False	False											
1172139	1795	V	L		vus	25		False		False	False	False											
1172375	1761	T	S		vus			False		False	False	False											
1172298	1717	K	Q		vus			False		False	False	False											
1171802	1688	M	I		vus	24		False		False	False	False											
1172460	1675	P	L		vus	24		False		False	False	False											
1171646	1644	R	G		vus	23		False		False	False	True	1UZJ	EXP_1UZJ_cbEGF22-TB4-cbEGF23.pdb	R	32.7	11.9	True	T	11.41	False		
1171754	1638	Y	H		vus	23		False		False	False	True	1UZJ	EXP_1UZJ_cbEGF22-TB4-cbEGF23.pdb	Y	167.9	63.8	False	-	20.36	False		
1172091	1618	Q	R	vus	vus	23		False		False	False	True	1UZJ	EXP_1UZJ_cbEGF22-TB4-cbEGF23.pdb	Q	70.9	31.5	False	B	15.13	False		
1171711	1435	F	S	vus	vus	20		False		False	False	False											
1171589	1385	G	V		vus	19		False		False	True	False											
1171588	1316	G	E	vus	vus	17		False		False	False	False											
1172320	1196	V	I		conflicting	14		False		False	False	False											
1171803	1123	L	Q	vus	vus	13		False		False	False	True	1LMJ	EXP_1LMJ_cbEGF12-13.pdb	L	11.1	5.5	True	T	8.95	False		
1172046	1115	D	N		vus	13	ca_DN2	True		False	True	True	1LMJ	EXP_1LMJ_cbEGF12-13.pdb	D	58.9	30.5	False	-	4.6	False		
1172393	897	G	S		vus			False		False	False	True	2W86	EXP_2W86_cbEGF9-hyb2-cbEGF10.pdb	G	22.6	21.8	False	-	9.9	False		
1171630	867	N	K		vus			False		False	False	True	2W86	EXP_2W86_cbEGF9-hyb2-cbEGF10.pdb	N	32.0	16.4	True	E	13.87	False		
1171186	794	K	T	vus	vus	8		False		False	False	False											
1171857	765	D	E		vus	8	ca_D1	True		False	True	False											
1171674	760	G	E		vus	7		False		False	False	False											
1171557	735	P	S		vus	7		False		False	False	False											
1171628	674	L	F	vus	vus			False		False	False	False											
1171112	647	L	P		conflicting	6		False		False	False	False											
1170984	633	G	S		vus	6		False		False	True	False											
1171775	624	M	I		vus	6		False		False	False	False											
1171533	491	V	F		vus	3	ca_backbone_1	False		False	False	False											
1171253	384	D	E	vus	vus			False		False	False	False											
1171520	372	V	L		vus			False		False	False	False											
1171240	362	A	V		benign			False		False	False	False											
1171659	344	R	H	vus	vus			False		False	False	False											
1172366	329	I	M	vus	vus	2		False		False	False	False											
1171256	159	R	S	vus	vus			False		False	False	False											
1171074	152	S	R		vus			False		False	False	False											
1171650	56	P	L		vus			False		False	False	False											
1171394	16	L	F	vus	vus			False		False	False	False											
1171491	4	G	W	vus	vus			False		False	False	False											
1175867	2868	V	G		vus			False		False	False	False											
3758971	2394	R	G		vus			False		False	False	False											
1176336	1803	L	F		vus	25		False		False	False	False											
1176338	1408	C	G		pathogenic	20		False	C1	True	True	False											
1176339	996	C	Y	pathogenic	pathogenic			False		True	True	False											
1177272	651	V	M	vus	vus	6		False		False	False	False											
1177303	637	C	S			6		False	C4	True	True	False											
1177904	2456	N	H	vus	vus	38		False		False	False	False											
1180492	488	C	G		pathogenic			False		True	True	False											
1185015	702	Q	H	vus	vus			False		False	False	False											
1188638	2000	C	F	pathogenic	pathogenic	30		False	C5	True	True	False											
1190771	2287	E	K	vus	vus	35		False		False	False	False											
1193222	2016	E	K		conflicting	31	ca_EH	True		False	True	False											
1194355	664	G	E	vus	vus			False		False	False	False											
1195844	52	A	V	vus	vus			False		False	False	False											
1198394	931	G	E	vus	vus	10		False		False	False	True	2W86	EXP_2W86_cbEGF9-hyb2-cbEGF10.pdb	G	21.3	20.4	False	T	3.91	False		
1199890	2504	I	T		vus	39		False		False	False	False											
1201302	506	N	Y		conflicting	3	ca_DN_bOH	True		False	True	False											
1204855	1853	C	R	pathogenic	pathogenic	27		False	C1	True	True	False											
1205772	1838	G	A		vus	26		False		False	False	False											
1204612	1812	C	G		pathogenic	26		False	C1	True	True	False											
1211251	99	M	I	vus	vus			False		False	False	False											
1216657	2269	I	N	pathogenic	pathogenic	35		False		False	False	False											
1219885	2473	G	A		vus	38		False		False	False	False											
1220403	683	C	Y		pathogenic			False		True	True	False											
1287387	1148	P	R		benign	13		False		False	False	True	1LMJ	EXP_1LMJ_cbEGF12-13.pdb	P	105.9	66.6	False	S	11.7	False		
1297021	1861	S	R	vus	vus	27		False		False	False	False											
1298624	566	D	G		vus	4		False		False	False	False											
1299517	557	C	R		pathogenic	4		False	C5	True	True	False											
1299642	2127	D	G		pathogenic	32	ca_D1	True		False	True	True	1EMN	EXP_1EMN_cbEGF32-33.pdb	D	69.8	36.2	False	-	2.47	True		
1301311	2614	A	T		conflicting	42		False		False	False	False											
1302044	1765	V	G	vus	vus			False		False	False	False											
1302362	2726	R	L		vus			False		False	False	False											
1302568	573	M	T	vus	vus	5	ca_backbone_1	False		False	False	False											
1302984	1802	K	Q	vus	vus	25		False		False	False	False											
1302990	1075	R	P	vus	vus	12		False		False	False	True	1LMJ	EXP_1LMJ_cbEGF12-13.pdb	R	198.0	72.3	False	T	8.53	False		
1303100	2595	G	S		vus	41		False		False	False	False											
1303236	1919	G	A	vus	vus	28		False		False	False	False											
1303260	983	S	F	vus	vus			False		False	False	False											
1303336	1787	G	D		conflicting	25		False		False	False	False											
1303684	629	V	I		conflicting	6		False		False	False	False											
1304014	2474	Y	D		vus	38		False		False	False	False											
1304329	964	D	V		vus			False		False	False	False											
1304680	2309	N	S		vus	36	ca_DN_bOH	True		False	True	False											
1305067	1238	D	H		conflicting	16	ca_D1	True		False	True	False											
1305164	491	V	I	vus	vus	3	ca_backbone_1	False		False	False	False											
1305278	877	S	A		vus			False		False	False	True	2W86	EXP_2W86_cbEGF9-hyb2-cbEGF10.pdb	S	5.5	3.5	True	T	8.4	False		
1306834	152	S	N	vus	vus			False		False	False	False											
1308349	817	I	V	vus	vus	9		False		False	False	True	2W86	EXP_2W86_cbEGF9-hyb2-cbEGF10.pdb	I	7.0	3.5	True	B	15.4	False		
1308437	783	N	K	vus	vus	8	ca_DN_bOH	True		False	True	False											
1306063	1757	I	N	vus	vus			False		False	False	False											
1307704	431	P	L		vus			False		False	False	False											
1307861	2757	D	V	vus	vus			False		False	False	False											
1307927	2432	G	A	vus	vus	37		False		False	False	False											
1308038	874	Q	P		vus			False		False	False	True	2W86	EXP_2W86_cbEGF9-hyb2-cbEGF10.pdb	Q	38.7	17.2	True	H	8.35	False		
1305657	1740	S	G		vus			False		False	False	False											
1305658	2341	T	A		vus			False		False	False	False											
1307458	2693	G	A	vus	vus			False		False	False	False											
1311615	740	E	A	vus	vus	7		False		False	False	False											
1309316	2133	E	G		vus	32		False		False	False	True	1EMN	EXP_1EMN_cbEGF32-33.pdb	E	76.2	34.2	False	S	8.48	False		
1310576	2158	I	T		vus	32		False		False	False	True	1EMN	EXP_1EMN_cbEGF32-33.pdb	I	58.0	29.4	False	E	7.98	False		
1312035	2209	E	V		vus	34	ca_EH	True		False	True	False											
1312801	970	P	H		vus			False		False	False	False											
1312960	822	K	R		vus	9		False		False	False	True	2W86	EXP_2W86_cbEGF9-hyb2-cbEGF10.pdb	K	107.0	45.3	False	E	6.59	False		
1313204	233	R	S	vus	vus			False		False	False	False											
1313725	43	K	E		vus			False		False	False	False											
1313940	2335	R	Q	vus	vus			False		False	False	False											
1313948	32	G	E	vus	vus			False		False	False	False											
1314179	366	W	R		conflicting			False		False	False	False											
1314284	2806	I	N	vus	vus			False		False	False	False											
1314852	1814	N	D		vus	26		False		False	False	False											
1315175	190	I	L		vus			False		False	False	False											
1319506	2420	N	S	vus	vus	37	ca_DN_bOH	True		False	True	False											
1319507	22	S	G	vus	vus			False		False	False	False											
1319508	1342	T	P		pathogenic	18	ca_backbone_2	False		False	False	False											
1321449	1865	C	S		vus	27		False	C3	True	True	False											
1324390	1733	C	R		pathogenic			False		True	True	False											
1325411	92	G	R	pathogenic	pathogenic			False		False	False	False											
1325413	1197	D	G		pathogenic	15	ca_D1	True		False	True	False											
1325416	1367	C	Y	pathogenic	pathogenic	19		False	C1	True	True	False											
1325418	1374	C	R		pathogenic	19		False	C2	True	True	False											
1325419	1374	C	G	pathogenic	pathogenic	19		False	C2	True	True	False											
1325420	1402	C	G	pathogenic	pathogenic	19		False	C6	True	True	False											
1325421	168	C	G		pathogenic			False		True	True	False											
1325422	1470	C	Y	pathogenic	pathogenic	21		False	C4	True	True	False											
1325427	1905	C	S	pathogenic	pathogenic	28		False	C3	True	True	False											
1325428	1934	C	R	pathogenic	pathogenic	29		False	C1	True	True	False											
1325429	1952	G	V		conflicting	29		False		False	True	False											
1325433	1998	C	S		pathogenic	30		False	C4	True	True	False											
1325434	2105	E	K		conflicting			False		False	False	False											
1325438	313	C	R		conflicting	2		False	C4	True	True	False											
1325439	2127	D	V		conflicting	32	ca_D1	True		False	True	True	1EMN	EXP_1EMN_cbEGF32-33.pdb	D	69.8	36.2	False	-	2.47	True		
1325440	2131	C	R		pathogenic	32		False	C1	True	True	True	1EMN	EXP_1EMN_cbEGF32-33.pdb	C	5.3	3.2	True	S	6.78	False	2142	2.02
1325441	2137	C	G		pathogenic	32		False	C2	True	True	True	1EMN	EXP_1EMN_cbEGF32-33.pdb	C	2.3	1.3	True	-	11.35	False	2151	2.02
1325443	2183	N	K		pathogenic	33	ca_DN_bOH	True		False	True	True	1EMN	EXP_1EMN_cbEGF32-33.pdb	N	78.2	40.1	False	E	2.62	True		
1325446	2232	C	S		pathogenic	34		False	C5	True	True	False											
1325452	2429	C	F	pathogenic	pathogenic	37		False	C5	True	True	False											
1325455	2509	C	S		pathogenic	39		False	C4	True	True	False											
1325473	15	V	G		vus			False		False	False	False											
1325477	628	C	W	pathogenic	pathogenic	6		False	C3	True	True	False											
1325481	769	C	W		pathogenic	8		False	C1	True	True	False											
1325483	887	C	R		pathogenic			False		True	True	True	2W86	EXP_2W86_cbEGF9-hyb2-cbEGF10.pdb	C	40.4	24.2	False	T	22.99	False	862	2.09
1325485	921	C	Y	pathogenic	pathogenic	10		False	C2	True	True	True	2W86	EXP_2W86_cbEGF9-hyb2-cbEGF10.pdb	C	8.5	5.1	True	S	11.47	False	935	2.02
1325486	926	C	S		pathogenic	10		False	C3	True	True	True	2W86	EXP_2W86_cbEGF9-hyb2-cbEGF10.pdb	C	27.5	16.4	True	E	8.13	False	914	2.05
1325487	952	D	H		pathogenic			False		False	False	False											
1325491	1044	C	G		pathogenic	11		False	C3	True	True	False											
1325494	1124	C	G		pathogenic	13		False	C2	True	True	True	1LMJ	EXP_1LMJ_cbEGF12-13.pdb	C	11.3	6.8	True	T	11.35	False	1138	2.03
1326814	1635	T	N	vus	vus	23		False		False	False	True	1UZJ	EXP_1UZJ_cbEGF22-TB4-cbEGF23.pdb	T	141.2	82.1	False	T	22.74	False		
1328783	1289	N	S		vus	17		False		False	False	False											
1329083	974	R	H	vus	vus			False		False	False	False											
1329352	339	A	T	vus	vus			False		False	False	False											
1329355	51	D	N	vus	vus			False		False	False	False											
1329357	785	P	S		vus	8		False		False	False	False											
1329358	963	E	Q		vus			False		False	False	False											
1329359	982	C	F		pathogenic			False		True	True	False											
1329361	1279	V	I		vus	16		False		False	False	False											
1329362	1463	N	I		vus	21	ca_DN_bOH	True		False	True	False											
1329363	1568	K	N	vus	vus			False		False	False	True	1UZJ	EXP_1UZJ_cbEGF22-TB4-cbEGF23.pdb	K	114.8	48.7	False	-	15.33	False		
1329366	158	G	E		vus			False		False	False	False											
1329520	2814	Y	C		vus			False		False	True	False											
1330512	2197	E	D	vus	vus	33		False		False	False	True	1EMN	EXP_1EMN_cbEGF32-33.pdb	E	133.6	59.9	False	-	17.9	False		
1330616	2803	F	S		vus			False		False	False	False											
1330677	1958	C	S	pathogenic	pathogenic	29		False	C5	True	True	False											
1330717	2372	G	V		conflicting			False		False	False	False											
1330727	1811	E	G		conflicting	26	ca_EH	True		False	True	False											
1331455	240	R	S	vus	vus			False		False	False	False											
1331456	166	C	Y	pathogenic	pathogenic			False		True	True	False											
1331752	912	D	V		vus	10	ca_DN2	True		False	True	True	2W86	EXP_2W86_cbEGF9-hyb2-cbEGF10.pdb	D	44.0	22.8	False	-	4.34	False		
1331790	1036	P	T		vus	11		False		False	False	False											
1331861	1578	P	A		vus			False		False	False	True	1UZJ	EXP_1UZJ_cbEGF22-TB4-cbEGF23.pdb	P	27.8	17.5	True	P	17.96	False		
1331863	416	P	L	vus	vus			False		False	False	False											
1331874	1966	P	S		vus	29		False		False	False	False											
1331925	2103	P	A		vus			False		False	False	False											
1331934	1576	M	I	vus	vus			False		False	False	True	1UZJ	EXP_1UZJ_cbEGF22-TB4-cbEGF23.pdb	M	122.9	54.9	False	E	20.41	False		
1331944	1528	D	E		vus			False		False	False	True	1UZJ	EXP_1UZJ_cbEGF22-TB4-cbEGF23.pdb	D	15.2	7.9	True	-	17.6	False		
1331990	2379	P	L	vus	vus			False		False	False	False											
1332019	2641	Q	P		vus	42		False		False	False	False											
1332021	1038	L	F		vus	11		False		False	False	False											
1332044	1069	T	A	vus	vus	11		False		False	False	True	1LMJ	EXP_1LMJ_cbEGF12-13.pdb	T	165.0	95.9	False	-	5.98	False		
1332100	1061	L	F		vus	11		False		False	False	False											
1332115	324	D	G		vus	2		False		False	False	False											
1332122	2014	I	T	vus	vus	31	ca_backbone_1	False		False	False	False											
1332159	267	G	R	vus	vus	1		False		False	False	False											
1332183	2856	G	D		vus			False		False	False	False											
1332267	2135	D	H	vus	vus	32		False		False	False	True	1EMN	EXP_1EMN_cbEGF32-33.pdb	D	114.6	59.4	False	T	13.76	False		
1332302	2347	M	T		vus			False		False	False	False											
1332324	2178	N	S	vus	vus	33		False		False	False	True	1EMN	EXP_1EMN_cbEGF32-33.pdb	N	125.5	64.4	False	S	17.02	False		
1332378	2572	E	K	vus	vus	41		False		False	False	False											
1332389	556	V	M	vus	vus	4		False		False	False	False											
1332421	994	E	K	vus	vus			False		False	False	False											
1332450	151	E	Q	vus	vus			False		False	False	False											
1332488	2396	F	L	vus	vus			False		False	False	False											
1332533	1548	A	G		vus			False		False	False	True	1UZJ	EXP_1UZJ_cbEGF22-TB4-cbEGF23.pdb	A	27.1	21.0	False	-	25.94	False		
1332586	90	G	A		vus			False		False	False	False											
1332614	638	E	K	vus	vus	6		False		False	False	False											
1332636	1937	G	A		vus	29		False		False	False	False											
1332729	1212	C	Y		pathogenic	15		False	C3	True	True	False											
1332757	623	C	S		pathogenic	6		False	C2	True	True	False											
1332760	1497	C	W	pathogenic	pathogenic	22		False	C2	True	True	True	1UZJ	EXP_1UZJ_cbEGF22-TB4-cbEGF23.pdb	C	8.3	5.0	True	S	10.65	False	1511	2.03
1332763	1874	C	F		pathogenic	27		False	C4	True	True	False											
1332764	1891	D	N	pathogenic	pathogenic	28	ca_D1	True		False	True	False											
1332765	1989	C	S		pathogenic	30		False	C3	True	True	False											
1332766	1998	C	F		pathogenic	30		False	C4	True	True	False											
1332768	2606	V	D		pathogenic	41		False		False	False	False											
1333372	1046	N	S	pathogenic	pathogenic	11	ca_DN_bOH	True		False	True	False											
1333821	1571	G	D		vus			False		False	False	True	1UZJ	EXP_1UZJ_cbEGF22-TB4-cbEGF23.pdb	G	4.5	4.3	True	T	19.58	False		
1335179	1301	G	D		pathogenic	17		False		False	True	False											
1339821	2263	M	L			35		False		False	False	False											
1341359	199	L	F		vus			False		False	False	False											
1342380	2614	A	P		conflicting	42		False		False	False	False											
1343365	723	D	G	pathogenic	pathogenic	7	ca_D1	True		False	True	False											
1343366	576	C	R		pathogenic	5		False	C1	True	True	False											
1366814	633	G	C		vus	6		False		False	True	False											
1366927	2011	C	R	pathogenic	pathogenic	30		False	C6	True	True	False											
1394315	1780	G	V		conflicting	25		False		False	True	False											
1505807	763	C	W		pathogenic	7		False	C6	True	True	False											
1409400	2806	I	M		vus			False		False	False	False											
1522145	2253	E	K	vus	vus	35		False		False	False	False											
1494741	2176	C	W		pathogenic	33		False	C2	True	True	True	1EMN	EXP_1EMN_cbEGF32-33.pdb	C	4.5	2.7	True	T	12.53	False	2190	2.02
1357416	2756	W	S		vus			False		False	False	False											
1466451	1124	C	S		pathogenic	13		False	C2	True	True	True	1LMJ	EXP_1LMJ_cbEGF12-13.pdb	C	11.3	6.8	True	T	11.35	False	1138	2.03
1507616	1534	C	R		pathogenic			False		True	True	True	1UZJ	EXP_1UZJ_cbEGF22-TB4-cbEGF23.pdb	C	0.0	0.0	True	E	13.17	False	1562	2.04
1493355	1028	D	V		pathogenic	11	ca_D1	True		False	True	False											
1520711	225	P	S	vus	vus			False		False	False	False											
1520744	582	C	Y	pathogenic	pathogenic	5		False	C2	True	True	False											
1520849	2172	V	I	vus	vus	33		False		False	False	True	1EMN	EXP_1EMN_cbEGF32-33.pdb	V	138.6	79.6	False	T	8.92	False		
1525356	150	C	Y		pathogenic			False		True	True	False											
1525423	2070	C	Y	pathogenic	pathogenic			False		True	True	False											
1496102	1838	G	R		pathogenic	26		False		False	False	False											
1496136	1757	I	T		vus			False		False	False	False											
1479942	1135	S	G		conflicting	13	ca_backbone_3	False		False	False	True	1LMJ	EXP_1LMJ_cbEGF12-13.pdb	S	41.5	26.7	False	E	3.41	False		
1480110	1046	N	H		vus	11	ca_DN_bOH	True		False	True	False											
1426570	2426	H	Y		vus	37		False		False	False	False											
1426619	598	C	G		pathogenic	5		False	C5	True	True	False											
1454047	2470	C	S		pathogenic	38		False	C5	True	True	False											
1440223	1227	F	L	vus	vus	15		False		False	False	False											
1495161	676	G	C		pathogenic			False		False	True	False											
1359274	639	C	F		pathogenic	6		False	C5	True	True	False											
1388520	479	G	E		vus			False		False	False	False											
1415876	2399	N	S		conflicting			False		False	False	False											
1416068	1496	T	M	vus	vus	22		False		False	False	True	1UZJ	EXP_1UZJ_cbEGF22-TB4-cbEGF23.pdb	T	25.1	14.6	True	S	8.79	False		
1470316	1737	P	L		vus			False		False	False	False											
1389953	2528	C	S		pathogenic	40		False	C1	True	True	False											
1390245	1117	C	R		pathogenic	13		False	C1	True	True	True	1LMJ	EXP_1LMJ_cbEGF12-13.pdb	C	47.2	28.3	False	H	6.54	False	1129	2.03
1415644	2175	P	L	vus	vus	33		False		False	False	True	1EMN	EXP_1EMN_cbEGF32-33.pdb	P	29.1	18.3	True	T	8.9	False		
1470177	2846	E	Q	vus	vus			False		False	False	False											
1497751	2309	N	Y		vus	36	ca_DN_bOH	True		False	True	False											
1373700	535	L	S	vus	vus	4		False		False	False	False											
1401186	617	C	S		pathogenic	6		False	C1	True	True	False											
1455712	1008	C	S		pathogenic			False		True	True	False											
1483618	628	C	R		pathogenic	6		False	C3	True	True	False											
1512931	1377	H	L	vus	vus	19		False		False	False	False											
1386962	2852	D	G	vus	vus			False		False	False	False											
1361401	2093	G	R		vus			False		False	False	False											
1388574	1980	E	Q		conflicting	30		False		False	False	False											
1472021	1221	C	S		pathogenic	15		False	C4	True	True	False											
1472041	1513	C	F		pathogenic	22		False	C5	True	True	True	1UZJ	EXP_1UZJ_cbEGF22-TB4-cbEGF23.pdb	C	34.3	20.5	False	P	16.53	False	1526	2.04
1391752	2619	G	E	vus	vus	42		False		False	True	False											
1446304	1716	K	M		vus			False		False	False	False											
1473835	147	Q	R		vus			False		False	False	False											
1499510	204	C	R		pathogenic			False		True	True	False											
1347967	1356	G	R	vus	vus	18		False		False	False	False											
1485240	2237	V	M		conflicting	34		False		False	False	False											
1349710	2220	R	P		pathogenic	34		False		False	False	False											
1362963	1302	S	P		vus	17	ca_backbone_3	False		False	False	False											
1393600	727	C	S		pathogenic	7		False	C1	True	True	False											
1393726	2715	C	S		vus			False		True	True	False											
1420959	1769	E	K		conflicting	25	ca_EH	True		False	True	False											
1448241	852	T	A		vus			False		False	False	True	2W86	EXP_2W86_cbEGF9-hyb2-cbEGF10.pdb	T	23.9	13.9	True	E	18.19	False		
1475603	1876	C	W		pathogenic	27		False	C5	True	True	False											
1501018	2604	Q	H	vus	vus	41		False		False	False	False											
1393053	1284	C	S		pathogenic	17		False	C1	True	True	False											
1420686	2001	P	S	vus	vus	30		False		False	False	False											
1475205	557	C	W	pathogenic	pathogenic	4		False	C5	True	True	False											
1367185	2413	C	Y		pathogenic	37		False	C2	True	True	False											
1516007	33	N	S		vus			False		False	False	False											
1378991	2834	T	A		conflicting			False		False	False	False											
1406254	1506	P	A	vus	vus	22		False		False	False	True	1UZJ	EXP_1UZJ_cbEGF22-TB4-cbEGF23.pdb	P	127.7	80.3	False	S	4.74	False		
1406445	2249	D	N	vus	vus	35	ca_DN2	True		False	True	False											
1500362	1977	C	S		pathogenic	30		False	C1	True	True	False											
1392263	2465	S	I		vus	38	ca_backbone_3	False		False	False	False											
1392376	2710	L	F		vus			False		False	False	False											
1447064	1856	I	V	vus	vus	27		False		False	False	False											
1366506	1825	I	V	vus	vus	26		False		False	False	False											
1393814	2581	C	S		pathogenic	41		False	C3	True	True	False											
1477340	1808	D	G		vus	26	ca_D1	True		False	True	False											
1369491	41	R	P		vus			False		False	False	False											
1368926	253	I	V		vus	1		False		False	False	False											
1369075	1472	C	S		pathogenic	21		False	C5	True	True	False											
1433690	648	D	E	vus	vus	6		False		False	False	False											
1433719	2812	I	T	vus	vus			False		False	False	False											
1488677	2214	P	A	vus	vus	34		False		False	False	False											
1407987	2545	P	S		vus	40		False		False	False	False											
1407992	2272	Y	C	pathogenic	pathogenic	35	ca_YF	True		False	True	False											
1408082	490	D	N		conflicting	3	ca_D1	True		False	True	False											
1421673	790	C	R		pathogenic	8		False	C4	True	True	False											
1503849	1521	P	L		conflicting	22		False		False	False	True	1UZJ	EXP_1UZJ_cbEGF22-TB4-cbEGF23.pdb	P	97.4	61.2	False	T	17.58	False		
1395646	44	R	K	vus	vus			False		False	False	False											
1450245	1788	S	N		vus	25	ca_backbone_3	False		False	False	False											
1451553	129	C	F		pathogenic			False		True	True	False											
1479188	392	P	A	vus	vus			False		False	False	False											
1480741	854	W	C		pathogenic			False		False	True	True	2W86	EXP_2W86_cbEGF9-hyb2-cbEGF10.pdb	W	47.1	16.5	True	E	16.66	False		
1481039	711	C	S		pathogenic			False		True	True	False											
1451231	1374	C	Y	pathogenic	pathogenic	19		False	C2	True	True	False											
1451245	896	C	Y		pathogenic			False		True	True	True	2W86	EXP_2W86_cbEGF9-hyb2-cbEGF10.pdb	C	19.4	11.6	True	T	11.11	False	908	2.03
1478852	1224	Q	R	vus	vus	15		False		False	False	False											
1398391	2777	I	N		conflicting			False		False	False	False											
1452826	2652	C	S		pathogenic	43		False	C1	True	True	False											
1453015	2221	C	W		pathogenic	34		False	C3	True	True	False											
1480569	1155	D	G		pathogenic	14	ca_D1	True		False	True	False											
1462761	2600	Y	C		vus	41		False		False	True	False											
1437189	2226	G	R	vus	vus	34		False		False	True	False											
1450410	86	R	Q	vus	vus			False		False	False	False											
1477978	1555	V	L		vus			False		False	False	True	1UZJ	EXP_1UZJ_cbEGF22-TB4-cbEGF23.pdb	V	103.3	59.4	False	E	15.54	False		
1424504	1050	S	T		vus	11	ca_backbone_3	False		False	False	False											
1452173	168	C	S		pathogenic			False		True	True	False											
1452274	887	C	S		pathogenic			False		True	True	True	2W86	EXP_2W86_cbEGF9-hyb2-cbEGF10.pdb	C	40.4	24.2	False	T	22.99	False	862	2.09
1508660	1404	D	H		pathogenic	20	ca_D1	True		False	True	False											
1373031	301	G	A	vus	vus	2		False		False	True	False											
1507924	1850	R	H	vus	vus	27	ca_backbone_1	False		False	False	False											
1345383	1924	H	N	vus	vus	28		False		False	False	False											
1372322	1468	F	L	vus	vus	21	ca_YF	True		False	True	False											
1372341	1925	N	S		vus	28		False		False	False	False											
1400134	541	C	G		pathogenic	4		False	C2	True	True	False											
1427197	2127	D	A		vus	32	ca_D1	True		False	True	True	1EMN	EXP_1EMN_cbEGF32-33.pdb	D	69.8	36.2	False	-	2.47	True		
1454772	1242	C	R		pathogenic	16		False	C1	True	True	False											
1482018	2233	P	H		pathogenic	34		False		False	False	False											
1464498	170	Y	C		vus			False		False	True	False											
1465947	726	E	Q		pathogenic	7	ca_EH	True		False	True	False											
1371510	1353	G	R		conflicting	18		False		False	False	False											
1453641	1947	C	S		pathogenic	29		False	C3	True	True	False											
1453782	2663	C	F		pathogenic	43		False	C3	True	True	False											
1453863	1444	C	S		pathogenic	20		False	C6	True	True	False											
1511860	339	A	S		vus			False		False	False	False											
1373971	572	D	N		vus	5	ca_D1	True		False	True	False											
1401667	2670	Y	F		vus	43	ca_YF	True		False	True	False											
1428817	2664	S	C		vus	43		False		False	True	False											
1456223	1221	C	R		pathogenic	15		False	C4	True	True	False											
1456343	1461	C	R		pathogenic	21		False	C3	True	True	False											
1483735	3	R	Q		vus			False		False	False	False											
1511415	1918	H	R		conflicting	28		False		False	False	False											
1494003	2164	C	G	pathogenic	pathogenic	32		False	C6	True	True	True	1EMN	EXP_1EMN_cbEGF32-33.pdb	C	0.0	0.0	True	E	11.29	False	2153	2.02
1522804	1195	C	G		pathogenic	14		False	C6	True	True	False											
1522965	1933	E	K	vus	vus	29	ca_EH	True		False	True	False											
1358023	2738	A	D	vus	vus			False		False	False	False											
1413441	1348	C	F		pathogenic	18		False	C4	True	True	False											
1400799	1975	N	S		vus	30	ca_DN2	True		False	False	False											
1400913	624	M	T		vus	6		False		False	False	False											
1376081	2128	M	T	vus	vus	32	ca_backbone_1	False		False	False	True	1EMN	EXP_1EMN_cbEGF32-33.pdb	M	149.5	66.8	False	-	2.65	True		
1430918	1345	S	I		vus	18	ca_backbone_3	False		False	False	False											
1431190	899	G	A		vus			False		False	False	True	2W86	EXP_2W86_cbEGF9-hyb2-cbEGF10.pdb	G	1.6	1.5	True	T	4.57	False		
1458475	876	C	W		pathogenic			False		True	True	True	2W86	EXP_2W86_cbEGF9-hyb2-cbEGF10.pdb	C	9.4	5.6	True	H	12.13	False	890	2.04
1458521	950	C	R		pathogenic	10		False	C6	True	True	True	2W86	EXP_2W86_cbEGF9-hyb2-cbEGF10.pdb	C	4.9	3.0	True	B	17.7	False	937	2.07
1485981	1906	R	Q		conflicting	28		False		False	False	False											
1513835	1914	C	G		pathogenic	28		False	C4	True	True	False											
1457950	2142	C	R		pathogenic	32		False	C3	True	True	True	1EMN	EXP_1EMN_cbEGF32-33.pdb	C	37.7	22.6	False	E	9.23	False	2131	2.02
1458007	582	C	R		pathogenic	5		False	C2	True	True	False											
1485740	1080	L	P		vus	12		False		False	False	True	1LMJ	EXP_1LMJ_cbEGF12-13.pdb	L	24.1	12.0	True	T	10.22	False		
1513116	332	R	H	vus	vus			False		False	False	False											
1350034	1236	C	G		pathogenic	15		False	C6	True	True	False											
1387480	1994	G	V		vus	30		False		False	True	False											
1414814	2511	C	W	pathogenic	pathogenic	39		False	C5	True	True	False											
1414872	2869	L	S	vus	vus			False		False	False	False											
1469554	336	C	Y		pathogenic			False		True	True	False											
1497291	1994	G	E		vus	30		False		False	True	False											
1389132	1154	I	F		vus	13		False		False	False	True	1LMJ	EXP_1LMJ_cbEGF12-13.pdb	I	108.6	55.1	False	-	20.44	False		
1512654	378	P	R		vus			False		False	False	False											
1349036	827	S	C		vus	9	ca_backbone_3	False		False	True	True	2W86	EXP_2W86_cbEGF9-hyb2-cbEGF10.pdb	S	56.6	36.5	False	E	2.58	True		
1349094	2660	S	N		vus	43		False		False	False	False											
1404350	700	P	S	vus	vus			False		False	False	False											
1460089	59	C	R		pathogenic			False		True	True	False											
1351948	2527	E	Q		pathogenic	40	ca_EH	True		False	True	False											
1352148	2841	E	K		vus			False		False	False	False											
1459733	1206	G	C		pathogenic	15		False		False	True	False											
1487285	2443	V	A	vus	vus	37		False		False	False	False											
1351566	1601	T	N		vus			False		False	False	True	1UZJ	EXP_1UZJ_cbEGF22-TB4-cbEGF23.pdb	T	60.5	35.2	False	T	16.69	False		
1351666	759	T	A	vus	vus	7		False		False	False	False											
1431497	1728	A	P		pathogenic			False		False	False	False											
1458822	596	C	R		pathogenic	5		False	C4	True	True	False											
1458824	570	C	S		pathogenic	4		False	C6	True	True	False											
1458827	544	G	R		pathogenic	4		False		False	True	False											
1514213	555	C	W		pathogenic	4		False	C4	True	True	False											
1406071	1265	C	F		pathogenic	16		False	C5	True	True	False											
1460238	1180	C	R		pathogenic	14		False	C4	True	True	False											
1516958	254	P	A		vus	1		False		False	False	False											
1436136	1292	L	P		vus	17		False		False	False	False											
1436241	2537	S	C		vus	40		False		False	True	False											
1516484	2627	G	A		conflicting	42		False		False	True	False											
1353482	714	G	E		vus			False		False	False	False											
1500665	987	A	P		vus			False		False	False	False											
1500765	1091	G	W		pathogenic	12		False		False	True	True	1LMJ	EXP_1LMJ_cbEGF12-13.pdb	G	48.8	46.9	False	T	4.65	False		
1392848	2569	D	G		pathogenic	41	ca_DN2	True		False	True	False											
1502613	2411	D	N		conflicting	37		False		False	False	False											
1488388	2783	A	P		vus			False		False	False	False											
1515556	970	P	L	vus	vus			False		False	False	False											
1352424	907	Q	H		benign			False		False	False	True	2W86	EXP_2W86_cbEGF9-hyb2-cbEGF10.pdb	Q	86.7	38.5	False	E	14.03	False		
1380036	67	C	R	pathogenic	pathogenic			False		True	True	False											
1380215	1444	C	W		pathogenic	20		False	C6	True	True	False											
1434859	131	D	G	vus	vus			False		False	False	False											
1355569	862	C	S		pathogenic			False		True	True	True	2W86	EXP_2W86_cbEGF9-hyb2-cbEGF10.pdb	C	18.6	11.2	True	E	22.82	False	887	2.09
1437701	700	P	L		vus			False		False	False	False											
1438047	2145	T	I		vus	32	ca_backbone_2	False		False	False	True	1EMN	EXP_1EMN_cbEGF32-33.pdb	T	38.0	22.1	False	-	2.63	True		
1465025	71	W	G		pathogenic			False		False	False	False											
1465148	2548	F	L		vus	40	ca_YF	True		False	True	False											
1490805	2024	C	F		pathogenic	31		False	C2	True	True	False											
1517910	2129	D	V		pathogenic	32	ca_DN2	True		False	True	True	1EMN	EXP_1EMN_cbEGF32-33.pdb	D	52.3	27.1	False	-	4.02	False		
1517935	2084	C	S		pathogenic			False		True	True	False											
1518035	2783	A	D		pathogenic			False		False	False	False											
1355106	613	D	N	pathogenic	pathogenic	6	ca_D1	True		False	True	False											
1410301	1491	C	R		pathogenic	22		False	C1	True	True	True	1UZJ	EXP_1UZJ_cbEGF22-TB4-cbEGF23.pdb	C	34.3	20.5	False	G	6.51	False	1502	2.05
1437282	979	A	T	vus	vus			False		False	False	False											
1464721	1388	R	S		vus	19		False		False	False	False											
1464885	2671	L	P		pathogenic	43		False		False	False	False											
1519683	520	Q	H	vus	vus	3		False		False	False	False											
1526275	785	P	H		pathogenic	8		False		False	False	False											
1675078	734	C	R		pathogenic	7		False	C2	True	True	False											
1675080	1193	L	P		vus	14		False		False	False	False											
1677025	203	V	A	vus	vus			False		False	False	False											
1677462	300	E	G		vus	2		False		False	False	False											
1677476	107	I	L	vus	vus			False		False	False	False											
1677573	602	F	L		vus	5		False		False	False	False											
1677646	1688	M	T	vus	vus	24		False		False	False	False											
1677650	1469	R	L	vus	vus	21		False		False	False	False											
1677784	57	N	H		conflicting			False		False	False	False											
1677810	2400	G	R	vus	vus			False		False	False	False											
1677948	1092	D	V		vus	12	ca_backbone_3	False		False	False	True	1LMJ	EXP_1LMJ_cbEGF12-13.pdb	D	96.6	50.1	False	E	3.34	False		
1678250	1547	T	A	vus	vus			False		False	False	True	1UZJ	EXP_1UZJ_cbEGF22-TB4-cbEGF23.pdb	T	119.9	69.7	False	-	28.27	False		
1678694	765	D	G		vus	8	ca_D1	True		False	True	False											
1678714	1687	C	R		pathogenic	24		False	C6	True	True	False											
1679954	2258	C	G	pathogenic	pathogenic	35		False	C2	True	True	False											
1683743	1124	C	R		conflicting	13		False	C2	True	True	True	1LMJ	EXP_1LMJ_cbEGF12-13.pdb	C	11.3	6.8	True	T	11.35	False	1138	2.03
1683750	1702	D	G	vus	vus			False		False	False	False											
1683888	1912	F	L		vus	28	ca_YF	True		False	True	False											
1684737	1343	A	T	vus	vus	18		False		False	False	False											
1685316	2541	C	W		pathogenic	40		False	C3	True	True	False											
1685818	2210	C	Y	pathogenic	pathogenic	34		False	C1	True	True	False											
1685819	1562	C	R	pathogenic	pathogenic			False		True	True	True	1UZJ	EXP_1UZJ_cbEGF22-TB4-cbEGF23.pdb	C	0.0	0.0	True	H	10.96	False	1534	2.04
1687323	914	C	Y	pathogenic	pathogenic	10		False	C1	True	True	True	2W86	EXP_2W86_cbEGF9-hyb2-cbEGF10.pdb	C	29.4	17.6	True	H	6.45	False	926	2.05
1687534	1648	D	H		vus	24	ca_D1	True		False	True	False											
1687724	102	C	Y	pathogenic	pathogenic			False		True	True	False											
2672295	2295	C	S		pathogenic	36		False	C1	True	True	False											
1691559	2418	C	S		pathogenic	37		False	C3	True	True	False											
1691560	2057	R	Q	vus	vus			False		False	False	False											
1693647	697	Q	P		vus			False		False	False	False											
1696093	849	I	V	vus	vus			False		False	False	True	2W86	EXP_2W86_cbEGF9-hyb2-cbEGF10.pdb	I	100.7	51.1	False	-	20.1	False		
1698481	509	G	V	vus	vus	3		False		False	False	False											
1698573	2049	S	R	vus	vus	31		False		False	False	False											
1698862	910	D	V		conflicting	10	ca_D1	True		False	True	True	2W86	EXP_2W86_cbEGF9-hyb2-cbEGF10.pdb	D	39.8	20.6	False	E	2.49	True		
1699624	600	P	L		vus	5		False		False	False	False											
1699701	1958	C	Y		pathogenic	29		False	C5	True	True	False											
1699724	1579	A	V		conflicting			False		False	False	True	1UZJ	EXP_1UZJ_cbEGF22-TB4-cbEGF23.pdb	A	54.0	41.9	False	P	19.36	False		
1701259	921	C	S		pathogenic	10		False	C2	True	True	True	2W86	EXP_2W86_cbEGF9-hyb2-cbEGF10.pdb	C	8.5	5.1	True	S	11.47	False	935	2.02
1702402	407	G	D	vus	vus			False		False	False	False											
1702403	567	G	E	vus	vus	4		False		False	False	False											
1702801	1991	N	H	vus	vus	30	ca_DN_bOH	True		False	True	False											
1704483	1203	I	M	vus	vus	15		False		False	False	False											
1705230	1674	C	S		pathogenic	24		False	C5	True	True	False											
1705455	2607	D	G	vus	vus	42	ca_D1	True		False	True	False											
1705611	570	C	S		pathogenic	4		False	C6	True	True	False											
1706266	301	G	E		vus	2		False		False	True	False											
1708070	1687	C	F	pathogenic	pathogenic	24		False	C6	True	True	False											
1708418	2203	T	A		vus	33		False		False	False	True	1EMN	EXP_1EMN_cbEGF32-33.pdb	T	63.8	37.1	False	-	11.71	False		
1708583	1699	Y	D		pathogenic			False		False	False	False											
1709056	786	G	R		vus	8		False		False	True	False											
1709063	2260	E	K		conflicting	35		False		False	False	False											
1710205	1759	I	M		vus			False		False	False	False											
1712055	2070	C	R	pathogenic	pathogenic			False		True	True	False											
1712174	1182	C	S		pathogenic	14		False	C5	True	True	False											
1712343	1914	C	Y	pathogenic	pathogenic	28		False	C4	True	True	False											
1716324	2602	W	C		vus	41		False		False	True	False											
1717938	1026	F	L		vus			False		False	False	False											
1721383	1787	G	C		vus	25		False		False	True	False											
1714001	175	P	R		vus			False		False	False	False											
1715581	2337	G	A		vus			False		False	False	False											
1719055	2815	L	P		vus			False		False	False	False											
1715110	530	D	V		vus	4	ca_D1	True		False	True	False											
1718831	1992	L	F		vus	30	ca_backbone_2	False		False	False	False											
1713708	1330	A	P		vus	18		False		False	False	False											
1718577	1765	V	F		vus			False		False	False	False											
1721742	2791	N	H		vus			False		False	False	False											
1721754	2226	G	E		vus	34		False		False	True	False											
1722033	1555	V	A	vus	vus			False		False	False	True	1UZJ	EXP_1UZJ_cbEGF22-TB4-cbEGF23.pdb	V	103.3	59.4	False	E	15.54	False		
1722332	2443	V	I		conflicting	37		False		False	False	False											
1723088	1930	D	G	pathogenic	pathogenic	29	ca_D1	True		False	True	False											
1723377	808	I	V		vus	9	ca_backbone_1	False		False	False	True	2W86	EXP_2W86_cbEGF9-hyb2-cbEGF10.pdb	I	125.3	63.6	False	-	2.39	True		
1723869	1762	G	C		pathogenic			False		False	True	False											
1728962	1071	I	T		vus	12	ca_backbone_1	False		False	False	True	1LMJ	EXP_1LMJ_cbEGF12-13.pdb	I	123.6	62.7	False	-	2.45	True		
1730244	1109	K	R		vus	12		False		False	False	True	1LMJ	EXP_1LMJ_cbEGF12-13.pdb	K	31.0	13.1	True	S	11.03	False		
1735328	128	S	G		vus			False		False	False	False											
1735367	1278	C	S	pathogenic	pathogenic	16		False	C6	True	True	False											
1737282	1347	K	I		vus	18		False		False	False	False											
1738683	1402	C	R		pathogenic	19		False	C6	True	True	False											
1738692	1402	C	W		pathogenic	19		False	C6	True	True	False											
1730088	1104	G	R	vus	vus	12		False		False	False	True	1LMJ	EXP_1LMJ_cbEGF12-13.pdb	G	0.7	0.6	True	-	11.56	False		
1730125	1105	F	L	vus	vus	12		False		False	False	True	1LMJ	EXP_1LMJ_cbEGF12-13.pdb	F	148.4	61.8	False	T	13.31	False		
1740052	1456	C	G		pathogenic	21		False	C2	True	True	False											
1733162	1203	I	L		vus	15		False		False	False	False											
1734565	1250	D	E		vus	16		False		False	False	False											
1734567	1251	G	C		vus	16		False		False	True	False											
1736425	132	D	H		vus			False		False	False	False											
1736484	1320	C	S		pathogenic	17		False	C6	True	True	False											
1740497	1475	G	R		vus	21		False		False	False	False											
1740838	1491	C	S		pathogenic	22		False	C1	True	True	True	1UZJ	EXP_1UZJ_cbEGF22-TB4-cbEGF23.pdb	C	34.3	20.5	False	G	6.51	False	1502	2.05
1744238	1646	C	S		pathogenic	23		False	C6	True	True	True	1UZJ	EXP_1UZJ_cbEGF22-TB4-cbEGF23.pdb	C	13.6	8.1	True	E	17.65	False	1633	2.04
1747622	1818	C	R	pathogenic	pathogenic	26		False	C2	True	True	False											
1749177	1900	C	W		pathogenic	28		False	C2	True	True	False											
1749324	191	S	I		conflicting			False		False	False	False											
1751258	2017	C	G		pathogenic	31		False	C1	True	True	False											
1752857	2108	R	G		vus			False		False	False	False											
1741839	1535	Y	C		vus			False		False	True	True	1UZJ	EXP_1UZJ_cbEGF22-TB4-cbEGF23.pdb	Y	31.7	12.1	True	E	16.09	False		
1743659	1622	C	R	pathogenic	pathogenic	23		False	C3	True	True	True	1UZJ	EXP_1UZJ_cbEGF22-TB4-cbEGF23.pdb	C	32.3	19.3	True	E	8.34	False	1610	2.02
1743811	1628	S	R		vus	23	ca_backbone_3	False		False	False	True	1UZJ	EXP_1UZJ_cbEGF22-TB4-cbEGF23.pdb	S	55.0	35.5	False	E	2.33	True		
1747108	1791	C	S		pathogenic	25		False	C4	True	True	False											
1747195	1796	G	V		vus	25		False		False	False	False											
1750458	1971	C	F	pathogenic	pathogenic	29		False	C6	True	True	False											
1750532	1976	E	K	vus	vus	30	ca_EH	True		False	True	False											
1752406	2083	C	R		pathogenic			False		True	True	False											
1752559	2092	W	R		vus			False		False	False	False											
1743364	1607	I	T	vus	vus	23	ca_backbone_1	False		False	False	True	1UZJ	EXP_1UZJ_cbEGF22-TB4-cbEGF23.pdb	I	1.5	0.8	True	-	2.26	True		
1748414	186	C	Y	pathogenic	pathogenic			False		True	True	False											
1751735	2040	C	W	pathogenic	pathogenic	31		False	C5	True	True	False											
1752008	2057	R	P		vus			False		False	False	False											
1752023	2059	S	R		vus			False		False	False	False											
1753509	2145	T	K		vus	32	ca_backbone_2	False		False	False	True	1EMN	EXP_1EMN_cbEGF32-33.pdb	T	38.0	22.1	False	-	2.63	True		
1753578	2150	R	H		conflicting	32		False		False	False	True	1EMN	EXP_1EMN_cbEGF32-33.pdb	R	164.3	60.0	False	-	8.12	False		
1753617	2152	E	G		vus	32		False		False	False	True	1EMN	EXP_1EMN_cbEGF32-33.pdb	E	118.4	53.1	False	E	13.25	False		
1753677	2156	G	C		pathogenic	32		False		False	True	True	1EMN	EXP_1EMN_cbEGF32-33.pdb	G	17.8	17.1	True	T	4.8	False		
1741306	1513	C	G	pathogenic	pathogenic	22		False	C5	True	True	True	1UZJ	EXP_1UZJ_cbEGF22-TB4-cbEGF23.pdb	C	34.3	20.5	False	P	16.53	False	1526	2.04
1744779	1672	C	R	pathogenic	pathogenic	24		False	C4	True	True	False											
1746116	1738	I	L		vus			False		False	False	False											
1751536	2033	E	K	vus	vus	31		False		False	False	False											
1751692	2038	C	F		pathogenic	31		False	C4	True	True	False											
1751705	2040	C	F		pathogenic	31		False	C5	True	True	False											
1757984	2423	G	R		vus	37		False		False	False	False											
1763101	2790	H	Y		vus			False		False	False	False											
1755641	2274	C	S		pathogenic	35		False	C4	True	True	False											
1755644	2274	C	W		pathogenic	35		False	C4	True	True	False											
1757628	240	R	L	vus	vus			False		False	False	False											
1759237	2503	T	P		vus	39	ca_backbone_2	False		False	False	False											
1760931	2622	C	G		pathogenic	42		False	C3	True	True	False											
1761019	2629	Y	C	pathogenic	pathogenic	42	ca_YF	True		False	True	False											
1759019	2487	D	G	pathogenic	pathogenic	39	ca_DN2	True		False	True	False											
1760403	2581	C	S		pathogenic	41		False	C3	True	True	False											
1762124	271	C	Y		pathogenic	1		False	C4	True	True	False											
1754802	2224	T	P		vus	34	ca_backbone_2	False		False	False	False											
1754862	2228	Y	D		vus	34	ca_YF	True		False	True	False											
1755155	2245	C	R	pathogenic	pathogenic	34		False	C6	True	True	False											
1759917	2546	G	E		vus	40		False		False	True	False											
1760126	2562	G	C		pathogenic	40		False		False	True	False											
1760233	2569	D	V		pathogenic	41	ca_DN2	True		False	True	False											
1761971	2700	P	S		conflicting			False		False	False	False											
1763366	2811	G	W		vus			False		False	False	False											
1768977	429	R	P	vus	vus			False		False	False	False											
1772413	476	C	W	pathogenic	pathogenic			False		True	True	False											
1777049	547	I	M	vus	vus	4		False		False	False	False											
1777232	55	G	A		conflicting			False		False	False	False											
1769781	439	R	W	vus	vus			False		False	False	False											
1773301	490	D	H		conflicting	3	ca_D1	True		False	True	False											
1775110	518	G	A		vus	3		False		False	False	False											
1772610	479	G	W		vus			False		False	False	False											
1790647	800	P	A	vus	vus	8		False		False	False	False											
1782465	637	C	S		pathogenic	6		False	C4	True	True	False											
1792034	830	C	F	pathogenic	pathogenic	9		False	C4	True	True	True	2W86	EXP_2W86_cbEGF9-hyb2-cbEGF10.pdb	C	5.0	3.0	True	E	10.64	False	816	2.02
1784344	358	C	W		pathogenic			False		True	True	False											
1788025	743	R	P		vus	7		False		False	False	False											
1785867	70	G	V		conflicting			False		False	False	False											
1787632	734	C	S		pathogenic	7		False	C2	True	True	False											
1789110	764	V	F	vus	vus	7		False		False	False	False											
1789313	768	E	K	vus	vus	8	ca_EH	True		False	True	False											
1795887	927	V	I		vus	10		False		False	False	True	2W86	EXP_2W86_cbEGF9-hyb2-cbEGF10.pdb	V	41.8	24.0	False	E	6.59	False		
1795984	929	T	S		conflicting	10	ca_backbone_2	False		False	False	True	2W86	EXP_2W86_cbEGF9-hyb2-cbEGF10.pdb	T	46.4	27.0	False	E	2.54	True		
1801155	844	I	V		vus	9		False		False	False	True	2W86	EXP_2W86_cbEGF9-hyb2-cbEGF10.pdb	I	35.3	17.9	True	B	16.11	False		
1802115	1363	D	N		pathogenic	19	ca_D1	True		False	True	False											
1803472	2678	Y	C	vus	vus	43		False		False	True	False											
1804178	546	C	Y	pathogenic	pathogenic	4		False	C3	True	True	False											
1804563	2508	T	I		vus	39		False		False	False	False											
1804651	514	Q	E		vus	3		False		False	False	False											
1806740	2016	E	D		vus	31	ca_EH	True		False	True	False											
1810032	786	G	E		vus	8		False		False	True	False											
1810043	1746	T	P		vus			False		False	False	False											
1810233	1117	C	F		pathogenic	13		False	C1	True	True	True	1LMJ	EXP_1LMJ_cbEGF12-13.pdb	C	47.2	28.3	False	H	6.54	False	1129	2.03
1810262	899	G	V		conflicting			False		False	False	True	2W86	EXP_2W86_cbEGF9-hyb2-cbEGF10.pdb	G	1.6	1.5	True	T	4.57	False		
1810730	2585	I	N	vus	vus	41		False		False	False	False											
2148336	820	V	F		vus	9		False		False	False	True	2W86	EXP_2W86_cbEGF9-hyb2-cbEGF10.pdb	V	83.4	48.0	False	E	12.44	False		
2137675	2420	N	H	vus	vus	37	ca_DN_bOH	True		False	True	False											
2137680	2221	C	G		pathogenic	34		False	C3	True	True	False											
2137681	2151	C	R		pathogenic	32		False	C4	True	True	True	1EMN	EXP_1EMN_cbEGF32-33.pdb	C	20.6	12.3	True	E	11.1	False	2137	2.02
2137682	2099	C	W	pathogenic	pathogenic			False		True	True	False											
2137685	1910	G	V	pathogenic	pathogenic	28		False		False	True	False											
2137689	1748	C	R		pathogenic			False		True	True	False											
2137690	1706	C	Y		pathogenic			False		True	True	False											
2137691	1695	C	Y		pathogenic			False		True	True	False											
2137692	1528	D	N		vus			False		False	False	True	1UZJ	EXP_1UZJ_cbEGF22-TB4-cbEGF23.pdb	D	15.2	7.9	True	-	17.6	False		
2137693	1491	C	Y		pathogenic	22		False	C1	True	True	True	1UZJ	EXP_1UZJ_cbEGF22-TB4-cbEGF23.pdb	C	34.3	20.5	False	G	6.51	False	1502	2.05
2137695	1326	C	R		pathogenic	18		False	C1	True	True	False											
2137696	1307	C	Y	pathogenic	pathogenic	17		False	C5	True	True	False											
2137697	1265	C	Y	pathogenic	pathogenic	16		False	C5	True	True	False											
2137700	887	C	S		pathogenic			False		True	True	True	2W86	EXP_2W86_cbEGF9-hyb2-cbEGF10.pdb	C	40.4	24.2	False	T	22.99	False	862	2.09
2137702	790	C	G		pathogenic	8		False	C4	True	True	False											
2137705	711	C	Y		pathogenic			False		True	True	False											
2137706	654	D	N	pathogenic	pathogenic			False		False	False	False											
2139396	2612	L	F	vus	vus	42		False		False	False	False											
2140886	424	Q	K		benign			False		False	False	False											
2140922	2332	L	F		conflicting	36		False		False	False	False											
2144409	565	R	G	vus	vus	4		False		False	False	False											
2149206	1112	M	L		benign	12		False		False	False	True	1LMJ	EXP_1LMJ_cbEGF12-13.pdb	M	83.0	37.1	False	E	5.86	False		
2140340	1244	D	N		benign	16		False		False	False	False											
2149966	612	K	R	vus	vus	5		False		False	False	False											
2160488	2573	G	D	vus	vus	41		False		False	False	False											
2153030	375	E	D	vus	vus			False		False	False	False											
2154893	1041	H	Q		conflicting	11		False		False	False	False											
2159797	310	S	R		vus	2	ca_backbone_3	False		False	False	False											
2150905	1915	R	H	vus	vus	28		False		False	False	False											
2159294	401	Y	N	vus	vus			False		False	False	False											
2161252	977	M	T		vus			False		False	False	False											
2162898	2202	M	T	vus	vus	33		False		False	False	True	1EMN	EXP_1EMN_cbEGF32-33.pdb	M	153.0	68.3	False	S	9.82	False		
2150578	2697	P	T		conflicting			False		False	False	False											
2152235	1853	C	W		pathogenic	27		False	C1	True	True	False											
2152240	832	C	R		pathogenic	9		False	C5	True	True	True	2W86	EXP_2W86_cbEGF9-hyb2-cbEGF10.pdb	C	38.7	23.2	False	-	16.99	False	845	2.03
2152241	741	N	S		pathogenic	7	ca_DN_bOH	True		False	True	False											
2152242	366	W	S		pathogenic			False		False	False	False											
2153929	232	R	C		vus			False		False	True	False											
2166879	255	G	W		vus	1		False		False	False	False											
2173266	1789	F	I		vus	25	ca_YF	True		False	True	False											
2169219	239	I	T		conflicting			False		False	False	False											
2176304	2041	P	L	vus	vus	31		False		False	False	False											
2170695	892	V	I		conflicting			False		False	False	True	2W86	EXP_2W86_cbEGF9-hyb2-cbEGF10.pdb	V	64.4	37.0	False	-	12.56	False		
2172253	986	A	V		conflicting			False		False	False	False											
2179036	144	H	Q		vus			False		False	False	False											
2180768	1884	D	V	vus	vus	27		False		False	False	False											
2184029	1443	A	T		conflicting	20		False		False	False	False											
2181629	889	L	Q		benign			False		False	False	True	2W86	EXP_2W86_cbEGF9-hyb2-cbEGF10.pdb	L	114.8	57.1	False	E	19.51	False		
2188433	473	R	Q	vus	vus			False		False	False	False											
2177788	382	T	I		vus			False		False	False	False											
2186219	578	I	R	vus	vus	5		False		False	False	False											
2203217	2841	E	D		benign			False		False	False	False											
2193954	367	S	F	vus	vus			False		False	False	False											
2196667	393	M	T	vus	vus			False		False	False	False											
2200035	655	T	A		vus			False		False	False	False											
2418075	2808	Q	R	vus	vus			False		False	False	False											
2419758	992	E	D		vus			False		False	False	False											
1898681	2632	M	T	vus	vus	42		False		False	False	False											
1917488	2762	A	D		vus			False		False	False	False											
1913257	1253	Q	P		vus	16		False		False	False	False											
1915233	1684	G	E		vus	24		False		False	False	False											
1920103	2288	G	S		vus	35		False		False	False	False											
1929753	1433	M	L	vus	vus	20		False		False	False	False											
1924117	245	Q	P		vus			False		False	False	False											
1935813	2864	M	I	vus	vus			False		False	False	False											
1928415	2833	S	G		vus			False		False	False	False											
1933647	1270	M	L	vus	vus	16		False		False	False	False											
1940155	382	T	A	vus	vus			False		False	False	False											
1948483	425	I	V		vus			False		False	False	False											
1952443	1647	D	G		vus	23		False		False	False	True	1UZJ	EXP_1UZJ_cbEGF22-TB4-cbEGF23.pdb	D	99.3	51.5	False	-	21.39	False		
1953627	144	H	R		conflicting			False		False	False	False											
1953239	989	G	S		vus			False		False	False	False											
1959915	48	G	E		vus			False		False	False	False											
1969402	2836	L	F	vus	vus			False		False	False	False											
1970428	1639	L	V		vus	23		False		False	False	True	1UZJ	EXP_1UZJ_cbEGF22-TB4-cbEGF23.pdb	L	46.4	23.1	False	E	14.42	False		
1966585	287	E	K		vus	1		False		False	False	False											
1982904	2578	Q	K		pathogenic	41		False		False	False	False											
1984592	636	R	S		vus	6		False		False	False	False											
1978928	1727	R	W		conflicting			False		False	False	False											
1990912	1330	A	T		benign	18		False		False	False	False											
1980315	1701	A	V		vus			False		False	False	False											
1990732	1921	I	S	vus	vus	28		False		False	False	False											
2003833	509	G	D		vus	3		False		False	False	False											
2005623	1298	N	T		pathogenic	17	ca_DN_bOH	True		False	True	False											
1998376	1677	D	G		vus	24		False		False	False	False											
2001611	1080	L	F	vus	vus	12		False		False	False	True	1LMJ	EXP_1LMJ_cbEGF12-13.pdb	L	24.1	12.0	True	T	10.22	False		
2001686	1096	K	R		vus	12		False		False	False	True	1LMJ	EXP_1LMJ_cbEGF12-13.pdb	K	132.3	56.1	False	-	13.53	False		
2001796	2176	C	Y	pathogenic	pathogenic	33		False	C2	True	True	True	1EMN	EXP_1EMN_cbEGF32-33.pdb	C	4.5	2.7	True	T	12.53	False	2190	2.02
2005098	1529	T	A		vus			False		False	False	True	1UZJ	EXP_1UZJ_cbEGF22-TB4-cbEGF23.pdb	T	89.6	52.1	False	-	19.45	False		
1996097	494	C	W	pathogenic	pathogenic	3		False	C1	True	True	False											
1997975	153	G	A		vus			False		False	False	False											
1997294	2204	C	S	pathogenic	pathogenic	33		False	C6	True	True	True	1EMN	EXP_1EMN_cbEGF32-33.pdb	C	30.4	18.2	True	-	14.15	False	2192	2.02
1999135	2825	G	V		vus			False		False	False	False											
2002728	1889	C	W		pathogenic	27		False	C6	True	True	False											
2004199	2351	G	R		benign			False		False	False	False											
2008785	2364	C	S		pathogenic			False		True	True	False											
2015310	2172	V	F		vus	33		False		False	False	True	1EMN	EXP_1EMN_cbEGF32-33.pdb	V	138.6	79.6	False	T	8.92	False		
2009690	888	T	S		benign			False		False	False	True	2W86	EXP_2W86_cbEGF9-hyb2-cbEGF10.pdb	T	80.6	46.9	False	E	20.38	False		
2014899	1891	D	Y		pathogenic	28	ca_D1	True		False	True	False											
2015139	1593	E	G	vus	vus			False		False	False	True	1UZJ	EXP_1UZJ_cbEGF22-TB4-cbEGF23.pdb	E	119.7	53.7	False	T	8.31	False		
2016566	935	C	G		pathogenic	10		False	C4	True	True	True	2W86	EXP_2W86_cbEGF9-hyb2-cbEGF10.pdb	C	6.5	3.9	True	E	10.77	False	921	2.02
2007509	2488	E	A		vus	39	ca_EH	True		False	True	False											
2016320	373	A	D		vus			False		False	False	False											
2022802	2142	C	G		pathogenic	32		False	C3	True	True	True	1EMN	EXP_1EMN_cbEGF32-33.pdb	C	37.7	22.6	False	E	9.23	False	2131	2.02
2029363	2488	E	G		pathogenic	39	ca_EH	True		False	True	False											
2029643	1665	N	T		pathogenic	24	ca_DN_bOH	True		False	True	False											
2031233	1829	G	C		vus	26		False		False	True	False											
2024034	2297	T	R	vus	vus	36		False		False	False	False											
2032122	1155	D	V		pathogenic	14	ca_D1	True		False	True	False											
2021355	1111	C	S		pathogenic	12		False	C6	True	True	True	1LMJ	EXP_1LMJ_cbEGF12-13.pdb	C	14.8	8.9	True	E	9.14	False	1097	2.04
2028254	154	C	F		pathogenic			False		True	True	False											
2031446	2659	C	F		pathogenic	43		False	C2	True	True	False											
2034108	587	C	W		pathogenic	5		False	C3	True	True	False											
2042644	1681	V	M		vus	24		False		False	False	False											
2033835	582	C	G		pathogenic	5		False	C2	True	True	False											
2042296	1168	N	I		vus	14		False		False	False	False											
2044263	1022	G	R		vus			False		False	False	False											
2055260	297	G	E	vus	vus	2		False		False	False	False											
2057026	2745	S	A		vus			False		False	False	False											
2047575	871	L	S		vus			False		False	False	True	2W86	EXP_2W86_cbEGF9-hyb2-cbEGF10.pdb	L	59.5	29.6	False	-	13.45	False		
2066411	779	G	R		vus	8		False		False	True	False											
2062673	1581	N	S	vus	vus			False		False	False	True	1UZJ	EXP_1UZJ_cbEGF22-TB4-cbEGF23.pdb	N	128.9	66.1	False	T	20.08	False		
2069386	1208	C	W		pathogenic	15		False	C2	True	True	False											
2075634	101	T	I	vus	vus			False		False	False	False											
2079046	2392	H	R		conflicting			False		False	False	False											
2079175	749	I	L		vus	7		False		False	False	False											
2076889	1034	M	I		conflicting	11		False		False	False	False											
2077981	83	P	S		vus			False		False	False	False											
2094461	816	C	Y		pathogenic	9		False	C2	True	True	True	2W86	EXP_2W86_cbEGF9-hyb2-cbEGF10.pdb	C	11.6	7.0	True	S	10.98	False	830	2.02
2099964	2803	F	L		vus			False		False	False	False											
2097405	581	M	V		vus	5		False		False	False	False											
2088587	945	A	P		vus	10		False		False	False	True	2W86	EXP_2W86_cbEGF9-hyb2-cbEGF10.pdb	A	116.3	90.1	False	T	17.43	False		
2090244	483	D	A		vus			False		False	False	False											
2090263	2135	D	V		vus	32		False		False	False	True	1EMN	EXP_1EMN_cbEGF32-33.pdb	D	114.6	59.4	False	T	13.76	False		
2093521	2226	G	V		vus	34		False		False	True	False											
2098867	1278	C	Y		pathogenic	16		False	C6	True	True	False											
2098868	136	C	Y	pathogenic	pathogenic			False		True	True	False											
2088229	879	L	P		pathogenic			False		False	False	True	2W86	EXP_2W86_cbEGF9-hyb2-cbEGF10.pdb	L	30.0	14.9	True	T	8.89	False		
2095105	1330	A	V	vus	vus	18		False		False	False	False											
2095184	315	C	R	pathogenic	pathogenic	2		False	C5	True	True	False											
2111751	1315	K	R		vus	17		False		False	False	False											
2106253	107	I	V		vus			False		False	False	False											
2111584	2053	C	S		pathogenic	31		False	C6	True	True	False											
2102252	350	P	S		benign			False		False	False	False											
2105979	442	P	S		benign			False		False	False	False											
2105208	840	P	Q		vus	9		False		False	False	True	2W86	EXP_2W86_cbEGF9-hyb2-cbEGF10.pdb	P	128.0	80.5	False	T	17.56	False		
2108834	2569	D	A		pathogenic	41	ca_DN2	True		False	True	False											
2114146	2395	G	E		pathogenic			False		False	False	False											
2118439	1249	C	Y		pathogenic	16		False	C2	True	True	False											
2121644	1767	I	T	vus	vus	25	ca_backbone_1	False		False	False	False											
2123403	981	C	W		pathogenic			False		True	True	False											
2125129	1345	S	R		vus	18	ca_backbone_3	False		False	False	False											
2118006	2657	A	V		benign	43		False		False	False	False											
2121178	1363	D	Y		pathogenic	19	ca_D1	True		False	True	False											
2123035	1748	C	W		pathogenic			False		True	True	False											
2123169	2686	C	Y		pathogenic	43		False	C6	True	True	False											
2124304	1832	R	L		vus	26		False		False	False	False											
2130947	2447	E	Q		pathogenic	38	ca_EH	True		False	True	False											
2132525	889	L	V		benign			False		False	False	True	2W86	EXP_2W86_cbEGF9-hyb2-cbEGF10.pdb	L	114.8	57.1	False	E	19.51	False		
2134989	1530	R	L		pathogenic			False		False	False	True	1UZJ	EXP_1UZJ_cbEGF22-TB4-cbEGF23.pdb	R	88.8	32.4	False	-	18.16	False		
2413174	2548	F	Y	vus	vus	40	ca_YF	True		False	True	False											
2430312	1322	D	Y		vus	18	ca_D1	True		False	True	False											
2430708	628	C	S	pathogenic	pathogenic	6		False	C3	True	True	False											
2430789	2497	Q	E		vus	39		False		False	False	False											
2430890	680	K	E	vus	vus			False		False	False	False											
2431523	1726	G	V		vus			False		False	False	False											
2441375	831	E	V		vus	9		False		False	False	True	2W86	EXP_2W86_cbEGF9-hyb2-cbEGF10.pdb	E	65.3	29.3	False	E	12.73	False		
2441376	288	D	N	vus	vus	2	ca_D1	True		False	True	False											
2441378	2267	N	T		vus	35	ca_DN_bOH	True		False	True	False											
2441380	1898	D	Y		vus	28		False		False	False	False											
2441381	807	D	V		vus	9	ca_D1	True		False	True	True	2W86	EXP_2W86_cbEGF9-hyb2-cbEGF10.pdb	D	68.1	35.3	False	-	2.61	True		
2441773	2669	G	R		pathogenic	43	ca_backbone_3	False		False	True	False											
2441994	232	R	H	vus	vus			False		False	False	False											
2442695	114	R	T	vus	vus			False		False	False	False											
2442868	2703	G	S	vus	vus			False		False	False	False											
2442870	2062	Y	F	vus	vus			False		False	False	False											
2442871	1882	T	I		vus	27		False		False	False	False											
2442873	1521	P	R		vus	22		False		False	False	True	1UZJ	EXP_1UZJ_cbEGF22-TB4-cbEGF23.pdb	P	97.4	61.2	False	T	17.58	False		
2442978	2780	L	H		vus			False		False	False	False											
2442980	1424	P	L		vus	20		False		False	False	False											
2442982	776	C	F		pathogenic	8		False	C2	True	True	False											
2444200	1452	L	F		vus	21		False		False	False	False											
2446328	1872	F	S		vus	27	ca_YF	True		False	True	False											
2453671	1745	A	T	vus	vus			False		False	False	False											
2453674	2446	N	D		vus	38	ca_DN2	True		False	True	False											
2453676	1462	H	P		vus	21		False		False	False	False											
2453683	25	A	V	vus	vus			False		False	False	False											
2453684	2269	I	S		conflicting	35		False		False	False	False											
2453687	1643	T	K	vus	vus	23		False		False	False	True	1UZJ	EXP_1UZJ_cbEGF22-TB4-cbEGF23.pdb	T	59.1	34.4	False	T	17.81	False		
2497951	1889	C	R		pathogenic	27		False	C6	True	True	False											
2497961	428	P	R		vus			False		False	False	False											
2498040	374	P	S		vus			False		False	False	False											
2498338	2802	G	V					False		False	False	False											
2498341	1404	D	G			20	ca_D1	True		False	True	False											
2498342	1362	T	S			18		False		False	False	False											
2498343	539	R	Q		benign	4		False		False	False	False											
2498611	2217	C	G		pathogenic	34		False	C2	True	True	False											
2498613	582	C	W	pathogenic	pathogenic	5		False	C2	True	True	False											
2499897	835	E	Q		vus	9		False		False	False	True	2W86	EXP_2W86_cbEGF9-hyb2-cbEGF10.pdb	E	18.3	8.2	True	T	20.67	False		
2500028	655	T	I		vus			False		False	False	False											
2500232	2190	C	Y		pathogenic	33		False	C4	True	True	True	1EMN	EXP_1EMN_cbEGF32-33.pdb	C	6.1	3.6	True	E	9.97	False	2176	2.02
2501043	2499	L	P		conflicting	39		False		False	False	False											
2501604	2835	P	L		vus			False		False	False	False											
2501637	2123	D	V		vus			False		False	False	False											
2502068	1322	D	N	pathogenic	pathogenic	18	ca_D1	True		False	True	False											
2502565	1231	P	S		vus	15		False		False	False	False											
2502816	2761	T	A	vus	vus			False		False	False	False											
2503888	18	A	V		vus			False		False	False	False											
2505313	219	H	Q		conflicting			False		False	False	False											
2506792	2032	T	A		vus	31	ca_backbone_2	False		False	False	False											
2506810	1412	L	P	vus	vus	20		False		False	False	False											
2562535	775	L	F	vus	vus	8		False		False	False	False											
2567908	2546	G	V		vus	40		False		False	True	False											
2567909	864	I	V		conflicting			False		False	False	True	2W86	EXP_2W86_cbEGF9-hyb2-cbEGF10.pdb	I	89.9	45.6	False	E	18.79	False		
2567913	38	R	G	vus	vus			False		False	False	False											
2567918	990	T	I		vus			False		False	False	False											
2570580	1754	G	D	pathogenic	pathogenic			False		False	False	False											
2570581	110	S	C		pathogenic			False		False	True	False											
2571593	1153	C	F		pathogenic	13		False	C6	True	True	True	1LMJ	EXP_1LMJ_cbEGF12-13.pdb	C	28.4	17.0	True	-	17.49	False	1140	2.03
2572188	2105	E	D		pathogenic			False		False	False	False											
2572346	2737	D	E		vus			False		False	False	False											
2572452	1526	C	F		vus	22		False	C6	True	True	True	1UZJ	EXP_1UZJ_cbEGF22-TB4-cbEGF23.pdb	C	1.2	0.7	True	E	16.78	False	1513	2.04
2572595	1327	E	D		vus	18		False		False	False	False											
2572629	1039	C	R		pathogenic	11		False	C2	True	True	False											
2573965	1397	G	S	vus	vus	19		False		False	False	False											
2574103	1756	V	A					False		False	False	False											
2575627	1614	P	S		vus	23		False		False	False	True	1UZJ	EXP_1UZJ_cbEGF22-TB4-cbEGF23.pdb	P	74.8	47.0	False	G	10.97	False		
2575838	1582	T	I	vus	vus			False		False	False	True	1UZJ	EXP_1UZJ_cbEGF22-TB4-cbEGF23.pdb	T	47.5	27.6	False	S	21.22	False		
2576111	2124	S	P		vus			False		False	False	False											
2576879	2265	C	R	pathogenic	pathogenic	35		False	C3	True	True	False											
2578735	1572	T	N		vus			False		False	False	True	1UZJ	EXP_1UZJ_cbEGF22-TB4-cbEGF23.pdb	T	102.9	59.8	False	T	23.13	False		
2578736	1562	C	Y		pathogenic			False		True	True	True	1UZJ	EXP_1UZJ_cbEGF22-TB4-cbEGF23.pdb	C	0.0	0.0	True	H	10.96	False	1534	2.04
2578737	1077	S	C		pathogenic	12		False		False	True	True	1LMJ	EXP_1LMJ_cbEGF12-13.pdb	S	25.8	16.7	True	-	12.06	False		
2578738	435	L	P		vus			False		False	False	False											
2579846	1965	A	G	vus	vus	29		False		False	False	False											
2579847	1269	F	S	vus	vus	16		False		False	False	False											
2580027	2567	D	N	vus	vus	41	ca_D1	True		False	True	False											
2580942	1652	C	S		pathogenic	24		False	C1	True	True	False											
2581997	2081	Q	R		vus			False		False	False	False											
2584377	1975	N	K		pathogenic	30	ca_DN2	True		False	True	False											
2587624	1017	K	E		vus			False		False	False	False											
2587625	16	L	P		pathogenic			False		False	False	False											
2627080	853	C	Y					False		True	True	True	2W86	EXP_2W86_cbEGF9-hyb2-cbEGF10.pdb	C	0.0	0.0	True	E	13.72	False	875	2.04
2627465	1001	T	N		vus			False		False	False	False											
2627789	2483	C	G			38		False	C6	True	True	False											
2628374	2462	T	S		vus	38	ca_backbone_2	False		False	False	False											
2632489	1714	M	T	vus	vus			False		False	False	False											
2632608	55	G	R		vus			False		False	False	False											
2637410	1848	N	K		vus	26		False		False	False	False											
2628403	642	G	R		vus	6		False		False	False	False											
2628679	506	N	K		vus	3	ca_DN_bOH	True		False	True	False											
2630059	2163	E	V		vus	32		False		False	False	True	1EMN	EXP_1EMN_cbEGF32-33.pdb	E	90.0	40.4	False	E	13.25	False		
2631438	441	P	L	vus	vus			False		False	False	False											
2633589	2237	V	E		vus	34		False		False	False	False											
2637023	1506	P	T		pathogenic	22		False		False	False	True	1UZJ	EXP_1UZJ_cbEGF22-TB4-cbEGF23.pdb	P	127.7	80.3	False	S	4.74	False		
2631015	722	S	N	vus	vus			False		False	False	False											
2632875	345	C	R		vus			False		True	True	False											
2632957	837	T	I		vus	9		False		False	False	True	2W86	EXP_2W86_cbEGF9-hyb2-cbEGF10.pdb	T	72.7	42.3	False	E	20.71	False		
2637911	1242	C	W		pathogenic	16		False	C1	True	True	False											
2645311	2719	K	E	vus	vus			False		False	False	False											
2645314	1458	F	C		vus	21		False		False	True	False											
2645315	194	M	T		vus			False		False	False	False											
2662788	214	G	D	pathogenic	pathogenic			False		False	False	False											
2662804	1238	D	G		pathogenic	16	ca_D1	True		False	True	False											
2663149	1707	D	G		vus			False		False	False	False											
2664770	959	F	S		vus			False		False	False	False											
2672586	2201	M	I	vus	vus	33		False		False	False	True	1EMN	EXP_1EMN_cbEGF32-33.pdb	M	88.7	39.6	False	S	7.36	False		
2672587	1799	Y	H		vus	25		False		False	False	False											
2674623	2188	F	C		pathogenic	33	ca_YF	True		False	True	True	1EMN	EXP_1EMN_cbEGF32-33.pdb	F	38.1	15.9	True	E	4.49	False		
2682337	1267	D	G		vus	16		False		False	False	False											
2683903	1371	T	A		vus	19		False		False	False	False											
2689053	2236	Y	H		vus	34		False		False	False	False											
2689054	376	M	I		vus			False		False	False	False											
2689055	694	E	D		vus			False		False	False	False											
2689056	2421	D	N		conflicting	37	ca_backbone_2	False		False	False	False											
2691172	670	C	S		vus			False		True	True	False											
2691174	1444	C	R		pathogenic	20		False	C6	True	True	False											
2691177	2475	I	M	vus	vus	38		False		False	False	False											
2773309	2620	A	P		vus	42		False		False	False	False											
2773311	2588	Y	H		vus	41	ca_YF	True		False	True	False											
2773312	2518	H	R		vus	39		False		False	False	False											
2773314	2458	I	V	vus	vus	38		False		False	False	False											
2773316	2392	H	Q		vus			False		False	False	False											
2773318	2374	H	Q		vus			False		False	False	False											
2773319	2369	R	K		vus			False		False	False	False											
2773320	2342	E	A		vus			False		False	False	False											
2773322	2319	N	S	vus	vus	36		False		False	False	False											
2773323	2306	R	S		vus	36		False		False	False	False											
2773326	2229	E	G		vus	34		False		False	False	False											
2773327	2106	A	V	vus	vus			False		False	False	False											
2773328	2103	P	H		vus			False		False	False	False											
2773329	2056	L	W		vus			False		False	False	False											
2773331	1999	I	L		vus	30		False		False	False	False											
2773332	1985	A	V		vus	30		False		False	False	False											
2773333	1969	R	M		vus	29		False		False	False	False											
2773334	1802	K	M		vus	25		False		False	False	False											
2773336	1735	Q	R		vus			False		False	False	False											
2773337	1707	D	E		vus			False		False	False	False											
2773338	1629	F	S		vus	23	ca_YF	True		False	True	True	1UZJ	EXP_1UZJ_cbEGF22-TB4-cbEGF23.pdb	F	29.7	12.4	True	E	4.53	False		
2773341	1560	A	V	vus	vus			False		False	False	True	1UZJ	EXP_1UZJ_cbEGF22-TB4-cbEGF23.pdb	A	10.9	8.5	True	H	10.68	False		
2773342	1532	G	R		vus			False		False	False	True	1UZJ	EXP_1UZJ_cbEGF22-TB4-cbEGF23.pdb	G	10.4	10.0	True	E	16.82	False		
2773343	1522	T	I	vus	vus	22		False		False	False	True	1UZJ	EXP_1UZJ_cbEGF22-TB4-cbEGF23.pdb	T	91.8	53.4	False	T	13.6	False		
2773344	1419	Q	H	vus	vus	20		False		False	False	False											
2773346	1402	C	S		pathogenic	19		False	C6	True	True	False											
2773347	1401	T	A		vus	19		False		False	False	False											
2773348	1360	K	N	vus	vus	18		False		False	False	False											
2773349	1358	G	S		vus	18		False		False	False	False											
2773350	1352	P	H	vus	vus	18		False		False	False	False											
2773361	1090	P	A		vus	12		False		False	False	True	1LMJ	EXP_1LMJ_cbEGF12-13.pdb	P	116.7	73.4	False	T	4.28	False		
2773365	1009	P	S		vus			False		False	False	False											
2773366	999	R	G		conflicting			False		False	False	False											
2773367	977	M	I	vus	vus			False		False	False	False											
2773368	971	I	L		vus			False		False	False	False											
2773369	962	Y	H		conflicting			False		False	False	False											
2773371	929	T	I	vus	vus	10	ca_backbone_2	False		False	False	True	2W86	EXP_2W86_cbEGF9-hyb2-cbEGF10.pdb	T	46.4	27.0	False	E	2.54	True		
2773372	893	D	G	vus	vus			False		False	False	True	2W86	EXP_2W86_cbEGF9-hyb2-cbEGF10.pdb	D	18.1	9.4	True	-	13.74	False		
2773373	881	A	S	vus	vus			False		False	False	True	2W86	EXP_2W86_cbEGF9-hyb2-cbEGF10.pdb	A	34.3	26.6	False	S	15.61	False		
2773374	870	T	I		vus			False		False	False	True	2W86	EXP_2W86_cbEGF9-hyb2-cbEGF10.pdb	T	6.3	3.7	True	E	13.83	False		
2773375	824	S	N		vus	9	ca_backbone_2	False		False	False	True	2W86	EXP_2W86_cbEGF9-hyb2-cbEGF10.pdb	S	24.2	15.6	True	E	2.59	True		
2773379	735	P	R		vus	7		False		False	False	False											
2773382	722	S	G	vus	vus			False		False	False	False											
2773384	553	F	V	vus	vus	4	ca_YF	True		False	True	False											
2773385	547	I	L	vus	vus	4		False		False	False	False											
2773386	525	R	Q	vus	vus	3		False		False	False	False											
2773387	497	N	K	vus	vus	3		False		False	False	False											
2773388	469	P	L		vus			False		False	False	False											
2773389	466	I	T	vus	vus			False		False	False	False											
2773390	401	Y	F		vus			False		False	False	False											
2773391	400	E	D		vus			False		False	False	False											
2773393	330	D	V		vus			False		False	False	False											
2773395	289	I	T		vus	2	ca_backbone_1	False		False	False	False											
2773397	240	R	P		vus			False		False	False	False											
2773398	236	I	L		vus			False		False	False	False											
2773399	218	G	D	vus	vus			False		False	False	False											
2773401	187	F	Y	vus	vus			False		False	False	False											
2773403	141	I	T	vus	vus			False		False	False	False											
2773404	101	T	S	vus	vus			False		False	False	False											
2773405	90	G	R		vus			False		False	False	False											
2773407	49	G	E		vus			False		False	False	False											
2773409	34	V	M		vus			False		False	False	False											
2773410	11	L	V	vus	vus			False		False	False	False											
2775393	2835	P	T		vus			False		False	False	False											
2775394	2750	N	T		conflicting			False		False	False	False											
2775395	2743	D	N		vus			False		False	False	False											
2775397	2733	T	A		vus			False		False	False	False											
2920902	1526	C	R	pathogenic	pathogenic	22		False	C6	True	True	True	1UZJ	EXP_1UZJ_cbEGF22-TB4-cbEGF23.pdb	C	1.2	0.7	True	E	16.78	False	1513	2.04
2920966	787	S	I		vus	8	ca_backbone_3	False		False	False	False											
2921049	232	R	P		vus			False		False	False	False											
2922175	2393	G	A		vus			False		False	False	False											
2922191	896	C	S		pathogenic			False		True	True	True	2W86	EXP_2W86_cbEGF9-hyb2-cbEGF10.pdb	C	19.4	11.6	True	T	11.11	False	908	2.03
2922235	2141	Q	L		vus	32		False		False	False	True	1EMN	EXP_1EMN_cbEGF32-33.pdb	Q	129.7	57.7	False	E	12.44	False		
2922316	647	L	V	vus	vus	6		False		False	False	False											
2922438	1115	D	Y		pathogenic	13	ca_DN2	True		False	True	True	1LMJ	EXP_1LMJ_cbEGF12-13.pdb	D	58.9	30.5	False	-	4.6	False		
2922440	1852	E	A		pathogenic	27	ca_EH	True		False	True	False											
2922482	174	G	R		vus			False		False	False	False											
2924118	228	P	S		vus			False		False	False	False											
2924164	219	H	Q		vus			False		False	False	False											
2924191	1667	V	A	vus	vus	24		False		False	False	False											
2924216	1403	T	I		vus	19		False		False	False	False											
2924219	2735	E	K		conflicting			False		False	False	False											
2925637	1313	G	A		vus	17		False		False	False	False											
2925771	2132	K	E	vus	vus	32		False		False	False	True	1EMN	EXP_1EMN_cbEGF32-33.pdb	K	154.8	65.6	False	S	8.54	False		
2925961	1087	V	M		vus	12		False		False	False	True	1LMJ	EXP_1LMJ_cbEGF12-13.pdb	V	58.4	33.6	False	E	5.95	False		
2927387	2714	A	S		benign			False		False	False	False											
2929120	1305	C	Y		pathogenic	17		False	C4	True	True	False											
2929121	1100	G	D		pathogenic	12		False		False	False	True	1LMJ	EXP_1LMJ_cbEGF12-13.pdb	G	11.0	10.6	True	S	4.91	False		
2929125	2113	Y	H	vus	vus			False		False	False	False											
2929174	132	D	N		conflicting			False		False	False	False											
2929241	316	P	H		vus	2		False		False	False	False											
2929242	291	E	V	vus	vus	2	ca_EH	True		False	True	False											
2929505	920	V	M	vus	vus	10		False		False	False	True	2W86	EXP_2W86_cbEGF9-hyb2-cbEGF10.pdb	V	2.4	1.4	True	-	10.03	False		
2930859	2813	S	N	vus	vus			False		False	False	False											
2930872	2385	A	V	vus	vus			False		False	False	False											
2930898	1909	I	V		conflicting	28		False		False	False	False											
2931261	1144	H	R	vus	vus	13		False		False	False	True	1LMJ	EXP_1LMJ_cbEGF12-13.pdb	H	122.7	54.8	False	S	22.36	False		
2931271	804	T	I		vus	8		False		False	False	False											
2921751	1206	G	S		pathogenic	15		False		False	False	False											
2921756	2507	F	C		vus	39	ca_YF	True		False	True	False											
2921857	662	Y	D	vus	vus			False		False	False	False											
2921976	358	C	S	pathogenic	pathogenic			False		True	True	False											
2921989	1839	Y	S	vus	vus	26		False		False	False	False											
2922003	102	C	W		pathogenic			False		True	True	False											
2922104	1900	C	R		pathogenic	28		False	C2	True	True	False											
2922109	669	Q	P		vus			False		False	False	False											
2923843	2377	I	V		conflicting			False		False	False	False											
2925322	1076	I	T		conflicting	12		False		False	False	True	1LMJ	EXP_1LMJ_cbEGF12-13.pdb	I	135.9	69.0	False	T	9.31	False		
2925531	2509	C	Y		pathogenic	39		False	C4	True	True	False											
2925534	2307	C	R		pathogenic	36		False	C3	True	True	False											
2925535	2273	M	V		conflicting	35		False		False	False	False											
2925543	1895	C	Y		pathogenic	28		False	C1	True	True	False											
2925544	1860	C	R		pathogenic	27		False	C2	True	True	False											
2925545	1832	R	C		conflicting	26		False		False	True	False											
2925546	1818	C	G		pathogenic	26		False	C2	True	True	False											
2925547	1780	G	E		pathogenic	25		False		False	True	False											
2925549	1780	G	R		conflicting	25		False		False	True	False											
2925550	1720	C	Y		pathogenic			False		True	True	False											
2925552	1633	C	R		pathogenic	23		False	C5	True	True	True	1UZJ	EXP_1UZJ_cbEGF22-TB4-cbEGF23.pdb	C	31.2	18.7	True	P	16.9	False	1646	2.04
2925553	1526	C	S		pathogenic	22		False	C6	True	True	True	1UZJ	EXP_1UZJ_cbEGF22-TB4-cbEGF23.pdb	C	1.2	0.7	True	E	16.78	False	1513	2.04
2925557	1380	C	Y		pathogenic	19		False	C3	True	True	False											
2925558	1310	G	S		pathogenic	17		False		False	False	False											
2925566	825	P	S	vus	vus	9		False		False	False	True	2W86	EXP_2W86_cbEGF9-hyb2-cbEGF10.pdb	P	130.4	82.0	False	T	4.76	False		
2925567	811	C	R		pathogenic	9		False	C1	True	True	True	2W86	EXP_2W86_cbEGF9-hyb2-cbEGF10.pdb	C	31.1	18.6	True	G	6.55	False	821	2.05
2925568	781	C	W		pathogenic	8		False	C3	True	True	False											
2925569	781	C	G		pathogenic	8		False	C3	True	True	False											
2925570	726	E	G	pathogenic	pathogenic	7	ca_EH	True		False	True	False											
2925572	534	C	G		pathogenic	4		False	C1	True	True	False											
2925575	499	C	R		pathogenic	3		False	C2	True	True	False											
2925580	160	C	G		pathogenic			False		True	True	False											
2925582	136	C	F	pathogenic	pathogenic			False		True	True	False											
2925584	111	C	R	pathogenic	pathogenic			False		True	True	False											
2925585	94	C	Y		conflicting			False		True	True	False											
2925586	85	C	Y	pathogenic	pathogenic			False		True	True	False											
2927084	1234	R	S		vus	15		False		False	False	False											
2927116	1211	F	S	vus	vus	15		False		False	False	False											
2927133	2244	M	L		vus	34		False		False	False	False											
2927218	1687	C	Y		pathogenic	24		False	C6	True	True	False											
2927219	598	C	R		pathogenic	5		False	C5	True	True	False											
2927220	377	C	G	pathogenic	pathogenic			False		True	True	False											
2929072	1163	A	T		benign	14		False		False	False	False											
2930420	2681	I	V		vus	43		False		False	False	False											
2932163	970	P	R		vus			False		False	False	False											
2932397	1859	I	V		vus	27		False		False	False	False											
2933632	144	H	Y		vus			False		False	False	False											
2933748	185	P	L	vus	vus			False		False	False	False											
2921308	1319	G	A		vus	17		False		False	False	False											
2921325	409	I	S		vus			False		False	False	False											
2921339	154	C	Y	pathogenic	pathogenic			False		True	True	False											
2921340	1169	G	R		pathogenic	14		False		False	True	False											
2921357	1984	C	W		pathogenic	30		False	C2	True	True	False											
2921441	1734	E	K		vus			False		False	False	False											
2921560	160	C	S		pathogenic			False		True	True	False											
2921706	1200	E	K		pathogenic	15	ca_EH	True		False	True	False											
2924759	421	P	L	vus	vus			False		False	False	False											
2924888	978	D	G		vus			False		False	False	False											
2924954	2025	A	T		vus	31		False		False	False	False											
2926585	289	I	V		vus	2	ca_backbone_1	False		False	False	False											
2926625	724	I	V		vus	7	ca_backbone_1	False		False	False	False											
2926673	1190	P	T	vus	vus	14		False		False	False	False											
2926788	1107	M	I	vus	vus	12		False		False	False	True	1LMJ	EXP_1LMJ_cbEGF12-13.pdb	M	138.7	61.9	False	T	13.3	False		
2928440	2103	P	L		vus			False		False	False	False											
2928499	66	Y	F		vus			False		False	False	False											
2928617	2373	P	S		vus			False		False	False	False											
2928619	2841	E	V	vus	vus			False		False	False	False											
2928628	1758	D	N		conflicting			False		False	False	False											
2930174	2280	Y	C		conflicting	35		False		False	True	False											
2930190	2801	D	G	vus	vus			False		False	False	False											
2931853	1905	C	F	pathogenic	pathogenic	28		False	C3	True	True	False											
2931986	2094	D	E		vus			False		False	False	False											
2932018	578	I	V		conflicting	5		False		False	False	False											
2933163	2741	I	T		conflicting			False		False	False	False											
2933369	934	K	R		vus	10		False		False	False	True	2W86	EXP_2W86_cbEGF9-hyb2-cbEGF10.pdb	K	116.5	49.4	False	E	7.29	False		
2922623	2294	E	K	vus	vus	36	ca_EH	True		False	True	False											
2922624	1215	S	F	vus	vus	15	ca_backbone_2	False		False	False	False											
2924353	573	M	V		vus	5	ca_backbone_1	False		False	False	False											
2924680	1441	G	W	vus	vus	20		False		False	False	False											
2924726	795	G	E		vus	8		False		False	False	False											
2926147	1859	I	T		vus	27		False		False	False	False											
2926374	1629	F	Y		vus	23	ca_YF	True		False	True	True	1UZJ	EXP_1UZJ_cbEGF22-TB4-cbEGF23.pdb	F	29.7	12.4	True	E	4.53	False		
2928011	1517	F	I		pathogenic	22		False		False	False	True	1UZJ	EXP_1UZJ_cbEGF22-TB4-cbEGF23.pdb	F	31.1	12.9	True	-	19.35	False		
2928114	2370	G	D	vus	vus			False		False	False	False											
2929795	766	I	V		vus	8	ca_backbone_1	False		False	False	False											
2929882	731	P	A	vus	vus	7		False		False	False	False											
2931516	279	L	V	vus	vus	1		False		False	False	False											
2934416	2241	D	H	vus	vus	34		False		False	False	False											
2934476	1809	I	V	vus	vus	26	ca_backbone_1	False		False	False	False											
2936255	82	V	I	vus	vus			False		False	False	False											
2935651	2765	A	T		conflicting			False		False	False	False											
2935776	856	T	I		vus			False		False	False	True	2W86	EXP_2W86_cbEGF9-hyb2-cbEGF10.pdb	T	51.0	29.7	False	E	18.99	False		
2935903	2063	A	V		conflicting			False		False	False	False											
2937530	866	I	N		vus			False		False	False	True	2W86	EXP_2W86_cbEGF9-hyb2-cbEGF10.pdb	I	12.3	6.2	True	E	13.31	False		
2937682	1434	G	C		vus	20		False		False	True	False											
2941083	1219	Y	S		vus	15	ca_YF	True		False	True	False											
2941113	1583	S	Y		vus			False		False	False	True	1UZJ	EXP_1UZJ_cbEGF22-TB4-cbEGF23.pdb	S	74.5	48.1	False	H	21.59	False		
2941263	2528	C	G		pathogenic	40		False	C1	True	True	False											
2941278	724	I	K		pathogenic	7	ca_backbone_1	False		False	False	False											
2942703	2541	C	Y		pathogenic	40		False	C3	True	True	False											
2942893	302	G	D	vus	vus	2		False		False	True	False											
2942904	2535	C	G		pathogenic	40		False	C2	True	True	False											
2942964	2622	C	F		pathogenic	42		False	C3	True	True	False											
2944325	2313	S	I		vus	36	ca_backbone_3	False		False	False	False											
2944327	2543	N	H		vus	40	ca_DN_bOH	True		False	True	False											
2944370	711	C	F		pathogenic			False		True	True	False											
2944436	1979	L	P		conflicting	30		False		False	False	False											
2944571	2579	H	P		vus	41		False		False	False	False											
2944575	1206	G	V		pathogenic	15		False		False	False	False											
2946035	1701	A	F		vus			False		False	False	False											
2946280	2057	R	L		vus			False		False	False	False											
2946282	1241	E	K	pathogenic	pathogenic	16	ca_EH	True		False	True	False											
2946386	793	P	S		benign	8		False		False	False	False											
2946404	1754	G	V		conflicting			False		False	False	False											
2946439	1987	G	C		pathogenic	30		False		False	True	False											
2947881	2190	C	R		pathogenic	33		False	C4	True	True	True	1EMN	EXP_1EMN_cbEGF32-33.pdb	C	6.1	3.6	True	E	9.97	False	2176	2.02
2947967	142	G	R	vus	vus			False		False	False	False											
2948021	2304	N	T	vus	vus	36		False		False	False	False											
2948092	1453	P	Q		vus	21		False		False	False	False											
2948127	127	G	C		pathogenic			False		False	True	False											
2935318	1191	D	G		vus	14		False		False	False	False											
2935379	865	N	K		vus			False		False	False	True	2W86	EXP_2W86_cbEGF9-hyb2-cbEGF10.pdb	N	81.3	41.7	False	E	18.55	False		
2935530	1036	P	L		vus	11		False		False	False	False											
2938795	535	L	V		vus	4		False		False	False	False											
2940505	2258	C	S		pathogenic	35		False	C2	True	True	False											
2940605	220	P	S	vus	vus			False		False	False	False											
2940711	2360	K	Q		vus			False		False	False	False											
2940719	616	E	Q		pathogenic	6	ca_EH	True		False	True	False											
2940818	2112	P	R		vus			False		False	False	False											
2942168	1681	V	A		vus	24		False		False	False	False											
2942347	1720	C	W		pathogenic			False		True	True	False											
2942427	880	G	A		pathogenic			False		False	False	True	2W86	EXP_2W86_cbEGF9-hyb2-cbEGF10.pdb	G	11.9	11.5	True	-	12.08	False		
2944070	1715	T	I		vus			False		False	False	False											
2945694	1671	T	P		vus	24		False		False	False	False											
2945769	353	I	V		conflicting			False		False	False	False											
2945780	817	I	M		benign	9		False		False	False	True	2W86	EXP_2W86_cbEGF9-hyb2-cbEGF10.pdb	I	7.0	3.5	True	B	15.4	False		
2947372	1044	C	S		pathogenic	11		False	C3	True	True	False											
2947658	331	V	I	vus	vus			False		False	False	False											
2934911	1601	T	S		vus			False		False	False	True	1UZJ	EXP_1UZJ_cbEGF22-TB4-cbEGF23.pdb	T	60.5	35.2	False	T	16.69	False		
2935138	2301	I	F	vus	vus	36		False		False	False	False											
2935187	715	P	L		vus			False		False	False	False											
2936846	1089	T	A	vus	vus	12	ca_backbone_2	False		False	False	True	1LMJ	EXP_1LMJ_cbEGF12-13.pdb	T	18.4	10.7	True	E	2.45	True		
2940169	2623	H	L		vus	42		False		False	False	False											
2940351	2232	C	G		pathogenic	34		False	C5	True	True	False											
2941827	1600	I	S		vus			False		False	False	True	1UZJ	EXP_1UZJ_cbEGF22-TB4-cbEGF23.pdb	I	110.4	56.0	False	T	17.61	False		
2941877	2437	I	V		benign	37		False		False	False	False											
2941933	1132	T	A		vus	13	ca_backbone_2	False		False	False	True	1LMJ	EXP_1LMJ_cbEGF12-13.pdb	T	42.1	24.5	False	E	2.61	True		
2942147	1582	T	S		vus			False		False	False	True	1UZJ	EXP_1UZJ_cbEGF22-TB4-cbEGF23.pdb	T	47.5	27.6	False	S	21.22	False		
2943493	1582	T	A		vus			False		False	False	True	1UZJ	EXP_1UZJ_cbEGF22-TB4-cbEGF23.pdb	T	47.5	27.6	False	S	21.22	False		
2943561	820	V	A		vus	9		False		False	False	True	2W86	EXP_2W86_cbEGF9-hyb2-cbEGF10.pdb	V	83.4	48.0	False	E	12.44	False		
2943641	268	S	P		vus	1	ca_backbone_3	False		False	False	False											
2943709	1310	G	R		pathogenic	17		False		False	False	False											
2943749	741	N	K	pathogenic	pathogenic	7	ca_DN_bOH	True		False	True	False											
2945291	2289	C	S		pathogenic	35		False	C6	True	True	False											
2945312	441	P	T	vus	vus			False		False	False	False											
2945414	901	S	L		vus			False		False	False	True	2W86	EXP_2W86_cbEGF9-hyb2-cbEGF10.pdb	S	6.6	4.2	True	E	8.79	False		
2945534	1812	C	S		pathogenic	26		False	C1	True	True	False											
2947161	2472	K	R		vus	38		False		False	False	False											
2947196	2079	S	P		vus			False		False	False	False											
2938113	1710	L	S		vus			False		False	False	False											
2939569	1996	Y	H		vus	30	ca_YF	True		False	True	False											
2939680	1648	D	G	vus	vus	24	ca_D1	True		False	True	False											
2939932	310	S	T		vus	2	ca_backbone_3	False		False	False	False											
2939978	501	G	V	vus	vus	3		False		False	True	False											
2939989	144	H	Q	vus	vus			False		False	False	False											
2941537	2565	C	R		pathogenic	40		False	C6	True	True	False											
2941675	494	C	R		pathogenic	3		False	C1	True	True	False											
2943060	2779	E	A		vus			False		False	False	False											
2943319	369	G	A		vus			False		False	False	False											
2944928	250	C	R		pathogenic	1		False	C1	True	True	False											
2946713	1679	M	L		vus	24		False		False	False	False											
2946764	683	C	W		pathogenic			False		True	True	False											
2946781	1073	E	G		pathogenic	12	ca_EH	True		False	True	True	1LMJ	EXP_1LMJ_cbEGF12-13.pdb	E	20.2	9.0	True	T	2.45	True		
2946839	1020	T	K		vus			False		False	False	False											
2946856	29	L	F		vus			False		False	False	False											
2946863	2127	D	H		vus	32	ca_D1	True		False	True	True	1EMN	EXP_1EMN_cbEGF32-33.pdb	D	69.8	36.2	False	-	2.47	True		
2948311	2343	V	L	vus	vus			False		False	False	False											
2948442	2169	E	K		pathogenic	33	ca_EH	True		False	True	True	1EMN	EXP_1EMN_cbEGF32-33.pdb	E	27.6	12.4	True	G	2.54	True		
2949658	2166	D	G		vus	33	ca_D1	True		False	True	True	1EMN	EXP_1EMN_cbEGF32-33.pdb	D	26.8	13.9	True	E	2.56	True		
2949132	1382	N	Y		vus	19	ca_DN_bOH	True		False	True	False											
2949216	2579	H	Q		vus	41		False		False	False	False											
2949259	25	A	S		vus			False		False	False	False											
2950872	1616	L	Q		vus	23		False		False	False	True	1UZJ	EXP_1UZJ_cbEGF22-TB4-cbEGF23.pdb	L	1.9	1.0	True	G	9.0	False		
2950933	2190	C	G		pathogenic	33		False	C4	True	True	True	1EMN	EXP_1EMN_cbEGF32-33.pdb	C	6.1	3.6	True	E	9.97	False	2176	2.02
2951024	1955	Q	R	vus	vus	29		False		False	False	False											
2951121	1577	C	R		pathogenic			False		True	True	True	1UZJ	EXP_1UZJ_cbEGF22-TB4-cbEGF23.pdb	C	18.7	11.2	True	P	15.96	False	1563	2.04
2951150	234	G	C	pathogenic	pathogenic			False		False	True	False											
2952527	1249	C	G		pathogenic	16		False	C2	True	True	False											
2952534	2853	Y	H		vus			False		False	False	False											
2952613	554	H	P		pathogenic	4		False		False	False	False											
2954373	2533	N	K	vus	vus	40		False		False	False	False											
2954376	1028	D	A		vus	11	ca_D1	True		False	True	False											
2954458	150	C	F		pathogenic			False		True	True	False											
2954494	2122	D	G		vus			False		False	False	False											
2948974	2293	N	K		vus	36	ca_DN2	True		False	True	False											
2950717	2217	C	S		pathogenic	34		False	C2	True	True	False											
2952078	2028	T	P	vus	vus	31		False		False	False	False											
2952394	2013	D	G	vus	vus	31	ca_D1	True		False	True	False											
2953924	1885	D	E		vus	27		False		False	False	False											
2954013	127	G	V		vus			False		False	False	False											
2954052	2391	P	R	vus	vus			False		False	False	False											
2949920	2787	L	V		vus			False		False	False	False											
2949928	1215	S	P		vus	15	ca_backbone_2	False		False	False	False											
2949946	1263	C	F		pathogenic	16		False	C4	True	True	False											
2949990	750	C	F		pathogenic	7		False	C5	True	True	False											
2949991	1408	C	S		pathogenic	20		False	C1	True	True	False											
2950251	1420	C	S		pathogenic	20		False	C3	True	True	False											
2950335	1954	F	L		pathogenic	29	ca_YF	True		False	True	False											
2951858	1813	Q	H		vus	26		False		False	False	False											
2951892	1232	D	N		vus	15		False		False	False	False											
2951903	1107	M	V	vus	vus	12		False		False	False	True	1LMJ	EXP_1LMJ_cbEGF12-13.pdb	M	138.7	61.9	False	T	13.3	False		
2951996	602	F	C		pathogenic	5		False		False	True	False											
2952008	331	V	D		vus			False		False	False	False											
2953543	290	D	Y	vus	vus	2	ca_DN2	True		False	True	False											
2953575	277	H	L		vus	1		False		False	False	False											
2953586	1324	N	T		vus	18	ca_DN2	True		False	True	False											
2953589	119	C	Y	pathogenic	pathogenic			False		True	True	False											
2953644	2590	C	G		pathogenic	41		False	C4	True	True	False											
2949767	839	D	N		vus	9		False		False	False	True	2W86	EXP_2W86_cbEGF9-hyb2-cbEGF10.pdb	D	17.1	8.8	True	-	17.38	False		
2951340	2498	F	V		vus	39		False		False	False	False											
2951381	2580	G	D		vus	41		False		False	True	False											
2951416	2251	C	W		pathogenic	35		False	C1	True	True	False											
2952959	1509	Y	D		pathogenic	22	ca_YF	True		False	True	True	1UZJ	EXP_1UZJ_cbEGF22-TB4-cbEGF23.pdb	Y	61.8	23.5	False	E	4.66	False		
2953042	2535	C	L		pathogenic	40		False	C2	True	True	False											
2953174	1820	R	S		vus	26		False		False	False	False											
2953264	1764	P	S		vus			False		False	False	False											
3024525	2514	G	E	pathogenic	pathogenic	39		False		False	False	False											
3026664	2623	H	D		conflicting	42		False		False	False	False											
3027310	1760	Y	D		conflicting			False		False	False	False											
3031277	982	C	W					False		True	True	False											
3061450	1111	C	F			12		False	C6	True	True	True	1LMJ	EXP_1LMJ_cbEGF12-13.pdb	C	14.8	8.9	True	E	9.14	False	1097	2.04
3045685	934	K	N		vus	10		False		False	False	True	2W86	EXP_2W86_cbEGF9-hyb2-cbEGF10.pdb	K	116.5	49.4	False	E	7.29	False		
3047165	2760	K	M	vus	vus			False		False	False	False											
3064377	611	C	Y		vus	5		False	C6	True	True	False											
3065407	2380	F	L		vus			False		False	False	False											
3065809	2406	C	S		pathogenic	37		False	C1	True	True	False											
3065823	1167	P	H		vus	14		False		False	False	False											
3065897	1903	G	V		vus	28		False		False	True	False											
3066037	275	A	P		vus	1		False		False	False	False											
3066266	1874	C	R		pathogenic	27		False	C4	True	True	False											
3067642	1104	G	E		vus	12		False		False	False	True	1LMJ	EXP_1LMJ_cbEGF12-13.pdb	G	0.7	0.6	True	-	11.56	False		
3067685	1762	G	D		vus			False		False	False	False											
3067747	1432	D	H		vus	20		False		False	False	False											
3068020	716	G	R		pathogenic			False		False	False	False											
3068183	1939	G	W		vus	29		False		False	False	False											
3068333	271	C	S		pathogenic	1		False	C4	True	True	False											
3068674	2336	E	V	vus	vus			False		False	False	False											
3068780	862	C	S		pathogenic			False		True	True	True	2W86	EXP_2W86_cbEGF9-hyb2-cbEGF10.pdb	C	18.6	11.2	True	E	22.82	False	887	2.09
3068807	39	A	T		vus			False		False	False	False											
3070990	2227	S	L		vus	34	ca_backbone_3	False		False	False	False											
3071009	207	T	M	vus	vus			False		False	False	False											
3071081	1258	P	L		vus	16		False		False	False	False											
3071097	1937	G	R		vus	29		False		False	False	False											
3071127	316	P	L		vus	2		False		False	False	False											
3071190	591	D	E		vus	5		False		False	False	False											
3071329	691	A	T		vus			False		False	False	False											
3071378	1230	M	I	vus	vus	15		False		False	False	False											
3072715	856	T	S		vus			False		False	False	True	2W86	EXP_2W86_cbEGF9-hyb2-cbEGF10.pdb	T	51.0	29.7	False	E	18.99	False		
3072736	99	M	V	vus	vus			False		False	False	False											
3072739	614	I	T	vus	vus	6	ca_backbone_1	False		False	False	False											
3072775	2445	L	P		vus	38	ca_backbone_1	False		False	False	False											
3072797	600	P	S		vus	5		False		False	False	False											
3072799	1608	D	V		vus	23	ca_DN2	True		False	True	True	1UZJ	EXP_1UZJ_cbEGF22-TB4-cbEGF23.pdb	D	34.6	17.9	True	-	3.99	False		
3072829	1369	N	K	vus	vus	19		False		False	False	False											
3072880	1608	D	N	vus	vus	23	ca_DN2	True		False	True	True	1UZJ	EXP_1UZJ_cbEGF22-TB4-cbEGF23.pdb	D	34.6	17.9	True	-	3.99	False		
3072906	2121	P	H		vus			False		False	False	False											
3072921	161	V	A		vus			False		False	False	False											
3072949	1495	T	I		vus	22		False		False	False	True	1UZJ	EXP_1UZJ_cbEGF22-TB4-cbEGF23.pdb	T	104.1	60.5	False	T	13.27	False		
3072974	381	A	T		vus			False		False	False	False											
3073048	1531	S	P		vus			False		False	False	True	1UZJ	EXP_1UZJ_cbEGF22-TB4-cbEGF23.pdb	S	82.8	53.4	False	-	18.61	False		
3073065	2384	V	M		vus			False		False	False	False											
3073097	2451	A	V		vus	38		False		False	False	False											
3073120	1474	I	T		conflicting	21		False		False	False	False											
3073132	2544	T	A	vus	vus	40	ca_backbone_2	False		False	False	False											
3074457	15	V	L		vus			False		False	False	False											
3074501	528	C	S		vus	3		False	C6	True	True	False											
3074536	124	M	T		vus			False		False	False	False											
3074559	2158	I	S	vus	vus	32		False		False	False	True	1EMN	EXP_1EMN_cbEGF32-33.pdb	I	58.0	29.4	False	E	7.98	False		
3074563	619	T	I		vus	6		False		False	False	False											
3074610	2435	P	A		vus	37		False		False	False	False											
3074645	2235	G	E	vus	vus	34		False		False	False	False											
3074677	931	G	R	vus	vus	10		False		False	False	True	2W86	EXP_2W86_cbEGF9-hyb2-cbEGF10.pdb	G	21.3	20.4	False	T	3.91	False		
3074721	2510	K	T	vus	vus	39		False		False	False	False											
3074860	1739	P	S		vus			False		False	False	False											
3074868	372	V	I		vus			False		False	False	False											
3069210	2450	Q	R		vus	38		False		False	False	False											
3069213	632	D	G	vus	vus	6		False		False	False	False											
3069361	49	G	V		vus			False		False	False	False											
3069379	1815	G	D	vus	vus	26		False		False	False	False											
3069389	605	A	S		vus	5		False		False	False	False											
3069409	2559	D	N		vus	40		False		False	False	False											
3069426	2859	G	S	vus	vus			False		False	False	False											
3069447	1794	P	A		vus	25		False		False	False	False											
3069467	1551	N	I		vus			False		False	False	True	1UZJ	EXP_1UZJ_cbEGF22-TB4-cbEGF23.pdb	N	58.7	30.1	False	E	17.87	False		
3069469	128	S	R		vus			False		False	False	False											
3069489	858	I	V		vus			False		False	False	True	2W86	EXP_2W86_cbEGF9-hyb2-cbEGF10.pdb	I	77.9	39.5	False	E	24.99	False		
3069584	777	D	H	vus	vus	8		False		False	False	False											
3070523	2505	G	D		vus	39		False		False	True	False											
3070596	2409	I	V	vus	vus	37		False		False	False	False											
3070600	2679	F	L	vus	vus	43		False		False	False	False											
3070629	392	P	T		vus			False		False	False	False											
3070691	2417	E	D		vus	37		False		False	False	False											
3070734	1405	L	I		vus	20	ca_backbone_1	False		False	False	False											
3070789	722	S	R		vus			False		False	False	False											
3070839	1302	S	L	vus	vus	17	ca_backbone_3	False		False	False	False											
3070841	1554	G	E		vus			False		False	False	True	1UZJ	EXP_1UZJ_cbEGF22-TB4-cbEGF23.pdb	G	3.9	3.7	True	E	14.12	False		
3070916	861	R	G		vus			False		False	False	True	2W86	EXP_2W86_cbEGF9-hyb2-cbEGF10.pdb	R	115.2	42.1	False	E	25.33	False		
3070917	146	G	E	vus	vus			False		False	False	False											
3070949	886	P	R		vus			False		False	False	True	2W86	EXP_2W86_cbEGF9-hyb2-cbEGF10.pdb	P	130.1	81.8	False	T	24.95	False		
3072287	1165	L	P		vus	14		False		False	False	False											
3072308	1035	I	V		vus	11		False		False	False	False											
3072439	1397	G	A	vus	vus	19		False		False	False	False											
3072515	2848	K	E	vus	vus			False		False	False	False											
3072638	998	M	T		vus			False		False	False	False											
3072642	584	N	K		vus	5		False		False	False	False											
3072654	1747	L	I		vus			False		False	False	False											
3072679	2327	N	S	vus	vus	36		False		False	False	False											
3074010	1075	R	S		vus	12		False		False	False	True	1LMJ	EXP_1LMJ_cbEGF12-13.pdb	R	198.0	72.3	False	T	8.53	False		
3074011	912	D	H		vus	10	ca_DN2	True		False	True	True	2W86	EXP_2W86_cbEGF9-hyb2-cbEGF10.pdb	D	44.0	22.8	False	-	4.34	False		
3074183	1293	S	N		conflicting	17		False		False	False	False											
3074209	121	I	V		vus			False		False	False	False											
3074261	2369	R	T		vus			False		False	False	False											
3074329	2347	M	I		vus			False		False	False	False											
3074340	1322	D	E	vus	vus	18	ca_D1	True		False	True	False											
3074342	1481	S	N		vus	21		False		False	False	False											
3074354	1950	T	A		vus	29	ca_backbone_2	False		False	False	False											
3074374	2220	R	L	vus	vus	34		False		False	False	False											
3074390	995	E	K		vus			False		False	False	False											
3070134	1190	P	H		vus	14		False		False	False	False											
3070139	2275	I	V	vus	vus	35		False		False	False	False											
3070143	2788	T	R		vus			False		False	False	False											
3070151	98	N	S		vus			False		False	False	False											
3070180	932	S	L	vus	vus	10	ca_backbone_3	False		False	False	True	2W86	EXP_2W86_cbEGF9-hyb2-cbEGF10.pdb	S	56.5	36.4	False	E	2.44	True		
3070189	764	V	A		vus	7		False		False	False	False											
3070192	2791	N	S		vus			False		False	False	False											
3070208	246	D	V		vus	1	ca_D1	True		False	True	False											
3070215	2628	S	N	vus	vus	42	ca_backbone_3	False		False	False	False											
3070231	8	E	D		vus			False		False	False	False											
3070377	1285	D	H		vus	17		False		False	False	False											
3070390	2614	A	G		vus	42		False		False	False	False											
3070406	1951	V	A		vus	29		False		False	False	False											
3070471	277	H	Q		vus	1		False		False	False	False											
3070481	54	K	Q		vus			False		False	False	False											
3070488	47	G	D	vus	vus			False		False	False	False											
3070506	2494	H	Y		vus	39		False		False	False	False											
3071836	2354	N	S	vus	vus			False		False	False	False											
3071952	86	R	W		vus			False		False	False	False											
3071965	357	Q	L	vus	vus			False		False	False	False											
3072036	784	T	S	vus	vus	8	ca_backbone_2	False		False	False	False											
3072126	268	S	A		vus	1	ca_backbone_3	False		False	False	False											
3072157	2417	E	K		vus	37		False		False	False	False											
3072215	276	G	E		vus	1		False		False	False	False											
3072236	531	I	S		vus	4	ca_backbone_1	False		False	False	False											
3072260	2599	H	Q		vus	41		False		False	False	False											
3073585	755	E	K		vus	7		False		False	False	False											
3073606	1181	A	V		vus	14		False		False	False	False											
3073616	1154	I	V	vus	vus	13		False		False	False	True	1LMJ	EXP_1LMJ_cbEGF12-13.pdb	I	108.6	55.1	False	-	20.44	False		
3073681	2598	Q	P		vus	41		False		False	False	False											
3073708	1966	P	A		vus	29		False		False	False	False											
3073724	2529	T	N		vus	40		False		False	False	False											
3073769	39	A	G		vus			False		False	False	False											
3073778	2553	Q	L		vus	40		False		False	False	False											
3073823	895	I	L		vus			False		False	False	True	2W86	EXP_2W86_cbEGF9-hyb2-cbEGF10.pdb	I	73.9	37.5	False	T	15.03	False		
3073824	325	G	A	vus	vus	2		False		False	False	False											
3073825	2417	E	G		vus	37		False		False	False	False											
3073830	1929	I	T		vus	28		False		False	False	False											
3073835	860	G	E		vus			False		False	False	True	2W86	EXP_2W86_cbEGF9-hyb2-cbEGF10.pdb	G	85.1	81.8	False	T	28.75	False		
3073864	239	I	S		vus			False		False	False	False											
3073867	2419	V	I		vus	37		False		False	False	False											
3073908	934	K	N		vus	10		False		False	False	True	2W86	EXP_2W86_cbEGF9-hyb2-cbEGF10.pdb	K	116.5	49.4	False	E	7.29	False		
3073909	976	R	L		vus			False		False	False	False											
3073954	2290	V	I		vus	35		False		False	False	False											
3073966	2712	P	S		vus			False		False	False	False											
3073974	2172	V	A		vus	33		False		False	False	True	1EMN	EXP_1EMN_cbEGF32-33.pdb	V	138.6	79.6	False	T	8.92	False		
3073978	713	S	G	vus	vus			False		False	False	False											
3073984	1843	S	F		vus	26		False		False	False	False											
3075326	2312	G	R		vus	36		False		False	True	False											
3075336	2492	K	R	vus	vus	39		False		False	False	False											
3075365	1841	F	L		vus	26		False		False	False	False											
3075377	496	K	E		vus	3		False		False	False	False											
3075456	502	G	R		vus	3		False		False	True	False											
3075457	2329	D	N		vus	36		False		False	False	False											
3075459	2714	A	P		vus			False		False	False	False											
3075471	2244	M	I	vus	vus	34		False		False	False	False											
3075496	63	Y	H		vus			False		False	False	False											
3069687	60	G	E		vus			False		False	False	False											
3069692	1372	H	Y		conflicting	19		False		False	False	False											
3069693	1730	N	S		vus			False		False	False	False											
3069737	2609	N	D		vus	42	ca_DN2	True		False	True	False											
3069744	2768	I	T		vus			False		False	False	False											
3069750	1317	K	R	vus	vus	17		False		False	False	False											
3069755	1480	R	T		vus	21		False		False	False	False											
3069760	1667	V	L		conflicting	24		False		False	False	False											
3069777	2257	D	N		vus	35		False		False	False	False											
3069786	316	P	S	vus	vus	2		False		False	False	False											
3069796	578	I	M		vus	5		False		False	False	False											
3069799	2061	C	S		vus			False		True	True	False											
3069804	870	T	A		vus			False		False	False	True	2W86	EXP_2W86_cbEGF9-hyb2-cbEGF10.pdb	T	6.3	3.7	True	E	13.83	False		
3069871	2779	E	D		vus			False		False	False	False											
3069950	2154	P	L		vus	32		False		False	False	True	1EMN	EXP_1EMN_cbEGF32-33.pdb	P	67.4	42.4	False	-	10.44	False		
3069962	600	P	A		vus	5		False		False	False	False											
3070008	2387	K	R		vus			False		False	False	False											
3070032	1412	L	Q		vus	20		False		False	False	False											
3071450	1453	P	R		vus	21		False		False	False	False											
3071486	1041	H	R		vus	11		False		False	False	False											
3071534	2049	S	R	vus	vus	31		False		False	False	False											
3071548	1850	R	L		vus	27	ca_backbone_1	False		False	False	False											
3071567	660	T	I	vus	vus			False		False	False	False											
3071606	1314	K	R	vus	vus	17		False		False	False	False											
3071695	669	Q	L		vus			False		False	False	False											
3071720	2692	M	T	vus	vus			False		False	False	False											
3071741	1275	M	T		vus	16		False		False	False	False											
3071749	1399	G	D		vus	19		False		False	False	False											
3071754	1190	P	R	vus	vus	14		False		False	False	False											
3071788	1175	I	M		vus	14		False		False	False	False											
3071789	307	T	R		vus	2	ca_backbone_2	False		False	False	False											
3073182	1247	N	S	vus	vus	16		False		False	False	False											
3073186	1092	D	N		vus	12	ca_backbone_3	False		False	False	True	1LMJ	EXP_1LMJ_cbEGF12-13.pdb	D	96.6	50.1	False	E	3.34	False		
3073231	1029	I	V	vus	vus	11	ca_backbone_1	False		False	False	False											
3073267	1939	G	E		vus	29		False		False	False	False											
3073293	581	M	I		vus	5		False		False	False	False											
3073335	989	G	A		vus			False		False	False	False											
3073476	701	A	G		vus			False		False	False	False											
3073516	902	R	G	vus	vus			False		False	False	True	2W86	EXP_2W86_cbEGF9-hyb2-cbEGF10.pdb	R	24.5	8.9	True	E	12.32	False		
3073567	2391	P	S		vus			False		False	False	False											
3074945	39	A	D		vus			False		False	False	False											
3074967	269	F	L		vus	1	ca_YF	True		False	True	False											
3074975	2058	M	T		vus			False		False	False	False											
3075000	2311	R	C		conflicting	36		False		False	True	False											
3075005	2436	D	N	vus	vus	37		False		False	False	False											
3075006	492	D	N		vus	3	ca_DN2	True		False	True	False											
3075011	2037	K	T		conflicting	31		False		False	False	False											
3075047	2855	S	I		vus			False		False	False	False											
3075108	330	D	G	vus	vus			False		False	False	False											
3075140	1150	I	M	vus	vus	13		False		False	False	True	1LMJ	EXP_1LMJ_cbEGF12-13.pdb	I	121.2	61.5	False	S	13.43	False		
3075148	406	L	I		vus			False		False	False	False											
3075193	1878	T	I		vus	27		False		False	False	False											
3075210	408	P	S		vus			False		False	False	False											
3075228	485	R	H	vus	vus			False		False	False	False											
3075232	1560	A	P	vus	vus			False		False	False	True	1UZJ	EXP_1UZJ_cbEGF22-TB4-cbEGF23.pdb	A	10.9	8.5	True	H	10.68	False		
3075234	2735	E	Q		vus			False		False	False	False											
3075284	266	V	F	vus	vus	1		False		False	False	False											
3075766	1431	C	R		pathogenic	20		False	C5	True	True	False											
3230427	262	C	F		pathogenic	1		False	C3	True	True	False											
3230410	810	E	G		vus	9	ca_EH	True		False	True	True	2W86	EXP_2W86_cbEGF9-hyb2-cbEGF10.pdb	E	40.8	18.3	True	G	2.54	True		
3230414	1288	P	S		vus	17		False		False	False	False											
3230417	1444	C	F		pathogenic	20		False	C6	True	True	False											
3234950	2130	E	A		vus	32	ca_EH	True		False	True	True	1EMN	EXP_1EMN_cbEGF32-33.pdb	E	16.2	7.3	True	S	2.6	True		
3236095	2148	S	P		vus	32	ca_backbone_3	False		False	False	True	1EMN	EXP_1EMN_cbEGF32-33.pdb	S	63.4	40.9	False	-	3.69	False		
3236368	171	G	E		vus			False		False	False	False											
3237352	2013	D	N		pathogenic	31	ca_D1	True		False	True	False											
3237522	2448	C	Y	pathogenic	pathogenic	38		False	C1	True	True	False											
3238852	1036	P	R		vus	11		False		False	False	False											
3242462	224	C	F		pathogenic			False		True	True	False											
3251279	2052	R	T	vus	vus	31		False		False	False	False											
3251624	2691	G	D		vus			False		False	False	False											
3251805	2107	F	S	vus	vus			False		False	False	False											
3253127	2406	C	S		pathogenic	37		False	C1	True	True	False											
3254610	1086	C	S		pathogenic	12		False	C3	True	True	True	1LMJ	EXP_1LMJ_cbEGF12-13.pdb	C	16.5	9.9	True	E	9.29	False	1074	2.03
3255130	767	N	Y		vus	8	ca_DN2	True		False	True	False											
3256597	741	N	K		pathogenic	7	ca_DN_bOH	True		False	True	False											
3256965	2308	L	F	vus	vus	36		False		False	False	False											
3277940	2517	Q	R		vus	39		False		False	False	False											
3277943	1252	G	V	vus	vus	16		False		False	True	False											
3277945	479	G	R		vus			False		False	False	False											
3277955	1521	P	A	vus	vus	22		False		False	False	True	1UZJ	EXP_1UZJ_cbEGF22-TB4-cbEGF23.pdb	P	97.4	61.2	False	T	17.58	False		
3277956	2644	G	R		vus	42		False		False	False	False											
3336387	1483	G	A	vus	vus	21		False		False	False	False											
3337098	2372	G	D	vus	vus			False		False	False	False											
3337101	821	C	S		pathogenic	9		False	C3	True	True	True	2W86	EXP_2W86_cbEGF9-hyb2-cbEGF10.pdb	C	33.5	20.1	False	E	8.03	False	811	2.05
3338879	1404	D	Y		pathogenic	20	ca_D1	True		False	True	False											
3340207	754	Y	H	vus	vus	7		False		False	False	False											
3340335	1261	Y	N		pathogenic	16	ca_YF	True		False	True	False											
3340395	1832	R	P		vus	26		False		False	False	False											
3340775	176	Q	R		vus			False		False	False	False											
3340917	1458	F	L		vus	21		False		False	False	False											
3341053	1687	C	S		pathogenic	24		False	C6	True	True	False											
3343596	1179	Q	K	vus	vus	14		False		False	False	False											
3347020	322	S	F			2		False		False	False	False											
3346435	1950	T	I		vus	29	ca_backbone_2	False		False	False	False											
3347426	293	S	C			2		False		False	True	False											
3362265	221	C	R		vus			False		True	True	False											
3362270	1408	C	F		vus	20		False	C1	True	True	False											
3362686	2038	C	W		pathogenic	31		False	C4	True	True	False											
3363725	1137	R	G		vus	13		False		False	False	True	1LMJ	EXP_1LMJ_cbEGF12-13.pdb	R	137.1	50.0	False	E	7.66	False		
3364149	953	I	V		vus			False		False	False	False											
3365054	266	V	A		vus	1		False		False	False	False											
3365104	294	T	I	vus	vus	2		False		False	False	False											
3365532	733	I	V		vus	7		False		False	False	False											
3366271	2080	K	T		vus			False		False	False	False											
3366301	1252	G	S		vus	16		False		False	True	False											
3366453	2513	P	R		vus	39		False		False	False	False											
3366517	2563	S	F	vus	vus	40		False		False	False	False											
3369313	551	G	D	vus	vus	4		False		False	True	False											
3369611	1282	N	K		vus	17	ca_DN2	True		False	True	False											
3369794	1816	P	R		vus	26		False		False	False	False											
3369921	333	P	R		vus			False		False	False	False											
3371051	793	P	L		vus	8		False		False	False	False											
3371339	1691	R	T		vus			False		False	False	False											
3371966	2653	G	S		conflicting	43		False		False	False	False											
3373223	826	G	A		vus	9		False		False	True	True	2W86	EXP_2W86_cbEGF9-hyb2-cbEGF10.pdb	G	70.3	67.6	False	T	4.05	False		
3375611	1493	D	N		vus	22		False		False	False	True	1UZJ	EXP_1UZJ_cbEGF22-TB4-cbEGF23.pdb	D	72.4	37.5	False	S	10.18	False		
3375811	262	C	W		pathogenic	1		False	C3	True	True	False											
3376406	2153	C	Y	pathogenic	pathogenic	32		False	C5	True	True	True	1EMN	EXP_1EMN_cbEGF32-33.pdb	C	27.6	16.5	True	-	11.15	False	2164	2.02
3376563	896	C	F		pathogenic			False		True	True	True	2W86	EXP_2W86_cbEGF9-hyb2-cbEGF10.pdb	C	19.4	11.6	True	T	11.11	False	908	2.03
3376597	877	S	Y		vus			False		False	False	True	2W86	EXP_2W86_cbEGF9-hyb2-cbEGF10.pdb	S	5.5	3.5	True	T	8.4	False		
3376649	908	C	W		pathogenic			False		True	True	True	2W86	EXP_2W86_cbEGF9-hyb2-cbEGF10.pdb	C	40.9	24.5	False	E	10.72	False	896	2.03
3376889	1583	S	F		vus			False		False	False	True	1UZJ	EXP_1UZJ_cbEGF22-TB4-cbEGF23.pdb	S	74.5	48.1	False	H	21.59	False		
3381480	119	C	G	pathogenic	pathogenic			False		True	True	False											
3381735	1503	V	L		vus	22		False		False	False	True	1UZJ	EXP_1UZJ_cbEGF22-TB4-cbEGF23.pdb	V	78.9	45.4	False	E	6.69	False		
3382176	2442	C	W		vus	37		False	C6	True	True	False											
3382285	1919	G	D		pathogenic	28		False		False	False	False											
3382365	1310	G	D	pathogenic	pathogenic	17		False		False	False	False											
3383081	1333	C	G		pathogenic	18		False	C2	True	True	False											
3383131	1513	C	S		vus	22		False	C5	True	True	True	1UZJ	EXP_1UZJ_cbEGF22-TB4-cbEGF23.pdb	C	34.3	20.5	False	P	16.53	False	1526	2.04
3384911	1845	G	E	vus	vus	26		False		False	False	False											
3385056	1486	T	A	vus	vus	21		False		False	False	True	1UZJ	EXP_1UZJ_cbEGF22-TB4-cbEGF23.pdb	T	199.7	116.1	False	-	7.28	False		
3386742	2815	L	F		vus			False		False	False	False											
3386743	2775	V	L		vus			False		False	False	False											
3386744	2773	N	K		vus			False		False	False	False											
3386746	2758	V	I		vus			False		False	False	False											
3386747	2755	S	C		vus			False		False	True	False											
3386748	2690	M	I		vus			False		False	False	False											
3386749	2668	G	S		vus	43		False		False	True	False											
3386750	2658	P	S		vus	43		False		False	False	False											
3386751	2657	A	S		vus	43		False		False	False	False											
3386753	2616	I	N		vus	42		False		False	False	False											
3386754	2568	V	L		vus	41	ca_backbone_1	False		False	False	False											
3386757	2492	K	N		vus	39		False		False	False	False											
3386758	2454	P	S		vus	38		False		False	False	False											
3386760	2398	T	S		vus			False		False	False	False											
3386761	2373	P	L	vus	vus			False		False	False	False											
3386762	2340	F	L		vus			False		False	False	False											
3386763	2323	T	I		vus	36		False		False	False	False											
3386765	2300	G	E		vus	36		False		False	False	False											
3386766	2234	V	L		vus	34		False		False	False	False											
3386767	2212	Q	R		vus	34		False		False	False	False											
3386769	2180	T	N		vus	33		False		False	False	True	1EMN	EXP_1EMN_cbEGF32-33.pdb	T	88.6	51.5	False	-	11.89	False		
3386770	2158	I	V		vus	32		False		False	False	True	1EMN	EXP_1EMN_cbEGF32-33.pdb	I	58.0	29.4	False	E	7.98	False		
3386773	2116	G	R		vus			False		False	False	False											
3386774	2104	D	G		vus			False		False	False	False											
3386775	2076	R	K		vus			False		False	False	False											
3386776	2056	L	S		vus			False		False	False	False											
3386777	2008	N	K		vus	30		False		False	False	False											
3386779	1911	S	F		vus	28	ca_backbone_3	False		False	False	False											
3386783	1845	G	A		vus	26		False		False	False	False											
3386784	1822	A	G		vus	26		False		False	False	False											
3386785	1816	P	L		vus	26		False		False	False	False											
3386787	1741	T	I	vus	vus			False		False	False	False											
3386789	1701	A	D		vus			False		False	False	False											
3386790	1698	N	D	vus	vus			False		False	False	False											
3386791	1544	N	S		vus			False		False	False	True	1UZJ	EXP_1UZJ_cbEGF22-TB4-cbEGF23.pdb	N	126.9	65.1	False	S	30.57	False		
3386795	1503	V	A	vus	vus	22		False		False	False	True	1UZJ	EXP_1UZJ_cbEGF22-TB4-cbEGF23.pdb	V	78.9	45.4	False	E	6.69	False		
3386797	1478	L	P		vus	21		False		False	False	False											
3386798	1474	I	V		vus	21		False		False	False	False											
3386799	1471	E	Q		vus	21		False		False	False	False											
3386801	1414	L	F	vus	vus	20		False		False	False	False											
3386802	1399	G	R		vus	19		False		False	False	False											
3386803	1376	Q	H		vus	19		False		False	False	False											
3386805	1372	H	R	vus	vus	19		False		False	False	False											
3386806	1369	N	D	vus	vus	19		False		False	False	False											
3386807	1365	D	N		vus	19	ca_DN2	True		False	True	False											
3386808	1357	D	V		vus	18		False		False	False	False											
3386809	1355	I	T		vus	18		False		False	False	False											
3386810	1355	I	N		vus	18		False		False	False	False											
3386811	1321	T	A		vus	17		False		False	False	False											
3386812	1209	E	G		vus	15		False		False	False	False											
3386813	1207	G	A		vus	15		False		False	False	False											
3386814	1190	P	A		vus	14		False		False	False	False											
3386815	1156	I	N		vus	14	ca_backbone_1	False		False	False	False											
3386816	1149	N	T	vus	vus	13		False		False	False	True	1LMJ	EXP_1LMJ_cbEGF12-13.pdb	N	82.7	42.4	False	S	9.36	False		
3386817	1128	V	I		vus	13		False		False	False	True	1LMJ	EXP_1LMJ_cbEGF12-13.pdb	V	64.7	37.2	False	E	12.06	False		
3386820	1069	T	I	vus	vus	11		False		False	False	True	1LMJ	EXP_1LMJ_cbEGF12-13.pdb	T	165.0	95.9	False	-	5.98	False		
3386821	1057	S	N	vus	vus	11		False		False	False	False											
3386825	998	M	I		vus			False		False	False	False											
3386826	994	E	A		vus			False		False	False	False											
3386828	951	L	V		vus	10		False		False	False	True	2W86	EXP_2W86_cbEGF9-hyb2-cbEGF10.pdb	L	126.7	63.0	False	-	21.75	False		
3386829	949	I	T		vus	10		False		False	False	True	2W86	EXP_2W86_cbEGF9-hyb2-cbEGF10.pdb	I	63.3	32.1	False	-	16.81	False		
3386831	939	S	G		vus	10		False		False	False	True	2W86	EXP_2W86_cbEGF9-hyb2-cbEGF10.pdb	S	122.3	78.9	False	T	22.25	False		
3386832	911	I	T	vus	vus	10	ca_backbone_1	False		False	False	True	2W86	EXP_2W86_cbEGF9-hyb2-cbEGF10.pdb	I	0.2	0.1	True	-	2.42	True		
3386835	872	K	R		vus			False		False	False	True	2W86	EXP_2W86_cbEGF9-hyb2-cbEGF10.pdb	K	45.7	19.4	True	H	13.9	False		
3386836	869	A	D		vus			False		False	False	True	2W86	EXP_2W86_cbEGF9-hyb2-cbEGF10.pdb	A	52.5	40.7	False	E	15.77	False		
3386837	863	E	A	vus	vus			False		False	False	True	2W86	EXP_2W86_cbEGF9-hyb2-cbEGF10.pdb	E	58.1	26.0	False	E	20.72	False		
3386839	820	V	I		vus	9		False		False	False	True	2W86	EXP_2W86_cbEGF9-hyb2-cbEGF10.pdb	V	83.4	48.0	False	E	12.44	False		
3386840	751	N	H	vus	vus	7		False		False	False	False											
3386842	713	S	N		vus			False		False	False	False											
3386844	671	I	L		vus			False		False	False	False											
3386845	573	M	I		vus	5	ca_backbone_1	False		False	False	False											
3386846	560	G	A		vus	4		False		False	False	False											
3386850	501	G	C		vus	3		False		False	True	False											
3386852	468	T	I	vus	vus			False		False	False	False											
3386853	456	V	I		vus			False		False	False	False											
3386855	423	P	L	vus	vus			False		False	False	False											
3386856	410	P	L		vus			False		False	False	False											
3386859	339	A	P		vus			False		False	False	False											
3386860	338	T	R		vus			False		False	False	False											
3386863	290	D	V	vus	vus	2	ca_DN2	True		False	True	False											
3386865	214	G	C		vus			False		False	True	False											
3386866	161	V	M		vus			False		False	False	False											
3386867	114	R	I		vus			False		False	False	False											
3386869	69	P	R		vus			False		False	False	False											
3389815	663	G	D		vus			False		False	False	False											
3390574	191	S	G	vus	vus			False		False	False	False											
3390654	937	C	G		pathogenic	10		False	C5	True	True	True	2W86	EXP_2W86_cbEGF9-hyb2-cbEGF10.pdb	C	26.4	15.8	True	P	16.43	False	950	2.07
3390980	937	C	F		pathogenic	10		False	C5	True	True	True	2W86	EXP_2W86_cbEGF9-hyb2-cbEGF10.pdb	C	26.4	15.8	True	P	16.43	False	950	2.07
3392568	2778	L	P		vus			False		False	False	False											
3393650	223	M	V		vus			False		False	False	False											
3513517	534	C	R		pathogenic	4		False	C1	True	True	False											
3513518	1175	I	T		vus	14		False		False	False	False											
3513520	1265	C	G		pathogenic	16		False	C5	True	True	False											
3513521	1806	C	S		pathogenic	25		False	C6	True	True	False											
3513526	2069	K	R	vus	vus			False		False	False	False											
3513531	2527	E	K	vus	vus	40	ca_EH	True		False	True	False											
3513532	1879	G	S		vus	27		False		False	False	False											
3513534	2530	S	A		vus	40		False		False	False	False											
3513536	1569	A	T		vus			False		False	False	True	1UZJ	EXP_1UZJ_cbEGF22-TB4-cbEGF23.pdb	A	0.0	0.0	True	E	17.1	False		
3513538	2846	E	V		vus			False		False	False	False											
3513547	2231	K	R		vus	34		False		False	False	False											
3513548	594	F	L		vus	5	ca_YF	True		False	True	False											
3513579	1226	G	R		pathogenic	15		False		False	False	False											
3513580	2576	R	G		vus	41		False		False	False	False											
3513581	1303	F	C		vus	17	ca_YF	True		False	True	False											
3572463	1733	C	F		pathogenic			False		True	True	False											
3572773	402	P	S		vus			False		False	False	False											
3572939	2677	G	C			43		False		False	True	False											
3573861	1393	E	V		vus	19		False		False	False	False											
3573906	1655	P	S		vus	24		False		False	False	False											
3600233	848	T	A					False		False	False	True	2W86	EXP_2W86_cbEGF9-hyb2-cbEGF10.pdb	T	79.9	46.4	False	-	21.08	False		
3600234	876	C	S					False		True	True	True	2W86	EXP_2W86_cbEGF9-hyb2-cbEGF10.pdb	C	9.4	5.6	True	H	12.13	False	890	2.04
3600235	1127	G	C			13		False		False	True	True	1LMJ	EXP_1LMJ_cbEGF12-13.pdb	G	27.3	26.2	False	S	15.57	False		
3600236	1217	G	V			15		False		False	True	False											
3600237	57	N	I					False		False	False	False											
3600238	1298	N	H			17	ca_DN_bOH	True		False	True	False											
3600239	1449	E	K			21	ca_EH	True		False	True	False											
3600240	1463	N	T			21	ca_DN_bOH	True		False	True	False											
3600242	1661	G	E			24		False		False	True	False											
3600244	1808	D	N			26	ca_D1	True		False	True	False											
3600245	1879	G	V			27		False		False	False	False											
3600246	1919	G	V			28		False		False	False	False											
3600247	2031	N	I			31	ca_DN_bOH	True		False	True	False											
3600248	154	C	R					False		True	True	False											
3600249	2111	C	F					False		True	True	False											
3600250	2130	E	V			32	ca_EH	True		False	True	True	1EMN	EXP_1EMN_cbEGF32-33.pdb	E	16.2	7.3	True	S	2.6	True		
3600251	2164	C	R			32		False	C6	True	True	True	1EMN	EXP_1EMN_cbEGF32-33.pdb	C	0.0	0.0	True	E	11.29	False	2153	2.02
3600252	2223	N	K			34	ca_DN_bOH	True		False	True	False											
3600253	2235	G	V			34		False		False	False	False											
3600254	515	C	G			3		False	C5	True	True	False											
3600255	2339	C	G		pathogenic			False		True	True	False											
3600256	2427	C	G			37		False	C4	True	True	False											
3600257	2544	T	P			40	ca_backbone_2	False		False	False	False											
3600258	2549	T	P			40		False		False	False	False											
3600260	2607	D	V			42	ca_D1	True		False	True	False											
3600261	2674	C	S			43		False	C5	True	True	False											
3600262	2718	C	G					False		True	True	False											
3600266	603	Q	P			5		False		False	False	False											
3600267	835	E	V			9		False		False	False	True	2W86	EXP_2W86_cbEGF9-hyb2-cbEGF10.pdb	E	18.3	8.2	True	T	20.67	False		
3600505	1326	C	W		pathogenic	18		False	C1	True	True	False											
3600760	1725	I	T		vus			False		False	False	False											
3602745	1865	C	G		pathogenic	27		False	C3	True	True	False											
3603137	629	V	F		vus	6		False		False	False	False											
3629605	2518	H	Q	vus	vus	39		False		False	False	False											
3730842	1860	C	F		pathogenic	27		False	C2	True	True	False											
3747905	651	V	A		conflicting	6		False		False	False	False											
3748169	675	F	L		vus			False		False	False	False											
3751440	1515	P	R		vus	22		False		False	False	True	1UZJ	EXP_1UZJ_cbEGF22-TB4-cbEGF23.pdb	P	119.4	75.1	False	T	23.04	False		
3751467	2244	M	V		vus	34		False		False	False	False											
3751643	305	T	I		vus	2		False		False	False	False											
3751651	1610	C	Y		pathogenic	23		False	C1	True	True	True	1UZJ	EXP_1UZJ_cbEGF22-TB4-cbEGF23.pdb	C	31.4	18.8	True	H	6.27	False	1622	2.02
3751676	900	Y	C		vus			False		False	True	True	2W86	EXP_2W86_cbEGF9-hyb2-cbEGF10.pdb	Y	44.4	16.9	True	E	6.78	False		
3753278	2275	I	F		vus	35		False		False	False	False											
3753286	327	R	S		conflicting	2		False		False	False	False											
3753362	2620	A	T		vus	42		False		False	False	False											
3753398	2698	E	D		benign			False		False	False	False											
3756857	1974	I	V	vus	vus	30	ca_backbone_1	False		False	False	False											
3758241	514	Q	H		vus	3		False		False	False	False											
3758449	37	T	S		vus			False		False	False	False											
3749198	1148	P	L		vus	13		False		False	False	True	1LMJ	EXP_1LMJ_cbEGF12-13.pdb	P	105.9	66.6	False	S	11.7	False		
3749422	846	I	V	vus	vus	9		False		False	False	True	2W86	EXP_2W86_cbEGF9-hyb2-cbEGF10.pdb	I	85.4	43.4	False	E	20.56	False		
3751311	2279	G	A		vus	35		False		False	False	False											
3752616	2434	T	S		benign	37		False		False	False	False											
3752796	2073	P	S		vus			False		False	False	False											
3756045	2524	D	G		vus	40	ca_D1	True		False	True	False											
3757940	617	C	L		pathogenic	6		False	C1	True	True	False											
3758152	666	K	E	vus	vus			False		False	False	False											
3759271	2365	C	R		pathogenic			False		True	True	False											
3759273	2136	V	D		vus	32		False		False	False	True	1EMN	EXP_1EMN_cbEGF32-33.pdb	V	13.4	7.7	True	S	10.02	False		
3759275	1928	C	S		pathogenic	28		False	C6	True	True	False											
3759277	1827	T	P		pathogenic	26	ca_backbone_2	False		False	False	False											
3759278	1820	R	C		vus	26		False		False	True	False											
3759281	1631	C	G		pathogenic	23		False	C4	True	True	True	1UZJ	EXP_1UZJ_cbEGF22-TB4-cbEGF23.pdb	C	26.4	15.8	True	E	10.53	False	1617	2.03
3759283	1470	C	R		pathogenic	21		False	C4	True	True	False											
3759285	1389	C	R		pathogenic	19		False	C4	True	True	False											
3759288	1254	C	R		pathogenic	16		False	C3	True	True	False											
3759290	1173	N	K		pathogenic	14	ca_DN_bOH	True		False	True	False											
3759293	1031	E	D		vus	11	ca_EH	True		False	True	False											
3759300	181	Y	C		pathogenic			False		False	True	False											
3759302	176	Q	P		pathogenic			False		False	False	False											
3760796	2030	S	G		vus	31		False		False	False	False											
3760859	2553	Q	R		vus	40		False		False	False	False											
3760923	1234	R	K		vus	15		False		False	False	False											
3760955	1006	E	G		vus			False		False	False	False											
3761040	2688	S	C		vus			False		False	True	False											
3761082	879	L	R		vus			False		False	False	True	2W86	EXP_2W86_cbEGF9-hyb2-cbEGF10.pdb	L	30.0	14.9	True	T	8.89	False		
3749062	1606	D	G		vus	23	ca_D1	True		False	True	True	1UZJ	EXP_1UZJ_cbEGF22-TB4-cbEGF23.pdb	D	32.2	16.7	True	E	2.54	True		
3750490	2318	C	F		pathogenic	36		False	C5	True	True	False											
3750840	940	G	V	vus	vus	10		False		False	False	True	2W86	EXP_2W86_cbEGF9-hyb2-cbEGF10.pdb	G	85.3	82.1	False	T	23.98	False		
3750882	1776	V	I		vus	25		False		False	False	False											
3752348	1676	P	T		vus	24		False		False	False	False											
3752368	2580	G	A		vus	41		False		False	True	False											
3752500	1323	I	M		vus	18	ca_backbone_1	False		False	False	False											
3754034	2781	L	P		vus			False		False	False	False											
3754035	2765	A	V		vus			False		False	False	False											
3754036	2677	G	V		vus	43		False		False	False	False											
3754037	2676	P	R		vus	43		False		False	False	False											
3754038	2661	Y	D		vus	43		False		False	False	False											
3754039	2633	C	F		pathogenic	42		False	C5	True	True	False											
3754040	2509	C	R		pathogenic	39		False	C4	True	True	False											
3754041	2487	D	Y		pathogenic	39	ca_DN2	True		False	True	False											
3754042	2442	C	R		pathogenic	37		False	C6	True	True	False											
3754043	2406	C	W		pathogenic	37		False	C1	True	True	False											
3754044	2363	C	S	pathogenic	pathogenic			False		True	True	False											
3754045	2348	C	Y	pathogenic	pathogenic			False		True	True	False											
3754046	2331	C	R		pathogenic	36		False	C6	True	True	False											
3754047	2307	C	W		pathogenic	36		False	C3	True	True	False											
3754048	2230	C	S		pathogenic	34		False	C4	True	True	False											
3754049	2208	N	T		pathogenic	34	ca_DN2	True		False	True	False											
3754050	2177	G	E		vus	33		False		False	True	True	1EMN	EXP_1EMN_cbEGF32-33.pdb	G	57.3	55.1	False	S	14.99	False		
3754051	2119	V	L		benign			False		False	False	False											
3754052	2100	P	R	vus	vus			False		False	False	False											
3754053	2097	E	D		vus			False		False	False	False											
3754054	2083	C	Y		pathogenic			False		True	True	False											
3754055	2062	Y	D	vus	vus			False		False	False	False											
3754056	2061	C	Y	pathogenic	pathogenic			False		True	True	False											
3754057	2030	S	C		vus	31		False		False	True	False											
3754058	2028	T	I		vus	31		False		False	False	False											
3754059	1958	C	R		pathogenic	29		False	C5	True	True	False											
3754060	1949	N	S		vus	29	ca_DN_bOH	True		False	True	False											
3754061	1895	C	W		pathogenic	28		False	C1	True	True	False											
3754062	1810	D	N		vus	26	ca_DN2	True		False	True	False											
3754063	1793	C	F		pathogenic	25		False	C5	True	True	False											
3754064	1747	L	P		vus			False		False	False	False											
3754065	1660	P	A		vus	24		False		False	False	False											
3754066	1591	G	R		vus			False		False	False	True	1UZJ	EXP_1UZJ_cbEGF22-TB4-cbEGF23.pdb	G	34.6	33.2	False	T	11.97	False		
3754067	1566	L	P		vus			False		False	False	True	1UZJ	EXP_1UZJ_cbEGF22-TB4-cbEGF23.pdb	L	60.3	30.0	False	T	9.38	False		
3754068	1485	C	S		pathogenic	21		False	C6	True	True	False											
3754069	1475	G	A		pathogenic	21		False		False	False	False											
3754070	1470	C	S		pathogenic	21		False	C4	True	True	False											
3754071	1463	N	K		vus	21	ca_DN_bOH	True		False	True	False											
3754072	1451	S	P		vus	21		False		False	False	False											
3754073	1438	S	T		vus	20		False		False	False	False											
3754074	1418	G	S		vus	20		False		False	True	False											
3754075	1383	T	S		vus	19	ca_backbone_2	False		False	False	False											
3754076	1333	C	R		pathogenic	18		False	C2	True	True	False											
3754077	1296	C	Y		pathogenic	17		False	C3	True	True	False											
3754078	1193	L	I		vus	14		False		False	False	False											
3754079	1176	G	E		vus	14		False		False	True	False											
3754080	1116	E	V		pathogenic	13	ca_EH	True		False	True	True	1LMJ	EXP_1LMJ_cbEGF12-13.pdb	E	10.0	4.5	True	H	2.43	True		
3754081	1049	G	A		pathogenic	11		False		False	False	False											
3754082	896	C	S		conflicting			False		True	True	True	2W86	EXP_2W86_cbEGF9-hyb2-cbEGF10.pdb	C	19.4	11.6	True	T	11.11	False	908	2.03
3754083	891	Q	H		vus			False		False	False	True	2W86	EXP_2W86_cbEGF9-hyb2-cbEGF10.pdb	Q	154.9	68.8	False	-	15.3	False		
3754084	832	C	S		pathogenic	9		False	C5	True	True	True	2W86	EXP_2W86_cbEGF9-hyb2-cbEGF10.pdb	C	38.7	23.2	False	-	16.99	False	845	2.03
3754085	825	P	T		vus	9		False		False	False	True	2W86	EXP_2W86_cbEGF9-hyb2-cbEGF10.pdb	P	130.4	82.0	False	T	4.76	False		
3754086	781	C	F		pathogenic	8		False	C3	True	True	False											
3754087	646	G	S		vus	6		False		False	False	False											
3754088	631	T	A		pathogenic	6	ca_backbone_2	False		False	False	False											
3754089	546	C	G		pathogenic	4		False	C3	True	True	False											
3754090	471	S	C		vus			False		False	True	False											
3754091	405	P	L		vus			False		False	False	False											
3754092	396	P	T		vus			False		False	False	False											
3754093	299	C	Y	pathogenic	pathogenic	2		False	C2	True	True	False											
3754094	85	C	S		pathogenic			False		True	True	False											
3754095	67	C	W		pathogenic			False		True	True	False											
3754096	60	G	V		vus			False		False	False	False											
3761663	2721	N	S		benign			False		False	False	False											
3761828	1466	G	A		vus	21		False		False	True	False											
3748365	1510	I	V		vus	22		False		False	False	True	1UZJ	EXP_1UZJ_cbEGF22-TB4-cbEGF23.pdb	I	94.3	47.9	False	E	7.35	False		
3748485	1924	H	Y		vus	28		False		False	False	False											
3748673	851	G	A	vus	vus			False		False	False	True	2W86	EXP_2W86_cbEGF9-hyb2-cbEGF10.pdb	G	13.1	12.6	True	E	17.88	False		
3750079	919	G	V		vus	10		False		False	False	True	2W86	EXP_2W86_cbEGF9-hyb2-cbEGF10.pdb	G	53.6	51.5	False	T	13.67	False		
3750223	120	N	T		vus			False		False	False	False											
3750421	1685	N	S		vus	24		False		False	False	False											
3751768	2776	R	L		vus			False		False	False	False											
3751952	103	P	L		vus			False		False	False	False											
3752004	634	S	F		pathogenic	6	ca_backbone_3	False		False	False	False											
3752082	1411	N	K		vus	20		False		False	False	False											
3757095	530	D	Y		vus	4	ca_D1	True		False	True	False											
3758628	989	G	D		vus			False		False	False	False											
3758950	1848	N	S		vus	26		False		False	False	False											
3760101	2114	G	L		vus			False		False	False	False											
3762527	2705	M	T		vus			False		False	False	False											
3762539	235	F	V		vus			False		False	False	False											
3762700	84	I	V		vus			False		False	False	False											
3762723	2447	E	D		pathogenic	38	ca_EH	True		False	True	False											
3762297	1373	M	I		vus	19		False		False	False	False											
3762313	14	T	I		vus			False		False	False	False											
3763910	1324	N	S	vus	vus	18	ca_DN2	True		False	False	False											
3763945	858	I	T		conflicting			False		False	False	True	2W86	EXP_2W86_cbEGF9-hyb2-cbEGF10.pdb	I	77.9	39.5	False	E	24.99	False		
3763971	2635	A	S		vus	42		False		False	False	False											
3763327	1952	G	W		vus	29		False		False	True	False											
3763338	2499	L	Q		vus	39		False		False	False	False											
3763387	1042	G	R		pathogenic	11		False		False	True	False											
3763443	1324	N	D		benign	18	ca_DN2	True		False	True	False											
3763745	2143	I	F		conflicting	32		False		False	False	True	1EMN	EXP_1EMN_cbEGF32-33.pdb	I	87.1	44.2	False	-	6.11	False		
3761207	1707	D	N		vus			False		False	False	False											
3761394	379	I	V		benign			False		False	False	False											
3761461	1884	D	N	vus	vus	27		False		False	False	False											
3762926	763	C	Y	pathogenic	pathogenic	7		False	C6	True	True	False											
3762994	2284	P	A	vus	vus	35		False		False	False	False											
3763132	2113	Y	C		vus			False		False	True	False											
3763296	1106	M	V		vus	12		False		False	False	True	1LMJ	EXP_1LMJ_cbEGF12-13.pdb	M	121.4	54.2	False	T	10.11	False		
3764244	1649	V	M		vus	24	ca_backbone_1	False		False	False	False											
3765658	2773	N	I		pathogenic			False		False	False	False											
3766278	1552	E	K		vus			False		False	False	True	1UZJ	EXP_1UZJ_cbEGF22-TB4-cbEGF23.pdb	E	90.4	40.5	False	E	17.02	False		
3766654	2543	N	T	vus	vus	40	ca_DN_bOH	True		False	True	False											
3767154	1748	C	S					False		True	True	False											
3769049	1112	M	I	vus	vus	12		False		False	False	True	1LMJ	EXP_1LMJ_cbEGF12-13.pdb	M	83.0	37.1	False	E	5.86	False		
3769758	1621	K	R		vus	23		False		False	False	True	1UZJ	EXP_1UZJ_cbEGF22-TB4-cbEGF23.pdb	K	126.1	53.4	False	E	12.36	False		
3772130	2774	K	E		vus			False		False	False	False											
3772132	1577	C	Y	pathogenic	pathogenic			False		True	True	True	1UZJ	EXP_1UZJ_cbEGF22-TB4-cbEGF23.pdb	C	18.7	11.2	True	P	15.96	False	1563	2.04
3772196	1090	P	L		vus	12		False		False	False	True	1LMJ	EXP_1LMJ_cbEGF12-13.pdb	P	116.7	73.4	False	T	4.28	False		
3772348	2110	I	T		vus			False		False	False	False											
3772540	1027	K	R		vus			False		False	False	False											
3773776	2273	M	T		benign	35		False		False	False	False											
3773843	360	C	W		pathogenic			False		True	True	False											
3774282	2058	M	L		vus			False		False	False	False											
3774846	79	Q	R	vus	vus			False		False	False	False											
3775198	1470	C	W		vus	21		False	C4	True	True	False											
3775330	476	C	S		pathogenic			False		True	True	False											
3775542	499	C	F		vus	3		False	C2	True	True	False											
3775879	166	C	W		vus			False		True	True	False											
3776764	2027	G	D		pathogenic	31		False		False	True	False											
3781115	2108	R	L	vus	vus			False		False	False	False											
3849175	1766	D	N		pathogenic	25	ca_D1	True		False	True	False											
3849176	1768	D	Y	vus	vus	25	ca_DN2	True		False	True	False											
3849180	2569	D	N		vus	41	ca_DN2	True		False	True	False											
3849164	2077	N	T		vus			False		False	False	False											
3849165	1986	P	L	vus	vus	30		False		False	False	False											
3849166	1537	D	N		vus			False		False	False	True	1UZJ	EXP_1UZJ_cbEGF22-TB4-cbEGF23.pdb	D	69.3	35.9	False	E	19.19	False		
3849170	192	N	D	vus	vus			False		False	False	False											
3891895	1232	D	E		vus	15		False		False	False	False											
3891906	2690	M	V		vus			False		False	False	False											
3893738	1019	I	M		vus			False		False	False	False											
3893802	957	T	A		vus			False		False	False	False											
3893810	521	S	T		vus	3		False		False	False	False											
3893828	137	Q	R		vus			False		False	False	False											
3893829	132	D	G		vus			False		False	False	False											
3893941	2304	N	K		vus	36		False		False	False	False											
3894060	749	I	M	vus	vus	7		False		False	False	False											
3894063	116	I	M		vus			False		False	False	False											
3894066	21	T	R		vus			False		False	False	False											
3894089	2475	I	V		vus	38		False		False	False	False											
3894123	1282	N	D		vus	17	ca_DN2	True		False	True	False											
3894170	2667	E	A		vus	43		False		False	False	False											
3894173	2022	E	K		vus	31		False		False	False	False											
3894179	1495	T	S		vus	22		False		False	False	True	1UZJ	EXP_1UZJ_cbEGF22-TB4-cbEGF23.pdb	T	104.1	60.5	False	T	13.27	False		
3894184	426	P	A		vus			False		False	False	False											
3894238	1849	D	G		vus	27	ca_D1	True		False	True	False											
3894245	1306	H	Q	vus	vus	17		False		False	False	False											
3894357	2008	N	S		vus	30		False		False	False	False											
3894407	2155	F	C		vus	32		False		False	True	True	1EMN	EXP_1EMN_cbEGF32-33.pdb	F	209.9	87.4	False	B	8.33	False		
3894408	1926	N	S		vus	28		False		False	False	False											
3894427	473	R	L		vus			False		False	False	False											
3894485	110	S	T		vus			False		False	False	False											
3894505	1216	E	K		vus	15		False		False	False	False											
3894658	515	C	Y		pathogenic	3		False	C5	True	True	False											
3895763	1589	C	Y		vus			False		True	True	True	1UZJ	EXP_1UZJ_cbEGF22-TB4-cbEGF23.pdb	C	3.0	1.8	True	S	13.16	False	1564	2.03
3896284	1781	V	M		vus	25		False		False	False	False											
3896490	1651	E	G	vus	vus	24	ca_EH	True		False	True	False											
3897155	693	G	A		vus			False		False	False	False											
3897269	40	S	N	vus	vus			False		False	False	False											
3899630	2802	G	R		vus			False		False	False	False											
3900131	2133	E	K		vus	32		False		False	False	True	1EMN	EXP_1EMN_cbEGF32-33.pdb	E	76.2	34.2	False	S	8.48	False		
3900377	962	Y	C		pathogenic			False		False	True	False											
3900718	1683	G	R		vus	24		False		False	False	False											
3900970	2584	I	F		vus	41	ca_backbone_2	False		False	False	False											
3901629	772	N	H	vus	vus	8		False		False	False	False											
3902317	379	I	S	vus	vus			False		False	False	False											
3902731	1866	I	L	vus	vus	27		False		False	False	False											
3902826	2496	C	S		pathogenic	39		False	C2	True	True	False											
3902828	1158	E	K		pathogenic	14	ca_EH	True		False	True	False											
3903233	524	T	R	vus	vus	3		False		False	False	False											
3903411	467	P	S		vus			False		False	False	False											
3906469	1960	E	Q		vus	29		False		False	False	False											
3906696	1342	T	R		vus	18	ca_backbone_2	False		False	False	False											
3907154	1784	N	I		vus	25	ca_DN_bOH	True		False	True	False											
3907915	2673	G	D		vus	43		False		False	False	False											
3911909	721	G	D		vus			False		False	False	False											
4023417	2330	E	G	vus	vus	36		False		False	False	False											
4023418	689	E	K		vus			False		False	False	False											
4023422	1193	L	V		vus	14		False		False	False	False											
4023427	2782	P	Q		vus			False		False	False	False											
4023431	1829	G	D		vus	26		False		False	True	False											
4023434	2442	C	S		pathogenic	37		False	C6	True	True	False											
4055844	2415	N	S		vus	37		False		False	False	False											
4055950	694	E	D		vus			False		False	False	False											
4070645	670	C	S		pathogenic			False		True	True	False											
4071607	2052	R	S		vus	31		False		False	False	False											
4071667	624	M	K		vus	6		False		False	False	False											
4074613	806	E	G		vus	8		False		False	False	False											
4074622	2561	T	I		vus	40		False		False	False	False											
4075316	601	G	V		pathogenic	5		False		False	False	False											
4075372	1526	C	G		pathogenic	22		False	C6	True	True	True	1UZJ	EXP_1UZJ_cbEGF22-TB4-cbEGF23.pdb	C	1.2	0.7	True	E	16.78	False	1513	2.04
4075613	957	T	S		vus			False		False	False	False											
4076417	2600	Y	H		vus	41		False		False	False	False											
4076605	1417	N	K		vus	20		False		False	False	False											
4076823	2671	L	Q		vus	43		False		False	False	False											
4077160	958	C	Y	pathogenic	pathogenic			False		True	True	False											
4077200	222	E	D		vus			False		False	False	False											
4082079	1039	C	W		pathogenic	11		False	C2	True	True	False											
4082435	2845	L	Q		pathogenic			False		False	False	False											
4083234	109	P	H	vus	vus			False		False	False	False											
4086332	2263	M	I		vus	35		False		False	False	False											
4086463	1906	R	W	vus	vus	28		False		False	False	False											
4086554	1922	L	H		vus	28		False		False	False	False											
4087696	876	C	G		pathogenic			False		True	True	True	2W86	EXP_2W86_cbEGF9-hyb2-cbEGF10.pdb	C	9.4	5.6	True	H	12.13	False	890	2.04
4088053	1537	D	G		vus			False		False	False	True	1UZJ	EXP_1UZJ_cbEGF22-TB4-cbEGF23.pdb	D	69.3	35.9	False	E	19.19	False		
4088121	2597	L	H	vus	vus	41		False		False	False	False											
4255446	1663	C	Y		pathogenic	24		False	C3	True	True	False											
4255458	2567	D	H		pathogenic	41	ca_D1	True		False	True	False											
4255462	516	R	L		vus	3		False		False	False	False											
4255465	1076	I	V		benign	12		False		False	False	True	1LMJ	EXP_1LMJ_cbEGF12-13.pdb	I	135.9	69.0	False	T	9.31	False		
4255466	1391	C	W		pathogenic	19		False	C5	True	True	False											
4255469	2831	I	N		conflicting			False		False	False	False											
4277258	313	C	Y		pathogenic	2		False	C4	True	True	False											
4277387	2624	N	D		pathogenic	42	ca_DN_bOH	True		False	True	False											
4277528	899	G	W		pathogenic			False		False	False	True	2W86	EXP_2W86_cbEGF9-hyb2-cbEGF10.pdb	G	1.6	1.5	True	T	4.57	False		
4281920	1257	I	N	vus	vus	16	ca_backbone_2	False		False	False	False											
4291954	1341	N	K		vus	18	ca_DN_bOH	True		False	True	False											
4292785	2120	G	E		vus			False		False	False	False											
4292903	1758	D	A		vus			False		False	False	False											
4293036	1456	C	S		pathogenic	21		False	C2	True	True	False											
4293456	169	T	A		vus			False		False	False	False											
4293666	2459	C	S		vus	38		False	C3	True	True	False											
4294093	244	C	Y		vus			False		True	True	False											
4294425	1046	N	T		pathogenic	11	ca_DN_bOH	True		False	True	False											
4403235	1339	C	F			18		False	C3	True	True	False											
4403242	418	G	V					False		False	False	False											
4526958	120	N	D		conflicting			False		False	False	False											
4527996	920	V	L		vus	10		False		False	False	True	2W86	EXP_2W86_cbEGF9-hyb2-cbEGF10.pdb	V	2.4	1.4	True	-	10.03	False		
4528264	2544	T	N		vus	40	ca_backbone_2	False		False	False	False											
4529549	91	D	G		vus			False		False	False	False											
4529993	498	P	L		vus	3		False		False	False	False											
4530959	1506	P	R		vus	22		False		False	False	True	1UZJ	EXP_1UZJ_cbEGF22-TB4-cbEGF23.pdb	P	127.7	80.3	False	S	4.74	False		
4531015	648	D	G		vus	6		False		False	False	False											
4531092	1738	I	F		vus			False		False	False	False											
4531199	570	C	L		pathogenic	4		False	C6	True	True	False											
4532649	236	I	T		vus			False		False	False	False											
4536316	1845	G	R		vus	26		False		False	False	False											
4536405	354	T	I	vus	vus			False		False	False	False											
4536438	1040	T	I		vus	11		False		False	False	False											
4536445	1520	N	K		vus	22		False		False	False	True	1UZJ	EXP_1UZJ_cbEGF22-TB4-cbEGF23.pdb	N	3.4	1.8	True	-	16.5	False		
4536581	1400	F	L		vus	19		False		False	False	False											
4536660	1695	C	W	pathogenic	pathogenic			False		True	True	False											
4537534	2392	H	L		vus			False		False	False	False											
4537778	1264	L	W		vus	16		False		False	False	False											
4537953	538	G	D		vus	4		False		False	False	False											
4538111	630	N	D		vus	6	ca_DN_bOH	True		False	True	False											
4538502	2528	C	W	pathogenic	pathogenic	40		False	C1	True	True	False											
4538771	1856	I	N		vus	27		False		False	False	False											
4538829	1486	T	K		vus	21		False		False	False	True	1UZJ	EXP_1UZJ_cbEGF22-TB4-cbEGF23.pdb	T	199.7	116.1	False	-	7.28	False		
4538834	1222	S	G		vus	15		False		False	False	False											
4538988	1267	D	N		vus	16		False		False	False	False											
4541945	1312	S	A		vus	17		False		False	False	False											
4541948	236	I	F		vus			False		False	False	False											
4635358	460	C	S		pathogenic			False		True	True	False											
4635360	2641	Q	R		vus	42		False		False	False	False											
4635361	111	C	G		pathogenic			False		True	True	False											
4635364	2373	P	R		vus			False		False	False	False											
4635367	975	H	R		vus			False		False	False	False											
4635371	1285	D	A	vus	vus	17		False		False	False	False											
4635372	460	C	W		pathogenic			False		True	True	False											
4635374	89	C	G		pathogenic			False		True	True	False											
4682138	900	Y	F		vus			False		False	False	True	2W86	EXP_2W86_cbEGF9-hyb2-cbEGF10.pdb	Y	44.4	16.9	True	E	6.78	False		
4685103	167	A	T		vus			False		False	False	False											
4685136	1702	D	V		vus			False		False	False	False											
4685602	1280	D	G		vus	17	ca_D1	True		False	True	False											
4685813	877	S	P		vus			False		False	False	True	2W86	EXP_2W86_cbEGF9-hyb2-cbEGF10.pdb	S	5.5	3.5	True	T	8.4	False		
4686865	193	Q	H		vus			False		False	False	False											
4687179	723	D	H		conflicting	7	ca_D1	True		False	True	False											
4687990	141	I	V		vus			False		False	False	False											
4688009	1113	D	V		conflicting	13	ca_D1	True		False	True	True	1LMJ	EXP_1LMJ_cbEGF12-13.pdb	D	18.6	9.6	True	E	2.45	True		
4688488	1619	G	A		vus	23		False		False	True	True	1UZJ	EXP_1UZJ_cbEGF22-TB4-cbEGF23.pdb	G	61.9	59.5	False	T	17.28	False		
4689951	2256	H	Q		vus	35		False		False	False	False											
4690167	2360	K	I		vus			False		False	False	False											
4755981	1025	F	S		vus			False		False	False	False											
4756154	2069	K	E		vus			False		False	False	False											
4756157	1883	N	S		vus	27		False		False	False	False											
4756160	1738	I	V		vus			False		False	False	False											
4756201	2762	A	S		vus			False		False	False	False											
4756288	2431	T	S		vus	37		False		False	False	False											
4756313	730	D	E		vus	7		False		False	False	False											
4756324	2124	S	L		vus			False		False	False	False											
4756389	1409	S	P		vus	20		False		False	False	False											
4756390	1385	G	R		vus	19		False		False	True	False											
4756398	506	N	K		vus	3	ca_DN_bOH	True		False	True	False											
4756400	316	P	A		vus	2		False		False	False	False											
4756401	201	G	E		vus			False		False	False	False											
4756402	118	H	P		vus			False		False	False	False											
4756559	2615	H	Q		vus	42		False		False	False	False											
4756562	2200	P	R		vus	33		False		False	False	True	1EMN	EXP_1EMN_cbEGF32-33.pdb	P	104.3	65.6	False	S	9.26	False		
4756594	867	N	T		vus			False		False	False	True	2W86	EXP_2W86_cbEGF9-hyb2-cbEGF10.pdb	N	32.0	16.4	True	E	13.87	False		
4756595	829	I	V		vus	9		False		False	False	True	2W86	EXP_2W86_cbEGF9-hyb2-cbEGF10.pdb	I	95.1	48.2	False	E	7.3	False		
4756608	22	S	R		vus			False		False	False	False											
4756637	2460	K	E		vus	38		False		False	False	False											
4756645	468	T	P		vus			False		False	False	False											
4756671	1634	P	A		vus	23		False		False	False	True	1UZJ	EXP_1UZJ_cbEGF22-TB4-cbEGF23.pdb	P	68.9	43.3	False	P	19.57	False		
4756673	1559	K	E		vus			False		False	False	True	1UZJ	EXP_1UZJ_cbEGF22-TB4-cbEGF23.pdb	K	24.2	10.3	True	H	13.98	False		
4756787	2313	S	N		vus	36	ca_backbone_3	False		False	False	False											
4756806	205	T	A		vus			False		False	False	False											
4756831	1653	E	K		vus	24		False		False	False	False											
4756894	1854	Q	R		vus	27		False		False	False	False											
4756895	1797	F	L		vus	25		False		False	False	False											
4756896	1746	T	I		vus			False		False	False	False											
4756904	1669	N	S		vus	24	ca_backbone_3	False		False	False	False											
4756905	1641	E	K		vus	23		False		False	False	True	1UZJ	EXP_1UZJ_cbEGF22-TB4-cbEGF23.pdb	E	117.5	52.7	False	T	15.75	False		
4756913	1357	D	E		vus	18		False		False	False	False											
4756918	1279	V	A		vus	16		False		False	False	False											
4756920	1150	I	V		vus	13		False		False	False	True	1LMJ	EXP_1LMJ_cbEGF12-13.pdb	I	121.2	61.5	False	S	13.43	False		
4756931	586	M	I		vus	5		False		False	False	False											
4756933	405	P	H		vus			False		False	False	False											
4756934	390	S	T		vus			False		False	False	False											
4757274	2785	T	K		vus			False		False	False	False											
4757278	2381	Q	R		vus			False		False	False	False											
4757279	2345	Q	R		vus			False		False	False	False											
4757280	2341	T	S		vus			False		False	False	False											
4757281	2288	G	D		vus	35		False		False	False	False											
4757350	751	N	S		vus	7		False		False	False	False											
4757399	1665	N	S		vus	24	ca_DN_bOH	True		False	True	False											
4757410	1331	H	Q		vus	18		False		False	False	False											
4757412	1024	P	A		vus			False		False	False	False											
4757422	444	V	L		benign			False		False	False	False											
4757618	2531	D	H		vus	40		False		False	False	False											
4757619	2529	T	I		vus	40		False		False	False	False											
4757670	1524	V	L		vus	22		False		False	False	True	1UZJ	EXP_1UZJ_cbEGF22-TB4-cbEGF23.pdb	V	57.0	32.8	False	S	13.0	False		
4757671	1499	S	N		vus	22		False		False	False	True	1UZJ	EXP_1UZJ_cbEGF22-TB4-cbEGF23.pdb	S	11.8	7.6	True	T	17.6	False		
4757679	407	G	S		vus			False		False	False	False											
4757680	29	L	V		vus			False		False	False	False											
4757681	23	H	Q		benign			False		False	False	False											
4757753	2854	L	F	vus	vus			False		False	False	False											
4757782	1512	D	V		vus	22		False		False	False	True	1UZJ	EXP_1UZJ_cbEGF22-TB4-cbEGF23.pdb	D	85.9	44.5	False	E	13.39	False		
4757812	1929	I	V		vus	28		False		False	False	False											
4757826	1173	N	D		vus	14	ca_DN_bOH	True		False	True	False											
4757828	1125	R	G		vus	13		False		False	False	True	1LMJ	EXP_1LMJ_cbEGF12-13.pdb	R	187.7	68.5	False	T	15.06	False		
4757833	543	N	D		vus	4		False		False	False	False											
4757835	135	L	V		vus			False		False	False	False											
4757837	20	Y	H		vus			False		False	False	False											
4758031	2781	L	V		vus			False		False	False	False											
4758033	2356	N	D		vus			False		False	False	False											
4758034	2272	Y	H		vus	35	ca_YF	True		False	True	False											
4758126	2174	N	S		vus	33		False		False	False	True	1EMN	EXP_1EMN_cbEGF32-33.pdb	N	54.3	27.8	False	-	12.12	False		
4758143	1700	Y	H		vus			False		False	False	False											
4758147	1423	A	V		vus	20	ca_backbone_2	False		False	False	False											
4758149	1299	T	R		vus	17	ca_backbone_2	False		False	False	False											
4758157	467	P	L		vus			False		False	False	False											
4758159	265	T	A		vus	1	ca_backbone_2	False		False	False	False											
4758162	34	V	L		vus			False		False	False	False											
4758303	1047	T	A		vus	11	ca_backbone_2	False		False	False	False											
4758317	894	P	H		vus			False		False	False	True	2W86	EXP_2W86_cbEGF9-hyb2-cbEGF10.pdb	P	100.4	63.1	False	T	16.42	False		
4758414	2067	G	E		vus			False		False	False	False											
4758417	897	G	D		vus			False		False	False	True	2W86	EXP_2W86_cbEGF9-hyb2-cbEGF10.pdb	G	22.6	21.8	False	-	9.9	False		
4758420	372	V	A		vus			False		False	False	False											
4758421	266	V	L		vus	1		False		False	False	False											
4758451	380	R	K		vus			False		False	False	False											
4758460	1623	I	V		vus	23		False		False	False	True	1UZJ	EXP_1UZJ_cbEGF22-TB4-cbEGF23.pdb	I	59.9	30.4	False	E	6.77	False		
4758462	1892	I	M		vus	28	ca_backbone_1	False		False	False	False											
4758532	1887	T	I		vus	27		False		False	False	False											
4758557	1239	I	V		vus	16	ca_backbone_1	False		False	False	False											
4758567	1933	E	D		vus	29	ca_EH	True		False	True	False											
4758600	324	D	N		vus	2		False		False	False	False											
4758601	233	R	H		vus			False		False	False	False											
4758614	1217	G	S	vus	vus	15		False		False	True	False											
4758682	1690	M	I	vus	vus			False		False	False	False											
4758750	2822	P	A		vus			False		False	False	False											
4758751	2737	D	A		vus			False		False	False	False											
4758752	2521	S	F		vus	39		False		False	False	False											
4758775	2030	S	T		vus	31		False		False	False	False											
4758777	1573	P	S		vus			False		False	False	True	1UZJ	EXP_1UZJ_cbEGF22-TB4-cbEGF23.pdb	P	129.6	81.5	False	T	24.34	False		
4758778	1270	M	I		vus	16		False		False	False	False											
4758781	662	Y	C		vus			False		False	True	False											
4758835	2191	T	I		vus	33		False		False	False	True	1EMN	EXP_1EMN_cbEGF32-33.pdb	T	77.5	45.1	False	-	13.16	False		
4758841	2476	L	V	vus	vus	38		False		False	False	False											
4758867	1888	M	V		vus	27		False		False	False	False											
4758872	1495	T	A		vus	22		False		False	False	True	1UZJ	EXP_1UZJ_cbEGF22-TB4-cbEGF23.pdb	T	104.1	60.5	False	T	13.27	False		
4758887	1612	E	A		vus	23		False		False	False	True	1UZJ	EXP_1UZJ_cbEGF22-TB4-cbEGF23.pdb	E	46.3	20.7	False	H	8.73	False		
4758994	957	T	P		vus			False		False	False	False											
4758997	256	L	F		vus	1		False		False	False	False											
4759103	2871	H	R		vus			False		False	False	False											
4759125	732	D	G		vus	7		False		False	False	False											
4759172	1122	L	F		vus	13		False		False	False	True	1LMJ	EXP_1LMJ_cbEGF12-13.pdb	L	93.9	46.7	False	S	14.61	False		
4782936	279	L	F		vus	1		False		False	False	False											
4783174	1422	N	T		vus	20	ca_DN_bOH	True		False	True	False											
4787932	1921	I	N		vus	28		False		False	False	False											
4787982	33	N	D		vus			False		False	False	False											
4788269	2326	P	S		vus	36		False		False	False	False											
4789243	1936	S	T		vus	29		False		False	False	False											
4784463	1322	D	V		vus	18	ca_D1	True		False	True	False											
4786144	1280	D	H		pathogenic	17	ca_D1	True		False	True	False											
4787560	1031	E	D		vus	11	ca_EH	True		False	True	False											
4787580	1712	F	L	vus	vus			False		False	False	False											
4787595	198	Q	R		vus			False		False	False	False											
4787601	2640	E	A	vus	vus	42		False		False	False	False											
4787712	2553	Q	H		vus	40		False		False	False	False											
4787730	452	Y	H		conflicting			False		False	False	False											
4787763	1917	N	S		vus	28		False		False	False	False											
4783784	2692	M	V		vus			False		False	False	False											
4783785	2611	C	R		pathogenic	42		False	C1	True	True	False											
4783786	2522	C	S		pathogenic	39		False	C6	True	True	False											
4783787	2522	C	Y	pathogenic	pathogenic	39		False	C6	True	True	False											
4783788	2363	C	R		pathogenic			False		True	True	False											
4783791	1987	G	V		pathogenic	30		False		False	True	False											
4783796	1475	G	D		pathogenic	21		False		False	False	False											
4783798	1382	N	S		pathogenic	19	ca_DN_bOH	True		False	True	False											
4783800	1320	C	Y	pathogenic	pathogenic	17		False	C6	True	True	False											
4783802	1100	G	S		pathogenic	12		False		False	False	True	1LMJ	EXP_1LMJ_cbEGF12-13.pdb	G	11.0	10.6	True	S	4.91	False		
4783803	980	C	Y		pathogenic			False		True	True	False											
4783805	683	C	S		pathogenic			False		True	True	False											
4783806	499	C	S		pathogenic	3		False	C2	True	True	False											
4785387	2608	E	K		vus	42	ca_backbone_1	False		False	False	False											
4788835	2782	P	L		vus			False		False	False	False											
4789020	1328	I	F		vus	18		False		False	False	False											
4789070	2532	I	S		vus	40		False		False	False	False											
4789088	290	D	N		vus	2	ca_DN2	True		False	True	False											
4790191	1544	N	Y		vus			False		False	False	True	1UZJ	EXP_1UZJ_cbEGF22-TB4-cbEGF23.pdb	N	126.9	65.1	False	S	30.57	False		
4784972	870	T	P		vus			False		False	False	True	2W86	EXP_2W86_cbEGF9-hyb2-cbEGF10.pdb	T	6.3	3.7	True	E	13.83	False		
4785209	1322	D	E		vus	18	ca_D1	True		False	True	False											
4786587	1930	D	V		vus	29	ca_D1	True		False	True	False											
4786675	1487	D	H		vus	22	ca_D1	True		False	True	True	1UZJ	EXP_1UZJ_cbEGF22-TB4-cbEGF23.pdb	D	66.8	34.6	False	-	2.54	True		
4786950	109	P	S		vus			False		False	False	False											
4788301	2287	E	D		vus	35		False		False	False	False											
4788328	843	T	S		vus	9		False		False	False	True	2W86	EXP_2W86_cbEGF9-hyb2-cbEGF10.pdb	T	37.1	21.6	False	S	12.25	False		
4788351	104	S	P		vus			False		False	False	False											
4788363	478	K	R		benign			False		False	False	False											
4788492	216	A	G		vus			False		False	False	False											
4789625	2798	G	R		vus			False		False	False	False											
4789626	2651	E	K		vus	43	ca_EH	True		False	True	False											
4789627	2631	C	S		pathogenic	42		False	C4	True	True	False											
4789628	2605	C	R		pathogenic	41		False	C6	True	True	False											
4789629	2571	C	S		pathogenic	41		False	C1	True	True	False											
4789630	2556	F	C		pathogenic	40		False		False	True	False											
4789631	2552	C	S		pathogenic	40		False	C5	True	True	False											
4789632	2543	N	K		vus	40	ca_DN_bOH	True		False	True	False											
4789633	2522	C	R		pathogenic	39		False	C6	True	True	False											
4789634	2468	C	W		pathogenic	38		False	C4	True	True	False											
4789635	2427	C	F		pathogenic	37		False	C4	True	True	False											
4789636	2314	Y	N		vus	36	ca_YF	True		False	True	False											
4789637	2268	L	P		pathogenic	35	ca_backbone_2	False		False	False	False											
4789638	2180	T	A		vus	33		False		False	False	True	1EMN	EXP_1EMN_cbEGF32-33.pdb	T	88.6	51.5	False	-	11.89	False		
4789639	2096	C	R		pathogenic			False		True	True	False											
4789640	2091	G	V		pathogenic			False		False	False	False											
4789641	1967	D	E		vus	29		False		False	False	False											
4789642	1910	G	R		pathogenic	28		False		False	True	False											
4789643	1906	R	P		vus	28		False		False	False	False											
4789644	1905	C	W		pathogenic	28		False	C3	True	True	False											
4789645	1852	E	K		pathogenic	27	ca_EH	True		False	True	False											
4789646	1831	Y	N		vus	26	ca_YF	True		False	True	False											
4789647	1786	V	A		vus	25		False		False	False	False											
4789648	1770	C	R		pathogenic	25		False	C1	True	True	False											
4789649	1719	C	F		pathogenic			False		True	True	False											
4789650	1513	C	S		pathogenic	22		False	C5	True	True	True	1UZJ	EXP_1UZJ_cbEGF22-TB4-cbEGF23.pdb	C	34.3	20.5	False	P	16.53	False	1526	2.04
4789651	1374	C	F		pathogenic	19		False	C2	True	True	False											
4789652	1331	H	R		vus	18		False		False	False	False											
4789653	1329	G	V		vus	18		False		False	False	False											
4789654	1326	C	S		pathogenic	18		False	C1	True	True	False											
4789655	1295	T	S		vus	17		False		False	False	False											
4789656	1291	C	S		pathogenic	17		False	C2	True	True	False											
4789657	1146	L	P		benign	13		False		False	False	True	1LMJ	EXP_1LMJ_cbEGF12-13.pdb	L	31.2	15.5	True	-	15.24	False		
4789658	1000	N	D		vus			False		False	False	False											
4789659	987	A	G		vus			False		False	False	False											
4789660	985	G	R		pathogenic			False		False	False	False											
4789661	945	A	T		vus	10		False		False	False	True	2W86	EXP_2W86_cbEGF9-hyb2-cbEGF10.pdb	A	116.3	90.1	False	T	17.43	False		
4789662	888	T	I		vus			False		False	False	True	2W86	EXP_2W86_cbEGF9-hyb2-cbEGF10.pdb	T	80.6	46.9	False	E	20.38	False		
4789663	883	W	L		pathogenic			False		False	False	True	2W86	EXP_2W86_cbEGF9-hyb2-cbEGF10.pdb	W	21.4	7.5	True	E	16.71	False		
4789664	853	C	F		pathogenic			False		True	True	True	2W86	EXP_2W86_cbEGF9-hyb2-cbEGF10.pdb	C	0.0	0.0	True	E	13.72	False	875	2.04
4789665	828	F	L		vus	9	ca_YF	True		False	True	True	2W86	EXP_2W86_cbEGF9-hyb2-cbEGF10.pdb	F	51.8	21.6	False	E	4.65	False		
4789666	740	E	D		vus	7		False		False	False	False											
4789667	680	K	N		vus			False		False	False	False											
4789668	669	Q	H		vus			False		False	False	False											
4789669	548	N	S		pathogenic	4	ca_DN_bOH	True		False	True	False											
4789670	544	G	E		pathogenic	4		False		False	True	False											
4789671	493	E	D		vus	3	ca_EH	True		False	True	False											
4789672	488	C	S		pathogenic			False		True	True	False											
4789673	415	V	A		vus			False		False	False	False											
4789674	234	G	S		pathogenic			False		False	False	False											
4789675	123	C	F		pathogenic			False		True	True	False											
4789676	95	S	P		vus			False		False	False	False											
4789677	67	C	S		pathogenic			False		True	True	False											
4789678	52	A	T		benign			False		False	False	False											
4790947	710	L	H		vus			False		False	False	False											
4790984	2344	L	V		vus			False		False	False	False											
4792617	640	F	S		vus	6		False		False	False	False											
4792746	2218	A	V		vus	34		False		False	False	False											
4794184	497	N	K		benign	3		False		False	False	False											
4794288	715	P	S		vus			False		False	False	False											
4794352	1379	D	E		benign	19		False		False	False	False											
4794471	2077	N	S		vus			False		False	False	False											
4790502	4	G	E		vus			False		False	False	False											
4790512	1248	I	V		benign	16		False		False	False	False											
4791944	758	S	L		vus	7		False		False	False	False											
4791951	2659	C	Y		pathogenic	43		False	C2	True	True	False											
4792148	670	C	R		vus			False		True	True	False											
4792311	2525	N	D		vus	40	ca_backbone_1	False		False	False	False											
4792313	1904	T	N		vus	28		False		False	False	False											
4793699	1939	G	R		vus	29		False		False	False	False											
4793753	180	D	N		vus			False		False	False	False											
4793833	1457	V	I		vus	21		False		False	False	False											
4793893	2863	K	N		vus			False		False	False	False											
4793252	1781	V	L		vus	25		False		False	False	False											
4793298	1147	S	T		benign	13		False		False	False	True	1LMJ	EXP_1LMJ_cbEGF12-13.pdb	S	12.1	7.8	True	-	14.06	False		
4793301	1915	R	L		vus	28		False		False	False	False											
4791085	259	G	R		pathogenic	1		False		False	True	False											
4792872	2553	Q	H		vus	40		False		False	False	False											
4792919	1084	G	D		pathogenic	12		False		False	True	True	1LMJ	EXP_1LMJ_cbEGF12-13.pdb	G	11.1	10.6	True	S	14.08	False		
4793032	343	G	R		benign			False		False	False	False											
4793103	878	S	F		vus			False		False	False	True	2W86	EXP_2W86_cbEGF9-hyb2-cbEGF10.pdb	S	9.8	6.3	True	T	7.17	False		
4794669	2276	C	F		pathogenic	35		False	C5	True	True	False											
4794809	1164	H	Y		vus	14		False		False	False	False											
4795157	533	E	D		pathogenic	4	ca_EH	True		False	True	False											
4795441	2707	D	A		vus			False		False	False	False											
4796683	1238	D	E		pathogenic	16	ca_D1	True		False	True	False											
4796684	1238	D	A		pathogenic	16	ca_D1	True		False	True	False											
4814129	2153	C	R		pathogenic	32		False	C5	True	True	True	1EMN	EXP_1EMN_cbEGF32-33.pdb	C	27.6	16.5	True	-	11.15	False	2164	2.02
4818866	1189	T	I		vus	14		False		False	False	False											
4820498	2633	C	Y		pathogenic	42		False	C5	True	True	False											
4822288	2248	E	G		vus	35	ca_backbone_1	False		False	False	False											
4827545	1688	M	K		vus	24		False		False	False	False											
4831222	620	P	L		vus	6		False		False	False	False											
4825419	2160	A	S		vus	32		False		False	False	True	1EMN	EXP_1EMN_cbEGF32-33.pdb	A	77.7	60.3	False	E	13.57	False		
4825424	251	Q	P		vus	1		False		False	False	False											
4832269	1237	T	P		vus	15		False		False	False	False											
4832298	1354	W	G		vus	18		False		False	False	False											
4829929	1126	G	D		vus	13		False		False	True	True	1LMJ	EXP_1LMJ_cbEGF12-13.pdb	G	54.9	52.8	False	T	17.42	False		
4834926	2443	V	L		vus	37		False		False	False	False											
4839486	1554	G	R		vus			False		False	False	True	1UZJ	EXP_1UZJ_cbEGF22-TB4-cbEGF23.pdb	G	3.9	3.7	True	E	14.12	False		
4839572	1676	P	L		vus	24		False		False	False	False											
4839600	157	G	E		vus			False		False	False	False											
4839712	2301	I	S		vus	36		False		False	False	False											
4841335	2785	T	I		vus			False		False	False	False											
4838978	1551	N	D		vus			False		False	False	True	1UZJ	EXP_1UZJ_cbEGF22-TB4-cbEGF23.pdb	N	58.7	30.1	False	E	17.87	False		
4840798	1304	I	V		vus	17		False		False	False	False											
4840936	417	P	R		vus			False		False	False	False											
4843835	1234	R	T		vus	15		False		False	False	False											
4843838	1666	T	A		vus	24	ca_backbone_2	False		False	False	False											
4843840	362	A	S		vus			False		False	False	False											
4845398	2461	N	T		pathogenic	38	ca_DN_bOH	True		False	True	False											
4847161	2082	E	K		vus			False		False	False	False											
4847167	2502	N	Y		vus	39	ca_DN_bOH	True		False	True	False											
4847221	459	L	V		vus			False		False	False	False											
4847535	1078	P	R		vus	12		False		False	False	True	1LMJ	EXP_1LMJ_cbEGF12-13.pdb	P	121.7	76.6	False	S	14.56	False		
4848185	1433	M	V		vus	20		False		False	False	False											
4849735	1913	N	D		vus	28		False		False	False	False											
4849736	21	T	A		vus			False		False	False	False											
4849737	2728	R	G		vus			False		False	False	False											
4852311	2587	G	C		pathogenic	41	ca_backbone_3	False		False	True	False											
4852459	776	C	S		pathogenic	8		False	C2	True	True	False											
4853330	710	L	P		vus			False		False	False	False											
4854603	1874	C	Y		vus	27		False	C4	True	True	False											
4854724	2136	V	F		vus	32		False		False	False	True	1EMN	EXP_1EMN_cbEGF32-33.pdb	V	13.4	7.7	True	S	10.02	False		
4855492	157	G	R		vus			False		False	False	False											
4856894	64	N	K					False		False	False	False											
4857235	1782	C	G		pathogenic	25		False	C3	True	True	False											
4871216	1474	I	M		vus	21		False		False	False	False											
4871217	907	Q	R		vus			False		False	False	True	2W86	EXP_2W86_cbEGF9-hyb2-cbEGF10.pdb	Q	86.7	38.5	False	E	14.03	False		
4871220	2291	D	V		vus	36	ca_D1	True		False	True	False											
4871224	841	T	R		vus	9		False		False	False	True	2W86	EXP_2W86_cbEGF9-hyb2-cbEGF10.pdb	T	92.6	53.8	False	T	13.96	False		
4871225	2513	P	A		vus	39		False		False	False	False											
4871227	67	C	Y		pathogenic			False		True	True	False											
4871228	1141	P	S		vus	13		False		False	False	True	1LMJ	EXP_1LMJ_cbEGF12-13.pdb	P	87.5	55.0	False	-	18.58	False		
4871231	2860	D	H		vus			False		False	False	False											
4871232	682	E	K		vus			False		False	False	False											
4871233	1878	T	S		vus	27		False		False	False	False											
4871234	659	S	N		vus			False		False	False	False											
4871235	192	N	K		vus			False		False	False	False											
4871867	2274	C	Y		pathogenic	35		False	C4	True	True	False											
4874945	2788	T	S		vus			False		False	False	False											
