variation_id	position	wt_aa	mut_aa	set_primary	construct	construct_range	cbegf_domains	edge_margin	plddt	sasa_abs_A2	rsa_pct	buried	dist_to_nearest_ca_A	dist_ca_seed_sd	ca_ligand_sidechain	ca_ligand_backbone_only	ca_ligand_any	is_ca_consensus_legacy	consensus_but_not_ligand	is_cysteine	cys_removing	cys_introducing	disulfide_partner
16421	1137	R	P		FBN1_cbEGF13-15_Ca3	1113-1237	13,14,15	24	89.2	129.0	47.1	False	7.34	0.05	False	False	False	False	False	False	False	False	
16422	2307	C	S		FBN1_cbEGF35-37_Ca3	2247-2443	35,36,37	60	98.0	32.9	19.7	True	7.99	0.06	False	False	False	False	False	True	True	False	2295
16425	1249	C	S		FBN1_cbEGF15-17_Ca3	1197-1321	15,16,17	52	97.9	4.1	2.4	True	11.1	0.05	False	False	False	False	False	True	True	False	1263
16426	1663	C	R		FBN1_cbEGF23-25_Ca3	1606-1807	23,24,25	57	97.9	31.0	18.6	True	7.88	0.03	False	False	False	False	False	True	True	False	1652
16427	2221	C	S		FBN1_cbEGF33-35_Ca3	2166-2290	33,34,35	55	98.1	35.6	21.3	False	8.33	0.05	False	False	False	False	False	True	True	False	2210
16428	1117	C	Y		FBN1_cbEGF11-13_Ca3	1028-1154	11,12,13	37	97.6	26.2	15.7	True	6.45	0.02	False	False	False	False	False	True	True	False	1129
16429	1242	C	Y	pathogenic	FBN1_cbEGF15-17_Ca3	1197-1321	15,16,17	45	98.3	27.2	16.3	True	6.49	0.02	False	False	False	False	False	True	True	False	1254
16431	2144	N	S	pathogenic	FBN1_cbEGF31-33_Ca3	2013-2205	31,32,33	61	97.5	59.5	30.5	False	2.28	0.01	True	False	True	True	False	False	False	False	
16432	548	N	I	pathogenic	FBN1_cbEGF3-5_Ca3	490-612	3,4,5	58	97.8	55.1	28.3	False	2.28	0.02	True	False	True	True	False	False	False	False	
16433	723	D	A	pathogenic	FBN1_cbEGF5-7_Ca3	572-764	5,6,7	41	97.9	44.0	22.8	False	2.65	0.06	True	False	True	True	False	False	False	False	
16437	2447	E	K	pathogenic	FBN1_cbEGF37-39_Ca3	2402-2523	37,38,39	45	98.2	12.8	5.8	True	2.42	0.04	True	False	True	True	False	False	False	False	
16438	1074	C	R		FBN1_cbEGF11-13_Ca3	1028-1154	11,12,13	46	97.8	21.6	12.9	True	6.39	0.02	False	False	False	False	False	True	True	False	1086
16443	1127	G	S		FBN1_cbEGF11-13_Ca3	1028-1154	11,12,13	27	95.8	28.5	27.4	False	15.74	0.03	False	False	False	False	False	False	False	False	
16444	1223	C	Y		FBN1_cbEGF15-17_Ca3	1197-1321	15,16,17	26	98.8	25.6	15.3	True	11.66	0.03	False	False	False	False	False	True	True	False	1236
16446	1043	K	R		FBN1_cbEGF9-11_Ca3	807-1069	9,10,11	26	86.0	152.8	64.7	False	12.24	0.05	False	False	False	False	False	False	False	False	
16447	1131	N	Y		FBN1_cbEGF11-13_Ca3	1028-1154	11,12,13	23	98.1	62.7	32.1	False	2.29	0.01	True	False	True	True	False	False	False	False	
16450	1265	C	R		FBN1_cbEGF15-17_Ca3	1197-1321	15,16,17	56	98.5	38.3	22.9	False	11.99	0.08	False	False	False	False	False	True	True	False	1278
16451	1170	R	H	benign	FBN1_cbEGF13-15_Ca3	1113-1237	13,14,15	57	91.0	154.7	56.5	False	12.12	0.02	False	False	False	False	False	False	False	False	
16453	985	G	E		FBN1_cbEGF9-11_Ca3	807-1069	9,10,11	84	96.3	12.3	11.8	True	11.83	0.1	False	False	False	False	False	False	False	False	
16455	1013	G	R		FBN1_cbEGF9-11_Ca3	807-1069	9,10,11	56	96.4	2.9	2.8	True	4.67	0.04	False	False	False	False	False	False	False	False	
16457	1073	E	K	pathogenic	FBN1_cbEGF11-13_Ca3	1028-1154	11,12,13	45	97.5	30.3	13.6	True	2.49	0.01	True	False	True	True	False	False	False	False	
16460	754	Y	C	pathogenic	FBN1_cbEGF7-9_Ca3	723-846	7,8,9	31	98.8	33.0	12.6	True	6.84	0.03	False	False	False	False	False	False	False	True	
16462	1032	C	Y		FBN1_cbEGF9-11_Ca3	807-1069	9,10,11	37	95.8	27.5	16.4	True	6.4	0.03	False	False	False	False	False	True	True	False	1044
16463	1129	C	Y		FBN1_cbEGF11-13_Ca3	1028-1154	11,12,13	25	97.5	32.3	19.3	True	8.32	0.03	False	False	False	False	False	True	True	False	1117
16464	1221	C	Y		FBN1_cbEGF15-17_Ca3	1197-1321	15,16,17	24	98.7	6.0	3.6	True	10.58	0.04	False	False	False	False	False	True	True	False	1208
16465	1086	C	Y		FBN1_cbEGF11-13_Ca3	1028-1154	11,12,13	58	97.8	24.5	14.7	True	8.2	0.04	False	False	False	False	False	True	True	False	1074
16466	485	R	C	pathogenic	FBN1_cbEGF1-3_Ca3	246-529	1,2,3	44	54.1	52.8	19.3	True	17.35	0.89	False	False	False	False	False	False	False	True	
16469	1570	W	C		FBN1_cbEGF21-23_Ca3	1446-1647	21,22,23	77	98.2	7.3	2.6	True	16.52	0.05	False	False	False	False	False	False	False	True	
16470	1570	W	C		FBN1_cbEGF21-23_Ca3	1446-1647	21,22,23	77	98.2	7.3	2.6	True	16.52	0.05	False	False	False	False	False	False	False	True	
16471	1564	C	S		FBN1_cbEGF21-23_Ca3	1446-1647	21,22,23	83	98.8	0.1	0.1	True	8.68	0.05	False	False	False	False	False	True	True	False	1589
16472	1577	C	G		FBN1_cbEGF21-23_Ca3	1446-1647	21,22,23	70	98.1	17.5	10.5	True	16.04	0.06	False	False	False	False	False	True	True	False	1563
29696	1699	Y	C	pathogenic	FBN1_cbEGF23-25_Ca3	1606-1807	23,24,25	93	97.7	47.1	17.9	True	21.76	0.11	False	False	False	False	False	False	False	True	
29697	1762	G	S	pathogenic	FBN1_cbEGF23-25_Ca3	1606-1807	23,24,25	45	80.0	22.2	21.3	False	15.73	0.76	False	False	False	False	False	False	False	False	
29698	1728	A	T		FBN1_cbEGF23-25_Ca3	1606-1807	23,24,25	79	98.7	0.0	0.0	True	18.58	0.06	False	False	False	False	False	False	False	False	
29699	1696	Y	C	pathogenic	FBN1_cbEGF23-25_Ca3	1606-1807	23,24,25	90	97.3	16.4	6.2	True	17.65	0.05	False	False	False	False	False	False	False	True	
29700	1750	S	R		FBN1_cbEGF23-25_Ca3	1606-1807	23,24,25	57	94.2	24.2	15.6	True	11.68	0.08	False	False	False	False	False	False	False	False	
29701	1700	Y	C	pathogenic	FBN1_cbEGF23-25_Ca3	1606-1807	23,24,25	94	96.7	95.0	36.1	False	25.04	0.12	False	False	False	False	False	False	False	True	
36034	545	R	H	vus	FBN1_cbEGF3-5_Ca3	490-612	3,4,5	55	88.0	147.3	53.8	False	12.35	0.09	False	False	False	False	False	False	False	False	
36042	650	R	C	pathogenic	FBN1_cbEGF5-7_Ca3	572-764	5,6,7	78	74.7	126.4	46.1	False	11.82	0.37	False	False	False	False	False	False	False	True	
36043	685	C	W	pathogenic	FBN1_cbEGF5-7_Ca3	572-764	5,6,7	79	96.1	2.8	1.7	True	8.69	0.08	False	False	False	False	False	True	True	False	
36045	686	A	D		FBN1_cbEGF5-7_Ca3	572-764	5,6,7	78	97.9	26.5	20.6	False	7.95	0.06	False	False	False	False	False	False	False	False	
36047	790	C	S	pathogenic	FBN1_cbEGF7-9_Ca3	723-846	7,8,9	56	98.5	28.5	17.1	True	10.69	0.06	False	False	False	False	False	True	True	False	776
36051	827	S	P	vus	FBN1_cbEGF9-11_Ca3	807-1069	9,10,11	20	94.7	54.8	35.4	False	2.55	0.16	False	True	True	False	False	False	False	False	
36052	836	S	R	vus	FBN1_cbEGF9-11_Ca3	807-1069	9,10,11	29	95.2	10.8	7.0	True	21.55	0.17	False	False	False	False	False	False	False	False	
36053	848	T	P		FBN1_cbEGF9-11_Ca3	807-1069	9,10,11	41	90.0	88.6	51.5	False	21.18	0.18	False	False	False	False	False	False	False	False	
36056	893	D	H		FBN1_cbEGF9-11_Ca3	807-1069	9,10,11	86	94.6	17.3	9.0	True	13.88	0.09	False	False	False	False	False	False	False	False	
36060	986	A	T	benign	FBN1_cbEGF9-11_Ca3	807-1069	9,10,11	83	97.0	28.0	21.7	False	15.39	0.11	False	False	False	False	False	False	False	False	
36061	1009	P	R		FBN1_cbEGF9-11_Ca3	807-1069	9,10,11	60	84.5	77.3	48.6	False	14.81	0.09	False	False	False	False	False	False	False	False	
36065	1148	P	A	benign	FBN1_cbEGF13-15_Ca3	1113-1237	13,14,15	35	92.5	106.7	67.1	False	15.55	0.44	False	False	False	False	False	False	False	False	
36067	1187	H	R		FBN1_cbEGF13-15_Ca3	1113-1237	13,14,15	50	92.6	92.7	41.4	False	8.64	0.12	False	False	False	False	False	False	False	False	
36073	1389	C	G		FBN1_cbEGF19-21_Ca3	1363-1486	19,20,21	26	98.6	10.7	6.4	True	10.69	0.04	False	False	False	False	False	True	True	False	1374
36074	1481	S	G	benign	FBN1_cbEGF21-23_Ca3	1446-1647	21,22,23	35	92.7	91.1	58.8	False	13.35	1.14	False	False	False	False	False	False	False	False	
36076	1489	N	K	pathogenic	FBN1_cbEGF21-23_Ca3	1446-1647	21,22,23	43	97.8	58.8	30.1	False	4.41	0.02	False	False	False	True	True	False	False	False	
36078	1530	R	C	pathogenic	FBN1_cbEGF21-23_Ca3	1446-1647	21,22,23	84	97.6	80.3	29.3	False	18.19	0.06	False	False	False	False	False	False	False	True	
36079	1562	C	S		FBN1_cbEGF21-23_Ca3	1446-1647	21,22,23	85	98.9	0.0	0.0	True	11.3	0.04	False	False	False	False	False	True	True	False	1534
36090	1851	N	S		FBN1_cbEGF25-27_Ca3	1766-1890	25,26,27	39	97.9	43.3	22.2	False	4.28	0.04	False	False	False	True	True	False	False	False	
36092	1891	D	H	pathogenic	FBN1_cbEGF27-29_Ca3	1849-1972	27,28,29	42	98.4	37.0	19.2	True	2.6	0.02	True	False	True	True	False	False	False	False	
36097	2025	A	S	benign	FBN1_cbEGF29-31_Ca3	1930-2054	29,30,31	29	92.4	40.6	31.5	False	15.39	0.12	False	False	False	False	False	False	False	False	
36100	2129	D	Y		FBN1_cbEGF31-33_Ca3	2013-2205	31,32,33	76	96.2	43.3	22.5	False	4.32	0.01	False	False	False	True	True	False	False	False	
36104	2234	V	M	benign	FBN1_cbEGF33-35_Ca3	2166-2290	33,34,35	56	95.7	149.7	86.0	False	7.99	0.06	False	False	False	False	False	False	False	False	
36107	2269	I	T	pathogenic	FBN1_cbEGF35-37_Ca3	2247-2443	35,36,37	22	92.5	163.6	83.0	False	4.65	0.04	False	False	False	False	False	False	False	False	
36108	2278	P	S	benign	FBN1_cbEGF35-37_Ca3	2247-2443	35,36,37	31	93.2	124.1	78.0	False	7.66	0.07	False	False	False	False	False	False	False	False	
36109	2324	A	T		FBN1_cbEGF35-37_Ca3	2247-2443	35,36,37	77	95.1	35.4	27.4	False	16.28	0.04	False	False	False	False	False	False	False	False	
36111	2358	V	I		FBN1_cbEGF35-37_Ca3	2247-2443	35,36,37	85	96.6	10.1	5.8	True	12.21	0.1	False	False	False	False	False	False	False	False	
36112	2410	H	P		FBN1_cbEGF35-37_Ca3	2247-2443	35,36,37	33	81.3	64.9	29.0	False	12.98	0.05	False	False	False	False	False	False	False	False	
36115	2471	P	R		FBN1_cbEGF37-39_Ca3	2402-2523	37,38,39	52	97.9	49.5	31.1	False	9.56	0.05	False	False	False	False	False	False	False	False	
36116	2556	F	V		FBN1_cbEGF39-41_Ca3	2485-2606	39,40,41	50	97.4	26.2	10.9	True	6.87	0.07	False	False	False	False	False	False	False	False	
36118	2576	R	C	pathogenic	FBN1_cbEGF39-41_Ca3	2485-2606	39,40,41	30	76.7	169.7	61.9	False	11.64	0.78	False	False	False	False	False	False	False	True	
36122	2627	G	R	pathogenic	FBN1_cbEGF41-43_Ca3	2567-2687	41,42,43	60	95.7	22.7	21.8	False	4.06	0.01	False	False	False	False	False	False	False	False	
36123	2633	C	S		FBN1_cbEGF41-43_Ca3	2567-2687	41,42,43	54	95.9	30.1	18.0	True	11.83	0.09	False	False	False	False	False	True	True	False	2646
36124	2667	E	K		FBN1_cbEGF41-43_Ca3	2567-2687	41,42,43	20	90.3	147.6	66.2	False	4.7	0.03	False	False	False	False	False	False	False	False	
36133	329	I	T	benign	FBN1_cbEGF1-3_Ca3	246-529	1,2,3	83	82.8	15.5	7.9	True	19.12	0.1	False	False	False	False	False	False	False	False	
39667	974	R	C	pathogenic	FBN1_cbEGF9-11_Ca3	807-1069	9,10,11	95	83.2	129.5	47.3	False	16.38	0.08	False	False	False	False	False	False	False	True	
42288	534	C	Y	pathogenic	FBN1_cbEGF3-5_Ca3	490-612	3,4,5	44	97.4	41.1	24.6	False	6.39	0.01	False	False	False	False	False	True	True	False	546
42291	559	A	V	vus	FBN1_cbEGF3-5_Ca3	490-612	3,4,5	53	97.7	97.6	75.6	False	7.82	0.09	False	False	False	False	False	False	False	False	
42293	615	N	S	vus	FBN1_cbEGF5-7_Ca3	572-764	5,6,7	43	97.3	58.3	29.9	False	4.37	0.03	False	False	False	True	True	False	False	False	
42294	616	E	K		FBN1_cbEGF5-7_Ca3	572-764	5,6,7	44	96.4	23.8	10.7	True	2.4	0.03	False	False	False	True	True	False	False	False	
42299	730	D	N	vus	FBN1_cbEGF5-7_Ca3	572-764	5,6,7	34	96.3	9.3	4.8	True	10.4	0.03	False	False	False	False	False	False	False	False	
42300	748	C	R	pathogenic	FBN1_cbEGF7-9_Ca3	723-846	7,8,9	25	98.6	6.3	3.8	True	10.8	0.02	False	False	False	False	False	True	True	False	734
42301	781	C	R	pathogenic	FBN1_cbEGF7-9_Ca3	723-846	7,8,9	58	98.2	35.4	21.2	False	8.33	0.04	False	False	False	False	False	True	True	False	769
42305	816	C	S		FBN1_cbEGF7-9_Ca3	723-846	7,8,9	30	98.5	19.2	11.5	True	11.18	0.09	False	False	False	False	False	True	True	False	830
42306	816	C	W		FBN1_cbEGF7-9_Ca3	723-846	7,8,9	30	98.5	19.2	11.5	True	11.18	0.09	False	False	False	False	False	True	True	False	830
42309	830	C	G		FBN1_cbEGF9-11_Ca3	807-1069	9,10,11	23	97.9	6.5	3.9	True	10.69	0.17	False	False	False	False	False	True	True	False	816
42310	830	C	S	pathogenic	FBN1_cbEGF9-11_Ca3	807-1069	9,10,11	23	97.9	6.5	3.9	True	10.69	0.17	False	False	False	False	False	True	True	False	816
42311	832	C	Y	pathogenic	FBN1_cbEGF9-11_Ca3	807-1069	9,10,11	25	96.6	40.2	24.1	False	16.94	0.17	False	False	False	False	False	True	True	False	845
42312	832	C	W	pathogenic	FBN1_cbEGF9-11_Ca3	807-1069	9,10,11	25	96.6	40.2	24.1	False	16.94	0.17	False	False	False	False	False	True	True	False	845
42313	840	P	L		FBN1_cbEGF9-11_Ca3	807-1069	9,10,11	33	96.8	132.9	83.6	False	17.78	0.24	False	False	False	False	False	False	False	False	
42321	976	R	H		FBN1_cbEGF9-11_Ca3	807-1069	9,10,11	93	83.9	51.9	18.9	True	14.13	0.07	False	False	False	False	False	False	False	False	
42325	1020	T	A	benign	FBN1_cbEGF9-11_Ca3	807-1069	9,10,11	49	59.5	82.6	48.0	False	19.99	0.38	False	False	False	False	False	False	False	False	
42327	1055	C	Y	pathogenic	FBN1_cbEGF11-13_Ca3	1028-1154	11,12,13	27	98.5	38.8	23.3	False	11.78	0.05	False	False	False	False	False	True	True	False	1068
42332	1131	N	S		FBN1_cbEGF11-13_Ca3	1028-1154	11,12,13	23	98.1	62.7	32.1	False	2.29	0.01	True	False	True	True	False	False	False	False	
42333	1138	C	F	pathogenic	FBN1_cbEGF13-15_Ca3	1113-1237	13,14,15	25	97.9	22.0	13.2	True	10.77	0.09	False	False	False	False	False	True	True	False	1124
42334	1141	P	L	benign	FBN1_cbEGF13-15_Ca3	1113-1237	13,14,15	28	98.4	49.9	31.4	False	9.61	0.04	False	False	False	False	False	False	False	False	
42338	1172	V	M		FBN1_cbEGF13-15_Ca3	1113-1237	13,14,15	59	98.2	46.7	26.8	False	6.44	0.03	False	False	False	False	False	False	False	False	
42339	1197	D	N	pathogenic	FBN1_cbEGF13-15_Ca3	1113-1237	13,14,15	40	98.6	34.2	17.7	True	2.57	0.02	True	False	True	True	False	False	False	False	
42341	1258	P	S	vus	FBN1_cbEGF15-17_Ca3	1197-1321	15,16,17	61	98.0	107.5	67.6	False	4.53	0.04	False	False	False	False	False	False	False	False	
42343	1283	E	A		FBN1_cbEGF15-17_Ca3	1197-1321	15,16,17	38	97.4	26.5	11.9	True	2.49	0.03	False	False	False	True	True	False	False	False	
42344	1296	C	R	pathogenic	FBN1_cbEGF15-17_Ca3	1197-1321	15,16,17	25	97.3	35.9	21.5	False	7.93	0.05	False	False	False	False	False	True	True	False	1284
42345	1334	G	D		FBN1_cbEGF17-19_Ca3	1280-1403	17,18,19	54	98.3	19.8	19.0	True	15.82	0.05	False	False	False	False	False	False	False	False	
42346	1339	C	S	pathogenic	FBN1_cbEGF17-19_Ca3	1280-1403	17,18,19	59	98.9	31.3	18.8	True	8.2	0.06	False	False	False	False	False	True	True	False	1326
42347	1350	C	S		FBN1_cbEGF17-19_Ca3	1280-1403	17,18,19	53	98.9	27.3	16.3	True	11.81	0.08	False	False	False	False	False	True	True	False	1361
42348	1369	N	S		FBN1_cbEGF17-19_Ca3	1280-1403	17,18,19	34	95.6	73.3	37.6	False	8.25	0.19	False	False	False	False	False	False	False	False	
42350	1387	Y	C		FBN1_cbEGF19-21_Ca3	1363-1486	19,20,21	24	98.0	45.0	17.1	True	4.55	0.05	False	False	False	True	True	False	False	True	
42351	1408	C	R	pathogenic	FBN1_cbEGF19-21_Ca3	1363-1486	19,20,21	45	97.7	14.7	8.8	True	6.36	0.03	False	False	False	False	False	True	True	False	1420
42354	1420	C	Y	pathogenic	FBN1_cbEGF19-21_Ca3	1363-1486	19,20,21	57	97.9	17.3	10.3	True	8.1	0.09	False	False	False	False	False	True	True	False	1408
42355	1424	P	A		FBN1_cbEGF19-21_Ca3	1363-1486	19,20,21	61	97.2	116.3	73.1	False	4.62	0.03	False	False	False	False	False	False	False	False	
42356	1436	V	M	benign	FBN1_cbEGF19-21_Ca3	1363-1486	19,20,21	50	97.2	66.6	38.3	False	8.9	0.04	False	False	False	False	False	False	False	False	
42357	1456	C	Y	pathogenic	FBN1_cbEGF19-21_Ca3	1363-1486	19,20,21	30	98.3	6.1	3.7	True	12.1	0.12	False	False	False	False	False	True	True	False	1470
42358	1446	D	V		FBN1_cbEGF19-21_Ca3	1363-1486	19,20,21	40	98.3	46.9	24.3	False	2.62	0.04	True	False	True	True	False	False	False	False	
42359	1455	I	S	vus	FBN1_cbEGF19-21_Ca3	1363-1486	19,20,21	31	93.1	46.0	23.4	False	9.78	0.2	False	False	False	False	False	False	False	False	
42360	1456	C	S	pathogenic	FBN1_cbEGF19-21_Ca3	1363-1486	19,20,21	30	98.3	6.1	3.7	True	12.1	0.12	False	False	False	False	False	True	True	False	1470
42361	1469	R	P		FBN1_cbEGF21-23_Ca3	1446-1647	21,22,23	23	83.2	119.0	43.4	False	7.28	0.02	False	False	False	False	False	False	False	False	
42363	1502	C	Y	pathogenic	FBN1_cbEGF21-23_Ca3	1446-1647	21,22,23	56	98.2	34.6	20.7	False	8.13	0.02	False	False	False	False	False	True	True	False	1491
42364	1511	C	R	pathogenic	FBN1_cbEGF21-23_Ca3	1446-1647	21,22,23	65	97.9	10.4	6.2	True	10.56	0.04	False	False	False	False	False	True	True	False	1497
42367	1547	T	I	benign	FBN1_cbEGF21-23_Ca3	1446-1647	21,22,23	100	77.5	58.8	34.2	False	27.45	0.64	False	False	False	False	False	False	False	False	
42370	1584	E	K	benign	FBN1_cbEGF21-23_Ca3	1446-1647	21,22,23	63	91.4	104.7	47.0	False	19.37	0.08	False	False	False	False	False	False	False	False	
42371	1594	G	D	pathogenic	FBN1_cbEGF21-23_Ca3	1446-1647	21,22,23	53	98.7	1.8	1.8	True	4.79	0.04	False	False	False	False	False	False	False	False	
42372	1646	C	Y	pathogenic	FBN1_cbEGF23-25_Ca3	1606-1807	23,24,25	40	98.7	10.9	6.5	True	10.28	0.07	False	False	False	False	False	True	True	False	1633
42375	1648	D	N	pathogenic	FBN1_cbEGF23-25_Ca3	1606-1807	23,24,25	42	98.6	39.0	20.2	False	2.58	0.05	True	False	True	True	False	False	False	False	
42376	1652	C	Y	pathogenic	FBN1_cbEGF23-25_Ca3	1606-1807	23,24,25	46	97.1	41.5	24.9	False	6.48	0.04	False	False	False	False	False	True	True	False	1663
42385	1835	C	Y	pathogenic	FBN1_cbEGF25-27_Ca3	1766-1890	25,26,27	55	98.7	23.5	14.1	True	12.0	0.06	False	False	False	False	False	True	True	False	1847
42386	1838	G	C	pathogenic	FBN1_cbEGF25-27_Ca3	1766-1890	25,26,27	52	98.3	15.3	14.7	True	4.74	0.04	False	False	False	False	False	False	False	True	
42387	1907	N	D	pathogenic	FBN1_cbEGF27-29_Ca3	1849-1972	27,28,29	58	98.1	53.7	27.5	False	2.35	0.01	True	False	True	True	False	False	False	False	
42388	1863	G	E	pathogenic	FBN1_cbEGF25-27_Ca3	1766-1890	25,26,27	27	98.0	13.3	12.8	True	15.46	0.03	False	False	False	False	False	False	False	False	
42390	1907	N	K		FBN1_cbEGF27-29_Ca3	1849-1972	27,28,29	58	98.1	53.7	27.5	False	2.35	0.01	True	False	True	True	False	False	False	False	
42391	1916	C	Y	pathogenic	FBN1_cbEGF27-29_Ca3	1849-1972	27,28,29	56	98.8	30.7	18.4	True	11.94	0.04	False	False	False	False	False	True	True	False	1928
42395	1947	C	Y	pathogenic	FBN1_cbEGF27-29_Ca3	1849-1972	27,28,29	25	98.2	34.5	20.6	False	8.07	0.05	False	False	False	False	False	True	True	False	1934
42397	2040	C	Y	pathogenic	FBN1_cbEGF31-33_Ca3	2013-2205	31,32,33	27	96.1	40.4	24.2	False	16.59	0.1	False	False	False	False	False	True	True	False	2053
42402	2149	Y	C	pathogenic	FBN1_cbEGF31-33_Ca3	2013-2205	31,32,33	56	95.2	45.8	17.4	True	4.63	0.03	False	False	False	True	True	False	False	True	
42405	2210	C	W		FBN1_cbEGF33-35_Ca3	2166-2290	33,34,35	44	97.9	24.4	14.6	True	6.41	0.04	False	False	False	False	False	True	True	False	2221
42406	2219	F	S		FBN1_cbEGF33-35_Ca3	2166-2290	33,34,35	53	94.8	119.9	50.0	False	15.2	0.18	False	False	False	False	False	False	False	False	
42409	2249	D	G	vus	FBN1_cbEGF33-35_Ca3	2166-2290	33,34,35	41	97.8	47.2	24.5	False	4.35	0.02	False	False	False	True	True	False	False	False	
42414	2307	C	Y		FBN1_cbEGF35-37_Ca3	2247-2443	35,36,37	60	98.0	32.9	19.7	True	7.99	0.06	False	False	False	False	False	True	True	False	2295
42416	2331	C	Y		FBN1_cbEGF35-37_Ca3	2247-2443	35,36,37	84	95.1	17.2	10.3	True	16.15	0.03	False	False	False	False	False	True	True	False	2318
42418	2361	S	L	vus	FBN1_cbEGF35-37_Ca3	2247-2443	35,36,37	82	96.3	7.8	5.0	True	10.78	0.05	False	False	False	False	False	False	False	False	
42419	2365	C	Y		FBN1_cbEGF35-37_Ca3	2247-2443	35,36,37	78	97.2	0.4	0.2	True	9.15	0.06	False	False	False	False	False	True	True	False	
42421	2390	C	R	pathogenic	FBN1_cbEGF35-37_Ca3	2247-2443	35,36,37	53	96.8	3.1	1.9	True	13.21	0.09	False	False	False	False	False	True	True	False	
42423	2395	G	V	vus	FBN1_cbEGF35-37_Ca3	2247-2443	35,36,37	48	97.3	0.0	0.0	True	4.74	0.04	False	False	False	False	False	False	False	False	
42425	2449	N	S	benign	FBN1_cbEGF37-39_Ca3	2402-2523	37,38,39	47	94.1	120.9	62.0	False	8.47	0.03	False	False	False	False	False	False	False	False	
42428	2527	E	A		FBN1_cbEGF39-41_Ca3	2485-2606	39,40,41	42	96.1	32.6	14.6	True	2.51	0.03	True	False	True	True	False	False	False	False	
42429	2536	G	R	pathogenic	FBN1_cbEGF39-41_Ca3	2485-2606	39,40,41	51	92.5	27.1	26.0	False	15.58	0.12	False	False	False	False	False	False	False	False	
42430	2547	S	I		FBN1_cbEGF39-41_Ca3	2485-2606	39,40,41	59	95.6	53.3	34.4	False	2.6	0.04	False	True	True	False	False	False	False	False	
42432	2595	G	V		FBN1_cbEGF41-43_Ca3	2567-2687	41,42,43	28	96.1	16.0	15.4	True	4.52	0.02	False	False	False	False	False	False	False	False	
42434	2618	G	R		FBN1_cbEGF41-43_Ca3	2567-2687	41,42,43	51	86.1	32.2	31.0	False	15.08	0.22	False	False	False	False	False	False	False	False	
42436	2631	C	Y	pathogenic	FBN1_cbEGF41-43_Ca3	2567-2687	41,42,43	56	93.8	29.0	17.4	True	10.74	0.07	False	False	False	False	False	True	True	False	2617
42438	2652	C	Y	pathogenic	FBN1_cbEGF41-43_Ca3	2567-2687	41,42,43	35	92.6	39.9	23.9	False	6.38	0.01	False	False	False	False	False	True	True	False	2663
155790	464	R	G		FBN1_cbEGF1-3_Ca3	246-529	1,2,3	65	76.2	166.6	60.8	False	16.29	0.55	False	False	False	False	False	False	False	False	
155791	499	C	Y	pathogenic	FBN1_cbEGF1-3_Ca3	246-529	1,2,3	30	89.8	7.3	4.4	True	10.46	0.42	False	False	False	False	False	True	True	False	513
155792	1438	S	N		FBN1_cbEGF19-21_Ca3	1363-1486	19,20,21	48	97.1	20.4	13.1	True	13.85	0.06	False	False	False	False	False	False	False	False	
155793	1469	R	C	vus	FBN1_cbEGF21-23_Ca3	1446-1647	21,22,23	23	83.2	119.0	43.4	False	7.28	0.02	False	False	False	False	False	False	False	True	
155794	1928	C	F		FBN1_cbEGF27-29_Ca3	1849-1972	27,28,29	44	98.7	7.8	4.7	True	10.71	0.01	False	False	False	False	False	True	True	False	1916
161237	2616	I	V		FBN1_cbEGF41-43_Ca3	2567-2687	41,42,43	49	89.4	60.6	30.8	False	9.37	0.18	False	False	False	False	False	False	False	False	
161238	2568	V	M	vus	FBN1_cbEGF39-41_Ca3	2485-2606	39,40,41	38	96.5	54.3	31.2	False	2.29	0.02	False	True	True	False	False	False	False	False	
161241	2554	R	W		FBN1_cbEGF39-41_Ca3	2485-2606	39,40,41	52	83.0	228.1	83.3	False	7.77	0.13	False	False	False	False	False	False	False	False	
161239	2460	K	R	vus	FBN1_cbEGF37-39_Ca3	2402-2523	37,38,39	58	92.0	134.4	57.0	False	6.51	0.01	False	False	False	False	False	False	False	False	
161234	2414	R	Q		FBN1_cbEGF35-37_Ca3	2247-2443	35,36,37	29	75.9	174.4	63.6	False	15.48	0.11	False	False	False	False	False	False	False	False	
161235	1266	Y	F		FBN1_cbEGF15-17_Ca3	1197-1321	15,16,17	55	96.9	124.3	47.3	False	9.57	0.05	False	False	False	False	False	False	False	False	
161242	686	A	T		FBN1_cbEGF5-7_Ca3	572-764	5,6,7	78	97.9	26.5	20.6	False	7.95	0.06	False	False	False	False	False	False	False	False	
161243	449	V	I		FBN1_cbEGF1-3_Ca3	246-529	1,2,3	80	42.6	90.8	52.2	False	31.37	3.98	False	False	False	False	False	False	False	False	
161244	343	G	R		FBN1_cbEGF1-3_Ca3	246-529	1,2,3	97	86.4	63.4	60.9	False	36.74	8.53	False	False	False	False	False	False	False	False	
163462	2585	I	T	pathogenic	FBN1_cbEGF39-41_Ca3	2485-2606	39,40,41	21	94.1	130.3	66.1	False	4.62	0.02	False	False	False	False	False	False	False	False	
179532	2230	C	W		FBN1_cbEGF33-35_Ca3	2166-2290	33,34,35	60	98.0	3.5	2.1	True	10.71	0.04	False	False	False	False	False	True	True	False	2217
180039	2118	I	M	pathogenic	FBN1_cbEGF31-33_Ca3	2013-2205	31,32,33	87	92.5	23.1	11.7	True	8.68	0.12	False	False	False	False	False	False	False	False	
177648	1013	G	R	pathogenic	FBN1_cbEGF9-11_Ca3	807-1069	9,10,11	56	96.4	2.9	2.8	True	4.67	0.04	False	False	False	False	False	False	False	False	
163480	627	R	C	pathogenic	FBN1_cbEGF5-7_Ca3	572-764	5,6,7	55	77.3	144.1	52.6	False	12.27	0.04	False	False	False	False	False	False	False	True	
177856	346	S	P	vus	FBN1_cbEGF1-3_Ca3	246-529	1,2,3	100	92.3	50.5	32.6	False	30.77	6.81	False	False	False	False	False	False	False	False	
178034	2514	G	R	pathogenic	FBN1_cbEGF39-41_Ca3	2485-2606	39,40,41	29	97.5	21.2	20.3	False	4.71	0.04	False	False	False	False	False	False	False	False	
163467	2170	C	Y	pathogenic	FBN1_cbEGF31-33_Ca3	2013-2205	31,32,33	35	93.9	33.1	19.8	True	6.42	0.04	False	False	False	False	False	True	True	False	2181
179119	1987	G	R		FBN1_cbEGF29-31_Ca3	1930-2054	29,30,31	57	97.6	14.7	14.2	True	13.65	0.06	False	False	False	False	False	False	False	False	
179244	1197	D	H		FBN1_cbEGF13-15_Ca3	1113-1237	13,14,15	40	98.6	34.2	17.7	True	2.57	0.02	True	False	True	True	False	False	False	False	
179765	981	C	S	pathogenic	FBN1_cbEGF9-11_Ca3	807-1069	9,10,11	88	97.3	5.8	3.5	True	12.19	0.09	False	False	False	False	False	True	True	False	
180357	1954	F	C	pathogenic	FBN1_cbEGF29-31_Ca3	1930-2054	29,30,31	24	96.0	39.8	16.6	True	4.66	0.04	False	False	False	True	True	False	False	True	
180355	1509	Y	C	pathogenic	FBN1_cbEGF21-23_Ca3	1446-1647	21,22,23	63	96.6	39.1	14.9	True	4.71	0.04	False	False	False	True	True	False	False	True	
180354	1485	C	R		FBN1_cbEGF21-23_Ca3	1446-1647	21,22,23	39	97.7	9.7	5.8	True	10.57	0.06	False	False	False	False	False	True	True	False	1472
180353	1044	C	Y		FBN1_cbEGF9-11_Ca3	807-1069	9,10,11	25	96.3	42.5	25.4	False	8.2	0.06	False	False	False	False	False	True	True	False	1032
180352	545	R	C	pathogenic	FBN1_cbEGF3-5_Ca3	490-612	3,4,5	55	88.0	147.3	53.8	False	12.35	0.09	False	False	False	False	False	False	False	True	
190266	516	R	Q		FBN1_cbEGF3-5_Ca3	490-612	3,4,5	26	89.3	132.4	48.3	False	9.64	0.07	False	False	False	False	False	False	False	False	
195848	977	M	R		FBN1_cbEGF9-11_Ca3	807-1069	9,10,11	92	91.2	32.3	14.4	True	14.2	0.07	False	False	False	False	False	False	False	False	
198345	2655	A	V	benign	FBN1_cbEGF41-43_Ca3	2567-2687	41,42,43	32	84.6	112.9	87.6	False	12.81	0.24	False	False	False	False	False	False	False	False	
200127	2680	R	C	pathogenic	FBN1_cbEGF41-43_Ca3	2567-2687	41,42,43	7	73.9	90.4	33.0	False	13.06	0.45	False	False	False	False	False	False	False	True	
200201	2670	Y	C		FBN1_cbEGF41-43_Ca3	2567-2687	41,42,43	17	91.4	88.5	33.6	False	4.68	0.02	False	False	False	True	True	False	False	True	
200125	2669	G	C	pathogenic	FBN1_cbEGF41-43_Ca3	2567-2687	41,42,43	18	94.2	19.2	18.5	True	2.47	0.01	False	True	True	False	False	False	False	True	
200124	2665	N	S	vus	FBN1_cbEGF41-43_Ca3	2567-2687	41,42,43	22	93.9	64.1	32.9	False	2.3	0.02	True	False	True	True	False	False	False	False	
200123	2639	Y	C	pathogenic	FBN1_cbEGF41-43_Ca3	2567-2687	41,42,43	48	91.2	74.4	28.3	False	12.15	0.06	False	False	False	False	False	False	False	True	
200200	2626	L	Q		FBN1_cbEGF41-43_Ca3	2567-2687	41,42,43	59	91.6	151.4	75.3	False	4.62	0.01	False	False	False	False	False	False	False	False	
200199	2611	C	Y	pathogenic	FBN1_cbEGF41-43_Ca3	2567-2687	41,42,43	44	95.8	36.9	22.1	False	6.37	0.06	False	False	False	False	False	True	True	False	2622
200120	2592	C	Y	pathogenic	FBN1_cbEGF41-43_Ca3	2567-2687	41,42,43	25	94.5	34.9	20.9	False	11.8	0.04	False	False	False	False	False	True	True	False	2605
200118	2535	C	Y	pathogenic	FBN1_cbEGF39-41_Ca3	2485-2606	39,40,41	50	94.6	0.0	0.0	True	11.42	0.07	False	False	False	False	False	True	True	False	2550
200117	2534	L	M		FBN1_cbEGF39-41_Ca3	2485-2606	39,40,41	49	92.0	29.3	14.6	True	8.5	0.05	False	False	False	False	False	False	False	False	
200116	2533	N	S		FBN1_cbEGF39-41_Ca3	2485-2606	39,40,41	48	84.6	116.3	59.6	False	14.31	0.1	False	False	False	False	False	False	False	False	
200198	2526	N	S	pathogenic	FBN1_cbEGF39-41_Ca3	2485-2606	39,40,41	41	96.8	63.0	32.3	False	4.38	0.02	False	False	False	True	True	False	False	False	
200115	2511	C	R	pathogenic	FBN1_cbEGF39-41_Ca3	2485-2606	39,40,41	26	96.7	31.2	18.7	True	11.77	0.05	False	False	False	False	False	True	True	False	2522
200114	2510	K	R		FBN1_cbEGF39-41_Ca3	2485-2606	39,40,41	25	87.0	107.5	45.6	False	13.36	0.26	False	False	False	False	False	False	False	False	
199953	2500	C	Y	pathogenic	FBN1_cbEGF37-39_Ca3	2402-2523	37,38,39	23	97.5	22.5	13.5	True	7.99	0.04	False	False	False	False	False	True	True	False	2489
200113	2477	Q	R	vus	FBN1_cbEGF37-39_Ca3	2402-2523	37,38,39	46	93.6	70.7	31.4	False	13.1	0.06	False	False	False	False	False	False	False	False	
2933381	2462	T	A	vus	FBN1_cbEGF37-39_Ca3	2402-2523	37,38,39	60	98.0	49.3	28.6	False	2.53	0.02	False	True	True	False	False	False	False	False	
200110	2418	C	Y	pathogenic	FBN1_cbEGF35-37_Ca3	2247-2443	35,36,37	25	95.4	30.1	18.0	True	7.92	0.02	False	False	False	False	False	True	True	False	2406
200109	2416	G	R	pathogenic	FBN1_cbEGF35-37_Ca3	2247-2443	35,36,37	27	95.2	19.9	19.2	True	15.43	0.08	False	False	False	False	False	False	False	False	
3750550	2400	G	E		FBN1_cbEGF35-37_Ca3	2247-2443	35,36,37	43	94.9	17.0	16.4	True	9.58	0.06	False	False	False	False	False	False	False	False	
200107	2378	C	R		FBN1_cbEGF35-37_Ca3	2247-2443	35,36,37	65	98.0	7.0	4.2	True	16.2	0.11	False	False	False	False	False	True	True	False	
200104	2371	W	R		FBN1_cbEGF35-37_Ca3	2247-2443	35,36,37	72	97.8	2.3	0.8	True	16.36	0.04	False	False	False	False	False	False	False	False	
200103	2361	S	W	vus	FBN1_cbEGF35-37_Ca3	2247-2443	35,36,37	82	96.3	7.8	5.0	True	10.78	0.05	False	False	False	False	False	False	False	False	
200102	2351	G	S		FBN1_cbEGF35-37_Ca3	2247-2443	35,36,37	92	94.5	62.0	59.6	False	20.84	0.1	False	False	False	False	False	False	False	False	
200101	2350	I	V		FBN1_cbEGF35-37_Ca3	2247-2443	35,36,37	93	90.8	141.5	71.8	False	22.04	0.1	False	False	False	False	False	False	False	False	
200100	2335	R	W	pathogenic	FBN1_cbEGF35-37_Ca3	2247-2443	35,36,37	88	95.3	73.9	27.0	False	18.0	0.13	False	False	False	False	False	False	False	False	
200099	2320	D	V	vus	FBN1_cbEGF35-37_Ca3	2247-2443	35,36,37	73	90.0	143.0	74.1	False	23.0	0.07	False	False	False	False	False	False	False	False	
200197	2311	R	H		FBN1_cbEGF35-37_Ca3	2247-2443	35,36,37	64	82.5	208.5	76.1	False	4.56	0.01	False	False	False	False	False	False	False	False	
200098	2308	L	P		FBN1_cbEGF35-37_Ca3	2247-2443	35,36,37	61	92.0	63.6	31.6	False	6.52	0.05	False	False	False	False	False	False	False	False	
200097	2306	R	H		FBN1_cbEGF35-37_Ca3	2247-2443	35,36,37	59	84.3	147.8	54.0	False	12.29	0.06	False	False	False	False	False	False	False	False	
200094	2291	D	N		FBN1_cbEGF35-37_Ca3	2247-2443	35,36,37	44	97.1	44.2	22.9	False	2.59	0.03	True	False	True	True	False	False	False	False	
200093	2251	C	Y	pathogenic	FBN1_cbEGF33-35_Ca3	2166-2290	33,34,35	39	98.4	31.7	19.0	True	6.33	0.02	False	False	False	False	False	True	True	False	2265
200092	2236	Y	F	vus	FBN1_cbEGF33-35_Ca3	2166-2290	33,34,35	54	98.1	71.6	27.2	False	6.72	0.03	False	False	False	False	False	False	False	False	
200091	2233	P	S		FBN1_cbEGF33-35_Ca3	2166-2290	33,34,35	57	97.8	45.5	28.6	False	9.56	0.06	False	False	False	False	False	False	False	False	
200196	2219	F	C		FBN1_cbEGF33-35_Ca3	2166-2290	33,34,35	53	94.8	119.9	50.0	False	15.2	0.18	False	False	False	False	False	False	False	True	
200090	2217	C	Y	pathogenic	FBN1_cbEGF33-35_Ca3	2166-2290	33,34,35	51	97.2	14.0	8.4	True	11.19	0.04	False	False	False	False	False	True	True	False	2230
200089	2210	C	R	pathogenic	FBN1_cbEGF33-35_Ca3	2166-2290	33,34,35	44	97.9	24.4	14.6	True	6.41	0.04	False	False	False	False	False	True	True	False	2221
200195	2167	T	P		FBN1_cbEGF31-33_Ca3	2013-2205	31,32,33	38	91.4	36.8	21.4	False	2.27	0.03	False	True	True	False	False	False	False	False	
200194	2166	D	Y		FBN1_cbEGF31-33_Ca3	2013-2205	31,32,33	39	95.3	40.0	20.7	False	2.63	0.03	True	False	True	True	False	False	False	False	
200088	2166	D	H	vus	FBN1_cbEGF31-33_Ca3	2013-2205	31,32,33	39	95.3	40.0	20.7	False	2.63	0.03	True	False	True	True	False	False	False	False	
200087	2166	D	N		FBN1_cbEGF31-33_Ca3	2013-2205	31,32,33	39	95.3	40.0	20.7	False	2.63	0.03	True	False	True	True	False	False	False	False	
200086	2151	C	W	pathogenic	FBN1_cbEGF31-33_Ca3	2013-2205	31,32,33	54	97.2	18.7	11.2	True	10.68	0.05	False	False	False	False	False	True	True	False	2137
200085	2150	R	L		FBN1_cbEGF31-33_Ca3	2013-2205	31,32,33	55	86.9	115.6	42.2	False	7.35	0.03	False	False	False	False	False	False	False	False	
200084	2150	R	C	pathogenic	FBN1_cbEGF31-33_Ca3	2013-2205	31,32,33	55	86.9	115.6	42.2	False	7.35	0.03	False	False	False	False	False	False	False	True	
200192	2142	C	Y	pathogenic	FBN1_cbEGF31-33_Ca3	2013-2205	31,32,33	63	97.5	35.3	21.1	False	8.22	0.03	False	False	False	False	False	True	True	False	2131
200083	2140	G	R	pathogenic	FBN1_cbEGF31-33_Ca3	2013-2205	31,32,33	65	96.7	28.4	27.3	False	15.14	0.1	False	False	False	False	False	False	False	False	
200082	2139	H	R	vus	FBN1_cbEGF31-33_Ca3	2013-2205	31,32,33	66	89.2	128.5	57.4	False	12.93	0.29	False	False	False	False	False	False	False	False	
200081	2135	D	N	vus	FBN1_cbEGF31-33_Ca3	2013-2205	31,32,33	70	82.1	89.6	46.4	False	13.97	0.07	False	False	False	False	False	False	False	False	
200191	2130	E	K	pathogenic	FBN1_cbEGF31-33_Ca3	2013-2205	31,32,33	75	94.6	6.7	3.0	True	2.48	0.03	True	False	True	True	False	False	False	False	
200080	2105	E	Q		FBN1_cbEGF31-33_Ca3	2013-2205	31,32,33	92	81.2	82.8	37.1	False	20.23	0.4	False	False	False	False	False	False	False	False	
200079	2092	W	R	pathogenic	FBN1_cbEGF31-33_Ca3	2013-2205	31,32,33	79	96.2	5.4	1.9	True	18.06	0.05	False	False	False	False	False	False	False	False	
200078	2084	C	F		FBN1_cbEGF31-33_Ca3	2013-2205	31,32,33	71	97.0	11.9	7.1	True	12.96	0.13	False	False	False	False	False	True	True	False	2099
200073	2018	V	I		FBN1_cbEGF29-31_Ca3	1930-2054	29,30,31	36	96.9	101.7	58.5	False	8.36	0.02	False	False	False	False	False	False	False	False	
200190	2009	E	K		FBN1_cbEGF29-31_Ca3	1930-2054	29,30,31	45	80.3	117.0	52.5	False	11.4	0.56	False	False	False	False	False	False	False	False	
200072	1991	N	Y		FBN1_cbEGF29-31_Ca3	1930-2054	29,30,31	61	97.7	52.5	26.9	False	2.3	0.02	True	False	True	True	False	False	False	False	
200071	1973	D	G		FBN1_cbEGF29-31_Ca3	1930-2054	29,30,31	43	98.2	40.2	20.8	False	2.52	0.01	True	False	True	True	False	False	False	False	
200070	1942	C	F		FBN1_cbEGF27-29_Ca3	1849-1972	27,28,29	30	98.2	2.4	1.4	True	11.02	0.04	False	False	False	False	False	True	True	False	1956
200069	1934	C	Y	pathogenic	FBN1_cbEGF27-29_Ca3	1849-1972	27,28,29	38	97.5	47.5	28.5	False	6.35	0.03	False	False	False	False	False	True	True	False	1947
200068	1923	S	P		FBN1_cbEGF27-29_Ca3	1849-1972	27,28,29	49	97.3	21.6	13.9	True	13.53	0.1	False	False	False	False	False	False	False	False	
200067	1916	C	R		FBN1_cbEGF27-29_Ca3	1849-1972	27,28,29	56	98.8	30.7	18.4	True	11.94	0.04	False	False	False	False	False	True	True	False	1928
200189	1909	I	T	pathogenic	FBN1_cbEGF27-29_Ca3	1849-1972	27,28,29	60	95.9	126.5	64.2	False	4.64	0.02	False	False	False	False	False	False	False	False	
200066	1900	C	Y	pathogenic	FBN1_cbEGF27-29_Ca3	1849-1972	27,28,29	51	98.0	0.6	0.3	True	10.81	0.02	False	False	False	False	False	True	True	False	1914
200065	1838	G	D		FBN1_cbEGF25-27_Ca3	1766-1890	25,26,27	52	98.3	15.3	14.7	True	4.74	0.04	False	False	False	False	False	False	False	False	
200064	1815	G	S	vus	FBN1_cbEGF25-27_Ca3	1766-1890	25,26,27	49	90.2	42.8	41.2	False	12.35	0.16	False	False	False	False	False	False	False	False	
200063	1811	E	K	pathogenic	FBN1_cbEGF25-27_Ca3	1766-1890	25,26,27	45	97.4	30.8	13.8	True	2.47	0.02	True	False	True	True	False	False	False	False	
200061	1733	C	G		FBN1_cbEGF23-25_Ca3	1606-1807	23,24,25	74	96.7	27.5	16.5	True	24.27	0.08	False	False	False	False	False	True	True	False	
1332330	1714	M	V	vus	FBN1_cbEGF23-25_Ca3	1606-1807	23,24,25	93	94.7	2.5	1.1	True	13.55	0.1	False	False	False	False	False	False	False	False	
200058	1674	C	F		FBN1_cbEGF23-25_Ca3	1606-1807	23,24,25	68	97.3	31.2	18.7	True	16.71	0.09	False	False	False	False	False	True	True	False	1687
200187	1672	C	Y	pathogenic	FBN1_cbEGF23-25_Ca3	1606-1807	23,24,25	66	97.4	0.0	0.0	True	10.78	0.05	False	False	False	False	False	True	True	False	1658
200055	1580	V	M	vus	FBN1_cbEGF21-23_Ca3	1446-1647	21,22,23	67	94.1	99.9	57.4	False	15.78	0.1	False	False	False	False	False	False	False	False	
200054	1576	M	T		FBN1_cbEGF21-23_Ca3	1446-1647	21,22,23	71	88.9	129.7	57.9	False	20.37	0.09	False	False	False	False	False	False	False	False	
200053	1550	S	C	vus	FBN1_cbEGF21-23_Ca3	1446-1647	21,22,23	97	95.2	53.4	34.5	False	20.57	0.05	False	False	False	False	False	False	False	True	
200051	1529	T	N	vus	FBN1_cbEGF21-23_Ca3	1446-1647	21,22,23	83	96.0	68.9	40.1	False	19.73	0.09	False	False	False	False	False	False	False	False	
200050	1521	P	T		FBN1_cbEGF21-23_Ca3	1446-1647	21,22,23	75	95.1	109.9	69.1	False	17.25	0.5	False	False	False	False	False	False	False	False	
200049	1507	G	D	pathogenic	FBN1_cbEGF21-23_Ca3	1446-1647	21,22,23	61	97.5	20.9	20.1	False	4.01	0.02	False	False	False	False	False	False	False	False	
200048	1506	P	S		FBN1_cbEGF21-23_Ca3	1446-1647	21,22,23	60	97.6	113.1	71.1	False	4.6	0.02	False	False	False	False	False	False	False	False	
200047	1498	I	V		FBN1_cbEGF21-23_Ca3	1446-1647	21,22,23	52	96.1	48.6	24.7	False	14.9	0.12	False	False	False	False	False	False	False	False	
200045	1483	G	R		FBN1_cbEGF21-23_Ca3	1446-1647	21,22,23	37	95.4	7.4	7.2	True	12.03	0.14	False	False	False	False	False	False	False	False	
200044	1479	D	E		FBN1_cbEGF21-23_Ca3	1446-1647	21,22,23	33	94.2	43.6	22.6	False	13.79	0.06	False	False	False	False	False	False	False	False	
200043	1448	D	G		FBN1_cbEGF19-21_Ca3	1363-1486	19,20,21	38	97.9	65.1	33.8	False	4.48	0.02	False	False	False	True	True	False	False	False	
200042	1446	D	N	pathogenic	FBN1_cbEGF19-21_Ca3	1363-1486	19,20,21	40	98.3	46.9	24.3	False	2.62	0.04	True	False	True	True	False	False	False	False	
200041	1405	L	R	vus	FBN1_cbEGF19-21_Ca3	1363-1486	19,20,21	42	94.8	61.2	30.4	False	2.25	0.04	False	True	True	False	False	False	False	False	
200040	1404	D	N		FBN1_cbEGF19-21_Ca3	1363-1486	19,20,21	41	98.2	48.2	25.0	False	2.61	0.03	True	False	True	True	False	False	False	False	
200039	1386	S	F	vus	FBN1_cbEGF19-21_Ca3	1363-1486	19,20,21	23	96.4	53.7	34.6	False	2.4	0.05	False	True	True	False	False	False	False	False	
200038	1384	M	V		FBN1_cbEGF19-21_Ca3	1363-1486	19,20,21	21	90.5	182.8	81.6	False	4.75	0.11	False	False	False	False	False	False	False	False	
200037	1382	N	K		FBN1_cbEGF17-19_Ca3	1280-1403	17,18,19	21	98.7	59.1	30.3	False	2.28	0.02	True	False	True	True	False	False	False	False	
200036	1366	E	K	pathogenic	FBN1_cbEGF17-19_Ca3	1280-1403	17,18,19	37	98.6	12.3	5.5	True	2.54	0.02	False	False	False	True	True	False	False	False	
200035	1365	D	G		FBN1_cbEGF17-19_Ca3	1280-1403	17,18,19	38	98.5	52.9	27.4	False	4.27	0.02	False	False	False	True	True	False	False	False	
200031	1325	E	D		FBN1_cbEGF17-19_Ca3	1280-1403	17,18,19	45	98.5	16.2	7.2	True	2.49	0.02	False	False	False	True	True	False	False	False	
200185	1325	E	A		FBN1_cbEGF17-19_Ca3	1280-1403	17,18,19	45	98.5	16.2	7.2	True	2.49	0.02	False	False	False	True	True	False	False	False	
200027	1297	E	G	benign	FBN1_cbEGF15-17_Ca3	1197-1321	15,16,17	24	96.0	77.2	34.6	False	6.43	0.02	False	False	False	False	False	False	False	False	
200025	1280	D	N	pathogenic	FBN1_cbEGF15-17_Ca3	1197-1321	15,16,17	41	97.8	39.6	20.5	False	2.66	0.04	True	False	True	True	False	False	False	False	
200024	1240	D	N		FBN1_cbEGF15-17_Ca3	1197-1321	15,16,17	43	98.3	51.6	26.7	False	4.4	0.01	False	False	False	True	True	False	False	False	
200022	1238	D	N	pathogenic	FBN1_cbEGF15-17_Ca3	1197-1321	15,16,17	41	98.4	40.0	20.7	False	2.6	0.03	True	False	True	True	False	False	False	False	
200184	1223	C	F		FBN1_cbEGF15-17_Ca3	1197-1321	15,16,17	26	98.8	25.6	15.3	True	11.66	0.03	False	False	False	False	False	True	True	False	1236
200021	1205	N	S	vus	FBN1_cbEGF13-15_Ca3	1113-1237	13,14,15	32	98.2	56.8	29.1	False	10.91	0.06	False	False	False	False	False	False	False	False	
200020	1199	D	G	pathogenic	FBN1_cbEGF13-15_Ca3	1113-1237	13,14,15	38	98.3	65.8	34.1	False	4.44	0.01	False	False	False	True	True	False	False	False	
200183	1169	G	V		FBN1_cbEGF13-15_Ca3	1113-1237	13,14,15	56	98.5	20.3	19.5	True	13.66	0.06	False	False	False	False	False	False	False	False	
200018	1159	C	S		FBN1_cbEGF13-15_Ca3	1113-1237	13,14,15	46	98.1	34.0	20.4	False	6.4	0.03	False	False	False	False	False	True	True	False	1171
200017	1155	D	N	pathogenic	FBN1_cbEGF13-15_Ca3	1113-1237	13,14,15	42	98.2	41.5	21.5	False	2.58	0.02	True	False	True	True	False	False	False	False	
200016	1130	H	R		FBN1_cbEGF11-13_Ca3	1028-1154	11,12,13	24	94.6	55.7	24.9	False	6.43	0.02	False	False	False	False	False	False	False	False	
200015	1115	D	G	pathogenic	FBN1_cbEGF11-13_Ca3	1028-1154	11,12,13	39	97.5	55.2	28.6	False	4.39	0.01	False	False	False	True	True	False	False	False	
200014	1062	D	N	vus	FBN1_cbEGF11-13_Ca3	1028-1154	11,12,13	34	94.0	35.7	18.5	True	13.54	0.13	False	False	False	False	False	False	False	False	
200013	1058	G	V	pathogenic	FBN1_cbEGF11-13_Ca3	1028-1154	11,12,13	30	98.4	18.1	17.4	True	4.6	0.04	False	False	False	False	False	False	False	False	
200012	1049	G	C		FBN1_cbEGF11-13_Ca3	1028-1154	11,12,13	21	96.6	67.4	64.8	False	4.06	0.05	False	False	False	False	False	False	False	True	
199948	1026	F	S	benign	FBN1_cbEGF9-11_Ca3	807-1069	9,10,11	43	82.5	35.4	14.7	True	10.67	0.05	False	False	False	False	False	False	False	False	
200010	1007	L	R		FBN1_cbEGF9-11_Ca3	807-1069	9,10,11	62	89.7	29.0	14.4	True	14.83	0.1	False	False	False	False	False	False	False	False	
200009	1005	E	K		FBN1_cbEGF9-11_Ca3	807-1069	9,10,11	64	82.2	113.2	50.8	False	17.72	0.13	False	False	False	False	False	False	False	False	
200008	985	G	R	pathogenic	FBN1_cbEGF9-11_Ca3	807-1069	9,10,11	84	96.3	12.3	11.8	True	11.83	0.1	False	False	False	False	False	False	False	False	
199947	978	D	E	benign	FBN1_cbEGF9-11_Ca3	807-1069	9,10,11	91	90.8	9.0	4.6	True	11.21	0.07	False	False	False	False	False	False	False	False	
200007	977	M	I		FBN1_cbEGF9-11_Ca3	807-1069	9,10,11	92	91.2	32.3	14.4	True	14.2	0.07	False	False	False	False	False	False	False	False	
200006	976	R	C		FBN1_cbEGF9-11_Ca3	807-1069	9,10,11	93	83.9	51.9	18.9	True	14.13	0.07	False	False	False	False	False	False	False	True	
200005	954	R	H		FBN1_cbEGF9-11_Ca3	807-1069	9,10,11	115	82.5	102.0	37.2	False	18.94	0.08	False	False	False	False	False	False	False	False	
200004	916	V	M		FBN1_cbEGF9-11_Ca3	807-1069	9,10,11	109	95.1	15.0	8.6	True	8.49	0.04	False	False	False	False	False	False	False	False	
200001	882	A	V	pathogenic	FBN1_cbEGF9-11_Ca3	807-1069	9,10,11	75	97.9	0.1	0.1	True	17.62	0.05	False	False	False	False	False	False	False	False	
200000	880	G	S	pathogenic	FBN1_cbEGF9-11_Ca3	807-1069	9,10,11	73	96.7	12.3	11.8	True	12.28	0.04	False	False	False	False	False	False	False	False	
199999	876	C	Y	pathogenic	FBN1_cbEGF9-11_Ca3	807-1069	9,10,11	69	96.7	7.2	4.3	True	12.3	0.04	False	False	False	False	False	True	True	False	890
200182	866	I	V		FBN1_cbEGF9-11_Ca3	807-1069	9,10,11	59	93.1	38.9	19.8	True	13.45	0.08	False	False	False	False	False	False	False	False	
200181	861	R	Q	vus	FBN1_cbEGF9-11_Ca3	807-1069	9,10,11	54	78.5	181.1	66.1	False	25.14	0.08	False	False	False	False	False	False	False	False	
199997	812	E	K		FBN1_cbEGF7-9_Ca3	723-846	7,8,9	34	93.9	149.3	67.0	False	8.57	0.05	False	False	False	False	False	False	False	False	
199995	769	C	Y	pathogenic	FBN1_cbEGF7-9_Ca3	723-846	7,8,9	46	97.7	32.3	19.3	True	6.52	0.03	False	False	False	False	False	True	True	False	781
199994	768	E	A		FBN1_cbEGF7-9_Ca3	723-846	7,8,9	45	97.3	28.1	12.6	True	2.5	0.03	False	False	False	True	True	False	False	False	
199993	743	R	C		FBN1_cbEGF5-7_Ca3	572-764	5,6,7	21	87.8	179.4	65.5	False	4.52	0.02	False	False	False	False	False	False	False	True	
199992	734	C	F	pathogenic	FBN1_cbEGF5-7_Ca3	572-764	5,6,7	30	97.3	8.7	5.2	True	11.05	0.06	False	False	False	False	False	True	True	False	748
199991	727	C	Y	pathogenic	FBN1_cbEGF5-7_Ca3	572-764	5,6,7	37	98.0	25.3	15.2	True	6.38	0.02	False	False	False	False	False	True	True	False	739
199990	718	T	M	vus	FBN1_cbEGF5-7_Ca3	572-764	5,6,7	46	90.8	12.7	7.4	True	8.69	0.02	False	False	False	False	False	False	False	False	
199989	716	G	E		FBN1_cbEGF5-7_Ca3	572-764	5,6,7	48	97.6	4.4	4.2	True	4.64	0.02	False	False	False	False	False	False	False	False	
199988	709	A	G	vus	FBN1_cbEGF5-7_Ca3	572-764	5,6,7	55	83.5	5.8	4.5	True	17.46	0.22	False	False	False	False	False	False	False	False	
199987	691	A	P		FBN1_cbEGF5-7_Ca3	572-764	5,6,7	73	98.0	0.0	0.0	True	17.15	0.07	False	False	False	False	False	False	False	False	
199986	674	L	F	vus	FBN1_cbEGF5-7_Ca3	572-764	5,6,7	90	97.4	17.0	8.5	True	13.02	0.11	False	False	False	False	False	False	False	False	
199985	658	R	Q	vus	FBN1_cbEGF5-7_Ca3	572-764	5,6,7	86	88.3	141.1	51.5	False	14.65	0.85	False	False	False	False	False	False	False	False	
199984	638	E	D	vus	FBN1_cbEGF5-7_Ca3	572-764	5,6,7	66	86.3	57.3	25.7	False	13.26	0.05	False	False	False	False	False	False	False	False	
199983	630	N	K		FBN1_cbEGF5-7_Ca3	572-764	5,6,7	58	97.6	58.3	29.9	False	2.35	0.04	True	False	True	True	False	False	False	False	
199982	630	N	I		FBN1_cbEGF5-7_Ca3	572-764	5,6,7	58	97.6	58.3	29.9	False	2.35	0.04	True	False	True	True	False	False	False	False	
199978	587	C	G	pathogenic	FBN1_cbEGF3-5_Ca3	490-612	3,4,5	25	98.5	32.3	19.3	True	7.95	0.05	False	False	False	False	False	True	True	False	576
199977	576	C	G	pathogenic	FBN1_cbEGF3-5_Ca3	490-612	3,4,5	36	98.4	37.8	22.7	False	6.3	0.02	False	False	False	False	False	True	True	False	587
199976	565	R	Q		FBN1_cbEGF3-5_Ca3	490-612	3,4,5	47	86.5	247.4	90.3	False	15.59	0.12	False	False	False	False	False	False	False	False	
199974	555	C	F	pathogenic	FBN1_cbEGF3-5_Ca3	490-612	3,4,5	57	98.3	10.3	6.2	True	10.92	0.07	False	False	False	False	False	True	True	False	541
199973	530	D	G		FBN1_cbEGF3-5_Ca3	490-612	3,4,5	40	97.6	50.2	26.0	False	2.51	0.04	True	False	True	True	False	False	False	False	
199972	528	C	Y	pathogenic	FBN1_cbEGF3-5_Ca3	490-612	3,4,5	38	98.4	13.8	8.3	True	10.53	0.05	False	False	False	False	False	True	True	False	515
199971	518	G	V	vus	FBN1_cbEGF3-5_Ca3	490-612	3,4,5	28	97.8	16.6	16.0	True	4.64	0.05	False	False	False	False	False	False	False	False	
199970	518	G	R		FBN1_cbEGF3-5_Ca3	490-612	3,4,5	28	97.8	16.6	16.0	True	4.64	0.05	False	False	False	False	False	False	False	False	
199968	485	R	L	vus	FBN1_cbEGF1-3_Ca3	246-529	1,2,3	44	54.1	52.8	19.3	True	17.35	0.89	False	False	False	False	False	False	False	False	
200179	476	C	G	pathogenic	FBN1_cbEGF1-3_Ca3	246-529	1,2,3	53	91.3	37.1	22.2	False	11.73	0.72	False	False	False	False	False	True	True	False	488
199967	474	C	Y	pathogenic	FBN1_cbEGF1-3_Ca3	246-529	1,2,3	55	83.6	5.2	3.1	True	16.74	0.58	False	False	False	False	False	True	True	False	460
199966	429	R	Q		FBN1_cbEGF1-3_Ca3	246-529	1,2,3	100	34.5	219.3	80.0	False	53.34	16.42	False	False	False	False	False	False	False	False	
200178	422	G	E		FBN1_cbEGF1-3_Ca3	246-529	1,2,3	107	39.4	50.4	48.5	False	58.74	15.11	False	False	False	False	False	False	False	False	
200177	383	E	K	pathogenic	FBN1_cbEGF1-3_Ca3	246-529	1,2,3	137	79.0	119.0	53.4	False	17.0	1.0	False	False	False	False	False	False	False	False	
199964	364	R	P	vus	FBN1_cbEGF1-3_Ca3	246-529	1,2,3	118	82.6	114.6	41.8	False	30.9	7.24	False	False	False	False	False	False	False	False	
1677349	351	Q	R	vus	FBN1_cbEGF1-3_Ca3	246-529	1,2,3	105	72.1	88.5	39.3	False	26.25	6.43	False	False	False	False	False	False	False	False	
199960	301	G	V		FBN1_cbEGF1-3_Ca3	246-529	1,2,3	55	86.3	73.3	70.5	False	17.25	0.06	False	False	False	False	False	False	False	False	
199959	272	K	Q	vus	FBN1_cbEGF1-3_Ca3	246-529	1,2,3	26	85.7	103.2	43.7	False	13.59	0.19	False	False	False	False	False	False	False	False	
221117	2390	C	Y	pathogenic	FBN1_cbEGF35-37_Ca3	2247-2443	35,36,37	53	96.8	3.1	1.9	True	13.21	0.09	False	False	False	False	False	True	True	False	
220855	1852	E	G		FBN1_cbEGF25-27_Ca3	1766-1890	25,26,27	38	98.0	8.6	3.8	True	2.52	0.04	True	False	True	True	False	False	False	False	
222614	2590	C	Y	pathogenic	FBN1_cbEGF41-43_Ca3	2567-2687	41,42,43	23	92.4	18.4	11.0	True	10.73	0.05	False	False	False	False	False	True	True	False	2577
222613	2474	Y	C	pathogenic	FBN1_cbEGF37-39_Ca3	2402-2523	37,38,39	49	98.2	70.3	26.7	False	6.72	0.05	False	False	False	False	False	False	False	True	
222610	2274	C	R	pathogenic	FBN1_cbEGF35-37_Ca3	2247-2443	35,36,37	27	95.4	13.8	8.3	True	10.75	0.06	False	False	False	False	False	True	True	False	2258
222609	2232	C	R		FBN1_cbEGF33-35_Ca3	2166-2290	33,34,35	58	98.3	30.1	18.0	True	11.66	0.06	False	False	False	False	False	True	True	False	2245
222605	1477	E	K	vus	FBN1_cbEGF21-23_Ca3	1446-1647	21,22,23	31	93.6	95.5	42.8	False	8.75	0.05	False	False	False	False	False	False	False	False	
222604	1444	C	S	pathogenic	FBN1_cbEGF19-21_Ca3	1363-1486	19,20,21	42	98.6	15.3	9.1	True	10.57	0.04	False	False	False	False	False	True	True	False	1431
222603	1191	D	N		FBN1_cbEGF13-15_Ca3	1113-1237	13,14,15	46	96.5	80.1	41.5	False	12.4	0.06	False	False	False	False	False	False	False	False	
222602	899	G	R		FBN1_cbEGF9-11_Ca3	807-1069	9,10,11	92	97.3	2.2	2.1	True	4.57	0.04	False	False	False	False	False	False	False	False	
225356	1015	A	T	benign	FBN1_cbEGF9-11_Ca3	807-1069	9,10,11	54	91.1	15.3	11.9	True	8.78	0.03	False	False	False	False	False	False	False	False	
228684	846	I	T		FBN1_cbEGF9-11_Ca3	807-1069	9,10,11	39	94.1	87.5	44.4	False	20.89	0.1	False	False	False	False	False	False	False	False	
228683	524	T	M		FBN1_cbEGF3-5_Ca3	490-612	3,4,5	34	95.3	101.2	58.8	False	12.23	0.1	False	False	False	False	False	False	False	False	
228687	263	I	V	vus	FBN1_cbEGF1-3_Ca3	246-529	1,2,3	17	92.1	62.5	31.7	False	6.76	0.2	False	False	False	False	False	False	False	False	
234313	2119	V	M	vus	FBN1_cbEGF31-33_Ca3	2013-2205	31,32,33	86	92.9	6.9	4.0	True	12.1	0.1	False	False	False	False	False	False	False	False	
237101	2091	G	D		FBN1_cbEGF31-33_Ca3	2013-2205	31,32,33	78	97.9	0.0	0.0	True	18.85	0.08	False	False	False	False	False	False	False	False	
237100	1895	C	R	pathogenic	FBN1_cbEGF27-29_Ca3	1849-1972	27,28,29	46	97.8	35.3	21.1	False	6.46	0.02	False	False	False	False	False	True	True	False	1905
237099	1835	C	S		FBN1_cbEGF25-27_Ca3	1766-1890	25,26,27	55	98.7	23.5	14.1	True	12.0	0.06	False	False	False	False	False	True	True	False	1847
237096	1714	M	I		FBN1_cbEGF23-25_Ca3	1606-1807	23,24,25	93	94.7	2.5	1.1	True	13.55	0.1	False	False	False	False	False	False	False	False	
237092	1485	C	S		FBN1_cbEGF21-23_Ca3	1446-1647	21,22,23	39	97.7	9.7	5.8	True	10.57	0.06	False	False	False	False	False	True	True	False	1472
237087	848	T	N	vus	FBN1_cbEGF9-11_Ca3	807-1069	9,10,11	41	90.0	88.6	51.5	False	21.18	0.18	False	False	False	False	False	False	False	False	
237085	736	N	D	vus	FBN1_cbEGF5-7_Ca3	572-764	5,6,7	28	94.3	65.1	33.4	False	18.28	0.05	False	False	False	False	False	False	False	False	
237084	724	I	T		FBN1_cbEGF5-7_Ca3	572-764	5,6,7	40	98.2	6.8	3.5	True	2.35	0.01	False	True	True	False	False	False	False	False	
237083	639	C	Y		FBN1_cbEGF5-7_Ca3	572-764	5,6,7	67	84.8	34.8	20.9	False	16.73	0.05	False	False	False	False	False	True	True	False	652
255306	2193	E	K		FBN1_cbEGF33-35_Ca3	2166-2290	33,34,35	27	93.5	92.2	41.3	False	9.65	0.03	False	False	False	False	False	False	False	False	
255295	1282	N	S		FBN1_cbEGF15-17_Ca3	1197-1321	15,16,17	39	97.6	51.4	26.4	False	4.36	0.01	False	False	False	True	True	False	False	False	
255292	1152	A	T		FBN1_cbEGF13-15_Ca3	1113-1237	13,14,15	39	97.6	3.9	3.0	True	13.46	0.11	False	False	False	False	False	False	False	False	
263642	2669	G	V	pathogenic	FBN1_cbEGF41-43_Ca3	2567-2687	41,42,43	18	94.2	19.2	18.5	True	2.47	0.01	False	True	True	False	False	False	False	False	
264272	2610	E	K		FBN1_cbEGF41-43_Ca3	2567-2687	41,42,43	43	95.6	18.3	8.2	True	2.42	0.05	True	False	True	True	False	False	False	False	
263693	2650	N	S	vus	FBN1_cbEGF41-43_Ca3	2567-2687	41,42,43	37	93.7	83.8	43.0	False	4.39	0.01	False	False	False	True	True	False	False	False	
263398	2570	E	K	pathogenic	FBN1_cbEGF39-41_Ca3	2485-2606	39,40,41	36	96.0	45.8	20.5	False	2.47	0.01	True	False	True	True	False	False	False	False	
263901	2356	N	S	vus	FBN1_cbEGF35-37_Ca3	2247-2443	35,36,37	87	86.5	78.8	40.4	False	14.77	0.59	False	False	False	False	False	False	False	False	
263805	2455	C	R		FBN1_cbEGF37-39_Ca3	2402-2523	37,38,39	53	98.3	8.2	4.9	True	10.76	0.02	False	False	False	False	False	True	True	False	2468
264152	2371	W	C		FBN1_cbEGF35-37_Ca3	2247-2443	35,36,37	72	97.8	2.3	0.8	True	16.36	0.04	False	False	False	False	False	False	False	True	
264354	2236	Y	C	pathogenic	FBN1_cbEGF33-35_Ca3	2166-2290	33,34,35	54	98.1	71.6	27.2	False	6.72	0.03	False	False	False	False	False	False	False	True	
264235	2302	C	S	pathogenic	FBN1_cbEGF35-37_Ca3	2247-2443	35,36,37	55	95.4	7.3	4.4	True	10.96	0.09	False	False	False	False	False	True	True	False	2316
264438	2204	C	Y	pathogenic	FBN1_cbEGF33-35_Ca3	2166-2290	33,34,35	38	97.4	8.7	5.2	True	10.62	0.04	False	False	False	False	False	True	True	False	2192
263688	2331	C	S		FBN1_cbEGF35-37_Ca3	2247-2443	35,36,37	84	95.1	17.2	10.3	True	16.15	0.03	False	False	False	False	False	True	True	False	2318
264000	2101	T	M		FBN1_cbEGF31-33_Ca3	2013-2205	31,32,33	88	92.4	86.1	50.1	False	18.62	0.23	False	False	False	False	False	False	False	False	
263837	2144	N	H	pathogenic	FBN1_cbEGF31-33_Ca3	2013-2205	31,32,33	61	97.5	59.5	30.5	False	2.28	0.01	True	False	True	True	False	False	False	False	
263823	2023	I	T	vus	FBN1_cbEGF29-31_Ca3	1930-2054	29,30,31	31	93.4	17.5	8.9	True	8.99	0.07	False	False	False	False	False	False	False	False	
263849	2295	C	Y	pathogenic	FBN1_cbEGF35-37_Ca3	2247-2443	35,36,37	48	97.9	38.1	22.8	False	6.46	0.05	False	False	False	False	False	True	True	False	2307
263898	2011	C	Y	pathogenic	FBN1_cbEGF29-31_Ca3	1930-2054	29,30,31	43	97.0	5.2	3.1	True	10.65	0.05	False	False	False	False	False	True	True	False	2000
263922	2195	G	R	pathogenic	FBN1_cbEGF33-35_Ca3	2166-2290	33,34,35	29	98.3	11.4	11.0	True	4.62	0.03	False	False	False	False	False	False	False	False	
264106	2258	C	Y		FBN1_cbEGF33-35_Ca3	2166-2290	33,34,35	32	95.9	0.2	0.1	True	11.05	0.06	False	False	False	False	False	True	True	False	2274
264487	1974	I	T		FBN1_cbEGF29-31_Ca3	1930-2054	29,30,31	44	97.6	40.6	20.6	False	2.33	0.02	False	True	True	False	False	False	False	False	
263865	2027	G	V		FBN1_cbEGF29-31_Ca3	1930-2054	29,30,31	27	95.4	20.3	19.5	True	15.36	0.07	False	False	False	False	False	False	False	False	
263804	1942	C	S		FBN1_cbEGF27-29_Ca3	1849-1972	27,28,29	30	98.2	2.4	1.4	True	11.02	0.04	False	False	False	False	False	True	True	False	1956
263396	1909	I	L	vus	FBN1_cbEGF27-29_Ca3	1849-1972	27,28,29	60	95.9	126.5	64.2	False	4.64	0.02	False	False	False	False	False	False	False	False	
263568	1791	C	Y	pathogenic	FBN1_cbEGF25-27_Ca3	1766-1890	25,26,27	25	97.9	21.0	12.6	True	10.83	0.04	False	False	False	False	False	True	True	False	1777
263524	1719	C	R		FBN1_cbEGF23-25_Ca3	1606-1807	23,24,25	88	98.5	0.0	0.0	True	12.47	0.05	False	False	False	False	False	True	True	False	
263788	1662	T	K	vus	FBN1_cbEGF23-25_Ca3	1606-1807	23,24,25	56	95.9	89.1	51.8	False	12.35	0.04	False	False	False	False	False	False	False	False	
264314	1526	C	Y	pathogenic	FBN1_cbEGF21-23_Ca3	1446-1647	21,22,23	80	98.7	1.5	0.9	True	16.94	0.09	False	False	False	False	False	True	True	False	1513
263831	1444	C	Y	pathogenic	FBN1_cbEGF19-21_Ca3	1363-1486	19,20,21	42	98.6	15.3	9.1	True	10.57	0.04	False	False	False	False	False	True	True	False	1431
264424	1651	E	K		FBN1_cbEGF23-25_Ca3	1606-1807	23,24,25	45	96.8	23.4	10.5	True	2.49	0.03	False	False	False	True	True	False	False	False	
263872	1366	E	Q		FBN1_cbEGF17-19_Ca3	1280-1403	17,18,19	37	98.6	12.3	5.5	True	2.54	0.02	False	False	False	True	True	False	False	False	
264533	1439	A	V		FBN1_cbEGF19-21_Ca3	1363-1486	19,20,21	47	96.9	121.1	93.9	False	15.91	0.13	False	False	False	False	False	False	False	False	
263875	1321	T	I	vus	FBN1_cbEGF17-19_Ca3	1280-1403	17,18,19	41	95.7	92.0	53.5	False	7.32	0.04	False	False	False	False	False	False	False	False	
263388	1336	H	R	vus	FBN1_cbEGF17-19_Ca3	1280-1403	17,18,19	56	96.7	76.3	34.0	False	10.69	0.07	False	False	False	False	False	False	False	False	
263427	1195	C	Y		FBN1_cbEGF13-15_Ca3	1113-1237	13,14,15	42	98.8	14.5	8.7	True	10.68	0.03	False	False	False	False	False	True	True	False	1182
263998	1168	N	S		FBN1_cbEGF13-15_Ca3	1113-1237	13,14,15	55	96.2	61.3	31.5	False	10.43	0.07	False	False	False	False	False	False	False	False	
263470	1066	R	T	vus	FBN1_cbEGF11-13_Ca3	1028-1154	11,12,13	38	83.3	114.4	41.8	False	12.19	0.65	False	False	False	False	False	False	False	False	
264619	1058	G	S		FBN1_cbEGF11-13_Ca3	1028-1154	11,12,13	30	98.4	18.1	17.4	True	4.6	0.04	False	False	False	False	False	False	False	False	
263632	1030	N	S	benign	FBN1_cbEGF9-11_Ca3	807-1069	9,10,11	39	96.0	60.0	30.8	False	4.4	0.02	False	False	False	True	True	False	False	False	
264289	1041	H	Q		FBN1_cbEGF9-11_Ca3	807-1069	9,10,11	28	91.0	104.0	46.4	False	18.39	0.08	False	False	False	False	False	False	False	False	
263789	1230	M	T	benign	FBN1_cbEGF15-17_Ca3	1197-1321	15,16,17	33	95.4	79.8	35.6	False	12.79	0.53	False	False	False	False	False	False	False	False	
263660	1153	C	R	pathogenic	FBN1_cbEGF13-15_Ca3	1113-1237	13,14,15	40	98.5	14.1	8.4	True	10.72	0.05	False	False	False	False	False	True	True	False	1140
264248	961	R	K	vus	FBN1_cbEGF9-11_Ca3	807-1069	9,10,11	108	82.8	113.8	41.5	False	18.25	0.12	False	False	False	False	False	False	False	False	
263855	880	G	D		FBN1_cbEGF9-11_Ca3	807-1069	9,10,11	73	96.7	12.3	11.8	True	12.28	0.04	False	False	False	False	False	False	False	False	
264089	875	C	Y	pathogenic	FBN1_cbEGF9-11_Ca3	807-1069	9,10,11	68	97.1	0.0	0.0	True	11.61	0.05	False	False	False	False	False	True	True	False	853
263937	792	C	F		FBN1_cbEGF7-9_Ca3	723-846	7,8,9	54	98.8	32.2	19.3	True	12.04	0.1	False	False	False	False	False	True	True	False	805
264139	780	Q	L		FBN1_cbEGF7-9_Ca3	723-846	7,8,9	57	91.0	133.2	59.2	False	12.38	0.06	False	False	False	False	False	False	False	False	
263790	734	C	Y	pathogenic	FBN1_cbEGF5-7_Ca3	572-764	5,6,7	30	97.3	8.7	5.2	True	11.05	0.06	False	False	False	False	False	True	True	False	748
264197	698	P	L		FBN1_cbEGF5-7_Ca3	572-764	5,6,7	66	95.6	67.9	42.7	False	20.11	0.08	False	False	False	False	False	False	False	False	
263953	626	G	R		FBN1_cbEGF5-7_Ca3	572-764	5,6,7	54	85.4	19.6	18.9	True	15.32	0.1	False	False	False	False	False	False	False	False	
263638	386	N	K		FBN1_cbEGF1-3_Ca3	246-529	1,2,3	140	85.6	75.7	38.8	False	21.0	0.65	False	False	False	False	False	False	False	False	
264435	399	P	A	vus	FBN1_cbEGF1-3_Ca3	246-529	1,2,3	130	30.7	103.1	64.9	False	24.54	6.39	False	False	False	False	False	False	False	False	
264158	377	C	R	pathogenic	FBN1_cbEGF1-3_Ca3	246-529	1,2,3	131	95.1	15.4	9.2	True	28.06	3.19	False	False	False	False	False	True	True	False	
265142	1805	V	I	vus	FBN1_cbEGF25-27_Ca3	1766-1890	25,26,27	39	98.3	21.2	12.2	True	13.73	0.03	False	False	False	False	False	False	False	False	
265347	1278	C	W	pathogenic	FBN1_cbEGF15-17_Ca3	1197-1321	15,16,17	43	98.4	16.2	9.7	True	10.61	0.09	False	False	False	False	False	True	True	False	1265
281609	2353	S	G	vus	FBN1_cbEGF35-37_Ca3	2247-2443	35,36,37	90	94.1	20.5	13.2	True	17.29	0.07	False	False	False	False	False	False	False	False	
284953	327	R	T		FBN1_cbEGF1-3_Ca3	246-529	1,2,3	81	77.4	89.2	32.5	False	13.09	0.09	False	False	False	False	False	False	False	False	
289267	2015	D	N	vus	FBN1_cbEGF29-31_Ca3	1930-2054	29,30,31	39	97.8	52.1	27.0	False	4.37	0.02	False	False	False	True	True	False	False	False	
289671	500	A	P	vus	FBN1_cbEGF1-3_Ca3	246-529	1,2,3	29	85.2	72.1	55.9	False	14.82	0.32	False	False	False	False	False	False	False	False	
316364	2554	R	Q		FBN1_cbEGF39-41_Ca3	2485-2606	39,40,41	52	83.0	228.1	83.3	False	7.77	0.13	False	False	False	False	False	False	False	False	
316375	1299	T	M	benign	FBN1_cbEGF15-17_Ca3	1197-1321	15,16,17	22	97.6	33.1	19.3	True	2.5	0.02	False	True	True	False	False	False	False	False	
316376	1247	N	I		FBN1_cbEGF15-17_Ca3	1197-1321	15,16,17	50	92.3	109.9	56.3	False	14.01	0.04	False	False	False	False	False	False	False	False	
316382	968	T	I	vus	FBN1_cbEGF9-11_Ca3	807-1069	9,10,11	101	93.7	53.8	31.3	False	20.1	0.11	False	False	False	False	False	False	False	False	
316387	398	R	K	vus	FBN1_cbEGF1-3_Ca3	246-529	1,2,3	131	27.5	195.4	71.3	False	22.31	6.08	False	False	False	False	False	False	False	False	
316365	2329	D	E	benign	FBN1_cbEGF35-37_Ca3	2247-2443	35,36,37	82	91.4	48.4	25.1	False	10.93	0.09	False	False	False	False	False	False	False	False	
316369	2032	T	S	vus	FBN1_cbEGF29-31_Ca3	1930-2054	29,30,31	22	97.1	50.8	29.5	False	2.51	0.01	False	True	True	False	False	False	False	False	
316373	1802	K	R		FBN1_cbEGF25-27_Ca3	1766-1890	25,26,27	36	91.2	182.8	77.4	False	16.88	0.1	False	False	False	False	False	False	False	False	
316388	295	I	M		FBN1_cbEGF1-3_Ca3	246-529	1,2,3	49	89.7	82.7	42.0	False	9.35	0.1	False	False	False	False	False	False	False	False	
373598	1489	N	S	vus	FBN1_cbEGF21-23_Ca3	1446-1647	21,22,23	43	97.8	58.8	30.1	False	4.41	0.02	False	False	False	True	True	False	False	False	
372659	1422	N	S		FBN1_cbEGF19-21_Ca3	1363-1486	19,20,21	59	97.6	69.0	35.4	False	2.3	0.01	True	False	True	True	False	False	False	False	
372606	2627	G	R	pathogenic	FBN1_cbEGF41-43_Ca3	2567-2687	41,42,43	60	95.7	22.7	21.8	False	4.06	0.01	False	False	False	False	False	False	False	False	
373268	2314	Y	C	vus	FBN1_cbEGF35-37_Ca3	2247-2443	35,36,37	67	97.6	28.5	10.8	True	4.68	0.05	False	False	False	True	True	False	False	True	
372558	2029	C	Y	pathogenic	FBN1_cbEGF29-31_Ca3	1930-2054	29,30,31	25	96.9	29.6	17.7	True	7.97	0.07	False	False	False	False	False	True	True	False	2017
373256	1482	G	S	vus	FBN1_cbEGF21-23_Ca3	1446-1647	21,22,23	36	94.3	29.2	28.1	False	11.97	0.65	False	False	False	False	False	False	False	False	
373743	1832	R	H		FBN1_cbEGF25-27_Ca3	1766-1890	25,26,27	58	93.7	119.4	43.6	False	7.46	0.03	False	False	False	False	False	False	False	False	
373490	1263	C	W		FBN1_cbEGF15-17_Ca3	1197-1321	15,16,17	58	98.4	4.1	2.4	True	10.82	0.03	False	False	False	False	False	True	True	False	1249
374081	2672	C	W		FBN1_cbEGF41-43_Ca3	2567-2687	41,42,43	15	90.2	39.9	23.9	False	10.67	0.05	False	False	False	False	False	True	True	False	2659
373976	2425	Y	C		FBN1_cbEGF37-39_Ca3	2402-2523	37,38,39	23	98.2	35.1	13.3	True	4.6	0.02	False	False	False	True	True	False	False	True	
373981	2267	N	I		FBN1_cbEGF33-35_Ca3	2166-2290	33,34,35	23	98.0	51.7	26.5	False	2.27	0.03	True	False	True	True	False	False	False	False	
374032	1727	R	Q		FBN1_cbEGF23-25_Ca3	1606-1807	23,24,25	80	88.9	108.1	39.5	False	13.98	0.8	False	False	False	False	False	False	False	False	
374079	494	C	F		FBN1_cbEGF1-3_Ca3	246-529	1,2,3	35	93.4	24.5	14.7	True	6.3	0.31	False	False	False	False	False	True	True	False	504
375299	2002	P	S		FBN1_cbEGF29-31_Ca3	1930-2054	29,30,31	52	96.8	128.4	80.7	False	7.88	0.05	False	False	False	False	False	False	False	False	
377096	596	C	G	pathogenic	FBN1_cbEGF5-7_Ca3	572-764	5,6,7	24	97.0	13.5	8.1	True	10.74	0.05	False	False	False	False	False	True	True	False	582
381609	2668	G	C	pathogenic	FBN1_cbEGF41-43_Ca3	2567-2687	41,42,43	19	94.9	29.1	28.0	False	4.11	0.01	False	False	False	False	False	False	False	True	
393275	2636	G	S		FBN1_cbEGF41-43_Ca3	2567-2687	41,42,43	51	95.9	19.3	18.5	True	4.66	0.04	False	False	False	False	False	False	False	False	
393048	2402	D	H		FBN1_cbEGF35-37_Ca3	2247-2443	35,36,37	41	97.0	33.9	17.5	True	2.61	0.07	True	False	True	True	False	False	False	False	
379655	2265	C	Y	pathogenic	FBN1_cbEGF33-35_Ca3	2166-2290	33,34,35	25	97.7	35.6	21.3	False	8.07	0.04	False	False	False	False	False	True	True	False	2251
391735	2100	P	L		FBN1_cbEGF31-33_Ca3	2013-2205	31,32,33	87	94.9	23.5	14.7	True	17.67	0.19	False	False	False	False	False	False	False	False	
387780	1461	C	F	pathogenic	FBN1_cbEGF19-21_Ca3	1363-1486	19,20,21	25	98.6	33.8	20.2	False	8.08	0.06	False	False	False	False	False	True	True	False	1450
391621	1139	E	Q		FBN1_cbEGF13-15_Ca3	1113-1237	13,14,15	26	96.0	87.3	39.2	False	13.47	0.07	False	False	False	False	False	False	False	False	
381611	557	C	Y	pathogenic	FBN1_cbEGF3-5_Ca3	490-612	3,4,5	55	98.8	30.4	18.2	True	11.95	0.1	False	False	False	False	False	True	True	False	570
381612	494	C	Y	pathogenic	FBN1_cbEGF1-3_Ca3	246-529	1,2,3	35	93.4	24.5	14.7	True	6.3	0.31	False	False	False	False	False	True	True	False	504
392209	2557	S	P		FBN1_cbEGF39-41_Ca3	2485-2606	39,40,41	49	95.0	55.1	35.5	False	8.76	0.07	False	False	False	False	False	False	False	False	
379778	2489	C	R	pathogenic	FBN1_cbEGF37-39_Ca3	2402-2523	37,38,39	34	98.1	29.3	17.6	True	6.3	0.02	False	False	False	False	False	True	True	False	2500
384344	2242	R	C	vus	FBN1_cbEGF33-35_Ca3	2166-2290	33,34,35	48	85.4	160.6	58.6	False	13.44	0.34	False	False	False	False	False	False	False	True	
387797	1212	C	S		FBN1_cbEGF13-15_Ca3	1113-1237	13,14,15	25	98.9	27.3	16.3	True	8.26	0.05	False	False	False	False	False	True	True	False	1201
392364	982	C	S	pathogenic	FBN1_cbEGF9-11_Ca3	807-1069	9,10,11	87	95.9	0.1	0.0	True	8.46	0.1	False	False	False	False	False	True	True	False	
389041	937	C	Y	pathogenic	FBN1_cbEGF9-11_Ca3	807-1069	9,10,11	130	93.6	34.0	20.4	False	16.67	0.07	False	False	False	False	False	True	True	False	950
381934	592	G	C		FBN1_cbEGF3-5_Ca3	490-612	3,4,5	20	97.6	22.1	21.3	False	4.08	0.06	False	False	False	False	False	False	False	True	
380285	2278	P	A	benign	FBN1_cbEGF35-37_Ca3	2247-2443	35,36,37	31	93.2	124.1	78.0	False	7.66	0.07	False	False	False	False	False	False	False	False	
385605	2265	C	G	pathogenic	FBN1_cbEGF33-35_Ca3	2166-2290	33,34,35	25	97.7	35.6	21.3	False	8.07	0.04	False	False	False	False	False	True	True	False	2251
379489	2258	C	R	pathogenic	FBN1_cbEGF33-35_Ca3	2166-2290	33,34,35	32	95.9	0.2	0.1	True	11.05	0.06	False	False	False	False	False	True	True	False	2274
381610	1894	E	K	pathogenic	FBN1_cbEGF27-29_Ca3	1849-1972	27,28,29	45	97.3	26.4	11.8	True	2.54	0.03	True	False	True	True	False	False	False	False	
392910	1762	G	V		FBN1_cbEGF23-25_Ca3	1606-1807	23,24,25	45	80.0	22.2	21.3	False	15.73	0.76	False	False	False	False	False	False	False	False	
389343	908	C	S	pathogenic	FBN1_cbEGF9-11_Ca3	807-1069	9,10,11	101	97.2	55.2	33.1	False	10.57	0.02	False	False	False	False	False	True	True	False	896
402848	1837	P	S	vus	FBN1_cbEGF25-27_Ca3	1766-1890	25,26,27	53	97.3	116.0	73.0	False	7.97	0.04	False	False	False	False	False	False	False	False	
402849	915	E	K	vus	FBN1_cbEGF9-11_Ca3	807-1069	9,10,11	108	87.5	138.9	62.3	False	8.39	0.04	False	False	False	False	False	False	False	False	
406263	2674	C	R	pathogenic	FBN1_cbEGF41-43_Ca3	2567-2687	41,42,43	13	90.1	26.1	15.7	True	16.97	0.08	False	False	False	False	False	True	True	False	2686
406349	2489	C	Y		FBN1_cbEGF37-39_Ca3	2402-2523	37,38,39	34	98.1	29.3	17.6	True	6.3	0.02	False	False	False	False	False	True	True	False	2500
406366	2444	D	G		FBN1_cbEGF37-39_Ca3	2402-2523	37,38,39	42	98.5	38.5	20.0	True	2.56	0.03	True	False	True	True	False	False	False	False	
406326	2412	V	A		FBN1_cbEGF35-37_Ca3	2247-2443	35,36,37	31	86.5	24.7	14.2	True	9.54	0.11	False	False	False	False	False	False	False	False	
406333	2192	C	W		FBN1_cbEGF33-35_Ca3	2166-2290	33,34,35	26	98.3	30.7	18.4	True	11.87	0.03	False	False	False	False	False	True	True	False	2204
406371	1926	N	D	vus	FBN1_cbEGF27-29_Ca3	1849-1972	27,28,29	46	91.8	64.9	33.3	False	10.19	0.51	False	False	False	False	False	False	False	False	
406341	1777	C	Y	pathogenic	FBN1_cbEGF23-25_Ca3	1606-1807	23,24,25	30	98.0	12.7	7.6	True	11.9	0.07	False	False	False	False	False	True	True	False	1791
406285	1591	G	E	vus	FBN1_cbEGF21-23_Ca3	1446-1647	21,22,23	56	97.8	27.9	26.9	False	11.48	0.06	False	False	False	False	False	False	False	False	
406329	1456	C	F	pathogenic	FBN1_cbEGF19-21_Ca3	1363-1486	19,20,21	30	98.3	6.1	3.7	True	12.1	0.12	False	False	False	False	False	True	True	False	1470
406364	905	G	E	vus	FBN1_cbEGF9-11_Ca3	807-1069	9,10,11	98	94.1	41.5	39.9	False	17.86	0.3	False	False	False	False	False	False	False	False	
406321	849	I	M		FBN1_cbEGF9-11_Ca3	807-1069	9,10,11	42	91.5	92.4	46.9	False	19.93	0.11	False	False	False	False	False	False	False	False	
406267	617	C	G	pathogenic	FBN1_cbEGF5-7_Ca3	572-764	5,6,7	45	96.4	42.7	25.6	False	6.44	0.02	False	False	False	False	False	True	True	False	628
406281	2660	S	R		FBN1_cbEGF41-43_Ca3	2567-2687	41,42,43	27	86.2	103.5	66.8	False	15.33	0.14	False	False	False	False	False	False	False	False	
406268	2374	H	R		FBN1_cbEGF35-37_Ca3	2247-2443	35,36,37	69	92.6	157.1	70.1	False	24.91	0.05	False	False	False	False	False	False	False	False	
406360	1907	N	S		FBN1_cbEGF27-29_Ca3	1849-1972	27,28,29	58	98.1	53.7	27.5	False	2.35	0.01	True	False	True	True	False	False	False	False	
406346	1511	C	Y	pathogenic	FBN1_cbEGF21-23_Ca3	1446-1647	21,22,23	65	97.9	10.4	6.2	True	10.56	0.04	False	False	False	False	False	True	True	False	1497
406297	1262	R	K		FBN1_cbEGF15-17_Ca3	1197-1321	15,16,17	59	85.1	111.0	40.5	False	7.42	0.04	False	False	False	False	False	False	False	False	
406328	1169	G	D		FBN1_cbEGF13-15_Ca3	1113-1237	13,14,15	56	98.5	20.3	19.5	True	13.66	0.06	False	False	False	False	False	False	False	False	
406347	1140	C	Y		FBN1_cbEGF13-15_Ca3	1113-1237	13,14,15	27	98.7	34.2	20.5	False	11.97	0.05	False	False	False	False	False	True	True	False	1153
406351	639	C	S		FBN1_cbEGF5-7_Ca3	572-764	5,6,7	67	84.8	34.8	20.9	False	16.73	0.05	False	False	False	False	False	True	True	False	652
406298	585	G	A		FBN1_cbEGF3-5_Ca3	490-612	3,4,5	27	98.3	16.9	16.3	True	15.02	0.05	False	False	False	False	False	False	False	False	
406350	412	V	D		FBN1_cbEGF1-3_Ca3	246-529	1,2,3	117	40.6	126.6	72.8	False	47.36	9.46	False	False	False	False	False	False	False	False	
406315	2232	C	Y	pathogenic	FBN1_cbEGF33-35_Ca3	2166-2290	33,34,35	58	98.3	30.1	18.0	True	11.66	0.06	False	False	False	False	False	True	True	False	2245
406344	2209	E	A		FBN1_cbEGF33-35_Ca3	2166-2290	33,34,35	43	97.6	25.7	11.5	True	2.45	0.02	True	False	True	True	False	False	False	False	
406303	2070	C	F		FBN1_cbEGF31-33_Ca3	2013-2205	31,32,33	57	96.1	26.1	15.6	True	23.32	0.32	False	False	False	False	False	True	True	False	2096
406318	1888	M	I		FBN1_cbEGF27-29_Ca3	1849-1972	27,28,29	39	94.3	97.9	43.7	False	13.65	0.06	False	False	False	False	False	False	False	False	
406296	1876	C	Y		FBN1_cbEGF27-29_Ca3	1849-1972	27,28,29	27	98.8	35.1	21.0	False	11.79	0.04	False	False	False	False	False	True	True	False	1889
406289	1861	S	N		FBN1_cbEGF25-27_Ca3	1766-1890	25,26,27	29	94.1	55.6	35.9	False	15.46	0.02	False	False	False	False	False	False	False	False	
406342	1736	C	Y		FBN1_cbEGF23-25_Ca3	1606-1807	23,24,25	71	98.6	8.4	5.0	True	16.63	0.06	False	False	False	False	False	True	True	False	
406339	1667	V	I		FBN1_cbEGF23-25_Ca3	1606-1807	23,24,25	61	97.4	122.7	70.5	False	4.57	0.02	False	False	False	False	False	False	False	False	
406334	1294	G	V	vus	FBN1_cbEGF15-17_Ca3	1197-1321	15,16,17	27	95.2	19.3	18.6	True	15.38	0.09	False	False	False	False	False	False	False	False	
406367	1076	I	L		FBN1_cbEGF11-13_Ca3	1028-1154	11,12,13	48	95.3	116.6	59.2	False	8.3	0.17	False	False	False	False	False	False	False	False	
406272	769	C	R	pathogenic	FBN1_cbEGF7-9_Ca3	723-846	7,8,9	46	97.7	32.3	19.3	True	6.52	0.03	False	False	False	False	False	True	True	False	781
406359	661	C	Y	pathogenic	FBN1_cbEGF5-7_Ca3	572-764	5,6,7	89	98.3	1.1	0.6	True	13.46	0.04	False	False	False	False	False	True	True	False	
406372	543	N	I		FBN1_cbEGF3-5_Ca3	490-612	3,4,5	53	95.0	66.7	34.2	False	10.44	0.09	False	False	False	False	False	False	False	False	
406288	513	C	F	pathogenic	FBN1_cbEGF3-5_Ca3	490-612	3,4,5	23	98.5	0.8	0.5	True	10.74	0.02	False	False	False	False	False	True	True	False	499
406345	509	G	C		FBN1_cbEGF1-3_Ca3	246-529	1,2,3	20	91.1	20.6	19.8	True	4.31	0.12	False	False	False	False	False	False	False	True	
406325	476	C	R	pathogenic	FBN1_cbEGF1-3_Ca3	246-529	1,2,3	53	91.3	37.1	22.2	False	11.73	0.72	False	False	False	False	False	True	True	False	488
406269	271	C	G	pathogenic	FBN1_cbEGF1-3_Ca3	246-529	1,2,3	25	94.6	21.0	12.6	True	10.72	0.2	False	False	False	False	False	True	True	False	257
406273	2616	I	M		FBN1_cbEGF41-43_Ca3	2567-2687	41,42,43	49	89.4	60.6	30.8	False	9.37	0.18	False	False	False	False	False	False	False	False	
406317	2509	C	G	pathogenic	FBN1_cbEGF39-41_Ca3	2485-2606	39,40,41	24	94.3	22.5	13.5	True	10.7	0.07	False	False	False	False	False	True	True	False	2496
406276	2270	G	C		FBN1_cbEGF35-37_Ca3	2247-2443	35,36,37	23	96.1	67.9	65.3	False	4.13	0.04	False	False	False	False	False	False	False	True	
406283	2247	D	G		FBN1_cbEGF33-35_Ca3	2166-2290	33,34,35	43	98.1	40.3	20.9	False	2.57	0.06	True	False	True	True	False	False	False	False	
406305	2047	S	F	vus	FBN1_cbEGF31-33_Ca3	2013-2205	31,32,33	34	92.4	5.5	3.5	True	16.75	0.14	False	False	False	False	False	False	False	False	
406277	1389	C	S	pathogenic	FBN1_cbEGF19-21_Ca3	1363-1486	19,20,21	26	98.6	10.7	6.4	True	10.69	0.04	False	False	False	False	False	True	True	False	1374
406271	908	C	R	pathogenic	FBN1_cbEGF9-11_Ca3	807-1069	9,10,11	101	97.2	55.2	33.1	False	10.57	0.02	False	False	False	False	False	True	True	False	896
406356	886	P	L		FBN1_cbEGF9-11_Ca3	807-1069	9,10,11	79	93.6	129.5	81.5	False	25.22	0.06	False	False	False	False	False	False	False	False	
406335	880	G	R	pathogenic	FBN1_cbEGF9-11_Ca3	807-1069	9,10,11	73	96.7	12.3	11.8	True	12.28	0.04	False	False	False	False	False	False	False	False	
406322	790	C	F	pathogenic	FBN1_cbEGF7-9_Ca3	723-846	7,8,9	56	98.5	28.5	17.1	True	10.69	0.06	False	False	False	False	False	True	True	False	776
406265	430	P	L		FBN1_cbEGF1-3_Ca3	246-529	1,2,3	99	40.2	109.9	69.1	False	49.77	16.68	False	False	False	False	False	False	False	False	
418202	2676	P	L		FBN1_cbEGF41-43_Ca3	2567-2687	41,42,43	11	89.0	121.7	76.5	False	22.89	0.13	False	False	False	False	False	False	False	False	
423498	2592	C	F	pathogenic	FBN1_cbEGF41-43_Ca3	2567-2687	41,42,43	25	94.5	34.9	20.9	False	11.8	0.04	False	False	False	False	False	True	True	False	2605
423862	2590	C	W	pathogenic	FBN1_cbEGF41-43_Ca3	2567-2687	41,42,43	23	92.4	18.4	11.0	True	10.73	0.05	False	False	False	False	False	True	True	False	2577
418200	2140	G	E	pathogenic	FBN1_cbEGF31-33_Ca3	2013-2205	31,32,33	65	96.7	28.4	27.3	False	15.14	0.1	False	False	False	False	False	False	False	False	
418199	2093	G	R		FBN1_cbEGF31-33_Ca3	2013-2205	31,32,33	80	95.9	1.9	1.8	True	21.56	0.07	False	False	False	False	False	False	False	False	
423987	2038	C	G		FBN1_cbEGF31-33_Ca3	2013-2205	31,32,33	25	96.7	13.4	8.0	True	10.66	0.05	False	False	False	False	False	True	True	False	2024
424594	1726	G	D	pathogenic	FBN1_cbEGF23-25_Ca3	1606-1807	23,24,25	81	98.2	3.9	3.8	True	13.11	0.06	False	False	False	False	False	False	False	False	
418197	1646	C	G		FBN1_cbEGF23-25_Ca3	1606-1807	23,24,25	40	98.7	10.9	6.5	True	10.28	0.07	False	False	False	False	False	True	True	False	1633
418196	1418	G	C		FBN1_cbEGF19-21_Ca3	1363-1486	19,20,21	55	98.1	17.4	16.7	True	13.56	0.07	False	False	False	False	False	False	False	True	
420926	1166	C	R		FBN1_cbEGF13-15_Ca3	1113-1237	13,14,15	53	98.3	11.5	6.9	True	11.4	0.05	False	False	False	False	False	True	True	False	1180
421062	1127	G	V	pathogenic	FBN1_cbEGF11-13_Ca3	1028-1154	11,12,13	27	95.8	28.5	27.4	False	15.74	0.03	False	False	False	False	False	False	False	False	
418195	1125	R	Q		FBN1_cbEGF11-13_Ca3	1028-1154	11,12,13	29	81.3	162.8	59.4	False	15.46	0.06	False	False	False	False	False	False	False	False	
418194	1095	C	S		FBN1_cbEGF11-13_Ca3	1028-1154	11,12,13	59	98.0	16.0	9.6	True	10.78	0.07	False	False	False	False	False	True	True	False	1081
418193	798	Y	C		FBN1_cbEGF7-9_Ca3	723-846	7,8,9	48	97.6	75.0	28.5	False	12.29	0.08	False	False	False	False	False	False	False	True	
420086	748	C	Y	pathogenic	FBN1_cbEGF7-9_Ca3	723-846	7,8,9	25	98.6	6.3	3.8	True	10.8	0.02	False	False	False	False	False	True	True	False	734
419660	727	C	R	pathogenic	FBN1_cbEGF5-7_Ca3	572-764	5,6,7	37	98.0	25.3	15.2	True	6.38	0.02	False	False	False	False	False	True	True	False	739
418630	627	R	H		FBN1_cbEGF5-7_Ca3	572-764	5,6,7	55	77.3	144.1	52.6	False	12.27	0.04	False	False	False	False	False	False	False	False	
419187	609	R	H	vus	FBN1_cbEGF5-7_Ca3	572-764	5,6,7	37	86.4	126.9	46.3	False	10.79	0.54	False	False	False	False	False	False	False	False	
420087	560	G	S		FBN1_cbEGF3-5_Ca3	490-612	3,4,5	52	98.1	17.7	17.0	True	4.7	0.08	False	False	False	False	False	False	False	False	
423986	428	P	T		FBN1_cbEGF1-3_Ca3	246-529	1,2,3	101	40.7	111.2	70.0	False	53.38	17.4	False	False	False	False	False	False	False	False	
423542	281	E	D	vus	FBN1_cbEGF1-3_Ca3	246-529	1,2,3	35	81.9	142.1	63.7	False	15.9	0.22	False	False	False	False	False	False	False	False	
426992	2621	S	C		FBN1_cbEGF41-43_Ca3	2567-2687	41,42,43	54	92.0	65.2	42.0	False	12.38	0.06	False	False	False	False	False	False	False	True	
427047	2485	D	G	pathogenic	FBN1_cbEGF37-39_Ca3	2402-2523	37,38,39	38	98.2	39.1	20.2	False	2.68	0.03	True	False	True	True	False	False	False	False	
427179	2468	C	R	pathogenic	FBN1_cbEGF37-39_Ca3	2402-2523	37,38,39	55	98.5	10.8	6.5	True	10.6	0.05	False	False	False	False	False	True	True	False	2455
426268	1998	C	Y	pathogenic	FBN1_cbEGF29-31_Ca3	1930-2054	29,30,31	56	97.0	13.6	8.2	True	10.8	0.05	False	False	False	False	False	True	True	False	1984
426624	1436	V	L		FBN1_cbEGF19-21_Ca3	1363-1486	19,20,21	50	97.2	66.6	38.3	False	8.9	0.04	False	False	False	False	False	False	False	False	
427006	1420	C	F	pathogenic	FBN1_cbEGF19-21_Ca3	1363-1486	19,20,21	57	97.9	17.3	10.3	True	8.1	0.09	False	False	False	False	False	True	True	False	1408
426218	905	G	R	vus	FBN1_cbEGF9-11_Ca3	807-1069	9,10,11	98	94.1	41.5	39.9	False	17.86	0.3	False	False	False	False	False	False	False	False	
426442	698	P	S		FBN1_cbEGF5-7_Ca3	572-764	5,6,7	66	95.6	67.9	42.7	False	20.11	0.08	False	False	False	False	False	False	False	False	
426255	585	G	R		FBN1_cbEGF3-5_Ca3	490-612	3,4,5	27	98.3	16.9	16.3	True	15.02	0.05	False	False	False	False	False	False	False	False	
426283	274	P	H		FBN1_cbEGF1-3_Ca3	246-529	1,2,3	28	95.4	60.2	37.9	False	9.4	0.12	False	False	False	False	False	False	False	False	
429595	2406	C	Y	pathogenic	FBN1_cbEGF35-37_Ca3	2247-2443	35,36,37	37	93.2	43.7	26.1	False	6.56	0.03	False	False	False	False	False	True	True	False	2418
429425	2181	C	R	pathogenic	FBN1_cbEGF31-33_Ca3	2013-2205	31,32,33	24	94.5	26.4	15.8	True	8.05	0.06	False	False	False	False	False	True	True	False	2170
429578	2111	C	Y	pathogenic	FBN1_cbEGF31-33_Ca3	2013-2205	31,32,33	94	94.7	3.6	2.1	True	13.71	0.19	False	False	False	False	False	True	True	False	2085
430149	2099	C	F		FBN1_cbEGF31-33_Ca3	2013-2205	31,32,33	86	96.8	5.0	3.0	True	17.27	0.11	False	False	False	False	False	True	True	False	2084
430389	1947	C	R	pathogenic	FBN1_cbEGF27-29_Ca3	1849-1972	27,28,29	25	98.2	34.5	20.6	False	8.07	0.05	False	False	False	False	False	True	True	False	1934
429562	1858	N	S	vus	FBN1_cbEGF25-27_Ca3	1766-1890	25,26,27	32	90.0	129.0	66.2	False	14.02	0.05	False	False	False	False	False	False	False	False	
429594	1824	C	R	pathogenic	FBN1_cbEGF25-27_Ca3	1766-1890	25,26,27	58	98.3	37.8	22.6	False	8.13	0.05	False	False	False	False	False	True	True	False	1812
430150	1728	A	V	pathogenic	FBN1_cbEGF23-25_Ca3	1606-1807	23,24,25	79	98.7	0.0	0.0	True	18.58	0.06	False	False	False	False	False	False	False	False	
430267	1563	C	S		FBN1_cbEGF21-23_Ca3	1446-1647	21,22,23	84	98.9	6.7	4.0	True	12.2	0.04	False	False	False	False	False	True	True	False	1577
430423	1461	C	S	pathogenic	FBN1_cbEGF19-21_Ca3	1363-1486	19,20,21	25	98.6	33.8	20.2	False	8.08	0.06	False	False	False	False	False	True	True	False	1450
429778	1380	C	R		FBN1_cbEGF17-19_Ca3	1280-1403	17,18,19	23	98.9	34.8	20.8	False	8.11	0.03	False	False	False	False	False	True	True	False	1367
430151	1254	C	Y		FBN1_cbEGF15-17_Ca3	1197-1321	15,16,17	57	98.5	31.8	19.0	True	8.1	0.07	False	False	False	False	False	True	True	False	1242
430152	1138	C	R		FBN1_cbEGF13-15_Ca3	1113-1237	13,14,15	25	97.9	22.0	13.2	True	10.77	0.09	False	False	False	False	False	True	True	False	1124
429763	1097	C	R		FBN1_cbEGF11-13_Ca3	1028-1154	11,12,13	57	98.5	37.9	22.7	False	11.79	0.06	False	False	False	False	False	True	True	False	1111
429319	1028	D	G	pathogenic	FBN1_cbEGF9-11_Ca3	807-1069	9,10,11	41	95.9	32.8	17.0	True	2.75	0.05	True	False	True	True	False	False	False	False	
432086	2674	C	Y	pathogenic	FBN1_cbEGF41-43_Ca3	2567-2687	41,42,43	13	90.1	26.1	15.7	True	16.97	0.08	False	False	False	False	False	True	True	False	2686
432905	2116	G	L		FBN1_cbEGF31-33_Ca3	2013-2205	31,32,33	89	96.2	4.3	4.1	True	4.71	0.05	False	False	False	False	False	False	False	False	
431924	2038	C	Y	pathogenic	FBN1_cbEGF31-33_Ca3	2013-2205	31,32,33	25	96.7	13.4	8.0	True	10.66	0.05	False	False	False	False	False	True	True	False	2024
432128	1497	C	R		FBN1_cbEGF21-23_Ca3	1446-1647	21,22,23	51	97.9	6.1	3.6	True	11.76	0.1	False	False	False	False	False	True	True	False	1511
432123	1326	C	Y	pathogenic	FBN1_cbEGF17-19_Ca3	1280-1403	17,18,19	46	98.7	30.5	18.3	True	6.4	0.01	False	False	False	False	False	True	True	False	1339
432164	1032	C	R		FBN1_cbEGF9-11_Ca3	807-1069	9,10,11	37	95.8	27.5	16.4	True	6.4	0.03	False	False	False	False	False	True	True	False	1044
432343	1031	E	K		FBN1_cbEGF9-11_Ca3	807-1069	9,10,11	38	94.9	3.3	1.5	True	2.43	0.03	True	False	True	True	False	False	False	False	
431935	890	C	Y	pathogenic	FBN1_cbEGF9-11_Ca3	807-1069	9,10,11	83	96.2	26.3	15.8	True	16.08	0.05	False	False	False	False	False	True	True	False	876
437420	2206	D	N		FBN1_cbEGF33-35_Ca3	2166-2290	33,34,35	40	97.6	40.2	20.8	False	2.58	0.05	True	False	True	True	False	False	False	False	
439718	1387	Y	D	vus	FBN1_cbEGF19-21_Ca3	1363-1486	19,20,21	24	98.0	45.0	17.1	True	4.55	0.05	False	False	False	True	True	False	False	False	
439709	609	R	C	vus	FBN1_cbEGF5-7_Ca3	572-764	5,6,7	37	86.4	126.9	46.3	False	10.79	0.54	False	False	False	False	False	False	False	True	
439699	392	P	L		FBN1_cbEGF1-3_Ca3	246-529	1,2,3	137	55.3	95.7	60.2	False	21.89	3.23	False	False	False	False	False	False	False	False	
439705	1074	C	Y		FBN1_cbEGF11-13_Ca3	1028-1154	11,12,13	46	97.8	21.6	12.9	True	6.39	0.02	False	False	False	False	False	True	True	False	1086
439707	2063	A	T		FBN1_cbEGF31-33_Ca3	2013-2205	31,32,33	50	95.4	34.8	27.0	False	17.91	0.12	False	False	False	False	False	False	False	False	
439708	2221	C	R	pathogenic	FBN1_cbEGF33-35_Ca3	2166-2290	33,34,35	55	98.1	35.6	21.3	False	8.33	0.05	False	False	False	False	False	True	True	False	2210
439715	743	R	H		FBN1_cbEGF5-7_Ca3	572-764	5,6,7	21	87.8	179.4	65.5	False	4.52	0.02	False	False	False	False	False	False	False	False	
439719	1928	C	Y	pathogenic	FBN1_cbEGF27-29_Ca3	1849-1972	27,28,29	44	98.7	7.8	4.7	True	10.71	0.01	False	False	False	False	False	True	True	False	1916
439720	511	Y	C		FBN1_cbEGF3-5_Ca3	490-612	3,4,5	21	98.3	39.7	15.1	True	4.69	0.02	False	False	False	True	True	False	False	True	
446121	628	C	F		FBN1_cbEGF5-7_Ca3	572-764	5,6,7	56	93.7	33.7	20.2	False	7.81	0.02	False	False	False	False	False	True	True	False	617
451315	2674	C	S	pathogenic	FBN1_cbEGF41-43_Ca3	2567-2687	41,42,43	13	90.1	26.1	15.7	True	16.97	0.08	False	False	False	False	False	True	True	False	2686
449756	2627	G	E	pathogenic	FBN1_cbEGF41-43_Ca3	2567-2687	41,42,43	60	95.7	22.7	21.8	False	4.06	0.01	False	False	False	False	False	False	False	False	
450946	2539	G	D		FBN1_cbEGF39-41_Ca3	2485-2606	39,40,41	54	96.2	14.7	14.2	True	13.96	0.09	False	False	False	False	False	False	False	False	
449160	2502	N	I		FBN1_cbEGF37-39_Ca3	2402-2523	37,38,39	21	98.1	55.1	28.2	False	2.27	0.01	True	False	True	True	False	False	False	False	
449794	2459	C	Y	pathogenic	FBN1_cbEGF37-39_Ca3	2402-2523	37,38,39	57	98.7	38.8	23.3	False	8.25	0.02	False	False	False	False	False	True	True	False	2448
449435	2455	C	Y	pathogenic	FBN1_cbEGF37-39_Ca3	2402-2523	37,38,39	53	98.3	8.2	4.9	True	10.76	0.02	False	False	False	False	False	True	True	False	2468
449436	2318	C	Y	pathogenic	FBN1_cbEGF35-37_Ca3	2247-2443	35,36,37	71	97.7	36.8	22.0	False	16.66	0.05	False	False	False	False	False	True	True	False	2331
450683	2273	M	I		FBN1_cbEGF35-37_Ca3	2247-2443	35,36,37	26	89.7	84.2	37.6	False	7.34	0.04	False	False	False	False	False	False	False	False	
449437	2168	D	G	pathogenic	FBN1_cbEGF31-33_Ca3	2013-2205	31,32,33	37	94.0	61.5	31.9	False	4.39	0.05	False	False	False	True	True	False	False	False	
451249	1981	P	H		FBN1_cbEGF29-31_Ca3	1930-2054	29,30,31	51	91.8	104.2	65.5	False	12.4	0.13	False	False	False	False	False	False	False	False	
449439	1791	C	R	pathogenic	FBN1_cbEGF25-27_Ca3	1766-1890	25,26,27	25	97.9	21.0	12.6	True	10.83	0.04	False	False	False	False	False	True	True	False	1777
449440	1427	Y	C	pathogenic	FBN1_cbEGF19-21_Ca3	1363-1486	19,20,21	59	97.9	31.0	11.8	True	4.68	0.03	False	False	False	True	True	False	False	True	
449441	1284	C	Y	pathogenic	FBN1_cbEGF15-17_Ca3	1197-1321	15,16,17	37	97.6	22.5	13.5	True	6.39	0.03	False	False	False	False	False	True	True	False	1296
452521	1149	N	S		FBN1_cbEGF13-15_Ca3	1113-1237	13,14,15	36	88.9	131.4	67.4	False	17.2	1.13	False	False	False	False	False	False	False	False	
449897	1044	C	F		FBN1_cbEGF9-11_Ca3	807-1069	9,10,11	25	96.3	42.5	25.4	False	8.2	0.06	False	False	False	False	False	True	True	False	1032
452428	1028	D	N		FBN1_cbEGF9-11_Ca3	807-1069	9,10,11	41	95.9	32.8	17.0	True	2.75	0.05	True	False	True	True	False	False	False	False	
449603	965	E	K	vus	FBN1_cbEGF9-11_Ca3	807-1069	9,10,11	104	85.9	151.2	67.8	False	27.45	0.12	False	False	False	False	False	False	False	False	
453168	890	C	S		FBN1_cbEGF9-11_Ca3	807-1069	9,10,11	83	96.2	26.3	15.8	True	16.08	0.05	False	False	False	False	False	True	True	False	876
450130	867	N	I		FBN1_cbEGF9-11_Ca3	807-1069	9,10,11	60	95.3	33.9	17.4	True	14.19	0.07	False	False	False	False	False	False	False	False	
449842	814	S	R	vus	FBN1_cbEGF7-9_Ca3	723-846	7,8,9	32	96.7	88.4	57.0	False	11.53	0.06	False	False	False	False	False	False	False	False	
451090	695	P	H	vus	FBN1_cbEGF5-7_Ca3	572-764	5,6,7	69	89.7	111.6	70.2	False	24.55	0.14	False	False	False	False	False	False	False	False	
452287	673	P	S	vus	FBN1_cbEGF5-7_Ca3	572-764	5,6,7	91	97.2	95.5	60.1	False	17.82	0.11	False	False	False	False	False	False	False	False	
449898	474	C	R		FBN1_cbEGF1-3_Ca3	246-529	1,2,3	55	83.6	5.2	3.1	True	16.74	0.58	False	False	False	False	False	True	True	False	460
451043	404	P	R		FBN1_cbEGF1-3_Ca3	246-529	1,2,3	125	33.6	111.2	69.9	False	29.22	8.56	False	False	False	False	False	False	False	False	
450997	403	P	L		FBN1_cbEGF1-3_Ca3	246-529	1,2,3	126	33.8	110.9	69.7	False	30.98	7.82	False	False	False	False	False	False	False	False	
451847	278	K	E		FBN1_cbEGF1-3_Ca3	246-529	1,2,3	32	87.5	103.3	43.8	False	8.52	0.07	False	False	False	False	False	False	False	False	
457267	2681	I	R	pathogenic	FBN1_cbEGF41-43_Ca3	2567-2687	41,42,43	6	76.2	84.7	43.0	False	18.41	0.69	False	False	False	False	False	False	False	False	
457256	2302	C	W		FBN1_cbEGF35-37_Ca3	2247-2443	35,36,37	55	95.4	7.3	4.4	True	10.96	0.09	False	False	False	False	False	True	True	False	2316
457253	2282	R	Q		FBN1_cbEGF35-37_Ca3	2247-2443	35,36,37	35	84.1	116.1	42.4	False	11.76	0.08	False	False	False	False	False	False	False	False	
457252	2267	N	K		FBN1_cbEGF33-35_Ca3	2166-2290	33,34,35	23	98.0	51.7	26.5	False	2.27	0.03	True	False	True	True	False	False	False	False	
457248	2211	A	S		FBN1_cbEGF33-35_Ca3	2166-2290	33,34,35	45	97.6	74.7	57.9	False	8.24	0.03	False	False	False	False	False	False	False	False	
457240	2017	C	R	pathogenic	FBN1_cbEGF29-31_Ca3	1930-2054	29,30,31	37	97.5	28.7	17.2	True	6.51	0.02	False	False	False	False	False	True	True	False	2029
457233	1919	G	S	vus	FBN1_cbEGF27-29_Ca3	1849-1972	27,28,29	53	98.5	22.2	21.4	False	4.73	0.01	False	False	False	False	False	False	False	False	
457229	1783	I	F	vus	FBN1_cbEGF23-25_Ca3	1606-1807	23,24,25	24	96.6	56.0	28.4	False	6.49	0.04	False	False	False	False	False	False	False	False	
457227	1631	C	S	pathogenic	FBN1_cbEGF23-25_Ca3	1606-1807	23,24,25	25	98.0	29.0	17.4	True	10.76	0.04	False	False	False	False	False	True	True	False	1617
457222	1565	S	F	pathogenic	FBN1_cbEGF21-23_Ca3	1446-1647	21,22,23	82	98.0	14.9	9.6	True	7.15	0.03	False	False	False	False	False	False	False	False	
457221	1564	C	Y	pathogenic	FBN1_cbEGF21-23_Ca3	1446-1647	21,22,23	83	98.8	0.1	0.1	True	8.68	0.05	False	False	False	False	False	True	True	False	1589
457209	1439	A	G		FBN1_cbEGF19-21_Ca3	1363-1486	19,20,21	47	96.9	121.1	93.9	False	15.91	0.13	False	False	False	False	False	False	False	False	
457181	924	G	V		FBN1_cbEGF9-11_Ca3	807-1069	9,10,11	117	90.8	25.3	24.3	False	15.3	0.07	False	False	False	False	False	False	False	False	
457167	621	G	E	vus	FBN1_cbEGF5-7_Ca3	572-764	5,6,7	49	87.4	54.4	52.3	False	14.14	0.11	False	False	False	False	False	False	False	False	
457163	512	T	I	vus	FBN1_cbEGF3-5_Ca3	490-612	3,4,5	22	95.5	31.1	18.1	True	7.4	0.02	False	False	False	False	False	False	False	False	
457264	2535	C	W	pathogenic	FBN1_cbEGF39-41_Ca3	2485-2606	39,40,41	50	94.6	0.0	0.0	True	11.42	0.07	False	False	False	False	False	True	True	False	2550
457262	2506	G	S		FBN1_cbEGF39-41_Ca3	2485-2606	39,40,41	21	94.3	17.5	16.9	True	2.46	0.03	False	True	True	False	False	False	False	False	
457260	2467	Q	R		FBN1_cbEGF37-39_Ca3	2402-2523	37,38,39	56	89.8	110.0	48.9	False	7.35	0.04	False	False	False	False	False	False	False	False	
457246	2183	N	K		FBN1_cbEGF31-33_Ca3	2013-2205	31,32,33	22	94.8	55.9	28.7	False	2.26	0.02	True	False	True	True	False	False	False	False	
457245	2131	C	S		FBN1_cbEGF31-33_Ca3	2013-2205	31,32,33	74	95.9	39.6	23.7	False	6.37	0.02	False	False	False	False	False	True	True	False	2142
457237	1942	C	G		FBN1_cbEGF27-29_Ca3	1849-1972	27,28,29	30	98.2	2.4	1.4	True	11.02	0.04	False	False	False	False	False	True	True	False	1956
457236	1941	L	F		FBN1_cbEGF27-29_Ca3	1849-1972	27,28,29	31	96.5	28.3	14.1	True	8.72	0.1	False	False	False	False	False	False	False	False	
457232	1838	G	S		FBN1_cbEGF25-27_Ca3	1766-1890	25,26,27	52	98.3	15.3	14.7	True	4.74	0.04	False	False	False	False	False	False	False	False	
457215	1513	C	W	pathogenic	FBN1_cbEGF21-23_Ca3	1446-1647	21,22,23	67	98.7	38.3	22.9	False	16.65	0.06	False	False	False	False	False	True	True	False	1526
457207	1431	C	W	pathogenic	FBN1_cbEGF19-21_Ca3	1363-1486	19,20,21	55	98.6	31.2	18.7	True	11.87	0.07	False	False	False	False	False	True	True	False	1444
457206	1415	C	Y		FBN1_cbEGF19-21_Ca3	1363-1486	19,20,21	52	98.0	2.7	1.6	True	11.59	0.08	False	False	False	False	False	True	True	False	1429
457202	1348	C	Y	pathogenic	FBN1_cbEGF17-19_Ca3	1280-1403	17,18,19	55	98.9	24.8	14.9	True	10.77	0.06	False	False	False	False	False	True	True	False	1333
457196	1174	L	P		FBN1_cbEGF13-15_Ca3	1113-1237	13,14,15	61	97.5	63.9	31.8	False	2.5	0.02	False	True	True	False	False	False	False	False	
457190	1049	G	S		FBN1_cbEGF11-13_Ca3	1028-1154	11,12,13	21	96.6	67.4	64.8	False	4.06	0.05	False	False	False	False	False	False	False	False	
457184	984	V	I		FBN1_cbEGF9-11_Ca3	807-1069	9,10,11	85	91.0	12.7	7.3	True	8.85	0.12	False	False	False	False	False	False	False	False	
457183	959	F	L	vus	FBN1_cbEGF9-11_Ca3	807-1069	9,10,11	110	97.2	23.3	9.7	True	16.21	0.1	False	False	False	False	False	False	False	False	
457182	958	C	S		FBN1_cbEGF9-11_Ca3	807-1069	9,10,11	111	97.5	0.0	0.0	True	13.93	0.08	False	False	False	False	False	True	True	False	
457180	913	E	A		FBN1_cbEGF9-11_Ca3	807-1069	9,10,11	106	96.7	4.3	1.9	True	2.54	0.02	True	False	True	True	False	False	False	False	
457173	876	C	R		FBN1_cbEGF9-11_Ca3	807-1069	9,10,11	69	96.7	7.2	4.3	True	12.3	0.04	False	False	False	False	False	True	True	False	890
457172	806	E	K		FBN1_cbEGF7-9_Ca3	723-846	7,8,9	40	91.8	63.3	28.4	False	7.39	0.04	False	False	False	False	False	False	False	False	
457170	749	I	V	vus	FBN1_cbEGF7-9_Ca3	723-846	7,8,9	26	96.9	85.1	43.2	False	13.24	0.04	False	False	False	False	False	False	False	False	
457166	557	C	F		FBN1_cbEGF3-5_Ca3	490-612	3,4,5	55	98.8	30.4	18.2	True	11.95	0.1	False	False	False	False	False	True	True	False	570
457164	525	R	W	vus	FBN1_cbEGF3-5_Ca3	490-612	3,4,5	35	88.1	113.4	41.4	False	11.33	0.06	False	False	False	False	False	False	False	False	
457270	276	G	R	vus	FBN1_cbEGF1-3_Ca3	246-529	1,2,3	30	95.5	20.1	19.3	True	4.43	0.08	False	False	False	False	False	False	False	False	
457251	2227	S	P		FBN1_cbEGF33-35_Ca3	2166-2290	33,34,35	61	97.1	54.3	35.0	False	2.53	0.02	False	True	True	False	False	False	False	False	
457194	1153	C	Y	pathogenic	FBN1_cbEGF13-15_Ca3	1113-1237	13,14,15	40	98.5	14.1	8.4	True	10.72	0.05	False	False	False	False	False	True	True	False	1140
457186	1011	G	R		FBN1_cbEGF9-11_Ca3	807-1069	9,10,11	58	94.3	17.3	16.7	True	9.95	0.07	False	False	False	False	False	False	False	False	
457185	985	G	W		FBN1_cbEGF9-11_Ca3	807-1069	9,10,11	84	96.3	12.3	11.8	True	11.83	0.1	False	False	False	False	False	False	False	False	
457174	883	W	R	pathogenic	FBN1_cbEGF9-11_Ca3	807-1069	9,10,11	76	97.4	18.0	6.3	True	17.15	0.08	False	False	False	False	False	False	False	False	
457168	661	C	W		FBN1_cbEGF5-7_Ca3	572-764	5,6,7	89	98.3	1.1	0.6	True	13.46	0.04	False	False	False	False	False	True	True	False	
457162	488	C	R	pathogenic	FBN1_cbEGF1-3_Ca3	246-529	1,2,3	41	81.6	8.7	5.2	True	10.77	0.41	False	False	False	False	False	True	True	False	476
457261	2504	I	F	vus	FBN1_cbEGF37-39_Ca3	2402-2523	37,38,39	19	95.3	148.7	75.5	False	4.62	0.02	False	False	False	False	False	False	False	False	
457244	2116	G	A		FBN1_cbEGF31-33_Ca3	2013-2205	31,32,33	89	96.2	4.3	4.1	True	4.71	0.05	False	False	False	False	False	False	False	False	
457199	1265	C	S	pathogenic	FBN1_cbEGF15-17_Ca3	1197-1321	15,16,17	56	98.5	38.3	22.9	False	11.99	0.08	False	False	False	False	False	True	True	False	1278
457198	1206	G	R		FBN1_cbEGF13-15_Ca3	1113-1237	13,14,15	31	98.5	11.4	11.0	True	9.49	0.04	False	False	False	False	False	False	False	False	
457191	1099	E	K		FBN1_cbEGF11-13_Ca3	1028-1154	11,12,13	55	91.7	168.8	75.7	False	7.86	0.05	False	False	False	False	False	False	False	False	
457157	360	C	Y		FBN1_cbEGF1-3_Ca3	246-529	1,2,3	114	88.0	34.2	20.5	False	26.96	2.07	False	False	False	False	False	True	True	False	
492831	2367	G	R	vus	FBN1_cbEGF35-37_Ca3	2247-2443	35,36,37	76	89.9	38.4	37.0	False	10.79	0.14	False	False	False	False	False	False	False	False	
492830	2221	C	Y	pathogenic	FBN1_cbEGF33-35_Ca3	2166-2290	33,34,35	55	98.1	35.6	21.3	False	8.33	0.05	False	False	False	False	False	True	True	False	2210
492828	1171	C	W		FBN1_cbEGF13-15_Ca3	1113-1237	13,14,15	58	98.5	30.6	18.3	True	7.95	0.03	False	False	False	False	False	True	True	False	1159
492826	750	C	R	pathogenic	FBN1_cbEGF7-9_Ca3	723-846	7,8,9	27	98.8	30.2	18.1	True	11.77	0.06	False	False	False	False	False	True	True	False	763
493158	2230	C	Y	pathogenic	FBN1_cbEGF33-35_Ca3	2166-2290	33,34,35	60	98.0	3.5	2.1	True	10.71	0.04	False	False	False	False	False	True	True	False	2217
495645	2461	N	K		FBN1_cbEGF37-39_Ca3	2402-2523	37,38,39	59	98.5	52.8	27.1	False	2.3	0.01	True	False	True	True	False	False	False	False	
495640	2244	M	I	vus	FBN1_cbEGF33-35_Ca3	2166-2290	33,34,35	46	92.1	93.2	41.6	False	14.06	0.04	False	False	False	False	False	False	False	False	
495638	2228	Y	C	vus	FBN1_cbEGF33-35_Ca3	2166-2290	33,34,35	62	97.3	54.4	20.7	False	4.65	0.01	False	False	False	True	True	False	False	True	
495625	1880	F	V	vus	FBN1_cbEGF27-29_Ca3	1849-1972	27,28,29	31	98.7	25.6	10.7	True	6.86	0.01	False	False	False	False	False	False	False	False	
495624	1863	G	R		FBN1_cbEGF25-27_Ca3	1766-1890	25,26,27	27	98.0	13.3	12.8	True	15.46	0.03	False	False	False	False	False	False	False	False	
495615	1662	T	S	vus	FBN1_cbEGF23-25_Ca3	1606-1807	23,24,25	56	95.9	89.1	51.8	False	12.35	0.04	False	False	False	False	False	False	False	False	
495603	1341	N	S		FBN1_cbEGF17-19_Ca3	1280-1403	17,18,19	61	98.5	53.1	27.2	False	2.32	0.01	True	False	True	True	False	False	False	False	
495599	1236	C	Y	pathogenic	FBN1_cbEGF15-17_Ca3	1197-1321	15,16,17	39	98.7	18.0	10.8	True	10.81	0.04	False	False	False	False	False	True	True	False	1223
495583	980	C	F		FBN1_cbEGF9-11_Ca3	807-1069	9,10,11	89	97.1	0.0	0.0	True	11.31	0.08	False	False	False	False	False	True	True	False	
495582	954	R	C	pathogenic	FBN1_cbEGF9-11_Ca3	807-1069	9,10,11	115	82.5	102.0	37.2	False	18.94	0.08	False	False	False	False	False	False	False	True	
495566	639	C	S		FBN1_cbEGF5-7_Ca3	572-764	5,6,7	67	84.8	34.8	20.9	False	16.73	0.05	False	False	False	False	False	True	True	False	652
495562	616	E	G		FBN1_cbEGF5-7_Ca3	572-764	5,6,7	44	96.4	23.8	10.7	True	2.4	0.03	False	False	False	True	True	False	False	False	
495557	504	C	S		FBN1_cbEGF1-3_Ca3	246-529	1,2,3	25	94.2	32.9	19.7	True	7.64	0.48	False	False	False	False	False	True	True	False	494
495555	474	C	G		FBN1_cbEGF1-3_Ca3	246-529	1,2,3	55	83.6	5.2	3.1	True	16.74	0.58	False	False	False	False	False	True	True	False	460
495662	304	C	Y	pathogenic	FBN1_cbEGF1-3_Ca3	246-529	1,2,3	58	95.6	39.9	23.9	False	8.33	0.06	False	False	False	False	False	True	True	False	292
495649	2520	T	M		FBN1_cbEGF39-41_Ca3	2485-2606	39,40,41	35	86.3	46.9	27.3	False	14.24	0.46	False	False	False	False	False	False	False	False	
495646	2501	V	L		FBN1_cbEGF37-39_Ca3	2402-2523	37,38,39	22	96.8	50.3	28.9	False	6.57	0.02	False	False	False	False	False	False	False	False	
495644	2339	C	Y	pathogenic	FBN1_cbEGF35-37_Ca3	2247-2443	35,36,37	92	97.2	0.7	0.4	True	13.36	0.07	False	False	False	False	False	True	True	False	
495605	1388	R	P		FBN1_cbEGF19-21_Ca3	1363-1486	19,20,21	25	86.7	129.5	47.3	False	7.26	0.04	False	False	False	False	False	False	False	False	
495594	1186	Y	C	pathogenic	FBN1_cbEGF13-15_Ca3	1113-1237	13,14,15	51	98.9	29.9	11.4	True	6.85	0.04	False	False	False	False	False	False	False	True	
495585	1049	G	D		FBN1_cbEGF11-13_Ca3	1028-1154	11,12,13	21	96.6	67.4	64.8	False	4.06	0.05	False	False	False	False	False	False	False	False	
495568	656	H	R	vus	FBN1_cbEGF5-7_Ca3	572-764	5,6,7	84	66.8	110.7	49.4	False	18.63	1.07	False	False	False	False	False	False	False	False	
495560	547	I	N	vus	FBN1_cbEGF3-5_Ca3	490-612	3,4,5	57	96.4	61.5	31.2	False	6.59	0.04	False	False	False	False	False	False	False	False	
495554	394	V	G		FBN1_cbEGF1-3_Ca3	246-529	1,2,3	135	42.3	53.9	31.0	False	22.8	4.66	False	False	False	False	False	False	False	False	
495643	2335	R	G		FBN1_cbEGF35-37_Ca3	2247-2443	35,36,37	88	95.3	73.9	27.0	False	18.0	0.13	False	False	False	False	False	False	False	False	
495637	2165	V	L	vus	FBN1_cbEGF31-33_Ca3	2013-2205	31,32,33	40	94.0	51.6	29.7	False	7.36	0.05	False	False	False	False	False	False	False	False	
495629	1915	R	C	pathogenic	FBN1_cbEGF27-29_Ca3	1849-1972	27,28,29	57	88.1	180.3	65.8	False	13.73	0.03	False	False	False	False	False	False	False	True	
495626	1881	K	N		FBN1_cbEGF27-29_Ca3	1849-1972	27,28,29	32	95.4	110.5	46.8	False	8.7	0.04	False	False	False	False	False	False	False	False	
495623	1847	C	Y	pathogenic	FBN1_cbEGF25-27_Ca3	1766-1890	25,26,27	43	98.7	3.5	2.1	True	10.7	0.05	False	False	False	False	False	True	True	False	1835
495617	1672	C	G	pathogenic	FBN1_cbEGF23-25_Ca3	1606-1807	23,24,25	66	97.4	0.0	0.0	True	10.78	0.05	False	False	False	False	False	True	True	False	1658
495607	1441	G	R		FBN1_cbEGF19-21_Ca3	1363-1486	19,20,21	45	96.2	17.6	16.9	True	11.64	0.13	False	False	False	False	False	False	False	False	
495598	1226	G	V	vus	FBN1_cbEGF15-17_Ca3	1197-1321	15,16,17	29	98.5	19.5	18.8	True	4.64	0.02	False	False	False	False	False	False	False	False	
495655	2669	G	S	vus	FBN1_cbEGF41-43_Ca3	2567-2687	41,42,43	18	94.2	19.2	18.5	True	2.47	0.01	False	True	True	False	False	False	False	False	
495652	2606	V	I		FBN1_cbEGF41-43_Ca3	2567-2687	41,42,43	39	92.2	67.2	38.6	False	7.34	0.05	False	False	False	False	False	False	False	False	
495651	2595	G	D		FBN1_cbEGF41-43_Ca3	2567-2687	41,42,43	28	96.1	16.0	15.4	True	4.52	0.02	False	False	False	False	False	False	False	False	
495595	1191	D	E	vus	FBN1_cbEGF13-15_Ca3	1113-1237	13,14,15	46	96.5	80.1	41.5	False	12.4	0.06	False	False	False	False	False	False	False	False	
495641	2285	D	V		FBN1_cbEGF35-37_Ca3	2247-2443	35,36,37	38	85.8	89.6	46.4	False	17.88	0.1	False	False	False	False	False	False	False	False	
495635	2029	C	S		FBN1_cbEGF29-31_Ca3	1930-2054	29,30,31	25	96.9	29.6	17.7	True	7.97	0.07	False	False	False	False	False	True	True	False	2017
495573	742	L	P		FBN1_cbEGF5-7_Ca3	572-764	5,6,7	22	96.9	66.4	33.0	False	2.38	0.01	False	True	True	False	False	False	False	False	
495570	681	S	Y		FBN1_cbEGF5-7_Ca3	572-764	5,6,7	83	91.9	0.8	0.5	True	10.65	0.07	False	False	False	False	False	False	False	False	
495616	1729	W	R	vus	FBN1_cbEGF23-25_Ca3	1606-1807	23,24,25	78	98.1	0.7	0.2	True	18.29	0.09	False	False	False	False	False	False	False	False	
495597	1192	R	K		FBN1_cbEGF13-15_Ca3	1113-1237	13,14,15	45	90.6	130.5	47.6	False	11.75	0.04	False	False	False	False	False	False	False	False	
495561	613	D	Y		FBN1_cbEGF5-7_Ca3	572-764	5,6,7	41	98.0	38.4	19.9	True	2.56	0.05	True	False	True	True	False	False	False	False	
495590	1138	C	S	pathogenic	FBN1_cbEGF13-15_Ca3	1113-1237	13,14,15	25	97.9	22.0	13.2	True	10.77	0.09	False	False	False	False	False	True	True	False	1124
495589	1127	G	D		FBN1_cbEGF11-13_Ca3	1028-1154	11,12,13	27	95.8	28.5	27.4	False	15.74	0.03	False	False	False	False	False	False	False	False	
495580	929	T	S	vus	FBN1_cbEGF9-11_Ca3	807-1069	9,10,11	122	97.3	46.6	27.1	False	2.58	0.04	False	True	True	False	False	False	False	False	
495575	796	F	L		FBN1_cbEGF7-9_Ca3	723-846	7,8,9	50	98.7	38.5	16.0	True	6.77	0.03	False	False	False	False	False	False	False	False	
495574	746	Y	C	pathogenic	FBN1_cbEGF7-9_Ca3	723-846	7,8,9	23	98.4	32.1	12.2	True	4.6	0.02	False	False	False	True	True	False	False	True	
495572	711	C	R	pathogenic	FBN1_cbEGF5-7_Ca3	572-764	5,6,7	53	90.5	5.3	3.2	True	13.0	0.06	False	False	False	False	False	True	True	False	
495565	630	N	Y		FBN1_cbEGF5-7_Ca3	572-764	5,6,7	58	97.6	58.3	29.9	False	2.35	0.04	True	False	True	True	False	False	False	False	
495563	617	C	Y	pathogenic	FBN1_cbEGF5-7_Ca3	572-764	5,6,7	45	96.4	42.7	25.6	False	6.44	0.02	False	False	False	False	False	True	True	False	628
495558	544	G	R	pathogenic	FBN1_cbEGF3-5_Ca3	490-612	3,4,5	54	97.9	23.2	22.3	False	13.74	0.05	False	False	False	False	False	False	False	False	
500066	1391	C	F		FBN1_cbEGF19-21_Ca3	1363-1486	19,20,21	28	98.8	31.3	18.7	True	12.02	0.06	False	False	False	False	False	True	True	False	1402
501654	1453	P	L	vus	FBN1_cbEGF19-21_Ca3	1363-1486	19,20,21	33	95.3	108.6	68.3	False	12.98	0.16	False	False	False	False	False	False	False	False	
502437	1839	Y	F		FBN1_cbEGF25-27_Ca3	1766-1890	25,26,27	51	98.7	37.5	14.3	True	6.97	0.04	False	False	False	False	False	False	False	False	
502478	494	C	S	pathogenic	FBN1_cbEGF1-3_Ca3	246-529	1,2,3	35	93.4	24.5	14.7	True	6.3	0.31	False	False	False	False	False	True	True	False	504
504529	2500	C	S	pathogenic	FBN1_cbEGF37-39_Ca3	2402-2523	37,38,39	23	97.5	22.5	13.5	True	7.99	0.04	False	False	False	False	False	True	True	False	2489
505164	1401	T	N		FBN1_cbEGF19-21_Ca3	1363-1486	19,20,21	38	97.2	87.5	50.8	False	13.95	0.04	False	False	False	False	False	False	False	False	
517124	474	C	W		FBN1_cbEGF1-3_Ca3	246-529	1,2,3	55	83.6	5.2	3.1	True	16.74	0.58	False	False	False	False	False	True	True	False	460
519693	2672	C	G	pathogenic	FBN1_cbEGF41-43_Ca3	2567-2687	41,42,43	15	90.2	39.9	23.9	False	10.67	0.05	False	False	False	False	False	True	True	False	2659
519752	2668	G	D		FBN1_cbEGF41-43_Ca3	2567-2687	41,42,43	19	94.9	29.1	28.0	False	4.11	0.01	False	False	False	False	False	False	False	False	
519749	2651	E	Q		FBN1_cbEGF41-43_Ca3	2567-2687	41,42,43	36	94.0	29.8	13.4	True	2.55	0.04	True	False	True	True	False	False	False	False	
520232	2633	C	R	pathogenic	FBN1_cbEGF41-43_Ca3	2567-2687	41,42,43	54	95.9	30.1	18.0	True	11.83	0.09	False	False	False	False	False	True	True	False	2646
519697	2622	C	Y		FBN1_cbEGF41-43_Ca3	2567-2687	41,42,43	55	95.0	39.2	23.5	False	8.16	0.09	False	False	False	False	False	True	True	False	2611
519750	2581	C	F		FBN1_cbEGF39-41_Ca3	2485-2606	39,40,41	25	95.4	32.5	19.5	True	8.43	0.06	False	False	False	False	False	True	True	False	2571
519756	2550	C	S		FBN1_cbEGF39-41_Ca3	2485-2606	39,40,41	56	96.1	17.7	10.6	True	10.94	0.06	False	False	False	False	False	True	True	False	2535
519787	2468	C	Y	pathogenic	FBN1_cbEGF37-39_Ca3	2402-2523	37,38,39	55	98.5	10.8	6.5	True	10.6	0.05	False	False	False	False	False	True	True	False	2455
519765	2466	Y	C	vus	FBN1_cbEGF37-39_Ca3	2402-2523	37,38,39	57	98.1	87.8	33.4	False	4.61	0.03	False	False	False	True	True	False	False	True	
519781	2461	N	S		FBN1_cbEGF37-39_Ca3	2402-2523	37,38,39	59	98.5	52.8	27.1	False	2.3	0.01	True	False	True	True	False	False	False	False	
519771	2347	M	V		FBN1_cbEGF35-37_Ca3	2247-2443	35,36,37	96	91.1	132.6	59.2	False	25.15	0.13	False	False	False	False	False	False	False	False	
519780	2251	C	S	pathogenic	FBN1_cbEGF33-35_Ca3	2166-2290	33,34,35	39	98.4	31.7	19.0	True	6.33	0.02	False	False	False	False	False	True	True	False	2265
519696	2185	I	T		FBN1_cbEGF31-33_Ca3	2013-2205	31,32,33	20	90.3	143.1	72.6	False	4.65	0.02	False	False	False	False	False	False	False	False	
519782	2178	N	K	vus	FBN1_cbEGF31-33_Ca3	2013-2205	31,32,33	27	89.2	59.7	30.6	False	17.71	0.15	False	False	False	False	False	False	False	False	
519735	2169	E	Q		FBN1_cbEGF31-33_Ca3	2013-2205	31,32,33	36	92.1	34.9	15.7	True	2.47	0.03	True	False	True	True	False	False	False	False	
519770	2137	C	S		FBN1_cbEGF31-33_Ca3	2013-2205	31,32,33	68	95.7	13.2	7.9	True	12.14	0.07	False	False	False	False	False	True	True	False	2151
519773	2116	G	E	vus	FBN1_cbEGF31-33_Ca3	2013-2205	31,32,33	89	96.2	4.3	4.1	True	4.71	0.05	False	False	False	False	False	False	False	False	
519736	2062	Y	S	vus	FBN1_cbEGF31-33_Ca3	2013-2205	31,32,33	49	97.2	31.6	12.0	True	18.08	0.09	False	False	False	False	False	False	False	False	
520238	1994	G	A	vus	FBN1_cbEGF29-31_Ca3	1930-2054	29,30,31	60	97.8	19.8	19.0	True	4.09	0.01	False	False	False	False	False	False	False	False	
519772	1989	C	W	pathogenic	FBN1_cbEGF29-31_Ca3	1930-2054	29,30,31	59	97.2	30.9	18.5	True	8.18	0.05	False	False	False	False	False	True	True	False	1977
519792	1984	C	Y	pathogenic	FBN1_cbEGF29-31_Ca3	1930-2054	29,30,31	54	96.3	1.4	0.9	True	11.32	0.03	False	False	False	False	False	True	True	False	1998
519761	1976	E	A	pathogenic	FBN1_cbEGF29-31_Ca3	1930-2054	29,30,31	46	96.3	24.4	10.9	True	2.46	0.0	True	False	True	True	False	False	False	False	
519743	1968	G	R	vus	FBN1_cbEGF29-31_Ca3	1930-2054	29,30,31	38	96.9	26.4	25.4	False	11.69	0.14	False	False	False	False	False	False	False	False	
519734	1959	N	K		FBN1_cbEGF29-31_Ca3	1930-2054	29,30,31	29	97.0	74.3	38.1	False	9.7	0.06	False	False	False	False	False	False	False	False	
519797	1900	C	S		FBN1_cbEGF27-29_Ca3	1849-1972	27,28,29	51	98.0	0.6	0.3	True	10.81	0.02	False	False	False	False	False	True	True	False	1914
519722	1879	G	R		FBN1_cbEGF27-29_Ca3	1849-1972	27,28,29	30	98.2	10.9	10.5	True	4.63	0.02	False	False	False	False	False	False	False	False	
519783	1840	R	C	pathogenic	FBN1_cbEGF25-27_Ca3	1766-1890	25,26,27	50	89.3	110.1	40.2	False	8.77	0.12	False	False	False	False	False	False	False	True	
519757	1782	C	Y	pathogenic	FBN1_cbEGF23-25_Ca3	1606-1807	23,24,25	25	98.6	36.9	22.1	False	8.19	0.02	False	False	False	False	False	True	True	False	1770
519774	1684	G	R		FBN1_cbEGF23-25_Ca3	1606-1807	23,24,25	78	95.5	7.9	7.6	True	11.39	0.04	False	False	False	False	False	False	False	False	
519715	1644	R	Q		FBN1_cbEGF23-25_Ca3	1606-1807	23,24,25	38	95.2	54.5	19.9	True	12.02	0.18	False	False	False	False	False	False	False	False	
519692	1530	R	P	pathogenic	FBN1_cbEGF21-23_Ca3	1446-1647	21,22,23	84	97.6	80.3	29.3	False	18.19	0.06	False	False	False	False	False	False	False	False	
519764	1508	S	I		FBN1_cbEGF21-23_Ca3	1446-1647	21,22,23	62	96.5	51.5	33.3	False	2.53	0.03	False	True	True	False	False	False	False	False	
519730	1507	G	V	pathogenic	FBN1_cbEGF21-23_Ca3	1446-1647	21,22,23	61	97.5	20.9	20.1	False	4.01	0.02	False	False	False	False	False	False	False	False	
519707	1415	C	R	pathogenic	FBN1_cbEGF19-21_Ca3	1363-1486	19,20,21	52	98.0	2.7	1.6	True	11.59	0.08	False	False	False	False	False	True	True	False	1429
519799	1402	C	Y	pathogenic	FBN1_cbEGF19-21_Ca3	1363-1486	19,20,21	39	98.8	13.3	7.9	True	10.5	0.05	False	False	False	False	False	True	True	False	1391
519726	1361	C	Y	pathogenic	FBN1_cbEGF17-19_Ca3	1280-1403	17,18,19	42	98.8	17.1	10.2	True	10.67	0.05	False	False	False	False	False	True	True	False	1350
519762	1359	I	V		FBN1_cbEGF17-19_Ca3	1280-1403	17,18,19	44	96.4	92.2	46.8	False	15.33	0.16	False	False	False	False	False	False	False	False	
519794	1262	R	S	vus	FBN1_cbEGF15-17_Ca3	1197-1321	15,16,17	59	85.1	111.0	40.5	False	7.42	0.04	False	False	False	False	False	False	False	False	
519795	1243	E	G		FBN1_cbEGF15-17_Ca3	1197-1321	15,16,17	46	91.2	135.6	60.8	False	8.33	0.03	False	False	False	False	False	False	False	False	
519748	1208	C	F	pathogenic	FBN1_cbEGF13-15_Ca3	1113-1237	13,14,15	29	98.9	9.5	5.7	True	10.98	0.01	False	False	False	False	False	True	True	False	1221
519721	1126	G	S	vus	FBN1_cbEGF11-13_Ca3	1028-1154	11,12,13	28	94.0	55.9	53.8	False	18.21	0.06	False	False	False	False	False	False	False	False	
519740	1042	G	D	pathogenic	FBN1_cbEGF9-11_Ca3	807-1069	9,10,11	27	96.1	20.7	19.9	True	15.53	0.08	False	False	False	False	False	False	False	False	
519571	1042	G	S	pathogenic	FBN1_cbEGF9-11_Ca3	807-1069	9,10,11	27	96.1	20.7	19.9	True	15.53	0.08	False	False	False	False	False	False	False	False	
519704	977	M	V	vus	FBN1_cbEGF9-11_Ca3	807-1069	9,10,11	92	91.2	32.3	14.4	True	14.2	0.07	False	False	False	False	False	False	False	False	
519785	966	E	D	vus	FBN1_cbEGF9-11_Ca3	807-1069	9,10,11	103	86.6	117.0	52.4	False	24.46	0.12	False	False	False	False	False	False	False	False	
519754	925	L	V		FBN1_cbEGF9-11_Ca3	807-1069	9,10,11	118	92.2	119.4	59.4	False	12.34	0.03	False	False	False	False	False	False	False	False	
520236	914	C	G		FBN1_cbEGF9-11_Ca3	807-1069	9,10,11	107	97.1	29.4	17.6	True	6.5	0.04	False	False	False	False	False	True	True	False	926
519733	908	C	Y	pathogenic	FBN1_cbEGF9-11_Ca3	807-1069	9,10,11	101	97.2	55.2	33.1	False	10.57	0.02	False	False	False	False	False	True	True	False	896
519713	877	S	F	vus	FBN1_cbEGF9-11_Ca3	807-1069	9,10,11	70	93.9	5.3	3.4	True	8.54	0.05	False	False	False	False	False	False	False	False	
519804	867	N	S		FBN1_cbEGF9-11_Ca3	807-1069	9,10,11	60	95.3	33.9	17.4	True	14.19	0.07	False	False	False	False	False	False	False	False	
519723	821	C	W		FBN1_cbEGF7-9_Ca3	723-846	7,8,9	25	98.6	30.9	18.5	True	8.08	0.07	False	False	False	False	False	True	True	False	811
519759	770	V	I		FBN1_cbEGF7-9_Ca3	723-846	7,8,9	47	95.3	116.8	67.1	False	8.46	0.06	False	False	False	False	False	False	False	False	
519758	763	C	R	pathogenic	FBN1_cbEGF7-9_Ca3	723-846	7,8,9	40	98.8	18.5	11.1	True	10.54	0.03	False	False	False	False	False	True	True	False	750
519800	753	G	V		FBN1_cbEGF7-9_Ca3	723-846	7,8,9	30	98.6	17.5	16.8	True	4.64	0.03	False	False	False	False	False	False	False	False	
519803	705	A	V	vus	FBN1_cbEGF5-7_Ca3	572-764	5,6,7	59	81.5	67.3	52.2	False	21.37	0.11	False	False	False	False	False	False	False	False	
519796	692	F	Y		FBN1_cbEGF5-7_Ca3	572-764	5,6,7	72	95.2	13.6	5.7	True	16.62	0.09	False	False	False	False	False	False	False	False	
519705	684	C	R	pathogenic	FBN1_cbEGF5-7_Ca3	572-764	5,6,7	80	96.0	0.6	0.3	True	12.13	0.06	False	False	False	False	False	True	True	False	
519731	644	A	P		FBN1_cbEGF5-7_Ca3	572-764	5,6,7	72	81.2	38.8	30.1	False	20.0	0.23	False	False	False	False	False	False	False	False	
519778	547	I	V		FBN1_cbEGF3-5_Ca3	490-612	3,4,5	57	96.4	61.5	31.2	False	6.59	0.04	False	False	False	False	False	False	False	False	
519712	439	R	Q		FBN1_cbEGF1-3_Ca3	246-529	1,2,3	90	29.0	227.4	83.0	False	42.91	16.55	False	False	False	False	False	False	False	False	
519753	373	A	T		FBN1_cbEGF1-3_Ca3	246-529	1,2,3	127	91.8	85.1	66.0	False	27.01	3.06	False	False	False	False	False	False	False	False	
519711	344	R	P		FBN1_cbEGF1-3_Ca3	246-529	1,2,3	98	72.5	191.8	70.0	False	34.91	7.85	False	False	False	False	False	False	False	False	
519791	288	D	G	vus	FBN1_cbEGF1-3_Ca3	246-529	1,2,3	42	95.4	43.2	22.4	False	2.71	0.08	True	False	True	True	False	False	False	False	
519802	261	N	S		FBN1_cbEGF1-3_Ca3	246-529	1,2,3	15	89.2	90.4	46.4	False	12.56	0.16	False	False	False	False	False	False	False	False	
520499	1876	C	R	pathogenic	FBN1_cbEGF27-29_Ca3	1849-1972	27,28,29	27	98.8	35.1	21.0	False	11.79	0.04	False	False	False	False	False	True	True	False	1889
520497	1672	C	W		FBN1_cbEGF23-25_Ca3	1606-1807	23,24,25	66	97.4	0.0	0.0	True	10.78	0.05	False	False	False	False	False	True	True	False	1658
520495	965	E	Q	vus	FBN1_cbEGF9-11_Ca3	807-1069	9,10,11	104	85.9	151.2	67.8	False	27.45	0.12	False	False	False	False	False	False	False	False	
520494	899	G	E		FBN1_cbEGF9-11_Ca3	807-1069	9,10,11	92	97.3	2.2	2.1	True	4.57	0.04	False	False	False	False	False	False	False	False	
520498	739	C	Y	pathogenic	FBN1_cbEGF5-7_Ca3	572-764	5,6,7	25	97.7	26.0	15.6	True	7.82	0.05	False	False	False	False	False	True	True	False	727
520493	635	Y	C	pathogenic	FBN1_cbEGF5-7_Ca3	572-764	5,6,7	63	94.1	47.6	18.1	True	4.61	0.01	False	False	False	True	True	False	False	True	
521729	2000	C	Y	pathogenic	FBN1_cbEGF29-31_Ca3	1930-2054	29,30,31	54	98.3	35.1	21.0	False	12.03	0.04	False	False	False	False	False	True	True	False	2011
521833	1353	G	R		FBN1_cbEGF17-19_Ca3	1280-1403	17,18,19	50	98.7	17.5	16.8	True	4.57	0.04	False	False	False	False	False	False	False	False	
523335	2610	E	G		FBN1_cbEGF41-43_Ca3	2567-2687	41,42,43	43	95.6	18.3	8.2	True	2.42	0.05	True	False	True	True	False	False	False	False	
523334	1463	N	S		FBN1_cbEGF19-21_Ca3	1363-1486	19,20,21	23	98.4	63.2	32.4	False	2.32	0.03	True	False	True	True	False	False	False	False	
527153	2680	R	H		FBN1_cbEGF41-43_Ca3	2567-2687	41,42,43	7	73.9	90.4	33.0	False	13.06	0.45	False	False	False	False	False	False	False	False	
527191	2547	S	R		FBN1_cbEGF39-41_Ca3	2485-2606	39,40,41	59	95.6	53.3	34.4	False	2.6	0.04	False	True	True	False	False	False	False	False	
527160	2511	C	Y	pathogenic	FBN1_cbEGF39-41_Ca3	2485-2606	39,40,41	26	96.7	31.2	18.7	True	11.77	0.05	False	False	False	False	False	True	True	False	2522
527188	2378	C	W		FBN1_cbEGF35-37_Ca3	2247-2443	35,36,37	65	98.0	7.0	4.2	True	16.2	0.11	False	False	False	False	False	True	True	False	
527199	1931	V	I	vus	FBN1_cbEGF27-29_Ca3	1849-1972	27,28,29	41	97.6	32.5	18.7	True	2.29	0.02	False	True	True	False	False	False	False	False	
527208	1912	F	L		FBN1_cbEGF27-29_Ca3	1849-1972	27,28,29	60	97.7	27.0	11.3	True	4.72	0.02	False	False	False	True	True	False	False	False	
527178	1766	D	H		FBN1_cbEGF23-25_Ca3	1606-1807	23,24,25	41	98.5	42.5	22.0	False	2.63	0.04	True	False	True	True	False	False	False	False	
527159	1367	C	S		FBN1_cbEGF17-19_Ca3	1280-1403	17,18,19	36	98.7	33.0	19.7	True	6.33	0.01	False	False	False	False	False	True	True	False	1380
527181	1344	G	E	pathogenic	FBN1_cbEGF17-19_Ca3	1280-1403	17,18,19	59	98.4	23.5	22.6	False	4.1	0.03	False	False	False	False	False	False	False	False	
527155	2454	P	L		FBN1_cbEGF37-39_Ca3	2402-2523	37,38,39	52	97.5	25.8	16.2	True	9.16	0.04	False	False	False	False	False	False	False	False	
527143	1188	S	L	vus	FBN1_cbEGF13-15_Ca3	1113-1237	13,14,15	49	96.5	43.5	28.0	False	12.16	0.06	False	False	False	False	False	False	False	False	
527165	2320	D	G	vus	FBN1_cbEGF35-37_Ca3	2247-2443	35,36,37	73	90.0	143.0	74.1	False	23.0	0.07	False	False	False	False	False	False	False	False	
527149	2152	E	K	vus	FBN1_cbEGF31-33_Ca3	2013-2205	31,32,33	53	92.3	76.0	34.1	False	13.33	0.09	False	False	False	False	False	False	False	False	
527180	1871	S	R	vus	FBN1_cbEGF27-29_Ca3	1849-1972	27,28,29	22	96.2	50.5	32.6	False	2.46	0.03	False	True	True	False	False	False	False	False	
527203	1806	C	F	pathogenic	FBN1_cbEGF25-27_Ca3	1766-1890	25,26,27	40	98.8	0.1	0.0	True	10.69	0.03	False	False	False	False	False	True	True	False	1793
527168	1504	N	Y		FBN1_cbEGF21-23_Ca3	1446-1647	21,22,23	58	98.2	57.4	29.5	False	2.31	0.01	True	False	True	True	False	False	False	False	
527144	1448	D	N		FBN1_cbEGF19-21_Ca3	1363-1486	19,20,21	38	97.9	65.1	33.8	False	4.48	0.02	False	False	False	True	True	False	False	False	
527187	993	C	R		FBN1_cbEGF9-11_Ca3	807-1069	9,10,11	76	92.1	41.9	25.1	False	22.66	0.52	False	False	False	False	False	True	True	False	
527217	781	C	Y	pathogenic	FBN1_cbEGF7-9_Ca3	723-846	7,8,9	58	98.2	35.4	21.2	False	8.33	0.04	False	False	False	False	False	True	True	False	769
527207	644	A	S		FBN1_cbEGF5-7_Ca3	572-764	5,6,7	72	81.2	38.8	30.1	False	20.0	0.23	False	False	False	False	False	False	False	False	
527206	639	C	R		FBN1_cbEGF5-7_Ca3	572-764	5,6,7	67	84.8	34.8	20.9	False	16.73	0.05	False	False	False	False	False	True	True	False	652
527179	393	M	V		FBN1_cbEGF1-3_Ca3	246-529	1,2,3	136	45.2	100.8	45.0	False	25.9	4.52	False	False	False	False	False	False	False	False	
527175	265	T	S	vus	FBN1_cbEGF1-3_Ca3	246-529	1,2,3	19	92.7	52.4	30.5	False	2.65	0.24	False	True	True	False	False	False	False	False	
527193	2433	Y	C		FBN1_cbEGF37-39_Ca3	2402-2523	37,38,39	31	98.6	27.3	10.4	True	6.55	0.04	False	False	False	False	False	False	False	True	
527182	2222	V	L		FBN1_cbEGF33-35_Ca3	2166-2290	33,34,35	56	97.7	53.1	30.5	False	6.59	0.02	False	False	False	False	False	False	False	False	
527145	2053	C	Y		FBN1_cbEGF31-33_Ca3	2013-2205	31,32,33	40	93.7	0.1	0.0	True	16.68	0.11	False	False	False	False	False	True	True	False	2040
527152	1977	C	Y	pathogenic	FBN1_cbEGF29-31_Ca3	1930-2054	29,30,31	47	97.1	21.0	12.6	True	6.37	0.01	False	False	False	False	False	True	True	False	1989
527205	1487	D	G	pathogenic	FBN1_cbEGF21-23_Ca3	1446-1647	21,22,23	41	97.9	46.2	24.0	False	2.6	0.03	True	False	True	True	False	False	False	False	
527200	1348	C	W		FBN1_cbEGF17-19_Ca3	1280-1403	17,18,19	55	98.9	24.8	14.9	True	10.77	0.06	False	False	False	False	False	True	True	False	1333
527204	1204	M	V		FBN1_cbEGF13-15_Ca3	1113-1237	13,14,15	33	94.0	168.4	75.2	False	12.93	0.16	False	False	False	False	False	False	False	False	
527151	996	C	R		FBN1_cbEGF9-11_Ca3	807-1069	9,10,11	73	97.8	11.2	6.7	True	16.1	0.09	False	False	False	False	False	True	True	False	
527216	926	C	Y	pathogenic	FBN1_cbEGF9-11_Ca3	807-1069	9,10,11	119	97.4	30.5	18.3	True	8.24	0.06	False	False	False	False	False	True	True	False	914
527166	918	P	S	vus	FBN1_cbEGF9-11_Ca3	807-1069	9,10,11	111	90.8	97.8	61.5	False	12.37	0.08	False	False	False	False	False	False	False	False	
527201	884	G	E	pathogenic	FBN1_cbEGF9-11_Ca3	807-1069	9,10,11	77	97.2	6.2	5.9	True	20.65	0.06	False	False	False	False	False	False	False	False	
527194	2652	C	R		FBN1_cbEGF41-43_Ca3	2567-2687	41,42,43	35	92.6	39.9	23.9	False	6.38	0.01	False	False	False	False	False	True	True	False	2663
527210	2455	C	W		FBN1_cbEGF37-39_Ca3	2402-2523	37,38,39	53	98.3	8.2	4.9	True	10.76	0.02	False	False	False	False	False	True	True	False	2468
527154	2204	C	R	pathogenic	FBN1_cbEGF33-35_Ca3	2166-2290	33,34,35	38	97.4	8.7	5.2	True	10.62	0.04	False	False	False	False	False	True	True	False	2192
527197	1814	N	S		FBN1_cbEGF25-27_Ca3	1766-1890	25,26,27	48	84.0	105.4	54.0	False	8.42	0.63	False	False	False	False	False	False	False	False	
527218	1658	C	Y		FBN1_cbEGF23-25_Ca3	1606-1807	23,24,25	52	92.5	2.9	1.7	True	11.09	0.02	False	False	False	False	False	True	True	False	1672
527147	1592	G	E	vus	FBN1_cbEGF21-23_Ca3	1446-1647	21,22,23	55	98.3	24.9	23.9	False	10.14	0.04	False	False	False	False	False	False	False	False	
527189	1285	D	N		FBN1_cbEGF15-17_Ca3	1197-1321	15,16,17	36	95.0	106.4	55.1	False	8.26	0.03	False	False	False	False	False	False	False	False	
527185	1072	D	N	vus	FBN1_cbEGF11-13_Ca3	1028-1154	11,12,13	44	98.0	53.8	27.9	False	4.38	0.01	False	False	False	True	True	False	False	False	
527173	979	A	S		FBN1_cbEGF9-11_Ca3	807-1069	9,10,11	90	94.7	19.8	15.4	True	9.55	0.06	False	False	False	False	False	False	False	False	
527163	753	G	E		FBN1_cbEGF7-9_Ca3	723-846	7,8,9	30	98.6	17.5	16.8	True	4.64	0.03	False	False	False	False	False	False	False	False	
527209	535	L	I		FBN1_cbEGF3-5_Ca3	490-612	3,4,5	45	93.6	141.1	70.2	False	8.42	0.03	False	False	False	False	False	False	False	False	
527148	532	D	G	vus	FBN1_cbEGF3-5_Ca3	490-612	3,4,5	42	97.3	50.2	26.0	False	4.3	0.01	False	False	False	True	True	False	False	False	
546101	1152	A	V	vus	FBN1_cbEGF13-15_Ca3	1113-1237	13,14,15	39	97.6	3.9	3.0	True	13.46	0.11	False	False	False	False	False	False	False	False	
546316	1099	E	D		FBN1_cbEGF11-13_Ca3	1028-1154	11,12,13	55	91.7	168.8	75.7	False	7.86	0.05	False	False	False	False	False	False	False	False	
546242	913	E	K	pathogenic	FBN1_cbEGF9-11_Ca3	807-1069	9,10,11	106	96.7	4.3	1.9	True	2.54	0.02	True	False	True	True	False	False	False	False	
547346	2500	C	R	pathogenic	FBN1_cbEGF37-39_Ca3	2402-2523	37,38,39	23	97.5	22.5	13.5	True	7.99	0.04	False	False	False	False	False	True	True	False	2489
547344	2401	A	S		FBN1_cbEGF35-37_Ca3	2247-2443	35,36,37	42	96.6	41.8	32.4	False	7.42	0.04	False	False	False	False	False	False	False	False	
547343	2339	C	R	pathogenic	FBN1_cbEGF35-37_Ca3	2247-2443	35,36,37	92	97.2	0.7	0.4	True	13.36	0.07	False	False	False	False	False	True	True	False	
547340	2164	C	Y	pathogenic	FBN1_cbEGF31-33_Ca3	2013-2205	31,32,33	41	97.1	2.6	1.6	True	10.67	0.02	False	False	False	False	False	True	True	False	2153
547339	2107	F	C	vus	FBN1_cbEGF31-33_Ca3	2013-2205	31,32,33	94	93.5	13.1	5.5	True	14.03	0.22	False	False	False	False	False	False	False	True	
547338	2085	C	Y	pathogenic	FBN1_cbEGF31-33_Ca3	2013-2205	31,32,33	72	96.4	4.0	2.4	True	9.41	0.17	False	False	False	False	False	True	True	False	2111
547333	1930	D	N	pathogenic	FBN1_cbEGF27-29_Ca3	1849-1972	27,28,29	42	98.2	41.9	21.7	False	2.6	0.02	True	False	True	True	False	False	False	False	
547332	1914	C	F		FBN1_cbEGF27-29_Ca3	1849-1972	27,28,29	58	98.4	19.0	11.4	True	10.77	0.04	False	False	False	False	False	True	True	False	1900
547331	1806	C	R	pathogenic	FBN1_cbEGF25-27_Ca3	1766-1890	25,26,27	40	98.8	0.1	0.0	True	10.69	0.03	False	False	False	False	False	True	True	False	1793
547326	1674	C	Y	pathogenic	FBN1_cbEGF23-25_Ca3	1606-1807	23,24,25	68	97.3	31.2	18.7	True	16.71	0.09	False	False	False	False	False	True	True	False	1687
547325	1663	C	F	pathogenic	FBN1_cbEGF23-25_Ca3	1606-1807	23,24,25	57	97.9	31.0	18.6	True	7.88	0.03	False	False	False	False	False	True	True	False	1652
547322	1513	C	Y	pathogenic	FBN1_cbEGF21-23_Ca3	1446-1647	21,22,23	67	98.7	38.3	22.9	False	16.65	0.06	False	False	False	False	False	True	True	False	1526
547321	1497	C	Y	pathogenic	FBN1_cbEGF21-23_Ca3	1446-1647	21,22,23	51	97.9	6.1	3.6	True	11.76	0.1	False	False	False	False	False	True	True	False	1511
547319	1388	R	H		FBN1_cbEGF19-21_Ca3	1363-1486	19,20,21	25	86.7	129.5	47.3	False	7.26	0.04	False	False	False	False	False	False	False	False	
547318	1382	N	I		FBN1_cbEGF17-19_Ca3	1280-1403	17,18,19	21	98.7	59.1	30.3	False	2.28	0.02	True	False	True	True	False	False	False	False	
547313	1235	S	P		FBN1_cbEGF15-17_Ca3	1197-1321	15,16,17	38	97.7	37.3	24.1	False	14.03	0.02	False	False	False	False	False	False	False	False	
547312	1206	G	D		FBN1_cbEGF13-15_Ca3	1113-1237	13,14,15	31	98.5	11.4	11.0	True	9.49	0.04	False	False	False	False	False	False	False	False	
547310	1173	N	T	pathogenic	FBN1_cbEGF13-15_Ca3	1113-1237	13,14,15	60	98.3	53.5	27.5	False	2.31	0.01	True	False	True	True	False	False	False	False	
547309	1159	C	Y	pathogenic	FBN1_cbEGF13-15_Ca3	1113-1237	13,14,15	46	98.1	34.0	20.4	False	6.4	0.03	False	False	False	False	False	True	True	False	1171
547308	1137	R	H		FBN1_cbEGF13-15_Ca3	1113-1237	13,14,15	24	89.2	129.0	47.1	False	7.34	0.05	False	False	False	False	False	False	False	False	
547307	1053	C	G	pathogenic	FBN1_cbEGF11-13_Ca3	1028-1154	11,12,13	25	97.2	13.9	8.3	True	10.74	0.08	False	False	False	False	False	True	True	False	1039
547304	795	G	V	vus	FBN1_cbEGF7-9_Ca3	723-846	7,8,9	51	98.8	15.4	14.8	True	4.69	0.07	False	False	False	False	False	False	False	False	
547302	697	Q	H		FBN1_cbEGF5-7_Ca3	572-764	5,6,7	67	86.5	108.5	48.2	False	20.59	0.07	False	False	False	False	False	False	False	False	
547301	684	C	F	pathogenic	FBN1_cbEGF5-7_Ca3	572-764	5,6,7	80	96.0	0.6	0.3	True	12.13	0.06	False	False	False	False	False	True	True	False	
547300	576	C	S		FBN1_cbEGF3-5_Ca3	490-612	3,4,5	36	98.4	37.8	22.7	False	6.3	0.02	False	False	False	False	False	True	True	False	587
547298	305	T	A		FBN1_cbEGF1-3_Ca3	246-529	1,2,3	59	93.4	72.0	41.8	False	6.66	0.04	False	False	False	False	False	False	False	False	
549452	2685	H	R	vus	FBN1_cbEGF41-43_Ca3	2567-2687	41,42,43	2	71.3	123.0	54.9	False	17.67	1.11	False	False	False	False	False	False	False	False	
549450	2672	C	S		FBN1_cbEGF41-43_Ca3	2567-2687	41,42,43	15	90.2	39.9	23.9	False	10.67	0.05	False	False	False	False	False	True	True	False	2659
549449	2672	C	Y		FBN1_cbEGF41-43_Ca3	2567-2687	41,42,43	15	90.2	39.9	23.9	False	10.67	0.05	False	False	False	False	False	True	True	False	2659
549448	2661	Y	C	pathogenic	FBN1_cbEGF41-43_Ca3	2567-2687	41,42,43	26	84.2	122.6	46.6	False	15.81	0.15	False	False	False	False	False	False	False	True	
549447	2659	C	G		FBN1_cbEGF41-43_Ca3	2567-2687	41,42,43	28	89.8	19.6	11.7	True	10.79	0.12	False	False	False	False	False	True	True	False	2672
549445	2658	P	A		FBN1_cbEGF41-43_Ca3	2567-2687	41,42,43	29	87.2	52.3	32.9	False	9.31	0.09	False	False	False	False	False	False	False	False	
549444	2646	C	R		FBN1_cbEGF41-43_Ca3	2567-2687	41,42,43	41	93.8	36.3	21.8	False	10.54	0.07	False	False	False	False	False	True	True	False	2633
549440	2635	A	T	benign	FBN1_cbEGF41-43_Ca3	2567-2687	41,42,43	52	95.9	97.0	75.2	False	7.71	0.07	False	False	False	False	False	False	False	False	
549439	2631	C	F	pathogenic	FBN1_cbEGF41-43_Ca3	2567-2687	41,42,43	56	93.8	29.0	17.4	True	10.74	0.07	False	False	False	False	False	True	True	False	2617
549438	2627	G	V		FBN1_cbEGF41-43_Ca3	2567-2687	41,42,43	60	95.7	22.7	21.8	False	4.06	0.01	False	False	False	False	False	False	False	False	
549437	2624	N	S	pathogenic	FBN1_cbEGF41-43_Ca3	2567-2687	41,42,43	57	96.8	63.8	32.7	False	2.32	0.01	True	False	True	True	False	False	False	False	
549436	2622	C	R	pathogenic	FBN1_cbEGF41-43_Ca3	2567-2687	41,42,43	55	95.0	39.2	23.5	False	8.16	0.09	False	False	False	False	False	True	True	False	2611
549435	2622	C	S		FBN1_cbEGF41-43_Ca3	2567-2687	41,42,43	55	95.0	39.2	23.5	False	8.16	0.09	False	False	False	False	False	True	True	False	2611
549434	2617	C	Y		FBN1_cbEGF41-43_Ca3	2567-2687	41,42,43	50	91.4	2.9	1.7	True	10.79	0.13	False	False	False	False	False	True	True	False	2631
549433	2610	E	V		FBN1_cbEGF41-43_Ca3	2567-2687	41,42,43	43	95.6	18.3	8.2	True	2.42	0.05	True	False	True	True	False	False	False	False	
549426	2581	C	Y		FBN1_cbEGF39-41_Ca3	2485-2606	39,40,41	25	95.4	32.5	19.5	True	8.43	0.06	False	False	False	False	False	True	True	False	2571
549423	2571	C	F		FBN1_cbEGF39-41_Ca3	2485-2606	39,40,41	35	95.9	26.0	15.6	True	6.43	0.03	False	False	False	False	False	True	True	False	2581
549422	2571	C	Y	pathogenic	FBN1_cbEGF39-41_Ca3	2485-2606	39,40,41	35	95.9	26.0	15.6	True	6.43	0.03	False	False	False	False	False	True	True	False	2581
549418	2535	C	R		FBN1_cbEGF39-41_Ca3	2485-2606	39,40,41	50	94.6	0.0	0.0	True	11.42	0.07	False	False	False	False	False	True	True	False	2550
549414	2496	C	F		FBN1_cbEGF37-39_Ca3	2402-2523	37,38,39	27	96.1	15.2	9.1	True	10.85	0.04	False	False	False	False	False	True	True	False	2509
549413	2496	C	S		FBN1_cbEGF37-39_Ca3	2402-2523	37,38,39	27	96.1	15.2	9.1	True	10.85	0.04	False	False	False	False	False	True	True	False	2509
549412	2489	C	G		FBN1_cbEGF37-39_Ca3	2402-2523	37,38,39	34	98.1	29.3	17.6	True	6.3	0.02	False	False	False	False	False	True	True	False	2500
549411	2483	C	S		FBN1_cbEGF37-39_Ca3	2402-2523	37,38,39	40	98.6	20.5	12.3	True	10.87	0.04	False	False	False	False	False	True	True	False	2470
549410	2483	C	R	pathogenic	FBN1_cbEGF37-39_Ca3	2402-2523	37,38,39	40	98.6	20.5	12.3	True	10.87	0.04	False	False	False	False	False	True	True	False	2470
549408	2470	C	W	pathogenic	FBN1_cbEGF37-39_Ca3	2402-2523	37,38,39	53	98.7	25.3	15.2	True	11.6	0.04	False	False	False	False	False	True	True	False	2483
549407	2470	C	Y		FBN1_cbEGF37-39_Ca3	2402-2523	37,38,39	53	98.7	25.3	15.2	True	11.6	0.04	False	False	False	False	False	True	True	False	2483
549406	2470	C	R	pathogenic	FBN1_cbEGF37-39_Ca3	2402-2523	37,38,39	53	98.7	25.3	15.2	True	11.6	0.04	False	False	False	False	False	True	True	False	2483
549401	2444	D	Y		FBN1_cbEGF37-39_Ca3	2402-2523	37,38,39	42	98.5	38.5	20.0	True	2.56	0.03	True	False	True	True	False	False	False	False	
549400	2442	C	S	pathogenic	FBN1_cbEGF37-39_Ca3	2402-2523	37,38,39	40	98.7	16.5	9.9	True	10.6	0.02	False	False	False	False	False	True	True	False	2429
549398	2418	C	R		FBN1_cbEGF35-37_Ca3	2247-2443	35,36,37	25	95.4	30.1	18.0	True	7.92	0.02	False	False	False	False	False	True	True	False	2406
549397	2416	G	V		FBN1_cbEGF35-37_Ca3	2247-2443	35,36,37	27	95.2	19.9	19.2	True	15.43	0.08	False	False	False	False	False	False	False	False	
549396	2403	I	N		FBN1_cbEGF35-37_Ca3	2247-2443	35,36,37	40	97.4	0.0	0.0	True	2.38	0.02	False	True	True	False	False	False	False	False	
549386	2348	C	R		FBN1_cbEGF35-37_Ca3	2247-2443	35,36,37	95	97.9	25.5	15.3	True	21.95	0.09	False	False	False	False	False	True	True	False	
549381	2318	C	R	pathogenic	FBN1_cbEGF35-37_Ca3	2247-2443	35,36,37	71	97.7	36.8	22.0	False	16.66	0.05	False	False	False	False	False	True	True	False	2331
549379	2316	C	F		FBN1_cbEGF35-37_Ca3	2247-2443	35,36,37	69	97.9	5.6	3.3	True	10.85	0.04	False	False	False	False	False	True	True	False	2302
549378	2316	C	Y	pathogenic	FBN1_cbEGF35-37_Ca3	2247-2443	35,36,37	69	97.9	5.6	3.3	True	10.85	0.04	False	False	False	False	False	True	True	False	2302
549374	2295	C	G		FBN1_cbEGF35-37_Ca3	2247-2443	35,36,37	48	97.9	38.1	22.8	False	6.46	0.05	False	False	False	False	False	True	True	False	2307
549373	2294	E	A		FBN1_cbEGF35-37_Ca3	2247-2443	35,36,37	47	97.1	4.5	2.0	True	2.49	0.03	True	False	True	True	False	False	False	False	
549371	2282	R	W		FBN1_cbEGF35-37_Ca3	2247-2443	35,36,37	35	84.1	116.1	42.4	False	11.76	0.08	False	False	False	False	False	False	False	False	
549370	2267	N	K		FBN1_cbEGF33-35_Ca3	2166-2290	33,34,35	23	98.0	51.7	26.5	False	2.27	0.03	True	False	True	True	False	False	False	False	
549360	2230	C	R	pathogenic	FBN1_cbEGF33-35_Ca3	2166-2290	33,34,35	60	98.0	3.5	2.1	True	10.71	0.04	False	False	False	False	False	True	True	False	2217
549358	2223	N	H		FBN1_cbEGF33-35_Ca3	2166-2290	33,34,35	57	97.9	54.1	27.8	False	2.33	0.02	True	False	True	True	False	False	False	False	
549357	2220	R	Q	vus	FBN1_cbEGF33-35_Ca3	2166-2290	33,34,35	54	88.1	148.8	54.3	False	12.63	0.02	False	False	False	False	False	False	False	False	
549354	2210	C	S		FBN1_cbEGF33-35_Ca3	2166-2290	33,34,35	44	97.9	24.4	14.6	True	6.41	0.04	False	False	False	False	False	True	True	False	2221
549353	2204	C	F		FBN1_cbEGF33-35_Ca3	2166-2290	33,34,35	38	97.4	8.7	5.2	True	10.62	0.04	False	False	False	False	False	True	True	False	2192
549350	2185	I	S		FBN1_cbEGF31-33_Ca3	2013-2205	31,32,33	20	90.3	143.1	72.6	False	4.65	0.02	False	False	False	False	False	False	False	False	
549345	2154	P	R		FBN1_cbEGF31-33_Ca3	2013-2205	31,32,33	51	96.0	63.4	39.9	False	9.79	0.08	False	False	False	False	False	False	False	False	
549344	2142	C	S		FBN1_cbEGF31-33_Ca3	2013-2205	31,32,33	63	97.5	35.3	21.1	False	8.22	0.03	False	False	False	False	False	True	True	False	2131
549341	2127	D	N		FBN1_cbEGF31-33_Ca3	2013-2205	31,32,33	78	97.0	43.6	22.6	False	2.59	0.03	True	False	True	True	False	False	False	False	
549340	2111	C	R	pathogenic	FBN1_cbEGF31-33_Ca3	2013-2205	31,32,33	94	94.7	3.6	2.1	True	13.71	0.19	False	False	False	False	False	True	True	False	2085
549339	2108	R	C	pathogenic	FBN1_cbEGF31-33_Ca3	2013-2205	31,32,33	95	79.5	110.7	40.4	False	18.25	0.17	False	False	False	False	False	False	False	True	
549337	2085	C	S		FBN1_cbEGF31-33_Ca3	2013-2205	31,32,33	72	96.4	4.0	2.4	True	9.41	0.17	False	False	False	False	False	True	True	False	2111
549336	2084	C	Y		FBN1_cbEGF31-33_Ca3	2013-2205	31,32,33	71	97.0	11.9	7.1	True	12.96	0.13	False	False	False	False	False	True	True	False	2099
549335	2079	S	C		FBN1_cbEGF31-33_Ca3	2013-2205	31,32,33	66	95.8	9.6	6.2	True	14.25	0.05	False	False	False	False	False	False	False	True	
549333	2061	C	R	pathogenic	FBN1_cbEGF31-33_Ca3	2013-2205	31,32,33	48	97.7	0.3	0.2	True	15.01	0.07	False	False	False	False	False	True	True	False	2083
549330	2029	C	W		FBN1_cbEGF29-31_Ca3	1930-2054	29,30,31	25	96.9	29.6	17.7	True	7.97	0.07	False	False	False	False	False	True	True	False	2017
549328	2015	D	V	vus	FBN1_cbEGF29-31_Ca3	1930-2054	29,30,31	39	97.8	52.1	27.0	False	4.37	0.02	False	False	False	True	True	False	False	False	
549325	2013	D	H		FBN1_cbEGF29-31_Ca3	1930-2054	29,30,31	41	97.8	37.0	19.2	True	2.62	0.02	True	False	True	True	False	False	False	False	
549323	1998	C	W		FBN1_cbEGF29-31_Ca3	1930-2054	29,30,31	56	97.0	13.6	8.2	True	10.8	0.05	False	False	False	False	False	True	True	False	1984
549322	1995	S	P		FBN1_cbEGF29-31_Ca3	1930-2054	29,30,31	59	96.0	50.7	32.7	False	2.46	0.02	False	True	True	False	False	False	False	False	
549320	1984	C	R	pathogenic	FBN1_cbEGF29-31_Ca3	1930-2054	29,30,31	54	96.3	1.4	0.9	True	11.32	0.03	False	False	False	False	False	True	True	False	1998
549319	1976	E	G		FBN1_cbEGF29-31_Ca3	1930-2054	29,30,31	46	96.3	24.4	10.9	True	2.46	0.0	True	False	True	True	False	False	False	False	
549316	1971	C	Y		FBN1_cbEGF29-31_Ca3	1930-2054	29,30,31	41	98.3	5.8	3.5	True	10.63	0.04	False	False	False	False	False	True	True	False	1958
549315	1971	C	G		FBN1_cbEGF29-31_Ca3	1930-2054	29,30,31	41	98.3	5.8	3.5	True	10.63	0.04	False	False	False	False	False	True	True	False	1958
549310	1945	G	D		FBN1_cbEGF27-29_Ca3	1849-1972	27,28,29	27	98.0	24.7	23.7	False	15.73	0.05	False	False	False	False	False	False	False	False	
549308	1934	C	S		FBN1_cbEGF27-29_Ca3	1849-1972	27,28,29	38	97.5	47.5	28.5	False	6.35	0.03	False	False	False	False	False	True	True	False	1947
549307	1932	D	A		FBN1_cbEGF27-29_Ca3	1849-1972	27,28,29	40	97.1	61.4	31.8	False	4.38	0.02	False	False	False	True	True	False	False	False	
549306	1930	D	Y		FBN1_cbEGF27-29_Ca3	1849-1972	27,28,29	42	98.2	41.9	21.7	False	2.6	0.02	True	False	True	True	False	False	False	False	
549302	1924	H	R		FBN1_cbEGF27-29_Ca3	1849-1972	27,28,29	48	91.3	193.2	86.2	False	15.17	0.2	False	False	False	False	False	False	False	False	
549301	1915	R	S		FBN1_cbEGF27-29_Ca3	1849-1972	27,28,29	57	88.1	180.3	65.8	False	13.73	0.03	False	False	False	False	False	False	False	False	
549300	1912	F	S		FBN1_cbEGF27-29_Ca3	1849-1972	27,28,29	60	97.7	27.0	11.3	True	4.72	0.02	False	False	False	True	True	False	False	False	
549299	1908	T	P		FBN1_cbEGF27-29_Ca3	1849-1972	27,28,29	59	97.8	40.0	23.3	False	2.48	0.02	False	True	True	False	False	False	False	False	
549298	1900	C	F		FBN1_cbEGF27-29_Ca3	1849-1972	27,28,29	51	98.0	0.6	0.3	True	10.81	0.02	False	False	False	False	False	True	True	False	1914
549291	1865	C	R		FBN1_cbEGF25-27_Ca3	1766-1890	25,26,27	25	98.5	34.1	20.4	False	7.92	0.07	False	False	False	False	False	True	True	False	1853
549290	1853	C	S		FBN1_cbEGF25-27_Ca3	1766-1890	25,26,27	37	98.4	38.8	23.2	False	6.36	0.02	False	False	False	False	False	True	True	False	1865
549289	1853	C	S		FBN1_cbEGF25-27_Ca3	1766-1890	25,26,27	37	98.4	38.8	23.2	False	6.36	0.02	False	False	False	False	False	True	True	False	1865
549286	1847	C	R		FBN1_cbEGF25-27_Ca3	1766-1890	25,26,27	43	98.7	3.5	2.1	True	10.7	0.05	False	False	False	False	False	True	True	False	1835
549284	1835	C	F		FBN1_cbEGF25-27_Ca3	1766-1890	25,26,27	55	98.7	23.5	14.1	True	12.0	0.06	False	False	False	False	False	True	True	False	1847
549283	1835	C	R		FBN1_cbEGF25-27_Ca3	1766-1890	25,26,27	55	98.7	23.5	14.1	True	12.0	0.06	False	False	False	False	False	True	True	False	1847
549282	1835	C	S		FBN1_cbEGF25-27_Ca3	1766-1890	25,26,27	55	98.7	23.5	14.1	True	12.0	0.06	False	False	False	False	False	True	True	False	1847
549277	1812	C	Y		FBN1_cbEGF25-27_Ca3	1766-1890	25,26,27	46	97.9	36.3	21.7	False	6.44	0.02	False	False	False	False	False	True	True	False	1824
549275	1793	C	S		FBN1_cbEGF25-27_Ca3	1766-1890	25,26,27	27	98.9	39.4	23.6	False	12.04	0.04	False	False	False	False	False	True	True	False	1806
549274	1791	C	W		FBN1_cbEGF25-27_Ca3	1766-1890	25,26,27	25	97.9	21.0	12.6	True	10.83	0.04	False	False	False	False	False	True	True	False	1777
549273	1790	R	P		FBN1_cbEGF25-27_Ca3	1766-1890	25,26,27	24	88.9	105.2	38.4	False	7.43	0.03	False	False	False	False	False	False	False	False	
549272	1790	R	Q		FBN1_cbEGF25-27_Ca3	1766-1890	25,26,27	24	88.9	105.2	38.4	False	7.43	0.03	False	False	False	False	False	False	False	False	
549263	1719	C	Y	pathogenic	FBN1_cbEGF23-25_Ca3	1606-1807	23,24,25	88	98.5	0.0	0.0	True	12.47	0.05	False	False	False	False	False	True	True	False	
549262	1708	G	E	vus	FBN1_cbEGF23-25_Ca3	1606-1807	23,24,25	99	96.9	34.1	32.8	False	19.44	0.09	False	False	False	False	False	False	False	False	
549258	1674	C	R		FBN1_cbEGF23-25_Ca3	1606-1807	23,24,25	68	97.3	31.2	18.7	True	16.71	0.09	False	False	False	False	False	True	True	False	1687
549257	1672	C	S	pathogenic	FBN1_cbEGF23-25_Ca3	1606-1807	23,24,25	66	97.4	0.0	0.0	True	10.78	0.05	False	False	False	False	False	True	True	False	1658
549253	1633	C	Y		FBN1_cbEGF23-25_Ca3	1606-1807	23,24,25	27	98.8	27.0	16.2	True	11.83	0.05	False	False	False	False	False	True	True	False	1646
549249	1599	P	T		FBN1_cbEGF21-23_Ca3	1446-1647	21,22,23	48	94.0	65.3	41.0	False	14.88	0.16	False	False	False	False	False	False	False	False	
549248	1596	R	P		FBN1_cbEGF21-23_Ca3	1446-1647	21,22,23	51	94.1	44.1	16.1	True	8.13	0.41	False	False	False	False	False	False	False	False	
549246	1589	C	F	pathogenic	FBN1_cbEGF21-23_Ca3	1446-1647	21,22,23	58	98.7	3.0	1.8	True	13.17	0.05	False	False	False	False	False	True	True	False	1564
549243	1534	C	W		FBN1_cbEGF21-23_Ca3	1446-1647	21,22,23	88	98.8	0.0	0.0	True	13.49	0.04	False	False	False	False	False	True	True	False	1562
549240	1511	C	G		FBN1_cbEGF21-23_Ca3	1446-1647	21,22,23	65	97.9	10.4	6.2	True	10.56	0.04	False	False	False	False	False	True	True	False	1497
549239	1504	N	S		FBN1_cbEGF21-23_Ca3	1446-1647	21,22,23	58	98.2	57.4	29.5	False	2.31	0.01	True	False	True	True	False	False	False	False	
549237	1497	C	S		FBN1_cbEGF21-23_Ca3	1446-1647	21,22,23	51	97.9	6.1	3.6	True	11.76	0.1	False	False	False	False	False	True	True	False	1511
549235	1490	E	K	pathogenic	FBN1_cbEGF21-23_Ca3	1446-1647	21,22,23	44	97.1	32.1	14.4	True	2.48	0.03	True	False	True	True	False	False	False	False	
549234	1487	D	A		FBN1_cbEGF21-23_Ca3	1446-1647	21,22,23	41	97.9	46.2	24.0	False	2.6	0.03	True	False	True	True	False	False	False	False	
549232	1487	D	N	pathogenic	FBN1_cbEGF21-23_Ca3	1446-1647	21,22,23	41	97.9	46.2	24.0	False	2.6	0.03	True	False	True	True	False	False	False	False	
549231	1485	C	Y		FBN1_cbEGF21-23_Ca3	1446-1647	21,22,23	39	97.7	9.7	5.8	True	10.57	0.06	False	False	False	False	False	True	True	False	1472
549229	1472	C	R	pathogenic	FBN1_cbEGF21-23_Ca3	1446-1647	21,22,23	26	98.4	35.9	21.5	False	11.8	0.05	False	False	False	False	False	True	True	False	1485
549228	1463	N	K		FBN1_cbEGF19-21_Ca3	1363-1486	19,20,21	23	98.4	63.2	32.4	False	2.32	0.03	True	False	True	True	False	False	False	False	
549227	1450	C	Y		FBN1_cbEGF19-21_Ca3	1363-1486	19,20,21	36	98.2	40.3	24.1	False	6.41	0.02	False	False	False	False	False	True	True	False	1461
549226	1450	C	S		FBN1_cbEGF19-21_Ca3	1363-1486	19,20,21	36	98.2	40.3	24.1	False	6.41	0.02	False	False	False	False	False	True	True	False	1461
549225	1449	E	D	vus	FBN1_cbEGF19-21_Ca3	1363-1486	19,20,21	37	97.7	19.9	8.9	True	2.44	0.05	False	False	False	True	True	False	False	False	
549219	1431	C	Y	pathogenic	FBN1_cbEGF19-21_Ca3	1363-1486	19,20,21	55	98.6	31.2	18.7	True	11.87	0.07	False	False	False	False	False	True	True	False	1444
549218	1429	C	W		FBN1_cbEGF19-21_Ca3	1363-1486	19,20,21	57	98.0	9.4	5.6	True	10.93	0.04	False	False	False	False	False	True	True	False	1415
549216	1429	C	Y	pathogenic	FBN1_cbEGF19-21_Ca3	1363-1486	19,20,21	57	98.0	9.4	5.6	True	10.93	0.04	False	False	False	False	False	True	True	False	1415
549215	1429	C	S		FBN1_cbEGF19-21_Ca3	1363-1486	19,20,21	57	98.0	9.4	5.6	True	10.93	0.04	False	False	False	False	False	True	True	False	1415
549212	1395	Y	H		FBN1_cbEGF19-21_Ca3	1363-1486	19,20,21	32	98.7	33.0	12.6	True	6.92	0.05	False	False	False	False	False	False	False	False	
549211	1384	M	T		FBN1_cbEGF19-21_Ca3	1363-1486	19,20,21	21	90.5	182.8	81.6	False	4.75	0.11	False	False	False	False	False	False	False	False	
549210	1375	S	R		FBN1_cbEGF17-19_Ca3	1280-1403	17,18,19	28	98.6	19.4	12.5	True	15.42	0.05	False	False	False	False	False	False	False	False	
549209	1367	C	R		FBN1_cbEGF17-19_Ca3	1280-1403	17,18,19	36	98.7	33.0	19.7	True	6.33	0.01	False	False	False	False	False	True	True	False	1380
549204	1350	C	F	pathogenic	FBN1_cbEGF17-19_Ca3	1280-1403	17,18,19	53	98.9	27.3	16.3	True	11.81	0.08	False	False	False	False	False	True	True	False	1361
549203	1350	C	Y		FBN1_cbEGF17-19_Ca3	1280-1403	17,18,19	53	98.9	27.3	16.3	True	11.81	0.08	False	False	False	False	False	True	True	False	1361
549202	1349	S	T		FBN1_cbEGF17-19_Ca3	1280-1403	17,18,19	54	97.0	51.0	32.9	False	13.67	0.05	False	False	False	False	False	False	False	False	
549200	1339	C	Y		FBN1_cbEGF17-19_Ca3	1280-1403	17,18,19	59	98.9	31.3	18.8	True	8.2	0.06	False	False	False	False	False	True	True	False	1326
549199	1337	A	P		FBN1_cbEGF17-19_Ca3	1280-1403	17,18,19	57	98.8	22.0	17.1	True	13.91	0.1	False	False	False	False	False	False	False	False	
549198	1322	D	G		FBN1_cbEGF17-19_Ca3	1280-1403	17,18,19	42	98.2	45.5	23.6	False	2.58	0.02	True	False	True	True	False	False	False	False	
549197	1320	C	F		FBN1_cbEGF17-19_Ca3	1280-1403	17,18,19	40	97.7	5.3	3.1	True	10.37	0.18	False	False	False	False	False	True	True	False	1307
549196	1320	C	S		FBN1_cbEGF17-19_Ca3	1280-1403	17,18,19	40	97.7	5.3	3.1	True	10.37	0.18	False	False	False	False	False	True	True	False	1307
549195	1313	G	S		FBN1_cbEGF17-19_Ca3	1280-1403	17,18,19	33	95.8	45.8	44.1	False	12.29	0.09	False	False	False	False	False	False	False	False	
549194	1311	Y	C	pathogenic	FBN1_cbEGF17-19_Ca3	1280-1403	17,18,19	31	98.2	46.1	17.5	True	6.87	0.05	False	False	False	False	False	False	False	True	
549190	1283	E	K		FBN1_cbEGF15-17_Ca3	1197-1321	15,16,17	38	97.4	26.5	11.9	True	2.49	0.03	False	False	False	True	True	False	False	False	
549189	1280	D	V		FBN1_cbEGF15-17_Ca3	1197-1321	15,16,17	41	97.8	39.6	20.5	False	2.66	0.04	True	False	True	True	False	False	False	False	
549187	1272	S	Y		FBN1_cbEGF15-17_Ca3	1197-1321	15,16,17	49	96.9	27.1	17.5	True	14.28	0.16	False	False	False	False	False	False	False	False	
549184	1250	D	Y		FBN1_cbEGF15-17_Ca3	1197-1321	15,16,17	53	93.5	68.6	35.6	False	11.4	0.26	False	False	False	False	False	False	False	False	
549182	1236	C	R		FBN1_cbEGF15-17_Ca3	1197-1321	15,16,17	39	98.7	18.0	10.8	True	10.81	0.04	False	False	False	False	False	True	True	False	1223
549181	1219	Y	C	pathogenic	FBN1_cbEGF15-17_Ca3	1197-1321	15,16,17	22	97.3	55.7	21.2	False	4.56	0.04	False	False	False	True	True	False	False	True	
549180	1217	G	D	pathogenic	FBN1_cbEGF13-15_Ca3	1113-1237	13,14,15	20	98.5	23.3	22.4	False	4.1	0.01	False	False	False	False	False	False	False	False	
549179	1214	N	S		FBN1_cbEGF13-15_Ca3	1113-1237	13,14,15	23	98.7	58.0	29.7	False	2.3	0.01	True	False	True	True	False	False	False	False	
549176	1201	C	Y		FBN1_cbEGF13-15_Ca3	1113-1237	13,14,15	36	98.9	27.2	16.3	True	6.43	0.03	False	False	False	False	False	True	True	False	1212
549173	1185	G	D	pathogenic	FBN1_cbEGF13-15_Ca3	1113-1237	13,14,15	52	98.7	18.4	17.7	True	4.63	0.04	False	False	False	False	False	False	False	False	
549172	1180	C	Y		FBN1_cbEGF13-15_Ca3	1113-1237	13,14,15	57	98.6	7.2	4.3	True	10.85	0.03	False	False	False	False	False	True	True	False	1166
549171	1178	Y	C	pathogenic	FBN1_cbEGF13-15_Ca3	1113-1237	13,14,15	59	98.2	40.6	15.4	True	4.65	0.02	False	False	False	True	True	False	False	True	
549170	1171	C	Y		FBN1_cbEGF13-15_Ca3	1113-1237	13,14,15	58	98.5	30.6	18.3	True	7.95	0.03	False	False	False	False	False	True	True	False	1159
549169	1170	R	C	vus	FBN1_cbEGF13-15_Ca3	1113-1237	13,14,15	57	91.0	154.7	56.5	False	12.12	0.02	False	False	False	False	False	False	False	True	
549168	1159	C	R	pathogenic	FBN1_cbEGF13-15_Ca3	1113-1237	13,14,15	46	98.1	34.0	20.4	False	6.4	0.03	False	False	False	False	False	True	True	False	1171
549164	1140	C	F		FBN1_cbEGF13-15_Ca3	1113-1237	13,14,15	27	98.7	34.2	20.5	False	11.97	0.05	False	False	False	False	False	True	True	False	1153
549161	1128	V	L		FBN1_cbEGF11-13_Ca3	1028-1154	11,12,13	26	96.5	81.6	46.9	False	12.35	0.03	False	False	False	False	False	False	False	False	
549159	1116	E	K		FBN1_cbEGF11-13_Ca3	1028-1154	11,12,13	38	97.3	28.2	12.6	True	2.49	0.03	True	False	True	True	False	False	False	False	
549158	1113	D	G	pathogenic	FBN1_cbEGF11-13_Ca3	1028-1154	11,12,13	41	97.6	40.5	21.0	False	2.61	0.01	True	False	True	True	False	False	False	False	
549154	1101	Y	C	pathogenic	FBN1_cbEGF11-13_Ca3	1028-1154	11,12,13	53	98.4	24.1	9.2	True	6.96	0.04	False	False	False	False	False	False	False	True	
549152	1100	G	V		FBN1_cbEGF11-13_Ca3	1028-1154	11,12,13	54	98.4	12.5	12.0	True	4.73	0.04	False	False	False	False	False	False	False	False	
549151	1100	G	A	pathogenic	FBN1_cbEGF11-13_Ca3	1028-1154	11,12,13	54	98.4	12.5	12.0	True	4.73	0.04	False	False	False	False	False	False	False	False	
549150	1097	C	Y	pathogenic	FBN1_cbEGF11-13_Ca3	1028-1154	11,12,13	57	98.5	37.9	22.7	False	11.79	0.06	False	False	False	False	False	True	True	False	1111
549149	1090	P	S		FBN1_cbEGF11-13_Ca3	1028-1154	11,12,13	62	97.8	115.1	72.4	False	4.63	0.03	False	False	False	False	False	False	False	False	
549148	1088	N	S		FBN1_cbEGF11-13_Ca3	1028-1154	11,12,13	60	98.0	56.4	28.9	False	2.31	0.02	True	False	True	True	False	False	False	False	
549147	1086	C	R		FBN1_cbEGF11-13_Ca3	1028-1154	11,12,13	58	97.8	24.5	14.7	True	8.2	0.04	False	False	False	False	False	True	True	False	1074
549144	1075	R	C	vus	FBN1_cbEGF11-13_Ca3	1028-1154	11,12,13	47	86.6	188.0	68.6	False	8.24	0.01	False	False	False	False	False	False	False	True	
549143	1072	D	H		FBN1_cbEGF11-13_Ca3	1028-1154	11,12,13	44	98.0	53.8	27.9	False	4.38	0.01	False	False	False	True	True	False	False	False	
549142	1071	I	S		FBN1_cbEGF11-13_Ca3	1028-1154	11,12,13	43	97.8	52.7	26.7	False	2.32	0.02	False	True	True	False	False	False	False	False	
549141	1070	D	G		FBN1_cbEGF11-13_Ca3	1028-1154	11,12,13	42	98.2	48.0	24.9	False	2.53	0.04	True	False	True	True	False	False	False	False	
549138	1068	C	Y		FBN1_cbEGF11-13_Ca3	1028-1154	11,12,13	40	97.9	3.0	1.8	True	10.51	0.02	False	False	False	False	False	True	True	False	1055
549137	1068	C	R		FBN1_cbEGF11-13_Ca3	1028-1154	11,12,13	40	97.9	3.0	1.8	True	10.51	0.02	False	False	False	False	False	True	True	False	1055
549136	1055	C	W		FBN1_cbEGF11-13_Ca3	1028-1154	11,12,13	27	98.5	38.8	23.3	False	11.78	0.05	False	False	False	False	False	True	True	False	1068
549135	1053	C	S		FBN1_cbEGF11-13_Ca3	1028-1154	11,12,13	25	97.2	13.9	8.3	True	10.74	0.08	False	False	False	False	False	True	True	False	1039
549134	1051	F	S		FBN1_cbEGF11-13_Ca3	1028-1154	11,12,13	23	97.0	39.5	16.5	True	4.66	0.04	False	False	False	True	True	False	False	False	
549133	1050	S	I		FBN1_cbEGF11-13_Ca3	1028-1154	11,12,13	22	95.3	52.3	33.7	False	2.51	0.02	False	True	True	False	False	False	False	False	
549131	1048	I	T	pathogenic	FBN1_cbEGF9-11_Ca3	807-1069	9,10,11	21	94.1	147.2	74.7	False	4.69	0.04	False	False	False	False	False	False	False	False	
549128	1027	K	N		FBN1_cbEGF9-11_Ca3	807-1069	9,10,11	42	81.4	119.0	50.4	False	7.49	0.02	False	False	False	False	False	False	False	False	
549125	1008	C	R	pathogenic	FBN1_cbEGF9-11_Ca3	807-1069	9,10,11	61	91.5	3.8	2.3	True	13.08	0.1	False	False	False	False	False	True	True	False	
549121	981	C	Y		FBN1_cbEGF9-11_Ca3	807-1069	9,10,11	88	97.3	5.8	3.5	True	12.19	0.09	False	False	False	False	False	True	True	False	
549117	950	C	F		FBN1_cbEGF9-11_Ca3	807-1069	9,10,11	119	86.5	0.4	0.2	True	17.59	0.07	False	False	False	False	False	True	True	False	937
549116	950	C	Y		FBN1_cbEGF9-11_Ca3	807-1069	9,10,11	119	86.5	0.4	0.2	True	17.59	0.07	False	False	False	False	False	True	True	False	937
549115	938	P	L	vus	FBN1_cbEGF9-11_Ca3	807-1069	9,10,11	131	86.8	66.9	42.1	False	19.71	0.1	False	False	False	False	False	False	False	False	
549112	931	G	V		FBN1_cbEGF9-11_Ca3	807-1069	9,10,11	124	96.9	22.1	21.2	False	4.09	0.05	False	False	False	False	False	False	False	False	
549110	914	C	S		FBN1_cbEGF9-11_Ca3	807-1069	9,10,11	107	97.1	29.4	17.6	True	6.5	0.04	False	False	False	False	False	True	True	False	926
549109	913	E	G		FBN1_cbEGF9-11_Ca3	807-1069	9,10,11	106	96.7	4.3	1.9	True	2.54	0.02	True	False	True	True	False	False	False	False	
549107	908	C	F		FBN1_cbEGF9-11_Ca3	807-1069	9,10,11	101	97.2	55.2	33.1	False	10.57	0.02	False	False	False	False	False	True	True	False	896
549105	899	G	R		FBN1_cbEGF9-11_Ca3	807-1069	9,10,11	92	97.3	2.2	2.1	True	4.57	0.04	False	False	False	False	False	False	False	False	
549101	893	D	N		FBN1_cbEGF9-11_Ca3	807-1069	9,10,11	86	94.6	17.3	9.0	True	13.88	0.09	False	False	False	False	False	False	False	False	
549097	862	C	Y	pathogenic	FBN1_cbEGF9-11_Ca3	807-1069	9,10,11	55	95.9	23.7	14.2	True	23.15	0.06	False	False	False	False	False	True	True	False	887
549094	853	C	W		FBN1_cbEGF9-11_Ca3	807-1069	9,10,11	46	97.6	0.0	0.0	True	13.98	0.06	False	False	False	False	False	True	True	False	875
549093	853	C	S	pathogenic	FBN1_cbEGF9-11_Ca3	807-1069	9,10,11	46	97.6	0.0	0.0	True	13.98	0.06	False	False	False	False	False	True	True	False	875
549090	830	C	Y		FBN1_cbEGF9-11_Ca3	807-1069	9,10,11	23	97.9	6.5	3.9	True	10.69	0.17	False	False	False	False	False	True	True	False	816
549088	826	G	D		FBN1_cbEGF7-9_Ca3	723-846	7,8,9	20	98.4	21.9	21.1	False	4.02	0.04	False	False	False	False	False	False	False	False	
549084	816	C	R	pathogenic	FBN1_cbEGF7-9_Ca3	723-846	7,8,9	30	98.5	19.2	11.5	True	11.18	0.09	False	False	False	False	False	True	True	False	830
549082	811	C	W		FBN1_cbEGF7-9_Ca3	723-846	7,8,9	35	98.7	29.9	17.9	True	6.45	0.03	False	False	False	False	False	True	True	False	821
549081	811	C	Y	pathogenic	FBN1_cbEGF7-9_Ca3	723-846	7,8,9	35	98.7	29.9	17.9	True	6.45	0.03	False	False	False	False	False	True	True	False	821
549080	809	D	G		FBN1_cbEGF7-9_Ca3	723-846	7,8,9	37	98.3	57.3	29.7	False	4.41	0.02	False	False	False	True	True	False	False	False	
549076	790	C	Y	pathogenic	FBN1_cbEGF7-9_Ca3	723-846	7,8,9	56	98.5	28.5	17.1	True	10.69	0.06	False	False	False	False	False	True	True	False	776
549075	790	C	S		FBN1_cbEGF7-9_Ca3	723-846	7,8,9	56	98.5	28.5	17.1	True	10.69	0.06	False	False	False	False	False	True	True	False	776
549074	781	C	S		FBN1_cbEGF7-9_Ca3	723-846	7,8,9	58	98.2	35.4	21.2	False	8.33	0.04	False	False	False	False	False	True	True	False	769
549073	776	C	Y		FBN1_cbEGF7-9_Ca3	723-846	7,8,9	53	98.5	3.6	2.2	True	12.16	0.07	False	False	False	False	False	True	True	False	790
549070	763	C	G	pathogenic	FBN1_cbEGF7-9_Ca3	723-846	7,8,9	40	98.8	18.5	11.1	True	10.54	0.03	False	False	False	False	False	True	True	False	750
549067	723	D	Y		FBN1_cbEGF5-7_Ca3	572-764	5,6,7	41	97.9	44.0	22.8	False	2.65	0.06	True	False	True	True	False	False	False	False	
549062	685	C	Y	pathogenic	FBN1_cbEGF5-7_Ca3	572-764	5,6,7	79	96.1	2.8	1.7	True	8.69	0.08	False	False	False	False	False	True	True	False	
549061	684	C	S		FBN1_cbEGF5-7_Ca3	572-764	5,6,7	80	96.0	0.6	0.3	True	12.13	0.06	False	False	False	False	False	True	True	False	
549055	643	L	R		FBN1_cbEGF5-7_Ca3	572-764	5,6,7	71	78.0	16.0	7.9	True	18.6	1.24	False	False	False	False	False	False	False	False	
549054	617	C	R	pathogenic	FBN1_cbEGF5-7_Ca3	572-764	5,6,7	45	96.4	42.7	25.6	False	6.44	0.02	False	False	False	False	False	True	True	False	628
549049	611	C	R	pathogenic	FBN1_cbEGF5-7_Ca3	572-764	5,6,7	39	98.2	1.3	0.8	True	10.52	0.02	False	False	False	False	False	True	True	False	598
549047	602	F	S		FBN1_cbEGF5-7_Ca3	572-764	5,6,7	30	98.0	26.5	11.1	True	6.79	0.03	False	False	False	False	False	False	False	False	
549045	598	C	W		FBN1_cbEGF5-7_Ca3	572-764	5,6,7	26	98.5	32.5	19.5	True	11.77	0.06	False	False	False	False	False	True	True	False	611
549044	598	C	Y		FBN1_cbEGF5-7_Ca3	572-764	5,6,7	26	98.5	32.5	19.5	True	11.77	0.06	False	False	False	False	False	True	True	False	611
549043	592	G	D		FBN1_cbEGF3-5_Ca3	490-612	3,4,5	20	97.6	22.1	21.3	False	4.08	0.06	False	False	False	False	False	False	False	False	
549041	589	N	S	pathogenic	FBN1_cbEGF3-5_Ca3	490-612	3,4,5	23	98.2	59.6	30.6	False	2.29	0.02	True	False	True	True	False	False	False	False	
549040	587	C	Y		FBN1_cbEGF3-5_Ca3	490-612	3,4,5	25	98.5	32.3	19.3	True	7.95	0.05	False	False	False	False	False	True	True	False	576
549039	585	G	E	pathogenic	FBN1_cbEGF3-5_Ca3	490-612	3,4,5	27	98.3	16.9	16.3	True	15.02	0.05	False	False	False	False	False	False	False	False	
549038	576	C	Y	pathogenic	FBN1_cbEGF3-5_Ca3	490-612	3,4,5	36	98.4	37.8	22.7	False	6.3	0.02	False	False	False	False	False	True	True	False	587
549037	572	D	V		FBN1_cbEGF3-5_Ca3	490-612	3,4,5	40	98.2	38.1	19.7	True	2.52	0.02	True	False	True	True	False	False	False	False	
549035	570	C	Y	pathogenic	FBN1_cbEGF3-5_Ca3	490-612	3,4,5	42	98.4	7.5	4.5	True	10.68	0.02	False	False	False	False	False	True	True	False	557
549034	560	G	D		FBN1_cbEGF3-5_Ca3	490-612	3,4,5	52	98.1	17.7	17.0	True	4.7	0.08	False	False	False	False	False	False	False	False	
549033	555	C	Y	pathogenic	FBN1_cbEGF3-5_Ca3	490-612	3,4,5	57	98.3	10.3	6.2	True	10.92	0.07	False	False	False	False	False	True	True	False	541
549030	546	C	R		FBN1_cbEGF3-5_Ca3	490-612	3,4,5	56	98.0	33.7	20.2	False	7.88	0.07	False	False	False	False	False	True	True	False	534
549029	541	C	F		FBN1_cbEGF3-5_Ca3	490-612	3,4,5	51	97.8	5.0	3.0	True	10.99	0.04	False	False	False	False	False	True	True	False	555
549024	519	Y	C	pathogenic	FBN1_cbEGF3-5_Ca3	490-612	3,4,5	29	98.2	45.4	17.2	True	6.88	0.06	False	False	False	False	False	False	False	True	
549022	513	C	R	pathogenic	FBN1_cbEGF3-5_Ca3	490-612	3,4,5	23	98.5	0.8	0.5	True	10.74	0.02	False	False	False	False	False	True	True	False	499
549021	504	C	Y	pathogenic	FBN1_cbEGF1-3_Ca3	246-529	1,2,3	25	94.2	32.9	19.7	True	7.64	0.48	False	False	False	False	False	True	True	False	494
549020	504	C	R	pathogenic	FBN1_cbEGF1-3_Ca3	246-529	1,2,3	25	94.2	32.9	19.7	True	7.64	0.48	False	False	False	False	False	True	True	False	494
549019	490	D	Y	pathogenic	FBN1_cbEGF1-3_Ca3	246-529	1,2,3	39	86.5	23.1	12.0	True	2.95	0.38	True	False	True	True	False	False	False	False	
549018	488	C	F		FBN1_cbEGF1-3_Ca3	246-529	1,2,3	41	81.6	8.7	5.2	True	10.77	0.41	False	False	False	False	False	True	True	False	476
549017	488	C	Y	pathogenic	FBN1_cbEGF1-3_Ca3	246-529	1,2,3	41	81.6	8.7	5.2	True	10.77	0.41	False	False	False	False	False	True	True	False	476
549015	474	C	F	pathogenic	FBN1_cbEGF1-3_Ca3	246-529	1,2,3	55	83.6	5.2	3.1	True	16.74	0.58	False	False	False	False	False	True	True	False	460
549013	464	R	C	pathogenic	FBN1_cbEGF1-3_Ca3	246-529	1,2,3	65	76.2	166.6	60.8	False	16.29	0.55	False	False	False	False	False	False	False	True	
549007	390	S	F		FBN1_cbEGF1-3_Ca3	246-529	1,2,3	139	76.2	72.1	46.5	False	20.83	0.99	False	False	False	False	False	False	False	False	
549004	366	W	C	pathogenic	FBN1_cbEGF1-3_Ca3	246-529	1,2,3	120	93.7	0.7	0.2	True	24.82	2.2	False	False	False	False	False	False	False	True	
549003	359	C	Y		FBN1_cbEGF1-3_Ca3	246-529	1,2,3	113	92.5	3.8	2.3	True	26.27	2.06	False	False	False	False	False	True	True	False	
549002	359	C	R		FBN1_cbEGF1-3_Ca3	246-529	1,2,3	113	92.5	3.8	2.3	True	26.27	2.06	False	False	False	False	False	True	True	False	
549001	358	C	Y	pathogenic	FBN1_cbEGF1-3_Ca3	246-529	1,2,3	112	92.0	1.2	0.7	True	25.62	2.78	False	False	False	False	False	True	True	False	
548999	344	R	C	pathogenic	FBN1_cbEGF1-3_Ca3	246-529	1,2,3	98	72.5	191.8	70.0	False	34.91	7.85	False	False	False	False	False	False	False	True	
548997	336	C	R	pathogenic	FBN1_cbEGF1-3_Ca3	246-529	1,2,3	90	93.7	1.4	0.8	True	25.98	3.8	False	False	False	False	False	True	True	False	
549475	329	I	V	benign	FBN1_cbEGF1-3_Ca3	246-529	1,2,3	83	82.8	15.5	7.9	True	19.12	0.1	False	False	False	False	False	False	False	False	
549472	313	C	W		FBN1_cbEGF1-3_Ca3	246-529	1,2,3	67	92.6	0.2	0.1	True	10.74	0.04	False	False	False	False	False	True	True	False	299
549470	287	E	G		FBN1_cbEGF1-3_Ca3	246-529	1,2,3	41	89.7	68.7	30.8	False	7.31	0.06	False	False	False	False	False	False	False	False	
549428	259	G	E		FBN1_cbEGF1-3_Ca3	246-529	1,2,3	13	94.4	54.2	52.1	False	12.56	0.21	False	False	False	False	False	False	False	False	
560218	652	C	W		FBN1_cbEGF5-7_Ca3	572-764	5,6,7	80	83.2	2.7	1.6	True	17.39	0.08	False	False	False	False	False	True	True	False	639
582674	2686	C	R		FBN1_cbEGF41-43_Ca3	2567-2687	41,42,43	1	85.7	50.6	30.3	False	18.14	0.44	False	False	False	False	False	True	True	False	2674
576623	2663	C	R		FBN1_cbEGF41-43_Ca3	2567-2687	41,42,43	24	91.7	48.0	28.7	False	8.18	0.07	False	False	False	False	False	True	True	False	2652
572714	2555	G	V	pathogenic	FBN1_cbEGF39-41_Ca3	2485-2606	39,40,41	51	96.9	18.0	17.3	True	4.65	0.08	False	False	False	False	False	False	False	False	
576527	2427	C	R		FBN1_cbEGF37-39_Ca3	2402-2523	37,38,39	25	98.6	5.6	3.3	True	10.84	0.02	False	False	False	False	False	True	True	False	2413
571705	2415	N	I	vus	FBN1_cbEGF35-37_Ca3	2247-2443	35,36,37	28	89.7	46.8	24.0	False	18.17	0.19	False	False	False	False	False	False	False	False	
576463	2017	C	W	pathogenic	FBN1_cbEGF29-31_Ca3	1930-2054	29,30,31	37	97.5	28.7	17.2	True	6.51	0.02	False	False	False	False	False	True	True	False	2029
572562	1256	N	H		FBN1_cbEGF15-17_Ca3	1197-1321	15,16,17	59	98.2	55.6	28.5	False	2.31	0.02	True	False	True	True	False	False	False	False	
573764	1116	E	G		FBN1_cbEGF11-13_Ca3	1028-1154	11,12,13	38	97.3	28.2	12.6	True	2.49	0.03	True	False	True	True	False	False	False	False	
571004	769	C	F		FBN1_cbEGF7-9_Ca3	723-846	7,8,9	46	97.7	32.3	19.3	True	6.52	0.03	False	False	False	False	False	True	True	False	781
572871	714	G	R		FBN1_cbEGF5-7_Ca3	572-764	5,6,7	50	93.0	21.5	20.7	False	9.89	0.05	False	False	False	False	False	False	False	False	
569768	654	D	H		FBN1_cbEGF5-7_Ca3	572-764	5,6,7	82	73.3	24.8	12.9	True	15.16	2.79	False	False	False	False	False	False	False	False	
576493	619	T	N		FBN1_cbEGF5-7_Ca3	572-764	5,6,7	47	92.2	71.0	41.3	False	9.62	0.04	False	False	False	False	False	False	False	False	
575196	570	C	W		FBN1_cbEGF3-5_Ca3	490-612	3,4,5	42	98.4	7.5	4.5	True	10.68	0.02	False	False	False	False	False	True	True	False	557
573231	547	I	T		FBN1_cbEGF3-5_Ca3	490-612	3,4,5	57	96.4	61.5	31.2	False	6.59	0.04	False	False	False	False	False	False	False	False	
581985	513	C	S	pathogenic	FBN1_cbEGF3-5_Ca3	490-612	3,4,5	23	98.5	0.8	0.5	True	10.74	0.02	False	False	False	False	False	True	True	False	499
576755	363	G	S	vus	FBN1_cbEGF1-3_Ca3	246-529	1,2,3	117	91.8	9.2	8.8	True	27.63	4.32	False	False	False	False	False	False	False	False	
571222	2588	Y	C		FBN1_cbEGF41-43_Ca3	2567-2687	41,42,43	21	91.5	55.5	21.1	False	4.66	0.02	False	False	False	True	True	False	False	True	
567107	2555	G	R	pathogenic	FBN1_cbEGF39-41_Ca3	2485-2606	39,40,41	51	96.9	18.0	17.3	True	4.65	0.08	False	False	False	False	False	False	False	False	
574697	2448	C	R		FBN1_cbEGF37-39_Ca3	2402-2523	37,38,39	46	98.5	21.1	12.6	True	6.42	0.02	False	False	False	False	False	True	True	False	2459
573316	2404	D	N		FBN1_cbEGF35-37_Ca3	2247-2443	35,36,37	39	95.0	35.5	18.4	True	4.39	0.03	False	False	False	True	True	False	False	False	
581358	2291	D	G		FBN1_cbEGF35-37_Ca3	2247-2443	35,36,37	44	97.1	44.2	22.9	False	2.59	0.03	True	False	True	True	False	False	False	False	
579213	1993	D	N	vus	FBN1_cbEGF29-31_Ca3	1930-2054	29,30,31	61	94.1	115.0	59.6	False	4.68	0.03	False	False	False	False	False	False	False	False	
570737	1962	Y	C	pathogenic	FBN1_cbEGF29-31_Ca3	1930-2054	29,30,31	32	98.4	33.6	12.8	True	6.94	0.05	False	False	False	False	False	False	False	True	
577401	1943	R	I	vus	FBN1_cbEGF27-29_Ca3	1849-1972	27,28,29	29	87.2	151.6	55.3	False	15.71	0.04	False	False	False	False	False	False	False	False	
566202	1877	H	R		FBN1_cbEGF27-29_Ca3	1849-1972	27,28,29	28	96.4	92.8	41.4	False	9.64	0.02	False	False	False	False	False	False	False	False	
576549	1450	C	R	pathogenic	FBN1_cbEGF19-21_Ca3	1363-1486	19,20,21	36	98.2	40.3	24.1	False	6.41	0.02	False	False	False	False	False	True	True	False	1461
569815	1048	I	V		FBN1_cbEGF9-11_Ca3	807-1069	9,10,11	21	94.1	147.2	74.7	False	4.69	0.04	False	False	False	False	False	False	False	False	
576840	1043	K	N		FBN1_cbEGF9-11_Ca3	807-1069	9,10,11	26	86.0	152.8	64.7	False	12.24	0.05	False	False	False	False	False	False	False	False	
566266	2413	C	S	pathogenic	FBN1_cbEGF35-37_Ca3	2247-2443	35,36,37	30	91.8	10.6	6.3	True	10.96	0.1	False	False	False	False	False	True	True	False	2427
568619	2388	K	E		FBN1_cbEGF35-37_Ca3	2247-2443	35,36,37	55	84.1	120.2	50.9	False	16.74	0.61	False	False	False	False	False	False	False	False	
570431	2261	K	N	benign	FBN1_cbEGF33-35_Ca3	2166-2290	33,34,35	29	88.3	47.3	20.0	False	15.43	0.14	False	False	False	False	False	False	False	False	
573034	2251	C	R	pathogenic	FBN1_cbEGF33-35_Ca3	2166-2290	33,34,35	39	98.4	31.7	19.0	True	6.33	0.02	False	False	False	False	False	True	True	False	2265
583258	2233	P	L	pathogenic	FBN1_cbEGF33-35_Ca3	2166-2290	33,34,35	57	97.8	45.5	28.6	False	9.56	0.06	False	False	False	False	False	False	False	False	
566383	2190	C	S		FBN1_cbEGF33-35_Ca3	2166-2290	33,34,35	24	95.9	25.6	15.3	True	10.89	0.05	False	False	False	False	False	True	True	False	2176
567503	1942	C	Y		FBN1_cbEGF27-29_Ca3	1849-1972	27,28,29	30	98.2	2.4	1.4	True	11.02	0.04	False	False	False	False	False	True	True	False	1956
566815	1937	G	E		FBN1_cbEGF27-29_Ca3	1849-1972	27,28,29	35	82.9	74.8	71.9	False	11.63	0.45	False	False	False	False	False	False	False	False	
565697	1934	C	S		FBN1_cbEGF27-29_Ca3	1849-1972	27,28,29	38	97.5	47.5	28.5	False	6.35	0.03	False	False	False	False	False	True	True	False	1947
576709	1889	C	F		FBN1_cbEGF27-29_Ca3	1849-1972	27,28,29	40	98.7	14.8	8.8	True	10.54	0.04	False	False	False	False	False	True	True	False	1876
570671	1173	N	I		FBN1_cbEGF13-15_Ca3	1113-1237	13,14,15	60	98.3	53.5	27.5	False	2.31	0.01	True	False	True	True	False	False	False	False	
575810	1091	G	E		FBN1_cbEGF11-13_Ca3	1028-1154	11,12,13	63	98.1	17.5	16.8	True	4.02	0.04	False	False	False	False	False	False	False	False	
569691	895	I	T	vus	FBN1_cbEGF9-11_Ca3	807-1069	9,10,11	88	94.9	66.5	33.8	False	14.73	0.04	False	False	False	False	False	False	False	False	
569969	807	D	N		FBN1_cbEGF7-9_Ca3	723-846	7,8,9	39	98.5	43.9	22.7	False	2.62	0.03	True	False	True	True	False	False	False	False	
572039	623	C	Y		FBN1_cbEGF5-7_Ca3	572-764	5,6,7	51	87.8	14.7	8.8	True	11.02	0.07	False	False	False	False	False	True	True	False	637
570815	458	Y	C		FBN1_cbEGF1-3_Ca3	246-529	1,2,3	71	52.0	109.9	41.8	False	18.45	0.37	False	False	False	False	False	False	False	True	
567978	2295	C	R		FBN1_cbEGF35-37_Ca3	2247-2443	35,36,37	48	97.9	38.1	22.8	False	6.46	0.05	False	False	False	False	False	True	True	False	2307
575545	2199	G	S	vus	FBN1_cbEGF33-35_Ca3	2166-2290	33,34,35	33	94.8	12.7	12.2	True	13.1	0.08	False	False	False	False	False	False	False	False	
582086	1892	I	L		FBN1_cbEGF27-29_Ca3	1849-1972	27,28,29	43	97.8	57.7	29.3	False	2.29	0.02	False	True	True	False	False	False	False	False	
565385	1391	C	Y	pathogenic	FBN1_cbEGF19-21_Ca3	1363-1486	19,20,21	28	98.8	31.3	18.7	True	12.02	0.06	False	False	False	False	False	True	True	False	1402
567633	1283	E	V		FBN1_cbEGF15-17_Ca3	1197-1321	15,16,17	38	97.4	26.5	11.9	True	2.49	0.03	False	False	False	True	True	False	False	False	
581299	696	C	F		FBN1_cbEGF5-7_Ca3	572-764	5,6,7	68	92.3	36.0	21.5	False	22.8	0.63	False	False	False	False	False	True	True	False	
568701	634	S	P		FBN1_cbEGF5-7_Ca3	572-764	5,6,7	62	95.2	54.5	35.2	False	2.53	0.02	False	True	True	False	False	False	False	False	
581987	508	Q	H		FBN1_cbEGF1-3_Ca3	246-529	1,2,3	21	82.0	133.3	59.3	False	4.77	0.55	False	False	False	False	False	False	False	False	
581305	303	E	K	vus	FBN1_cbEGF1-3_Ca3	246-529	1,2,3	57	85.1	103.9	46.6	False	12.63	0.02	False	False	False	False	False	False	False	False	
590852	2550	C	Y	pathogenic	FBN1_cbEGF39-41_Ca3	2485-2606	39,40,41	56	96.1	17.7	10.6	True	10.94	0.06	False	False	False	False	False	True	True	False	2535
590974	1748	C	F		FBN1_cbEGF23-25_Ca3	1606-1807	23,24,25	59	94.5	0.0	0.0	True	12.03	0.11	False	False	False	False	False	True	True	False	
617616	598	C	S		FBN1_cbEGF5-7_Ca3	572-764	5,6,7	26	98.5	32.5	19.5	True	11.77	0.06	False	False	False	False	False	True	True	False	611
617871	2289	C	F		FBN1_cbEGF35-37_Ca3	2247-2443	35,36,37	42	95.7	34.3	20.5	False	10.77	0.03	False	False	False	False	False	True	True	False	2276
617872	2199	G	D		FBN1_cbEGF33-35_Ca3	2166-2290	33,34,35	33	94.8	12.7	12.2	True	13.1	0.08	False	False	False	False	False	False	False	False	
617874	1143	G	D	vus	FBN1_cbEGF13-15_Ca3	1113-1237	13,14,15	30	98.5	22.5	21.6	False	4.63	0.05	False	False	False	False	False	False	False	False	
617875	736	N	S		FBN1_cbEGF5-7_Ca3	572-764	5,6,7	28	94.3	65.1	33.4	False	18.28	0.05	False	False	False	False	False	False	False	False	
617870	271	C	W		FBN1_cbEGF1-3_Ca3	246-529	1,2,3	25	94.6	21.0	12.6	True	10.72	0.2	False	False	False	False	False	True	True	False	257
618123	2685	H	Q		FBN1_cbEGF41-43_Ca3	2567-2687	41,42,43	2	71.3	123.0	54.9	False	17.67	1.11	False	False	False	False	False	False	False	False	
618118	2596	Y	C	pathogenic	FBN1_cbEGF41-43_Ca3	2567-2687	41,42,43	29	94.4	67.2	25.6	False	6.73	0.02	False	False	False	False	False	False	False	True	
618653	2406	C	F		FBN1_cbEGF35-37_Ca3	2247-2443	35,36,37	37	93.2	43.7	26.1	False	6.56	0.03	False	False	False	False	False	True	True	False	2418
618119	2062	Y	C	vus	FBN1_cbEGF31-33_Ca3	2013-2205	31,32,33	49	97.2	31.6	12.0	True	18.08	0.09	False	False	False	False	False	False	False	True	
618121	2002	P	L	vus	FBN1_cbEGF29-31_Ca3	1930-2054	29,30,31	52	96.8	128.4	80.7	False	7.88	0.05	False	False	False	False	False	False	False	False	
618650	1910	G	D	pathogenic	FBN1_cbEGF27-29_Ca3	1849-1972	27,28,29	61	97.7	21.5	20.7	False	3.99	0.02	False	False	False	False	False	False	False	False	
618652	1840	R	H	vus	FBN1_cbEGF25-27_Ca3	1766-1890	25,26,27	50	89.3	110.1	40.2	False	8.77	0.12	False	False	False	False	False	False	False	False	
618120	1670	Y	C	pathogenic	FBN1_cbEGF23-25_Ca3	1606-1807	23,24,25	64	96.4	30.1	11.4	True	4.65	0.05	False	False	False	True	True	False	False	True	
618646	623	C	F	pathogenic	FBN1_cbEGF5-7_Ca3	572-764	5,6,7	51	87.8	14.7	8.8	True	11.02	0.07	False	False	False	False	False	True	True	False	637
618124	574	D	G		FBN1_cbEGF3-5_Ca3	490-612	3,4,5	38	97.7	69.6	36.1	False	4.39	0.01	False	False	False	True	True	False	False	False	
623167	2190	C	F		FBN1_cbEGF33-35_Ca3	2166-2290	33,34,35	24	95.9	25.6	15.3	True	10.89	0.05	False	False	False	False	False	True	True	False	2176
623870	2019	E	K		FBN1_cbEGF29-31_Ca3	1930-2054	29,30,31	35	91.7	120.2	53.9	False	8.41	0.05	False	False	False	False	False	False	False	False	
625128	2565	C	Y		FBN1_cbEGF39-41_Ca3	2485-2606	39,40,41	41	96.3	12.4	7.4	True	10.66	0.06	False	False	False	False	False	True	True	False	2552
625127	2528	C	R	pathogenic	FBN1_cbEGF39-41_Ca3	2485-2606	39,40,41	43	96.4	27.9	16.7	True	6.47	0.03	False	False	False	False	False	True	True	False	2541
625125	2129	D	G		FBN1_cbEGF31-33_Ca3	2013-2205	31,32,33	76	96.2	43.3	22.5	False	4.32	0.01	False	False	False	True	True	False	False	False	
625121	1346	F	V		FBN1_cbEGF17-19_Ca3	1280-1403	17,18,19	57	98.7	58.2	24.2	False	4.62	0.03	False	False	False	True	True	False	False	False	
625120	1200	E	V		FBN1_cbEGF13-15_Ca3	1113-1237	13,14,15	37	98.3	30.2	13.6	True	2.51	0.02	True	False	True	True	False	False	False	False	
625119	1111	C	Y		FBN1_cbEGF11-13_Ca3	1028-1154	11,12,13	43	98.1	8.8	5.3	True	10.6	0.05	False	False	False	False	False	True	True	False	1097
625118	853	C	R		FBN1_cbEGF9-11_Ca3	807-1069	9,10,11	46	97.6	0.0	0.0	True	13.98	0.06	False	False	False	False	False	True	True	False	875
626103	1488	V	L	vus	FBN1_cbEGF21-23_Ca3	1446-1647	21,22,23	42	97.9	44.0	25.3	False	2.35	0.02	False	True	True	False	False	False	False	False	
626876	2552	C	R	pathogenic	FBN1_cbEGF39-41_Ca3	2485-2606	39,40,41	54	97.4	35.9	21.5	False	11.88	0.13	False	False	False	False	False	True	True	False	2565
626877	2550	C	S	pathogenic	FBN1_cbEGF39-41_Ca3	2485-2606	39,40,41	56	96.1	17.7	10.6	True	10.94	0.06	False	False	False	False	False	True	True	False	2535
626586	2296	Q	H		FBN1_cbEGF35-37_Ca3	2247-2443	35,36,37	49	90.7	135.1	60.1	False	8.32	0.05	False	False	False	False	False	False	False	False	
626587	2083	C	S		FBN1_cbEGF31-33_Ca3	2013-2205	31,32,33	70	97.4	0.0	0.0	True	12.65	0.05	False	False	False	False	False	True	True	False	2061
626588	2027	G	R		FBN1_cbEGF29-31_Ca3	1930-2054	29,30,31	27	95.4	20.3	19.5	True	15.36	0.07	False	False	False	False	False	False	False	False	
626591	1842	T	I	vus	FBN1_cbEGF25-27_Ca3	1766-1890	25,26,27	48	95.6	34.8	20.2	False	12.5	0.1	False	False	False	False	False	False	False	False	
626593	1834	D	E	vus	FBN1_cbEGF25-27_Ca3	1766-1890	25,26,27	56	97.2	45.0	23.3	False	13.37	0.03	False	False	False	False	False	False	False	False	
626594	1828	A	T	vus	FBN1_cbEGF25-27_Ca3	1766-1890	25,26,27	62	98.3	87.3	67.6	False	4.65	0.02	False	False	False	False	False	False	False	False	
626880	1450	C	F	pathogenic	FBN1_cbEGF19-21_Ca3	1363-1486	19,20,21	36	98.2	40.3	24.1	False	6.41	0.02	False	False	False	False	False	True	True	False	1461
626881	1428	R	H	vus	FBN1_cbEGF19-21_Ca3	1363-1486	19,20,21	58	89.6	130.7	47.7	False	7.43	0.04	False	False	False	False	False	False	False	False	
626882	1361	C	R	pathogenic	FBN1_cbEGF17-19_Ca3	1280-1403	17,18,19	42	98.8	17.1	10.2	True	10.67	0.05	False	False	False	False	False	True	True	False	1350
626883	1277	T	S		FBN1_cbEGF15-17_Ca3	1197-1321	15,16,17	44	96.4	61.7	35.9	False	13.63	0.08	False	False	False	False	False	False	False	False	
626596	1097	C	F		FBN1_cbEGF11-13_Ca3	1028-1154	11,12,13	57	98.5	37.9	22.7	False	11.79	0.06	False	False	False	False	False	True	True	False	1111
626597	928	N	I		FBN1_cbEGF9-11_Ca3	807-1069	9,10,11	121	97.7	54.0	27.7	False	2.3	0.02	True	False	True	True	False	False	False	False	
626600	816	C	F		FBN1_cbEGF7-9_Ca3	723-846	7,8,9	30	98.5	19.2	11.5	True	11.18	0.09	False	False	False	False	False	True	True	False	830
628178	2484	K	R		FBN1_cbEGF37-39_Ca3	2402-2523	37,38,39	39	93.7	103.4	43.8	False	7.38	0.02	False	False	False	False	False	False	False	False	
628701	2189	E	Q		FBN1_cbEGF33-35_Ca3	2166-2290	33,34,35	23	89.1	93.5	41.9	False	7.43	0.04	False	False	False	False	False	False	False	False	
629673	2149	Y	F		FBN1_cbEGF31-33_Ca3	2013-2205	31,32,33	56	95.2	45.8	17.4	True	4.63	0.03	False	False	False	True	True	False	False	False	
629518	2108	R	H	vus	FBN1_cbEGF31-33_Ca3	2013-2205	31,32,33	95	79.5	110.7	40.4	False	18.25	0.17	False	False	False	False	False	False	False	False	
628860	2048	S	F		FBN1_cbEGF31-33_Ca3	2013-2205	31,32,33	35	91.8	94.5	61.0	False	17.02	0.11	False	False	False	False	False	False	False	False	
629678	1906	R	G		FBN1_cbEGF27-29_Ca3	1849-1972	27,28,29	57	88.5	171.1	62.4	False	6.66	0.02	False	False	False	False	False	False	False	False	
629532	1301	G	A		FBN1_cbEGF17-19_Ca3	1280-1403	17,18,19	21	95.3	70.0	67.3	False	4.12	0.04	False	False	False	False	False	False	False	False	
629616	1121	P	S		FBN1_cbEGF11-13_Ca3	1028-1154	11,12,13	33	93.6	116.4	73.2	False	12.95	0.07	False	False	False	False	False	False	False	False	
630592	970	P	S		FBN1_cbEGF9-11_Ca3	807-1069	9,10,11	99	95.6	89.9	56.5	False	18.29	0.08	False	False	False	False	False	False	False	False	
628357	929	T	A	vus	FBN1_cbEGF9-11_Ca3	807-1069	9,10,11	122	97.3	46.6	27.1	False	2.58	0.04	False	True	True	False	False	False	False	False	
629374	918	P	R	benign	FBN1_cbEGF9-11_Ca3	807-1069	9,10,11	111	90.8	97.8	61.5	False	12.37	0.08	False	False	False	False	False	False	False	False	
629651	633	G	A		FBN1_cbEGF5-7_Ca3	572-764	5,6,7	61	97.2	20.4	19.6	True	4.12	0.05	False	False	False	False	False	False	False	False	
629467	487	E	A	vus	FBN1_cbEGF1-3_Ca3	246-529	1,2,3	42	69.8	18.3	8.2	True	13.39	0.53	False	False	False	False	False	False	False	False	
629654	312	F	L		FBN1_cbEGF1-3_Ca3	246-529	1,2,3	66	83.6	102.3	42.6	False	7.48	0.03	False	False	False	False	False	False	False	False	
632816	2495	N	S	vus	FBN1_cbEGF37-39_Ca3	2402-2523	37,38,39	28	92.1	99.1	50.8	False	11.63	0.07	False	False	False	False	False	False	False	False	
633209	2395	G	R		FBN1_cbEGF35-37_Ca3	2247-2443	35,36,37	48	97.3	0.0	0.0	True	4.74	0.04	False	False	False	False	False	False	False	False	
632817	2297	T	M		FBN1_cbEGF35-37_Ca3	2247-2443	35,36,37	50	95.1	67.9	39.5	False	7.77	0.04	False	False	False	False	False	False	False	False	
632813	2289	C	S	pathogenic	FBN1_cbEGF35-37_Ca3	2247-2443	35,36,37	42	95.7	34.3	20.5	False	10.77	0.03	False	False	False	False	False	True	True	False	2276
632805	2276	C	Y		FBN1_cbEGF35-37_Ca3	2247-2443	35,36,37	29	95.8	25.7	15.4	True	11.65	0.16	False	False	False	False	False	True	True	False	2289
632820	2270	G	D	vus	FBN1_cbEGF35-37_Ca3	2247-2443	35,36,37	23	96.1	67.9	65.3	False	4.13	0.04	False	False	False	False	False	False	False	False	
633210	2244	M	I		FBN1_cbEGF33-35_Ca3	2166-2290	33,34,35	46	92.1	93.2	41.6	False	14.06	0.04	False	False	False	False	False	False	False	False	
633211	2137	C	Y	pathogenic	FBN1_cbEGF31-33_Ca3	2013-2205	31,32,33	68	95.7	13.2	7.9	True	12.14	0.07	False	False	False	False	False	True	True	False	2151
632806	1967	D	E		FBN1_cbEGF29-31_Ca3	1930-2054	29,30,31	37	93.6	87.7	45.4	False	13.54	0.23	False	False	False	False	False	False	False	False	
632819	1853	C	Y	pathogenic	FBN1_cbEGF25-27_Ca3	1766-1890	25,26,27	37	98.4	38.8	23.2	False	6.36	0.02	False	False	False	False	False	True	True	False	1865
633216	1832	R	S		FBN1_cbEGF25-27_Ca3	1766-1890	25,26,27	58	93.7	119.4	43.6	False	7.46	0.03	False	False	False	False	False	False	False	False	
632803	1652	C	R		FBN1_cbEGF23-25_Ca3	1606-1807	23,24,25	46	97.1	41.5	24.9	False	6.48	0.04	False	False	False	False	False	True	True	False	1663
632810	1647	D	V		FBN1_cbEGF23-25_Ca3	1606-1807	23,24,25	41	97.5	45.1	23.4	False	7.36	0.02	False	False	False	False	False	False	False	False	
632809	1534	C	S		FBN1_cbEGF21-23_Ca3	1446-1647	21,22,23	88	98.8	0.0	0.0	True	13.49	0.04	False	False	False	False	False	True	True	False	1562
632808	1353	G	W		FBN1_cbEGF17-19_Ca3	1280-1403	17,18,19	50	98.7	17.5	16.8	True	4.57	0.04	False	False	False	False	False	False	False	False	
633214	935	C	Y		FBN1_cbEGF9-11_Ca3	807-1069	9,10,11	128	96.5	6.0	3.6	True	10.78	0.04	False	False	False	False	False	True	True	False	921
633213	450	T	A	vus	FBN1_cbEGF1-3_Ca3	246-529	1,2,3	79	49.4	55.9	32.5	False	28.68	3.8	False	False	False	False	False	False	False	False	
635278	1646	C	F		FBN1_cbEGF23-25_Ca3	1606-1807	23,24,25	40	98.7	10.9	6.5	True	10.28	0.07	False	False	False	False	False	True	True	False	1633
636638	2607	D	N	pathogenic	FBN1_cbEGF41-43_Ca3	2567-2687	41,42,43	40	95.7	35.0	18.1	True	2.61	0.02	True	False	True	True	False	False	False	False	
636935	2364	C	Y		FBN1_cbEGF35-37_Ca3	2247-2443	35,36,37	79	97.7	4.4	2.6	True	12.4	0.11	False	False	False	False	False	True	True	False	
636975	2350	I	M		FBN1_cbEGF35-37_Ca3	2247-2443	35,36,37	93	90.8	141.5	71.8	False	22.04	0.1	False	False	False	False	False	False	False	False	
636543	2251	C	G		FBN1_cbEGF33-35_Ca3	2166-2290	33,34,35	39	98.4	31.7	19.0	True	6.33	0.02	False	False	False	False	False	True	True	False	2265
636946	2206	D	G		FBN1_cbEGF33-35_Ca3	2166-2290	33,34,35	40	97.6	40.2	20.8	False	2.58	0.05	True	False	True	True	False	False	False	False	
636895	2170	C	R	pathogenic	FBN1_cbEGF31-33_Ca3	2013-2205	31,32,33	35	93.9	33.1	19.8	True	6.42	0.04	False	False	False	False	False	True	True	False	2181
636784	1642	D	G		FBN1_cbEGF23-25_Ca3	1606-1807	23,24,25	36	94.9	138.4	71.7	False	18.21	0.05	False	False	False	False	False	False	False	False	
636765	1337	A	V		FBN1_cbEGF17-19_Ca3	1280-1403	17,18,19	57	98.8	22.0	17.1	True	13.91	0.1	False	False	False	False	False	False	False	False	
636757	1198	I	T	vus	FBN1_cbEGF13-15_Ca3	1113-1237	13,14,15	39	98.2	61.1	31.0	False	2.37	0.01	False	True	True	False	False	False	False	False	
637004	845	C	S		FBN1_cbEGF9-11_Ca3	807-1069	9,10,11	38	97.2	0.8	0.5	True	17.51	0.19	False	False	False	False	False	True	True	False	832
636896	737	G	R	vus	FBN1_cbEGF5-7_Ca3	572-764	5,6,7	27	97.5	18.5	17.8	True	15.45	0.05	False	False	False	False	False	False	False	False	
636747	612	K	N		FBN1_cbEGF5-7_Ca3	572-764	5,6,7	40	90.2	96.2	40.8	False	7.32	0.02	False	False	False	False	False	False	False	False	
636447	513	C	Y		FBN1_cbEGF3-5_Ca3	490-612	3,4,5	23	98.5	0.8	0.5	True	10.74	0.02	False	False	False	False	False	True	True	False	499
636640	460	C	Y	pathogenic	FBN1_cbEGF1-3_Ca3	246-529	1,2,3	69	77.0	4.0	2.4	True	15.49	0.43	False	False	False	False	False	True	True	False	474
638157	2402	D	N		FBN1_cbEGF35-37_Ca3	2247-2443	35,36,37	41	97.0	33.9	17.5	True	2.61	0.07	True	False	True	True	False	False	False	False	
638555	2276	C	W		FBN1_cbEGF35-37_Ca3	2247-2443	35,36,37	29	95.8	25.7	15.4	True	11.65	0.16	False	False	False	False	False	True	True	False	2289
638559	1989	C	F	pathogenic	FBN1_cbEGF29-31_Ca3	1930-2054	29,30,31	59	97.2	30.9	18.5	True	8.18	0.05	False	False	False	False	False	True	True	False	1977
638563	739	C	W		FBN1_cbEGF5-7_Ca3	572-764	5,6,7	25	97.7	26.0	15.6	True	7.82	0.05	False	False	False	False	False	True	True	False	727
638643	921	C	R		FBN1_cbEGF9-11_Ca3	807-1069	9,10,11	114	92.0	10.1	6.1	True	11.36	0.07	False	False	False	False	False	True	True	False	935
638676	950	C	S		FBN1_cbEGF9-11_Ca3	807-1069	9,10,11	119	86.5	0.4	0.2	True	17.59	0.07	False	False	False	False	False	True	True	False	937
652442	2687	V	F	vus	FBN1_cbEGF41-43_Ca3	2567-2687	41,42,43	0	80.4	93.5	53.7	False	22.15	0.42	False	False	False	False	False	False	False	False	
654002	2672	C	F		FBN1_cbEGF41-43_Ca3	2567-2687	41,42,43	15	90.2	39.9	23.9	False	10.67	0.05	False	False	False	False	False	True	True	False	2659
661431	2663	C	Y	pathogenic	FBN1_cbEGF41-43_Ca3	2567-2687	41,42,43	24	91.7	48.0	28.7	False	8.18	0.07	False	False	False	False	False	True	True	False	2652
653296	2646	C	Y		FBN1_cbEGF41-43_Ca3	2567-2687	41,42,43	41	93.8	36.3	21.8	False	10.54	0.07	False	False	False	False	False	True	True	False	2633
659715	2646	C	S		FBN1_cbEGF41-43_Ca3	2567-2687	41,42,43	41	93.8	36.3	21.8	False	10.54	0.07	False	False	False	False	False	True	True	False	2633
659764	2638	Q	H		FBN1_cbEGF41-43_Ca3	2567-2687	41,42,43	49	89.1	95.4	42.4	False	8.72	0.07	False	False	False	False	False	False	False	False	
660361	2589	R	G		FBN1_cbEGF41-43_Ca3	2567-2687	41,42,43	22	80.0	138.6	50.6	False	7.34	0.02	False	False	False	False	False	False	False	False	
656559	2560	Q	H		FBN1_cbEGF39-41_Ca3	2485-2606	39,40,41	46	85.8	185.9	82.6	False	15.38	0.42	False	False	False	False	False	False	False	False	
654126	2471	P	L		FBN1_cbEGF37-39_Ca3	2402-2523	37,38,39	52	97.9	49.5	31.1	False	9.56	0.05	False	False	False	False	False	False	False	False	
664702	2459	C	F		FBN1_cbEGF37-39_Ca3	2402-2523	37,38,39	57	98.7	38.8	23.3	False	8.25	0.02	False	False	False	False	False	True	True	False	2448
646261	2442	C	Y	pathogenic	FBN1_cbEGF37-39_Ca3	2402-2523	37,38,39	40	98.7	16.5	9.9	True	10.6	0.02	False	False	False	False	False	True	True	False	2429
648865	2366	D	N		FBN1_cbEGF35-37_Ca3	2247-2443	35,36,37	77	87.5	4.0	2.1	True	5.23	0.21	False	False	False	False	False	False	False	False	
662097	2306	R	C	pathogenic	FBN1_cbEGF35-37_Ca3	2247-2443	35,36,37	59	84.3	147.8	54.0	False	12.29	0.06	False	False	False	False	False	False	False	True	
653363	2289	C	Y	pathogenic	FBN1_cbEGF35-37_Ca3	2247-2443	35,36,37	42	95.7	34.3	20.5	False	10.77	0.03	False	False	False	False	False	True	True	False	2276
662944	2250	E	K		FBN1_cbEGF33-35_Ca3	2166-2290	33,34,35	40	97.8	10.2	4.6	True	2.38	0.04	True	False	True	True	False	False	False	False	
643925	2208	N	S		FBN1_cbEGF33-35_Ca3	2166-2290	33,34,35	42	97.3	66.8	34.2	False	4.38	0.01	False	False	False	True	True	False	False	False	
649846	2201	M	L	vus	FBN1_cbEGF33-35_Ca3	2166-2290	33,34,35	35	83.4	152.3	68.0	False	13.36	0.13	False	False	False	False	False	False	False	False	
647088	2195	G	V		FBN1_cbEGF33-35_Ca3	2166-2290	33,34,35	29	98.3	11.4	11.0	True	4.62	0.03	False	False	False	False	False	False	False	False	
662658	2151	C	Y		FBN1_cbEGF31-33_Ca3	2013-2205	31,32,33	54	97.2	18.7	11.2	True	10.68	0.05	False	False	False	False	False	True	True	False	2137
664437	2131	C	W	pathogenic	FBN1_cbEGF31-33_Ca3	2013-2205	31,32,33	74	95.9	39.6	23.7	False	6.37	0.02	False	False	False	False	False	True	True	False	2142
640534	1994	G	L		FBN1_cbEGF29-31_Ca3	1930-2054	29,30,31	60	97.8	19.8	19.0	True	4.09	0.01	False	False	False	False	False	False	False	False	
641330	1910	G	C		FBN1_cbEGF27-29_Ca3	1849-1972	27,28,29	61	97.7	21.5	20.7	False	3.99	0.02	False	False	False	False	False	False	False	True	
659198	1893	N	K		FBN1_cbEGF27-29_Ca3	1849-1972	27,28,29	44	97.6	53.5	27.4	False	4.36	0.02	False	False	False	True	True	False	False	False	
652102	1880	F	S		FBN1_cbEGF27-29_Ca3	1849-1972	27,28,29	31	98.7	25.6	10.7	True	6.86	0.01	False	False	False	False	False	False	False	False	
645309	1860	C	Y	pathogenic	FBN1_cbEGF25-27_Ca3	1766-1890	25,26,27	30	97.7	7.3	4.4	True	11.01	0.02	False	False	False	False	False	True	True	False	1874
642146	1839	Y	C		FBN1_cbEGF25-27_Ca3	1766-1890	25,26,27	51	98.7	37.5	14.3	True	6.97	0.04	False	False	False	False	False	False	False	True	
649332	1829	G	R		FBN1_cbEGF25-27_Ca3	1766-1890	25,26,27	61	98.4	20.8	20.0	True	4.02	0.02	False	False	False	False	False	False	False	False	
660084	1824	C	Y		FBN1_cbEGF25-27_Ca3	1766-1890	25,26,27	58	98.3	37.8	22.6	False	8.13	0.05	False	False	False	False	False	True	True	False	1812
655979	1812	C	R	pathogenic	FBN1_cbEGF25-27_Ca3	1766-1890	25,26,27	46	97.9	36.3	21.7	False	6.44	0.02	False	False	False	False	False	True	True	False	1824
647812	1793	C	R	pathogenic	FBN1_cbEGF25-27_Ca3	1766-1890	25,26,27	27	98.9	39.4	23.6	False	12.04	0.04	False	False	False	False	False	True	True	False	1806
647128	1760	Y	C	vus	FBN1_cbEGF23-25_Ca3	1606-1807	23,24,25	47	80.7	159.0	60.5	False	14.0	0.57	False	False	False	False	False	False	False	True	
640108	1672	C	F	pathogenic	FBN1_cbEGF23-25_Ca3	1606-1807	23,24,25	66	97.4	0.0	0.0	True	10.78	0.05	False	False	False	False	False	True	True	False	1658
661945	1572	T	A	vus	FBN1_cbEGF21-23_Ca3	1446-1647	21,22,23	75	90.6	117.4	68.2	False	23.33	0.06	False	False	False	False	False	False	False	False	
652226	1525	G	D		FBN1_cbEGF21-23_Ca3	1446-1647	21,22,23	79	98.1	0.0	0.0	True	15.54	0.23	False	False	False	False	False	False	False	False	
640417	1514	P	L		FBN1_cbEGF21-23_Ca3	1446-1647	21,22,23	68	98.1	32.9	20.7	False	19.53	0.04	False	False	False	False	False	False	False	False	
660076	1428	R	C		FBN1_cbEGF19-21_Ca3	1363-1486	19,20,21	58	89.6	130.7	47.7	False	7.43	0.04	False	False	False	False	False	False	False	True	
641887	1426	G	R		FBN1_cbEGF19-21_Ca3	1363-1486	19,20,21	60	97.6	10.3	9.9	True	2.47	0.03	False	True	True	False	False	False	False	False	
647282	1376	Q	R	vus	FBN1_cbEGF17-19_Ca3	1280-1403	17,18,19	27	90.6	152.8	67.9	False	17.98	0.03	False	False	False	False	False	False	False	False	
639403	1320	C	R	pathogenic	FBN1_cbEGF17-19_Ca3	1280-1403	17,18,19	40	97.7	5.3	3.1	True	10.37	0.18	False	False	False	False	False	True	True	False	1307
658778	1225	P	L		FBN1_cbEGF15-17_Ca3	1197-1321	15,16,17	28	97.7	123.1	77.5	False	7.74	0.03	False	False	False	False	False	False	False	False	
639700	1209	E	V		FBN1_cbEGF13-15_Ca3	1113-1237	13,14,15	28	97.4	111.1	49.8	False	15.73	0.02	False	False	False	False	False	False	False	False	
639698	1197	D	V		FBN1_cbEGF13-15_Ca3	1113-1237	13,14,15	40	98.6	34.2	17.7	True	2.57	0.02	True	False	True	True	False	False	False	False	
647760	1158	E	G		FBN1_cbEGF13-15_Ca3	1113-1237	13,14,15	45	98.0	25.3	11.4	True	2.44	0.04	True	False	True	True	False	False	False	False	
660460	1134	G	R		FBN1_cbEGF13-15_Ca3	1113-1237	13,14,15	21	97.6	66.1	63.6	False	4.08	0.03	False	False	False	False	False	False	False	False	
665324	1068	C	S		FBN1_cbEGF11-13_Ca3	1028-1154	11,12,13	40	97.9	3.0	1.8	True	10.51	0.02	False	False	False	False	False	True	True	False	1055
646221	1058	G	D		FBN1_cbEGF11-13_Ca3	1028-1154	11,12,13	30	98.4	18.1	17.4	True	4.6	0.04	False	False	False	False	False	False	False	False	
652696	1054	R	S		FBN1_cbEGF11-13_Ca3	1028-1154	11,12,13	26	84.0	154.9	56.5	False	13.45	0.34	False	False	False	False	False	False	False	False	
650941	975	H	Y	vus	FBN1_cbEGF9-11_Ca3	807-1069	9,10,11	94	93.1	27.1	12.1	True	13.04	0.05	False	False	False	False	False	False	False	False	
661278	968	T	S	vus	FBN1_cbEGF9-11_Ca3	807-1069	9,10,11	101	93.7	53.8	31.3	False	20.1	0.11	False	False	False	False	False	False	False	False	
641157	963	E	K	vus	FBN1_cbEGF9-11_Ca3	807-1069	9,10,11	106	85.5	102.1	45.8	False	23.76	0.06	False	False	False	False	False	False	False	False	
652247	914	C	R		FBN1_cbEGF9-11_Ca3	807-1069	9,10,11	107	97.1	29.4	17.6	True	6.5	0.04	False	False	False	False	False	True	True	False	926
642667	875	C	S		FBN1_cbEGF9-11_Ca3	807-1069	9,10,11	68	97.1	0.0	0.0	True	11.61	0.05	False	False	False	False	False	True	True	False	853
647275	832	C	S		FBN1_cbEGF9-11_Ca3	807-1069	9,10,11	25	96.6	40.2	24.1	False	16.94	0.17	False	False	False	False	False	True	True	False	845
656190	805	C	Y		FBN1_cbEGF7-9_Ca3	723-846	7,8,9	41	98.7	0.2	0.1	True	10.65	0.03	False	False	False	False	False	True	True	False	792
642750	705	A	T		FBN1_cbEGF5-7_Ca3	572-764	5,6,7	59	81.5	67.3	52.2	False	21.37	0.11	False	False	False	False	False	False	False	False	
646759	685	C	S		FBN1_cbEGF5-7_Ca3	572-764	5,6,7	79	96.1	2.8	1.7	True	8.69	0.08	False	False	False	False	False	True	True	False	
650371	624	M	R		FBN1_cbEGF5-7_Ca3	572-764	5,6,7	52	75.7	104.6	46.7	False	15.64	0.13	False	False	False	False	False	False	False	False	
654480	608	G	E	vus	FBN1_cbEGF5-7_Ca3	572-764	5,6,7	36	95.7	19.9	19.2	True	11.76	0.14	False	False	False	False	False	False	False	False	
660849	572	D	G		FBN1_cbEGF3-5_Ca3	490-612	3,4,5	40	98.2	38.1	19.7	True	2.52	0.02	True	False	True	True	False	False	False	False	
653004	504	C	S		FBN1_cbEGF1-3_Ca3	246-529	1,2,3	25	94.2	32.9	19.7	True	7.64	0.48	False	False	False	False	False	True	True	False	494
664156	486	G	E		FBN1_cbEGF1-3_Ca3	246-529	1,2,3	43	73.4	11.3	10.9	True	16.88	0.55	False	False	False	False	False	False	False	False	
657652	404	P	L		FBN1_cbEGF1-3_Ca3	246-529	1,2,3	125	33.6	111.2	69.9	False	29.22	8.56	False	False	False	False	False	False	False	False	
660486	402	P	L		FBN1_cbEGF1-3_Ca3	246-529	1,2,3	127	33.1	104.5	65.7	False	29.64	7.38	False	False	False	False	False	False	False	False	
654549	392	P	R		FBN1_cbEGF1-3_Ca3	246-529	1,2,3	137	55.3	95.7	60.2	False	21.89	3.23	False	False	False	False	False	False	False	False	
643422	386	N	H		FBN1_cbEGF1-3_Ca3	246-529	1,2,3	140	85.6	75.7	38.8	False	21.0	0.65	False	False	False	False	False	False	False	False	
647600	366	W	C	pathogenic	FBN1_cbEGF1-3_Ca3	246-529	1,2,3	120	93.7	0.7	0.2	True	24.82	2.2	False	False	False	False	False	False	False	True	
661976	332	R	L		FBN1_cbEGF1-3_Ca3	246-529	1,2,3	86	78.7	71.7	26.2	False	21.2	2.32	False	False	False	False	False	False	False	False	
667006	1138	C	Y		FBN1_cbEGF13-15_Ca3	1113-1237	13,14,15	25	97.9	22.0	13.2	True	10.77	0.09	False	False	False	False	False	True	True	False	1124
667456	2275	I	M		FBN1_cbEGF35-37_Ca3	2247-2443	35,36,37	28	93.3	54.0	27.4	False	12.72	0.12	False	False	False	False	False	False	False	False	
667452	2147	G	D		FBN1_cbEGF31-33_Ca3	2013-2205	31,32,33	58	95.4	23.0	22.1	False	4.11	0.03	False	False	False	False	False	False	False	False	
667451	1146	L	R		FBN1_cbEGF13-15_Ca3	1113-1237	13,14,15	33	96.8	74.7	37.2	False	12.16	0.07	False	False	False	False	False	False	False	False	
667457	871	L	F		FBN1_cbEGF9-11_Ca3	807-1069	9,10,11	64	94.5	45.0	22.4	False	14.15	0.05	False	False	False	False	False	False	False	False	
667455	524	T	K		FBN1_cbEGF3-5_Ca3	490-612	3,4,5	34	95.3	101.2	58.8	False	12.23	0.1	False	False	False	False	False	False	False	False	
667453	486	G	W		FBN1_cbEGF1-3_Ca3	246-529	1,2,3	43	73.4	11.3	10.9	True	16.88	0.55	False	False	False	False	False	False	False	False	
684493	1570	W	R		FBN1_cbEGF21-23_Ca3	1446-1647	21,22,23	77	98.2	7.3	2.6	True	16.52	0.05	False	False	False	False	False	False	False	False	
684608	2295	C	W		FBN1_cbEGF35-37_Ca3	2247-2443	35,36,37	48	97.9	38.1	22.8	False	6.46	0.05	False	False	False	False	False	True	True	False	2307
684600	2049	S	G		FBN1_cbEGF31-33_Ca3	2013-2205	31,32,33	36	91.9	55.8	36.0	False	13.28	0.1	False	False	False	False	False	False	False	False	
684599	2040	C	R		FBN1_cbEGF31-33_Ca3	2013-2205	31,32,33	27	96.1	40.4	24.2	False	16.59	0.1	False	False	False	False	False	True	True	False	2053
684598	1893	N	S	pathogenic	FBN1_cbEGF27-29_Ca3	1849-1972	27,28,29	44	97.6	53.5	27.4	False	4.36	0.02	False	False	False	True	True	False	False	False	
684597	1833	C	Y		FBN1_cbEGF25-27_Ca3	1766-1890	25,26,27	57	98.1	33.1	19.8	True	10.92	0.03	False	False	False	False	False	True	True	False	1818
684596	1806	C	G		FBN1_cbEGF25-27_Ca3	1766-1890	25,26,27	40	98.8	0.1	0.0	True	10.69	0.03	False	False	False	False	False	True	True	False	1793
684590	1022	G	E		FBN1_cbEGF9-11_Ca3	807-1069	9,10,11	47	62.0	27.3	26.3	False	19.61	0.59	False	False	False	False	False	False	False	False	
684588	880	G	C		FBN1_cbEGF9-11_Ca3	807-1069	9,10,11	73	96.7	12.3	11.8	True	12.28	0.04	False	False	False	False	False	False	False	True	
684582	685	C	R		FBN1_cbEGF5-7_Ca3	572-764	5,6,7	79	96.1	2.8	1.7	True	8.69	0.08	False	False	False	False	False	True	True	False	
684580	630	N	H		FBN1_cbEGF5-7_Ca3	572-764	5,6,7	58	97.6	58.3	29.9	False	2.35	0.04	True	False	True	True	False	False	False	False	
684579	628	C	N		FBN1_cbEGF5-7_Ca3	572-764	5,6,7	56	93.7	33.7	20.2	False	7.81	0.02	False	False	False	False	False	True	True	False	617
684577	545	R	P		FBN1_cbEGF3-5_Ca3	490-612	3,4,5	55	88.0	147.3	53.8	False	12.35	0.09	False	False	False	False	False	False	False	False	
684576	460	C	S		FBN1_cbEGF1-3_Ca3	246-529	1,2,3	69	77.0	4.0	2.4	True	15.49	0.43	False	False	False	False	False	True	True	False	474
684575	327	R	G	vus	FBN1_cbEGF1-3_Ca3	246-529	1,2,3	81	77.4	89.2	32.5	False	13.09	0.09	False	False	False	False	False	False	False	False	
684730	1095	C	S		FBN1_cbEGF11-13_Ca3	1028-1154	11,12,13	59	98.0	16.0	9.6	True	10.78	0.07	False	False	False	False	False	True	True	False	1081
684777	1793	C	Y		FBN1_cbEGF25-27_Ca3	1766-1890	25,26,27	27	98.9	39.4	23.6	False	12.04	0.04	False	False	False	False	False	True	True	False	1806
684779	805	C	W	pathogenic	FBN1_cbEGF7-9_Ca3	723-846	7,8,9	41	98.7	0.2	0.1	True	10.65	0.03	False	False	False	False	False	True	True	False	792
684790	1889	C	Y	pathogenic	FBN1_cbEGF27-29_Ca3	1849-1972	27,28,29	40	98.7	14.8	8.8	True	10.54	0.04	False	False	False	False	False	True	True	False	1876
684789	1398	D	N		FBN1_cbEGF19-21_Ca3	1363-1486	19,20,21	35	97.9	100.5	52.1	False	15.55	0.04	False	False	False	False	False	False	False	False	
689478	1876	C	S		FBN1_cbEGF27-29_Ca3	1849-1972	27,28,29	27	98.8	35.1	21.0	False	11.79	0.04	False	False	False	False	False	True	True	False	1889
689491	1824	C	F		FBN1_cbEGF25-27_Ca3	1766-1890	25,26,27	58	98.3	37.8	22.6	False	8.13	0.05	False	False	False	False	False	True	True	False	1812
689583	2592	C	G		FBN1_cbEGF41-43_Ca3	2567-2687	41,42,43	25	94.5	34.9	20.9	False	11.8	0.04	False	False	False	False	False	True	True	False	2605
689552	2315	T	A	vus	FBN1_cbEGF35-37_Ca3	2247-2443	35,36,37	68	94.5	39.1	22.7	False	7.42	0.04	False	False	False	False	False	False	False	False	
690431	2390	C	S	pathogenic	FBN1_cbEGF35-37_Ca3	2247-2443	35,36,37	53	96.8	3.1	1.9	True	13.21	0.09	False	False	False	False	False	True	True	False	
690432	2363	C	G	pathogenic	FBN1_cbEGF35-37_Ca3	2247-2443	35,36,37	80	97.4	0.0	0.0	True	11.26	0.05	False	False	False	False	False	True	True	False	
690486	1777	C	R		FBN1_cbEGF23-25_Ca3	1606-1807	23,24,25	30	98.0	12.7	7.6	True	11.9	0.07	False	False	False	False	False	True	True	False	1791
691913	265	T	I	vus	FBN1_cbEGF1-3_Ca3	246-529	1,2,3	19	92.7	52.4	30.5	False	2.65	0.24	False	True	True	False	False	False	False	False	
694262	1847	C	S		FBN1_cbEGF25-27_Ca3	1766-1890	25,26,27	43	98.7	3.5	2.1	True	10.7	0.05	False	False	False	False	False	True	True	False	1835
724608	2037	K	R		FBN1_cbEGF31-33_Ca3	2013-2205	31,32,33	24	85.1	124.6	52.8	False	7.28	0.03	False	False	False	False	False	False	False	False	
803079	2610	E	D		FBN1_cbEGF41-43_Ca3	2567-2687	41,42,43	43	95.6	18.3	8.2	True	2.42	0.05	True	False	True	True	False	False	False	False	
803082	2027	G	C		FBN1_cbEGF29-31_Ca3	1930-2054	29,30,31	27	95.4	20.3	19.5	True	15.36	0.07	False	False	False	False	False	False	False	True	
803086	1695	C	G		FBN1_cbEGF23-25_Ca3	1606-1807	23,24,25	89	98.4	0.0	0.0	True	15.32	0.08	False	False	False	False	False	True	True	False	
803087	1663	C	S		FBN1_cbEGF23-25_Ca3	1606-1807	23,24,25	57	97.9	31.0	18.6	True	7.88	0.03	False	False	False	False	False	True	True	False	1652
803088	1563	C	S		FBN1_cbEGF21-23_Ca3	1446-1647	21,22,23	84	98.9	6.7	4.0	True	12.2	0.04	False	False	False	False	False	True	True	False	1577
803089	1350	C	G		FBN1_cbEGF17-19_Ca3	1280-1403	17,18,19	53	98.9	27.3	16.3	True	11.81	0.08	False	False	False	False	False	True	True	False	1361
803090	1350	C	R	pathogenic	FBN1_cbEGF17-19_Ca3	1280-1403	17,18,19	53	98.9	27.3	16.3	True	11.81	0.08	False	False	False	False	False	True	True	False	1361
803091	1182	C	Y	pathogenic	FBN1_cbEGF13-15_Ca3	1113-1237	13,14,15	55	98.8	37.1	22.2	False	11.91	0.04	False	False	False	False	False	True	True	False	1195
803095	587	C	R		FBN1_cbEGF3-5_Ca3	490-612	3,4,5	25	98.5	32.3	19.3	True	7.95	0.05	False	False	False	False	False	True	True	False	576
803096	560	G	V	pathogenic	FBN1_cbEGF3-5_Ca3	490-612	3,4,5	52	98.1	17.7	17.0	True	4.7	0.08	False	False	False	False	False	False	False	False	
803097	377	C	Y	pathogenic	FBN1_cbEGF1-3_Ca3	246-529	1,2,3	131	95.1	15.4	9.2	True	28.06	3.19	False	False	False	False	False	True	True	False	
807242	2201	M	V	vus	FBN1_cbEGF33-35_Ca3	2166-2290	33,34,35	35	83.4	152.3	68.0	False	13.36	0.13	False	False	False	False	False	False	False	False	
807243	1752	R	S		FBN1_cbEGF23-25_Ca3	1606-1807	23,24,25	55	84.1	144.5	52.8	False	9.48	0.81	False	False	False	False	False	False	False	False	
807244	1720	C	R	pathogenic	FBN1_cbEGF23-25_Ca3	1606-1807	23,24,25	87	98.6	6.7	4.0	True	12.23	0.02	False	False	False	False	False	True	True	False	
807245	1529	T	I		FBN1_cbEGF21-23_Ca3	1446-1647	21,22,23	83	96.0	68.9	40.1	False	19.73	0.09	False	False	False	False	False	False	False	False	
807248	692	F	C		FBN1_cbEGF5-7_Ca3	572-764	5,6,7	72	95.2	13.6	5.7	True	16.62	0.09	False	False	False	False	False	False	False	True	
807250	299	C	R	pathogenic	FBN1_cbEGF1-3_Ca3	246-529	1,2,3	53	92.8	3.8	2.3	True	11.23	0.03	False	False	False	False	False	True	True	False	313
807251	293	S	N		FBN1_cbEGF1-3_Ca3	246-529	1,2,3	47	92.3	81.8	52.8	False	8.57	0.06	False	False	False	False	False	False	False	False	
810672	2038	C	S		FBN1_cbEGF31-33_Ca3	2013-2205	31,32,33	25	96.7	13.4	8.0	True	10.66	0.05	False	False	False	False	False	True	True	False	2024
811957	2024	C	Y	pathogenic	FBN1_cbEGF29-31_Ca3	1930-2054	29,30,31	30	95.6	2.6	1.6	True	11.05	0.07	False	False	False	False	False	True	True	False	2038
811830	2003	G	R	vus	FBN1_cbEGF29-31_Ca3	1930-2054	29,30,31	51	97.8	17.7	17.0	True	4.67	0.04	False	False	False	False	False	False	False	False	
811411	1942	C	R	pathogenic	FBN1_cbEGF27-29_Ca3	1849-1972	27,28,29	30	98.2	2.4	1.4	True	11.02	0.04	False	False	False	False	False	True	True	False	1956
828000	2082	E	Q	vus	FBN1_cbEGF31-33_Ca3	2013-2205	31,32,33	69	94.8	38.2	17.1	True	10.52	0.05	False	False	False	False	False	False	False	False	
828129	876	C	F	pathogenic	FBN1_cbEGF9-11_Ca3	807-1069	9,10,11	69	96.7	7.2	4.3	True	12.3	0.04	False	False	False	False	False	True	True	False	890
857658	2672	C	R		FBN1_cbEGF41-43_Ca3	2567-2687	41,42,43	15	90.2	39.9	23.9	False	10.67	0.05	False	False	False	False	False	True	True	False	2659
844728	2622	C	S	pathogenic	FBN1_cbEGF41-43_Ca3	2567-2687	41,42,43	55	95.0	39.2	23.5	False	8.16	0.09	False	False	False	False	False	True	True	False	2611
837695	2615	H	D		FBN1_cbEGF41-43_Ca3	2567-2687	41,42,43	48	76.8	159.0	71.0	False	13.89	0.26	False	False	False	False	False	False	False	False	
854052	2583	N	S	vus	FBN1_cbEGF39-41_Ca3	2485-2606	39,40,41	23	96.8	46.4	23.8	False	2.26	0.02	True	False	True	True	False	False	False	False	
858956	2566	E	A	vus	FBN1_cbEGF39-41_Ca3	2485-2606	39,40,41	40	88.8	91.1	40.8	False	7.33	0.03	False	False	False	False	False	False	False	False	
842096	2563	S	C		FBN1_cbEGF39-41_Ca3	2485-2606	39,40,41	43	89.9	36.4	23.5	False	12.52	0.29	False	False	False	False	False	False	False	True	
843462	2552	C	F		FBN1_cbEGF39-41_Ca3	2485-2606	39,40,41	54	97.4	35.9	21.5	False	11.88	0.13	False	False	False	False	False	True	True	False	2565
859479	2546	G	R		FBN1_cbEGF39-41_Ca3	2485-2606	39,40,41	60	96.8	21.2	20.4	False	3.96	0.01	False	False	False	False	False	False	False	False	
839607	2524	D	H		FBN1_cbEGF39-41_Ca3	2485-2606	39,40,41	39	97.1	40.3	20.9	False	2.66	0.03	True	False	True	True	False	False	False	False	
852973	2467	Q	P		FBN1_cbEGF37-39_Ca3	2402-2523	37,38,39	56	89.8	110.0	48.9	False	7.35	0.04	False	False	False	False	False	False	False	False	
849304	2454	P	T	vus	FBN1_cbEGF37-39_Ca3	2402-2523	37,38,39	52	97.5	25.8	16.2	True	9.16	0.04	False	False	False	False	False	False	False	False	
842263	2406	C	R		FBN1_cbEGF35-37_Ca3	2247-2443	35,36,37	37	93.2	43.7	26.1	False	6.56	0.03	False	False	False	False	False	True	True	False	2418
856730	2302	C	Y		FBN1_cbEGF35-37_Ca3	2247-2443	35,36,37	55	95.4	7.3	4.4	True	10.96	0.09	False	False	False	False	False	True	True	False	2316
843495	2279	G	R		FBN1_cbEGF35-37_Ca3	2247-2443	35,36,37	32	96.2	17.6	17.0	True	4.37	0.05	False	False	False	False	False	False	False	False	
855685	2270	G	V		FBN1_cbEGF35-37_Ca3	2247-2443	35,36,37	23	96.1	67.9	65.3	False	4.13	0.04	False	False	False	False	False	False	False	False	
837738	2215	L	M	vus	FBN1_cbEGF33-35_Ca3	2166-2290	33,34,35	49	92.1	157.4	78.3	False	14.04	0.02	False	False	False	False	False	False	False	False	
857010	2171	S	F	vus	FBN1_cbEGF31-33_Ca3	2013-2205	31,32,33	34	90.7	85.4	55.1	False	8.37	0.06	False	False	False	False	False	False	False	False	
863326	2154	P	S		FBN1_cbEGF31-33_Ca3	2013-2205	31,32,33	51	96.0	63.4	39.9	False	9.79	0.08	False	False	False	False	False	False	False	False	
835729	2117	I	N	vus	FBN1_cbEGF31-33_Ca3	2013-2205	31,32,33	88	95.4	21.2	10.8	True	6.49	0.2	False	False	False	False	False	False	False	False	
855800	2099	C	Y	pathogenic	FBN1_cbEGF31-33_Ca3	2013-2205	31,32,33	86	96.8	5.0	3.0	True	17.27	0.11	False	False	False	False	False	True	True	False	2084
840655	2044	F	V	vus	FBN1_cbEGF31-33_Ca3	2013-2205	31,32,33	31	88.5	49.9	20.8	False	21.83	0.11	False	False	False	False	False	False	False	False	
835183	1999	I	V	vus	FBN1_cbEGF29-31_Ca3	1930-2054	29,30,31	55	95.5	89.1	45.2	False	13.3	0.09	False	False	False	False	False	False	False	False	
852975	1971	C	R	pathogenic	FBN1_cbEGF29-31_Ca3	1930-2054	29,30,31	41	98.3	5.8	3.5	True	10.63	0.04	False	False	False	False	False	True	True	False	1958
834675	1948	I	V		FBN1_cbEGF27-29_Ca3	1849-1972	27,28,29	24	96.7	67.0	34.0	False	6.53	0.03	False	False	False	False	False	False	False	False	
854432	1947	C	G		FBN1_cbEGF27-29_Ca3	1849-1972	27,28,29	25	98.2	34.5	20.6	False	8.07	0.05	False	False	False	False	False	True	True	False	1934
845508	1826	N	S	vus	FBN1_cbEGF25-27_Ca3	1766-1890	25,26,27	60	98.3	58.7	30.1	False	2.29	0.02	True	False	True	True	False	False	False	False	
842482	1770	C	Y	pathogenic	FBN1_cbEGF23-25_Ca3	1606-1807	23,24,25	37	98.3	37.0	22.2	False	6.23	0.01	False	False	False	False	False	True	True	False	1782
858489	1606	D	N		FBN1_cbEGF21-23_Ca3	1446-1647	21,22,23	41	98.7	30.0	15.6	True	2.61	0.01	True	False	True	True	False	False	False	False	
847220	1583	S	A	vus	FBN1_cbEGF21-23_Ca3	1446-1647	21,22,23	64	95.3	74.9	48.3	False	21.52	0.09	False	False	False	False	False	False	False	False	
857217	1563	C	W	pathogenic	FBN1_cbEGF21-23_Ca3	1446-1647	21,22,23	84	98.9	6.7	4.0	True	12.2	0.04	False	False	False	False	False	True	True	False	1577
847866	1563	C	Y	pathogenic	FBN1_cbEGF21-23_Ca3	1446-1647	21,22,23	84	98.9	6.7	4.0	True	12.2	0.04	False	False	False	False	False	True	True	False	1577
850247	1490	E	G		FBN1_cbEGF21-23_Ca3	1446-1647	21,22,23	44	97.1	32.1	14.4	True	2.48	0.03	True	False	True	True	False	False	False	False	
848754	1438	S	G	vus	FBN1_cbEGF19-21_Ca3	1363-1486	19,20,21	48	97.1	20.4	13.1	True	13.85	0.06	False	False	False	False	False	False	False	False	
849542	1338	V	I		FBN1_cbEGF17-19_Ca3	1280-1403	17,18,19	58	98.1	74.6	42.9	False	12.3	0.02	False	False	False	False	False	False	False	False	
857099	1310	G	C		FBN1_cbEGF17-19_Ca3	1280-1403	17,18,19	30	98.2	19.2	18.5	True	4.65	0.05	False	False	False	False	False	False	False	True	
847403	1284	C	R		FBN1_cbEGF15-17_Ca3	1197-1321	15,16,17	37	97.6	22.5	13.5	True	6.39	0.03	False	False	False	False	False	True	True	False	1296
848945	1275	M	V	vus	FBN1_cbEGF15-17_Ca3	1197-1321	15,16,17	46	92.9	91.6	40.9	False	11.65	0.07	False	False	False	False	False	False	False	False	
851489	1241	E	G		FBN1_cbEGF15-17_Ca3	1197-1321	15,16,17	44	98.2	26.3	11.8	True	2.5	0.02	False	False	False	True	True	False	False	False	
863722	1166	C	Y	pathogenic	FBN1_cbEGF13-15_Ca3	1113-1237	13,14,15	53	98.3	11.5	6.9	True	11.4	0.05	False	False	False	False	False	True	True	False	1180
855960	1129	C	R		FBN1_cbEGF11-13_Ca3	1028-1154	11,12,13	25	97.5	32.3	19.3	True	8.32	0.03	False	False	False	False	False	True	True	False	1117
859589	1088	N	K		FBN1_cbEGF11-13_Ca3	1028-1154	11,12,13	60	98.0	56.4	28.9	False	2.31	0.02	True	False	True	True	False	False	False	False	
858220	996	C	S		FBN1_cbEGF9-11_Ca3	807-1069	9,10,11	73	97.8	11.2	6.7	True	16.1	0.09	False	False	False	False	False	True	True	False	
852682	904	K	R		FBN1_cbEGF9-11_Ca3	807-1069	9,10,11	97	84.4	140.3	59.4	False	16.78	0.03	False	False	False	False	False	False	False	False	
853703	882	A	T	pathogenic	FBN1_cbEGF9-11_Ca3	807-1069	9,10,11	75	97.9	0.1	0.1	True	17.62	0.05	False	False	False	False	False	False	False	False	
857483	862	C	R	pathogenic	FBN1_cbEGF9-11_Ca3	807-1069	9,10,11	55	95.9	23.7	14.2	True	23.15	0.06	False	False	False	False	False	True	True	False	887
864732	854	W	S		FBN1_cbEGF9-11_Ca3	807-1069	9,10,11	47	97.3	52.2	18.3	True	16.81	0.05	False	False	False	False	False	False	False	False	
837264	854	W	R		FBN1_cbEGF9-11_Ca3	807-1069	9,10,11	47	97.3	52.2	18.3	True	16.81	0.05	False	False	False	False	False	False	False	False	
863983	780	Q	P	vus	FBN1_cbEGF7-9_Ca3	723-846	7,8,9	57	91.0	133.2	59.2	False	12.38	0.06	False	False	False	False	False	False	False	False	
835249	764	V	I		FBN1_cbEGF7-9_Ca3	723-846	7,8,9	41	97.9	75.2	43.2	False	7.33	0.03	False	False	False	False	False	False	False	False	
859325	762	N	K		FBN1_cbEGF7-9_Ca3	723-846	7,8,9	39	95.8	73.2	37.5	False	13.56	0.06	False	False	False	False	False	False	False	False	
834873	714	G	R	vus	FBN1_cbEGF5-7_Ca3	572-764	5,6,7	50	93.0	21.5	20.7	False	9.89	0.05	False	False	False	False	False	False	False	False	
854807	699	C	S		FBN1_cbEGF5-7_Ca3	572-764	5,6,7	65	96.3	10.8	6.4	True	15.76	0.07	False	False	False	False	False	True	True	False	
854113	684	C	Y	pathogenic	FBN1_cbEGF5-7_Ca3	572-764	5,6,7	80	96.0	0.6	0.3	True	12.13	0.06	False	False	False	False	False	True	True	False	
858022	652	C	Y	pathogenic	FBN1_cbEGF5-7_Ca3	572-764	5,6,7	80	83.2	2.7	1.6	True	17.39	0.08	False	False	False	False	False	True	True	False	639
839687	652	C	R		FBN1_cbEGF5-7_Ca3	572-764	5,6,7	80	83.2	2.7	1.6	True	17.39	0.08	False	False	False	False	False	True	True	False	639
836639	626	G	R		FBN1_cbEGF5-7_Ca3	572-764	5,6,7	54	85.4	19.6	18.9	True	15.32	0.1	False	False	False	False	False	False	False	False	
836596	555	C	R	pathogenic	FBN1_cbEGF3-5_Ca3	490-612	3,4,5	57	98.3	10.3	6.2	True	10.92	0.07	False	False	False	False	False	True	True	False	541
857616	553	F	I		FBN1_cbEGF3-5_Ca3	490-612	3,4,5	59	97.8	33.4	13.9	True	4.7	0.03	False	False	False	True	True	False	False	False	
846906	499	C	S		FBN1_cbEGF1-3_Ca3	246-529	1,2,3	30	89.8	7.3	4.4	True	10.46	0.42	False	False	False	False	False	True	True	False	513
862212	464	R	S	vus	FBN1_cbEGF1-3_Ca3	246-529	1,2,3	65	76.2	166.6	60.8	False	16.29	0.55	False	False	False	False	False	False	False	False	
854683	430	P	T	vus	FBN1_cbEGF1-3_Ca3	246-529	1,2,3	99	40.2	109.9	69.1	False	49.77	16.68	False	False	False	False	False	False	False	False	
836106	399	P	L	vus	FBN1_cbEGF1-3_Ca3	246-529	1,2,3	130	30.7	103.1	64.9	False	24.54	6.39	False	False	False	False	False	False	False	False	
837209	367	S	P		FBN1_cbEGF1-3_Ca3	246-529	1,2,3	121	93.2	0.0	0.0	True	25.22	4.17	False	False	False	False	False	False	False	False	
850750	321	T	I		FBN1_cbEGF1-3_Ca3	246-529	1,2,3	75	78.7	41.4	24.1	False	15.72	0.15	False	False	False	False	False	False	False	False	
834418	275	A	T	vus	FBN1_cbEGF1-3_Ca3	246-529	1,2,3	29	93.8	90.3	70.0	False	7.36	0.12	False	False	False	False	False	False	False	False	
859337	255	G	R	vus	FBN1_cbEGF1-3_Ca3	246-529	1,2,3	9	91.8	39.1	37.6	False	14.44	0.12	False	False	False	False	False	False	False	False	
864854	1053	C	W		FBN1_cbEGF11-13_Ca3	1028-1154	11,12,13	25	97.2	13.9	8.3	True	10.74	0.08	False	False	False	False	False	True	True	False	1039
870137	1497	C	S		FBN1_cbEGF21-23_Ca3	1446-1647	21,22,23	51	97.9	6.1	3.6	True	11.76	0.1	False	False	False	False	False	True	True	False	1511
872711	2157	Y	C		FBN1_cbEGF31-33_Ca3	2013-2205	31,32,33	48	94.9	59.9	22.8	False	7.01	0.06	False	False	False	False	False	False	False	True	
3386823	1020	T	R		FBN1_cbEGF9-11_Ca3	807-1069	9,10,11	49	59.5	82.6	48.0	False	19.99	0.38	False	False	False	False	False	False	False	False	
873484	2677	G	S	vus	FBN1_cbEGF41-43_Ca3	2567-2687	41,42,43	10	89.3	79.4	76.3	False	24.75	0.2	False	False	False	False	False	False	False	False	
885367	2518	H	Q		FBN1_cbEGF39-41_Ca3	2485-2606	39,40,41	33	84.0	91.3	40.8	False	14.09	0.91	False	False	False	False	False	False	False	False	
886456	2355	R	K		FBN1_cbEGF35-37_Ca3	2247-2443	35,36,37	88	77.0	214.1	78.1	False	16.1	0.37	False	False	False	False	False	False	False	False	
884560	2330	E	K	vus	FBN1_cbEGF35-37_Ca3	2247-2443	35,36,37	83	87.4	79.2	35.5	False	13.35	0.09	False	False	False	False	False	False	False	False	
884681	2202	M	K		FBN1_cbEGF33-35_Ca3	2166-2290	33,34,35	36	81.7	114.6	51.2	False	12.83	0.18	False	False	False	False	False	False	False	False	
885629	2194	E	D		FBN1_cbEGF33-35_Ca3	2166-2290	33,34,35	28	91.4	171.6	77.0	False	7.87	0.04	False	False	False	False	False	False	False	False	
886701	2097	E	K	vus	FBN1_cbEGF31-33_Ca3	2013-2205	31,32,33	84	88.0	60.3	27.1	False	21.99	0.14	False	False	False	False	False	False	False	False	
886749	1810	D	V		FBN1_cbEGF25-27_Ca3	1766-1890	25,26,27	44	97.9	52.3	27.1	False	4.4	0.01	False	False	False	True	True	False	False	False	
888018	1810	D	Y		FBN1_cbEGF25-27_Ca3	1766-1890	25,26,27	44	97.9	52.3	27.1	False	4.4	0.01	False	False	False	True	True	False	False	False	
885815	1768	D	E		FBN1_cbEGF23-25_Ca3	1606-1807	23,24,25	39	98.3	34.9	18.1	True	4.28	0.01	False	False	False	True	True	False	False	False	
885169	1192	R	G	vus	FBN1_cbEGF13-15_Ca3	1113-1237	13,14,15	45	90.6	130.5	47.6	False	11.75	0.04	False	False	False	False	False	False	False	False	
887213	1075	R	H		FBN1_cbEGF11-13_Ca3	1028-1154	11,12,13	47	86.6	188.0	68.6	False	8.24	0.01	False	False	False	False	False	False	False	False	
884371	740	E	G	vus	FBN1_cbEGF5-7_Ca3	572-764	5,6,7	24	91.7	64.8	29.1	False	6.46	0.02	False	False	False	False	False	False	False	False	
915546	2559	D	V		FBN1_cbEGF39-41_Ca3	2485-2606	39,40,41	47	91.2	36.1	18.7	True	13.47	1.01	False	False	False	False	False	False	False	False	
915547	2221	C	F		FBN1_cbEGF33-35_Ca3	2166-2290	33,34,35	55	98.1	35.6	21.3	False	8.33	0.05	False	False	False	False	False	True	True	False	2210
915610	2196	F	V	vus	FBN1_cbEGF33-35_Ca3	2166-2290	33,34,35	30	98.2	20.5	8.6	True	6.85	0.02	False	False	False	False	False	False	False	False	
915611	1947	C	F		FBN1_cbEGF27-29_Ca3	1849-1972	27,28,29	25	98.2	34.5	20.6	False	8.07	0.05	False	False	False	False	False	True	True	False	1934
915613	1892	I	V		FBN1_cbEGF27-29_Ca3	1849-1972	27,28,29	43	97.8	57.7	29.3	False	2.29	0.02	False	True	True	False	False	False	False	False	
915615	1632	R	H		FBN1_cbEGF23-25_Ca3	1606-1807	23,24,25	26	84.7	150.0	54.8	False	13.49	0.07	False	False	False	False	False	False	False	False	
915678	1594	G	C		FBN1_cbEGF21-23_Ca3	1446-1647	21,22,23	53	98.7	1.8	1.8	True	4.79	0.04	False	False	False	False	False	False	False	True	
915679	1546	D	Y		FBN1_cbEGF21-23_Ca3	1446-1647	21,22,23	100	69.1	75.4	39.1	False	30.42	1.7	False	False	False	False	False	False	False	False	
915680	1343	A	S		FBN1_cbEGF17-19_Ca3	1280-1403	17,18,19	60	98.1	85.1	65.9	False	4.72	0.01	False	False	False	False	False	False	False	False	
915681	1310	G	V		FBN1_cbEGF17-19_Ca3	1280-1403	17,18,19	30	98.2	19.2	18.5	True	4.65	0.05	False	False	False	False	False	False	False	False	
915682	1301	G	V		FBN1_cbEGF17-19_Ca3	1280-1403	17,18,19	21	95.3	70.0	67.3	False	4.12	0.04	False	False	False	False	False	False	False	False	
915814	887	C	Y	pathogenic	FBN1_cbEGF9-11_Ca3	807-1069	9,10,11	80	95.3	45.2	27.1	False	23.4	0.05	False	False	False	False	False	True	True	False	862
915815	830	C	S		FBN1_cbEGF9-11_Ca3	807-1069	9,10,11	23	97.9	6.5	3.9	True	10.69	0.17	False	False	False	False	False	True	True	False	816
915816	655	T	R		FBN1_cbEGF5-7_Ca3	572-764	5,6,7	83	68.6	72.2	42.0	False	19.52	0.53	False	False	False	False	False	False	False	False	
915551	596	C	Y	pathogenic	FBN1_cbEGF5-7_Ca3	572-764	5,6,7	24	97.0	13.5	8.1	True	10.74	0.05	False	False	False	False	False	True	True	False	582
918552	2676	P	S		FBN1_cbEGF41-43_Ca3	2567-2687	41,42,43	11	89.0	121.7	76.5	False	22.89	0.13	False	False	False	False	False	False	False	False	
922973	2673	G	S		FBN1_cbEGF41-43_Ca3	2567-2687	41,42,43	14	90.6	29.6	28.5	False	13.45	0.04	False	False	False	False	False	False	False	False	
924642	2664	S	F	vus	FBN1_cbEGF41-43_Ca3	2567-2687	41,42,43	23	90.1	65.3	42.2	False	6.52	0.02	False	False	False	False	False	False	False	False	
924798	2658	P	R		FBN1_cbEGF41-43_Ca3	2567-2687	41,42,43	29	87.2	52.3	32.9	False	9.31	0.09	False	False	False	False	False	False	False	False	
926733	2640	E	K	vus	FBN1_cbEGF41-43_Ca3	2567-2687	41,42,43	47	82.2	63.4	28.4	False	13.66	0.45	False	False	False	False	False	False	False	False	
919783	2634	P	R		FBN1_cbEGF41-43_Ca3	2567-2687	41,42,43	53	95.7	87.4	55.0	False	9.6	0.06	False	False	False	False	False	False	False	False	
918775	2626	L	V	vus	FBN1_cbEGF41-43_Ca3	2567-2687	41,42,43	59	91.6	151.4	75.3	False	4.62	0.01	False	False	False	False	False	False	False	False	
923404	2602	W	R		FBN1_cbEGF41-43_Ca3	2567-2687	41,42,43	35	68.8	138.1	48.4	False	11.9	2.92	False	False	False	False	False	False	False	False	
922215	2601	Q	R	vus	FBN1_cbEGF41-43_Ca3	2567-2687	41,42,43	34	73.9	78.1	34.7	False	17.24	0.41	False	False	False	False	False	False	False	False	
927828	2576	R	H		FBN1_cbEGF39-41_Ca3	2485-2606	39,40,41	30	76.7	169.7	61.9	False	11.64	0.78	False	False	False	False	False	False	False	False	
928216	2562	G	A		FBN1_cbEGF39-41_Ca3	2485-2606	39,40,41	44	89.9	29.4	28.3	False	12.58	1.31	False	False	False	False	False	False	False	False	
922931	2562	G	S	vus	FBN1_cbEGF39-41_Ca3	2485-2606	39,40,41	44	89.9	29.4	28.3	False	12.58	1.31	False	False	False	False	False	False	False	False	
921473	2554	R	G		FBN1_cbEGF39-41_Ca3	2485-2606	39,40,41	52	83.0	228.1	83.3	False	7.77	0.13	False	False	False	False	False	False	False	False	
922051	2549	T	I	vus	FBN1_cbEGF39-41_Ca3	2485-2606	39,40,41	57	93.4	65.7	38.2	False	7.48	0.05	False	False	False	False	False	False	False	False	
926099	2536	G	W		FBN1_cbEGF39-41_Ca3	2485-2606	39,40,41	51	92.5	27.1	26.0	False	15.58	0.12	False	False	False	False	False	False	False	False	
918500	2523	I	L	vus	FBN1_cbEGF39-41_Ca3	2485-2606	39,40,41	38	94.0	92.9	47.2	False	7.34	0.03	False	False	False	False	False	False	False	False	
919826	2516	T	I	vus	FBN1_cbEGF39-41_Ca3	2485-2606	39,40,41	31	95.6	75.6	43.9	False	8.75	0.05	False	False	False	False	False	False	False	False	
921486	2491	T	A		FBN1_cbEGF37-39_Ca3	2402-2523	37,38,39	32	94.8	69.3	40.3	False	8.09	0.04	False	False	False	False	False	False	False	False	
923954	2485	D	E	vus	FBN1_cbEGF37-39_Ca3	2402-2523	37,38,39	38	98.2	39.1	20.2	False	2.68	0.03	True	False	True	True	False	False	False	False	
923195	2482	S	R		FBN1_cbEGF37-39_Ca3	2402-2523	37,38,39	41	97.4	15.4	9.9	True	14.13	0.03	False	False	False	False	False	False	False	False	
926584	2458	I	M	vus	FBN1_cbEGF37-39_Ca3	2402-2523	37,38,39	56	97.4	83.0	42.1	False	12.55	0.02	False	False	False	False	False	False	False	False	
919568	2456	N	S	vus	FBN1_cbEGF37-39_Ca3	2402-2523	37,38,39	54	93.5	75.7	38.8	False	15.32	0.05	False	False	False	False	False	False	False	False	
924255	2428	I	T		FBN1_cbEGF37-39_Ca3	2402-2523	37,38,39	26	97.1	97.7	49.6	False	13.41	0.03	False	False	False	False	False	False	False	False	
921500	2410	H	Y	vus	FBN1_cbEGF35-37_Ca3	2247-2443	35,36,37	33	81.3	64.9	29.0	False	12.98	0.05	False	False	False	False	False	False	False	False	
927327	2410	H	D	vus	FBN1_cbEGF35-37_Ca3	2247-2443	35,36,37	33	81.3	64.9	29.0	False	12.98	0.05	False	False	False	False	False	False	False	False	
922516	2398	T	I	vus	FBN1_cbEGF35-37_Ca3	2247-2443	35,36,37	45	93.0	31.5	18.3	True	12.34	0.03	False	False	False	False	False	False	False	False	
922308	2397	M	I	vus	FBN1_cbEGF35-37_Ca3	2247-2443	35,36,37	46	93.6	38.1	17.0	True	8.55	0.06	False	False	False	False	False	False	False	False	
922761	2397	M	V		FBN1_cbEGF35-37_Ca3	2247-2443	35,36,37	46	93.6	38.1	17.0	True	8.55	0.06	False	False	False	False	False	False	False	False	
921089	2394	R	Q		FBN1_cbEGF35-37_Ca3	2247-2443	35,36,37	49	83.4	121.2	44.2	False	7.95	0.04	False	False	False	False	False	False	False	False	
928188	2334	N	Y	vus	FBN1_cbEGF35-37_Ca3	2247-2443	35,36,37	87	88.9	74.9	38.4	False	18.23	0.45	False	False	False	False	False	False	False	False	
921655	2304	N	S	vus	FBN1_cbEGF35-37_Ca3	2247-2443	35,36,37	57	91.1	54.5	27.9	False	18.12	0.27	False	False	False	False	False	False	False	False	
926243	2287	E	Q		FBN1_cbEGF35-37_Ca3	2247-2443	35,36,37	40	80.6	88.5	39.7	False	17.35	0.33	False	False	False	False	False	False	False	False	
921346	2286	G	E	vus	FBN1_cbEGF35-37_Ca3	2247-2443	35,36,37	39	85.8	21.8	21.0	False	18.08	0.1	False	False	False	False	False	False	False	False	
921460	2285	D	G	vus	FBN1_cbEGF35-37_Ca3	2247-2443	35,36,37	38	85.8	89.6	46.4	False	17.88	0.1	False	False	False	False	False	False	False	False	
919355	2277	G	E	vus	FBN1_cbEGF35-37_Ca3	2247-2443	35,36,37	30	94.6	13.0	12.5	True	9.44	0.09	False	False	False	False	False	False	False	False	
926475	2263	M	V	vus	FBN1_cbEGF33-35_Ca3	2166-2290	33,34,35	27	94.0	14.3	6.4	True	15.12	0.1	False	False	False	False	False	False	False	False	
927108	2253	E	D		FBN1_cbEGF33-35_Ca3	2166-2290	33,34,35	37	90.5	95.4	42.8	False	8.65	0.42	False	False	False	False	False	False	False	False	
925197	2242	R	H	vus	FBN1_cbEGF33-35_Ca3	2166-2290	33,34,35	48	85.4	160.6	58.6	False	13.44	0.34	False	False	False	False	False	False	False	False	
919296	2197	E	A	vus	FBN1_cbEGF33-35_Ca3	2166-2290	33,34,35	31	94.7	70.1	31.5	False	8.63	0.04	False	False	False	False	False	False	False	False	
927659	2187	G	D	vus	FBN1_cbEGF33-35_Ca3	2166-2290	33,34,35	21	93.5	17.4	16.7	True	2.6	0.04	False	True	True	False	False	False	False	False	
919259	2175	P	T	vus	FBN1_cbEGF31-33_Ca3	2013-2205	31,32,33	30	92.1	45.2	28.4	False	9.11	0.12	False	False	False	False	False	False	False	False	
921417	2160	A	T		FBN1_cbEGF31-33_Ca3	2013-2205	31,32,33	45	94.0	52.1	40.4	False	13.4	0.22	False	False	False	False	False	False	False	False	
927129	2117	I	V		FBN1_cbEGF31-33_Ca3	2013-2205	31,32,33	88	95.4	21.2	10.8	True	6.49	0.2	False	False	False	False	False	False	False	False	
924256	2113	Y	F		FBN1_cbEGF31-33_Ca3	2013-2205	31,32,33	92	94.1	100.0	38.0	False	11.13	0.16	False	False	False	False	False	False	False	False	
924334	2110	I	M		FBN1_cbEGF31-33_Ca3	2013-2205	31,32,33	95	88.7	10.5	5.3	True	15.1	0.16	False	False	False	False	False	False	False	False	
921147	2066	E	K	vus	FBN1_cbEGF31-33_Ca3	2013-2205	31,32,33	53	85.5	137.3	61.6	False	25.87	0.42	False	False	False	False	False	False	False	False	
925538	2064	K	M		FBN1_cbEGF31-33_Ca3	2013-2205	31,32,33	51	86.4	113.0	47.9	False	20.21	0.12	False	False	False	False	False	False	False	False	
923481	2049	S	R		FBN1_cbEGF31-33_Ca3	2013-2205	31,32,33	36	91.9	55.8	36.0	False	13.28	0.1	False	False	False	False	False	False	False	False	
924139	2047	S	P		FBN1_cbEGF31-33_Ca3	2013-2205	31,32,33	34	92.4	5.5	3.5	True	16.75	0.14	False	False	False	False	False	False	False	False	
927215	2045	S	F		FBN1_cbEGF31-33_Ca3	2013-2205	31,32,33	32	90.0	50.3	32.5	False	19.97	0.17	False	False	False	False	False	False	False	False	
918784	2006	L	R		FBN1_cbEGF29-31_Ca3	1930-2054	29,30,31	48	93.6	95.6	47.6	False	12.18	0.06	False	False	False	False	False	False	False	False	
924242	1997	R	K		FBN1_cbEGF29-31_Ca3	1930-2054	29,30,31	57	87.8	122.6	44.8	False	7.37	0.04	False	False	False	False	False	False	False	False	
921917	1988	T	I		FBN1_cbEGF29-31_Ca3	1930-2054	29,30,31	58	94.7	86.7	50.4	False	12.39	0.07	False	False	False	False	False	False	False	False	
923013	1964	V	A		FBN1_cbEGF29-31_Ca3	1930-2054	29,30,31	34	97.7	73.2	42.1	False	12.21	0.07	False	False	False	False	False	False	False	False	
925249	1959	N	S		FBN1_cbEGF29-31_Ca3	1930-2054	29,30,31	29	97.0	74.3	38.1	False	9.7	0.06	False	False	False	False	False	False	False	False	
920583	1959	N	D	vus	FBN1_cbEGF29-31_Ca3	1930-2054	29,30,31	29	97.0	74.3	38.1	False	9.7	0.06	False	False	False	False	False	False	False	False	
924129	1955	Q	H	vus	FBN1_cbEGF29-31_Ca3	1930-2054	29,30,31	25	88.5	111.7	49.6	False	7.37	0.03	False	False	False	False	False	False	False	False	
924564	1926	N	K		FBN1_cbEGF27-29_Ca3	1849-1972	27,28,29	46	91.8	64.9	33.3	False	10.19	0.51	False	False	False	False	False	False	False	False	
926906	1913	N	S	vus	FBN1_cbEGF27-29_Ca3	1849-1972	27,28,29	59	93.3	84.9	43.6	False	7.42	0.03	False	False	False	False	False	False	False	False	
922756	1908	T	I	vus	FBN1_cbEGF27-29_Ca3	1849-1972	27,28,29	59	97.8	40.0	23.3	False	2.48	0.02	False	True	True	False	False	False	False	False	
925107	1904	T	I	vus	FBN1_cbEGF27-29_Ca3	1849-1972	27,28,29	55	97.0	72.4	42.1	False	12.5	0.02	False	False	False	False	False	False	False	False	
928372	1868	T	I		FBN1_cbEGF25-27_Ca3	1766-1890	25,26,27	22	97.9	49.5	28.8	False	2.43	0.02	False	True	True	False	False	False	False	False	
918768	1868	T	R	vus	FBN1_cbEGF25-27_Ca3	1766-1890	25,26,27	22	97.9	49.5	28.8	False	2.43	0.02	False	True	True	False	False	False	False	False	
925188	1866	I	T		FBN1_cbEGF25-27_Ca3	1766-1890	25,26,27	24	97.1	59.4	30.1	False	6.52	0.02	False	False	False	False	False	False	False	False	
926451	1866	I	V		FBN1_cbEGF25-27_Ca3	1766-1890	25,26,27	24	97.1	59.4	30.1	False	6.52	0.02	False	False	False	False	False	False	False	False	
919716	1862	H	R		FBN1_cbEGF25-27_Ca3	1766-1890	25,26,27	28	93.9	95.1	42.5	False	18.25	0.02	False	False	False	False	False	False	False	False	
924212	1857	P	S	vus	FBN1_cbEGF25-27_Ca3	1766-1890	25,26,27	33	94.2	110.2	69.3	False	12.97	0.07	False	False	False	False	False	False	False	False	
919776	1850	R	C		FBN1_cbEGF25-27_Ca3	1766-1890	25,26,27	40	91.4	70.3	25.7	False	2.26	0.02	False	True	True	False	False	False	False	True	
921405	1844	T	K		FBN1_cbEGF25-27_Ca3	1766-1890	25,26,27	46	95.8	106.6	62.0	False	17.22	0.14	False	False	False	False	False	False	False	False	
922403	1844	T	A		FBN1_cbEGF25-27_Ca3	1766-1890	25,26,27	46	95.8	106.6	62.0	False	17.22	0.14	False	False	False	False	False	False	False	False	
923648	1837	P	R	vus	FBN1_cbEGF25-27_Ca3	1766-1890	25,26,27	53	97.3	116.0	73.0	False	7.97	0.04	False	False	False	False	False	False	False	False	
927315	1830	S	N	vus	FBN1_cbEGF25-27_Ca3	1766-1890	25,26,27	60	97.4	53.7	34.6	False	2.52	0.02	False	True	True	False	False	False	False	False	
925058	1822	A	T	vus	FBN1_cbEGF25-27_Ca3	1766-1890	25,26,27	56	98.4	13.9	10.8	True	14.16	0.08	False	False	False	False	False	False	False	False	
918773	1820	R	H	vus	FBN1_cbEGF25-27_Ca3	1766-1890	25,26,27	54	87.4	204.2	74.5	False	13.27	0.44	False	False	False	False	False	False	False	False	
927991	1817	V	M	vus	FBN1_cbEGF25-27_Ca3	1766-1890	25,26,27	51	93.7	53.7	30.9	False	9.95	0.13	False	False	False	False	False	False	False	False	
926777	1802	K	N		FBN1_cbEGF25-27_Ca3	1766-1890	25,26,27	36	91.2	182.8	77.4	False	16.88	0.1	False	False	False	False	False	False	False	False	
926630	1785	M	I		FBN1_cbEGF23-25_Ca3	1606-1807	23,24,25	22	95.2	83.1	37.1	False	2.47	0.01	False	True	True	False	False	False	False	False	
923469	1771	R	Q		FBN1_cbEGF23-25_Ca3	1606-1807	23,24,25	36	86.8	177.4	64.8	False	8.12	0.02	False	False	False	False	False	False	False	False	
918678	1771	R	W	vus	FBN1_cbEGF23-25_Ca3	1606-1807	23,24,25	36	86.8	177.4	64.8	False	8.12	0.02	False	False	False	False	False	False	False	False	
924671	1765	V	I	vus	FBN1_cbEGF23-25_Ca3	1606-1807	23,24,25	42	95.8	60.8	34.9	False	7.46	0.02	False	False	False	False	False	False	False	False	
920294	1726	G	S		FBN1_cbEGF23-25_Ca3	1606-1807	23,24,25	81	98.2	3.9	3.8	True	13.11	0.06	False	False	False	False	False	False	False	False	
921816	1714	M	I		FBN1_cbEGF23-25_Ca3	1606-1807	23,24,25	93	94.7	2.5	1.1	True	13.55	0.1	False	False	False	False	False	False	False	False	
926028	1696	Y	H		FBN1_cbEGF23-25_Ca3	1606-1807	23,24,25	90	97.3	16.4	6.2	True	17.65	0.05	False	False	False	False	False	False	False	False	
925501	1690	M	T		FBN1_cbEGF23-25_Ca3	1606-1807	23,24,25	84	88.5	95.8	42.8	False	20.39	0.35	False	False	False	False	False	False	False	False	
923072	1688	M	V		FBN1_cbEGF23-25_Ca3	1606-1807	23,24,25	82	85.8	39.0	17.4	True	16.09	0.22	False	False	False	False	False	False	False	False	
920891	1683	G	E		FBN1_cbEGF23-25_Ca3	1606-1807	23,24,25	77	94.0	87.0	83.7	False	12.36	0.08	False	False	False	False	False	False	False	False	
925481	1656	G	V		FBN1_cbEGF23-25_Ca3	1606-1807	23,24,25	50	86.9	51.7	49.7	False	14.29	0.04	False	False	False	False	False	False	False	False	
923488	1636	G	S	vus	FBN1_cbEGF23-25_Ca3	1606-1807	23,24,25	30	98.3	15.1	14.6	True	4.68	0.04	False	False	False	False	False	False	False	False	
923327	1635	T	A		FBN1_cbEGF23-25_Ca3	1606-1807	23,24,25	29	94.6	135.1	78.5	False	7.75	0.03	False	False	False	False	False	False	False	False	
928232	1632	R	C	vus	FBN1_cbEGF23-25_Ca3	1606-1807	23,24,25	26	84.7	150.0	54.8	False	13.49	0.07	False	False	False	False	False	False	False	True	
921248	1615	G	R		FBN1_cbEGF21-23_Ca3	1446-1647	21,22,23	32	98.6	9.6	9.2	True	13.1	0.03	False	False	False	False	False	False	False	False	
924932	1611	Q	R		FBN1_cbEGF21-23_Ca3	1446-1647	21,22,23	36	90.7	140.3	62.4	False	8.28	0.03	False	False	False	False	False	False	False	False	
923819	1596	R	Q	vus	FBN1_cbEGF21-23_Ca3	1446-1647	21,22,23	51	94.1	44.1	16.1	True	8.13	0.41	False	False	False	False	False	False	False	False	
925980	1586	K	R		FBN1_cbEGF21-23_Ca3	1446-1647	21,22,23	61	88.1	132.9	56.3	False	17.95	0.14	False	False	False	False	False	False	False	False	
927888	1573	P	L	vus	FBN1_cbEGF21-23_Ca3	1446-1647	21,22,23	74	91.9	103.7	65.2	False	24.67	0.09	False	False	False	False	False	False	False	False	
924693	1560	A	T	vus	FBN1_cbEGF21-23_Ca3	1446-1647	21,22,23	87	98.9	8.3	6.5	True	10.77	0.05	False	False	False	False	False	False	False	False	
925889	1547	T	R	vus	FBN1_cbEGF21-23_Ca3	1446-1647	21,22,23	100	77.5	58.8	34.2	False	27.45	0.64	False	False	False	False	False	False	False	False	
925754	1541	R	Q	vus	FBN1_cbEGF21-23_Ca3	1446-1647	21,22,23	95	64.5	145.9	53.3	False	31.41	0.79	False	False	False	False	False	False	False	False	
924833	1537	D	Y	vus	FBN1_cbEGF21-23_Ca3	1446-1647	21,22,23	91	89.5	56.3	29.2	False	19.74	0.09	False	False	False	False	False	False	False	False	
926574	1533	N	S		FBN1_cbEGF21-23_Ca3	1446-1647	21,22,23	87	95.9	38.3	19.6	True	17.43	0.04	False	False	False	False	False	False	False	False	
926280	1530	R	H	vus	FBN1_cbEGF21-23_Ca3	1446-1647	21,22,23	84	97.6	80.3	29.3	False	18.19	0.06	False	False	False	False	False	False	False	False	
918685	1530	R	S		FBN1_cbEGF21-23_Ca3	1446-1647	21,22,23	84	97.6	80.3	29.3	False	18.19	0.06	False	False	False	False	False	False	False	False	
924550	1524	V	I	vus	FBN1_cbEGF21-23_Ca3	1446-1647	21,22,23	78	92.4	50.0	28.7	False	14.21	0.26	False	False	False	False	False	False	False	False	
926690	1523	R	Q	vus	FBN1_cbEGF21-23_Ca3	1446-1647	21,22,23	77	81.9	96.5	35.2	False	9.48	1.43	False	False	False	False	False	False	False	False	
928275	1516	D	E	vus	FBN1_cbEGF21-23_Ca3	1446-1647	21,22,23	70	96.1	82.3	42.6	False	22.79	0.04	False	False	False	False	False	False	False	False	
920832	1515	P	S	vus	FBN1_cbEGF21-23_Ca3	1446-1647	21,22,23	69	97.5	118.4	74.4	False	22.96	0.06	False	False	False	False	False	False	False	False	
926276	1494	P	S		FBN1_cbEGF21-23_Ca3	1446-1647	21,22,23	48	92.5	122.9	77.3	False	13.26	0.07	False	False	False	False	False	False	False	False	
925320	1493	D	G	vus	FBN1_cbEGF21-23_Ca3	1446-1647	21,22,23	47	94.4	66.1	34.3	False	10.12	0.05	False	False	False	False	False	False	False	False	
922683	1469	R	H	vus	FBN1_cbEGF21-23_Ca3	1446-1647	21,22,23	23	83.2	119.0	43.4	False	7.28	0.02	False	False	False	False	False	False	False	False	
927577	1464	L	F		FBN1_cbEGF19-21_Ca3	1363-1486	19,20,21	22	97.1	66.1	32.9	False	2.5	0.02	False	True	True	False	False	False	False	False	
918869	1454	N	S	vus	FBN1_cbEGF19-21_Ca3	1363-1486	19,20,21	32	90.2	119.8	61.4	False	14.11	0.21	False	False	False	False	False	False	False	False	
924199	1446	D	G		FBN1_cbEGF19-21_Ca3	1363-1486	19,20,21	40	98.3	46.9	24.3	False	2.62	0.04	True	False	True	True	False	False	False	False	
925008	1443	A	V	vus	FBN1_cbEGF19-21_Ca3	1363-1486	19,20,21	43	98.2	36.8	28.6	False	13.51	0.13	False	False	False	False	False	False	False	False	
923131	1437	P	A		FBN1_cbEGF19-21_Ca3	1363-1486	19,20,21	49	97.8	71.7	45.1	False	12.37	0.03	False	False	False	False	False	False	False	False	
922236	1432	D	N	vus	FBN1_cbEGF19-21_Ca3	1363-1486	19,20,21	54	97.9	71.8	37.2	False	9.72	0.09	False	False	False	False	False	False	False	False	
920374	1426	G	A	vus	FBN1_cbEGF19-21_Ca3	1363-1486	19,20,21	60	97.6	10.3	9.9	True	2.47	0.03	False	True	True	False	False	False	False	False	
918294	1411	N	H		FBN1_cbEGF19-21_Ca3	1363-1486	19,20,21	48	91.4	69.2	35.5	False	10.91	0.11	False	False	False	False	False	False	False	False	
927657	1397	G	V		FBN1_cbEGF19-21_Ca3	1363-1486	19,20,21	34	98.7	51.4	49.4	False	12.23	0.03	False	False	False	False	False	False	False	False	
927669	1396	T	I	vus	FBN1_cbEGF19-21_Ca3	1363-1486	19,20,21	33	96.2	71.4	41.5	False	8.77	0.04	False	False	False	False	False	False	False	False	
924866	1396	T	A		FBN1_cbEGF19-21_Ca3	1363-1486	19,20,21	33	96.2	71.4	41.5	False	8.77	0.04	False	False	False	False	False	False	False	False	
922079	1388	R	L	vus	FBN1_cbEGF19-21_Ca3	1363-1486	19,20,21	25	86.7	129.5	47.3	False	7.26	0.04	False	False	False	False	False	False	False	False	
926775	1388	R	C	vus	FBN1_cbEGF19-21_Ca3	1363-1486	19,20,21	25	86.7	129.5	47.3	False	7.26	0.04	False	False	False	False	False	False	False	True	
922913	1384	M	I		FBN1_cbEGF19-21_Ca3	1363-1486	19,20,21	21	90.5	182.8	81.6	False	4.75	0.11	False	False	False	False	False	False	False	False	
920777	1376	Q	H		FBN1_cbEGF17-19_Ca3	1280-1403	17,18,19	27	90.6	152.8	67.9	False	17.98	0.03	False	False	False	False	False	False	False	False	
924587	1362	T	P		FBN1_cbEGF17-19_Ca3	1280-1403	17,18,19	41	96.3	71.8	41.7	False	7.33	0.03	False	False	False	False	False	False	False	False	
918578	1332	N	K		FBN1_cbEGF17-19_Ca3	1280-1403	17,18,19	52	97.1	87.0	44.6	False	11.6	0.05	False	False	False	False	False	False	False	False	
924335	1313	G	R		FBN1_cbEGF17-19_Ca3	1280-1403	17,18,19	33	95.8	45.8	44.1	False	12.29	0.09	False	False	False	False	False	False	False	False	
923162	1309	M	V	vus	FBN1_cbEGF17-19_Ca3	1280-1403	17,18,19	29	92.6	181.8	81.2	False	7.62	0.12	False	False	False	False	False	False	False	False	
926085	1290	I	T	vus	FBN1_cbEGF15-17_Ca3	1197-1321	15,16,17	31	95.2	15.1	7.7	True	8.8	0.04	False	False	False	False	False	False	False	False	
921344	1256	N	D		FBN1_cbEGF15-17_Ca3	1197-1321	15,16,17	59	98.2	55.6	28.5	False	2.31	0.02	True	False	True	True	False	False	False	False	
928181	1237	T	A	vus	FBN1_cbEGF15-17_Ca3	1197-1321	15,16,17	40	97.3	59.4	34.5	False	7.34	0.02	False	False	False	False	False	False	False	False	
928219	1230	M	L		FBN1_cbEGF15-17_Ca3	1197-1321	15,16,17	33	95.4	79.8	35.6	False	12.79	0.53	False	False	False	False	False	False	False	False	
919912	1202	S	I	vus	FBN1_cbEGF13-15_Ca3	1113-1237	13,14,15	35	97.4	84.4	54.4	False	8.42	0.03	False	False	False	False	False	False	False	False	
928399	1198	I	V	vus	FBN1_cbEGF13-15_Ca3	1113-1237	13,14,15	39	98.2	61.1	31.0	False	2.37	0.01	False	True	True	False	False	False	False	False	
922040	1190	P	Q	vus	FBN1_cbEGF13-15_Ca3	1113-1237	13,14,15	47	98.1	143.2	90.0	False	16.14	0.07	False	False	False	False	False	False	False	False	
919653	1160	E	K	vus	FBN1_cbEGF13-15_Ca3	1113-1237	13,14,15	47	92.7	141.9	63.7	False	8.39	0.04	False	False	False	False	False	False	False	False	
927077	1142	P	R	vus	FBN1_cbEGF13-15_Ca3	1113-1237	13,14,15	29	98.2	121.7	76.6	False	7.51	0.02	False	False	False	False	False	False	False	False	
920151	1141	P	A		FBN1_cbEGF13-15_Ca3	1113-1237	13,14,15	28	98.4	49.9	31.4	False	9.61	0.04	False	False	False	False	False	False	False	False	
918493	1135	S	R	vus	FBN1_cbEGF13-15_Ca3	1113-1237	13,14,15	22	96.1	54.0	34.8	False	2.5	0.05	False	True	True	False	False	False	False	False	
927858	1114	I	T		FBN1_cbEGF11-13_Ca3	1028-1154	11,12,13	40	97.2	25.0	12.7	True	2.31	0.01	False	True	True	False	False	False	False	False	
923663	1114	I	V		FBN1_cbEGF11-13_Ca3	1028-1154	11,12,13	40	97.2	25.0	12.7	True	2.31	0.01	False	True	True	False	False	False	False	False	
919241	1089	T	N		FBN1_cbEGF11-13_Ca3	1028-1154	11,12,13	61	97.6	38.0	22.1	False	2.53	0.01	False	True	True	False	False	False	False	False	
927045	1054	R	G		FBN1_cbEGF11-13_Ca3	1028-1154	11,12,13	26	84.0	154.9	56.5	False	13.45	0.34	False	False	False	False	False	False	False	False	
924460	1040	T	N		FBN1_cbEGF9-11_Ca3	807-1069	9,10,11	29	88.2	57.6	33.5	False	15.59	0.09	False	False	False	False	False	False	False	False	
924838	1026	F	V		FBN1_cbEGF9-11_Ca3	807-1069	9,10,11	43	82.5	35.4	14.7	True	10.67	0.05	False	False	False	False	False	False	False	False	
925193	1009	P	L		FBN1_cbEGF9-11_Ca3	807-1069	9,10,11	60	84.5	77.3	48.6	False	14.81	0.09	False	False	False	False	False	False	False	False	
921753	1006	E	K		FBN1_cbEGF9-11_Ca3	807-1069	9,10,11	63	74.9	92.6	41.5	False	18.24	0.13	False	False	False	False	False	False	False	False	
918728	1000	N	S		FBN1_cbEGF9-11_Ca3	807-1069	9,10,11	69	89.7	142.5	73.1	False	18.14	0.24	False	False	False	False	False	False	False	False	
919063	961	R	S	benign	FBN1_cbEGF9-11_Ca3	807-1069	9,10,11	108	82.8	113.8	41.5	False	18.25	0.12	False	False	False	False	False	False	False	False	
926148	953	I	T	vus	FBN1_cbEGF9-11_Ca3	807-1069	9,10,11	116	80.8	90.1	45.7	False	20.05	0.13	False	False	False	False	False	False	False	False	
919363	934	K	T	vus	FBN1_cbEGF9-11_Ca3	807-1069	9,10,11	127	87.6	114.5	48.5	False	7.4	0.02	False	False	False	False	False	False	False	False	
920774	931	G	A	vus	FBN1_cbEGF9-11_Ca3	807-1069	9,10,11	124	96.9	22.1	21.2	False	4.09	0.05	False	False	False	False	False	False	False	False	
923997	923	N	S	vus	FBN1_cbEGF9-11_Ca3	807-1069	9,10,11	116	78.1	44.4	22.8	False	18.63	0.04	False	False	False	False	False	False	False	False	
920776	916	V	G		FBN1_cbEGF9-11_Ca3	807-1069	9,10,11	109	95.1	15.0	8.6	True	8.49	0.04	False	False	False	False	False	False	False	False	
925624	909	E	D		FBN1_cbEGF9-11_Ca3	807-1069	9,10,11	102	88.8	93.4	41.9	False	7.33	0.01	False	False	False	False	False	False	False	False	
918481	895	I	V		FBN1_cbEGF9-11_Ca3	807-1069	9,10,11	88	94.9	66.5	33.8	False	14.73	0.04	False	False	False	False	False	False	False	False	
920896	889	L	P		FBN1_cbEGF9-11_Ca3	807-1069	9,10,11	82	92.6	127.3	63.4	False	20.02	0.05	False	False	False	False	False	False	False	False	
919927	874	Q	H		FBN1_cbEGF9-11_Ca3	807-1069	9,10,11	67	88.6	58.3	25.9	False	9.62	0.05	False	False	False	False	False	False	False	False	
922499	874	Q	R	vus	FBN1_cbEGF9-11_Ca3	807-1069	9,10,11	67	88.6	58.3	25.9	False	9.62	0.05	False	False	False	False	False	False	False	False	
921724	855	Q	R	vus	FBN1_cbEGF9-11_Ca3	807-1069	9,10,11	48	88.4	39.9	17.7	True	15.87	0.18	False	False	False	False	False	False	False	False	
919405	850	K	Q	vus	FBN1_cbEGF9-11_Ca3	807-1069	9,10,11	43	92.7	128.5	54.5	False	16.89	0.08	False	False	False	False	False	False	False	False	
925226	848	T	I	vus	FBN1_cbEGF9-11_Ca3	807-1069	9,10,11	41	90.0	88.6	51.5	False	21.18	0.18	False	False	False	False	False	False	False	False	
922855	844	I	T		FBN1_cbEGF9-11_Ca3	807-1069	9,10,11	37	96.3	35.5	18.0	True	16.36	0.2	False	False	False	False	False	False	False	False	
928230	841	T	S		FBN1_cbEGF9-11_Ca3	807-1069	9,10,11	34	95.4	91.0	52.9	False	14.29	0.22	False	False	False	False	False	False	False	False	
920318	825	P	Q		FBN1_cbEGF7-9_Ca3	723-846	7,8,9	21	98.2	113.9	71.7	False	4.58	0.01	False	False	False	False	False	False	False	False	
920171	822	K	E		FBN1_cbEGF7-9_Ca3	723-846	7,8,9	24	91.2	99.1	42.0	False	6.58	0.03	False	False	False	False	False	False	False	False	
920036	814	S	N	vus	FBN1_cbEGF7-9_Ca3	723-846	7,8,9	32	96.7	88.4	57.0	False	11.53	0.06	False	False	False	False	False	False	False	False	
924160	800	P	R		FBN1_cbEGF7-9_Ca3	723-846	7,8,9	46	97.3	96.7	60.8	False	15.77	0.26	False	False	False	False	False	False	False	False	
925867	797	I	S		FBN1_cbEGF7-9_Ca3	723-846	7,8,9	49	95.5	88.2	44.8	False	8.81	0.08	False	False	False	False	False	False	False	False	
918422	784	T	I	vus	FBN1_cbEGF7-9_Ca3	723-846	7,8,9	61	98.2	23.7	13.8	True	2.51	0.01	False	True	True	False	False	False	False	False	
924771	782	R	G	vus	FBN1_cbEGF7-9_Ca3	723-846	7,8,9	59	90.3	146.7	53.5	False	6.59	0.03	False	False	False	False	False	False	False	False	
922163	773	S	I	vus	FBN1_cbEGF7-9_Ca3	723-846	7,8,9	50	91.6	104.2	67.3	False	13.24	0.06	False	False	False	False	False	False	False	False	
925034	772	N	S	vus	FBN1_cbEGF7-9_Ca3	723-846	7,8,9	49	92.0	70.9	36.4	False	10.52	0.02	False	False	False	False	False	False	False	False	
926387	757	D	H	vus	FBN1_cbEGF7-9_Ca3	723-846	7,8,9	34	97.1	44.2	22.9	False	14.06	0.13	False	False	False	False	False	False	False	False	
925631	756	V	A		FBN1_cbEGF7-9_Ca3	723-846	7,8,9	33	97.4	68.4	39.3	False	12.23	0.03	False	False	False	False	False	False	False	False	
925725	736	N	K	vus	FBN1_cbEGF5-7_Ca3	572-764	5,6,7	28	94.3	65.1	33.4	False	18.28	0.05	False	False	False	False	False	False	False	False	
922165	697	Q	R		FBN1_cbEGF5-7_Ca3	572-764	5,6,7	67	86.5	108.5	48.2	False	20.59	0.07	False	False	False	False	False	False	False	False	
926611	688	T	N		FBN1_cbEGF5-7_Ca3	572-764	5,6,7	76	95.1	52.8	30.7	False	13.56	0.13	False	False	False	False	False	False	False	False	
927916	682	E	Q	vus	FBN1_cbEGF5-7_Ca3	572-764	5,6,7	82	90.6	39.8	17.9	True	9.14	0.04	False	False	False	False	False	False	False	False	
926753	669	Q	R		FBN1_cbEGF5-7_Ca3	572-764	5,6,7	95	87.5	127.1	56.5	False	24.4	0.16	False	False	False	False	False	False	False	False	
921857	667	R	K		FBN1_cbEGF5-7_Ca3	572-764	5,6,7	95	82.5	227.5	83.0	False	27.25	0.29	False	False	False	False	False	False	False	False	
920886	657	M	T	vus	FBN1_cbEGF5-7_Ca3	572-764	5,6,7	85	76.1	141.8	63.3	False	18.93	0.42	False	False	False	False	False	False	False	False	
923094	650	R	H	vus	FBN1_cbEGF5-7_Ca3	572-764	5,6,7	78	74.7	126.4	46.1	False	11.82	0.37	False	False	False	False	False	False	False	False	
925063	646	G	D	vus	FBN1_cbEGF5-7_Ca3	572-764	5,6,7	74	77.6	20.0	19.2	True	17.76	0.27	False	False	False	False	False	False	False	False	
922302	631	T	S		FBN1_cbEGF5-7_Ca3	572-764	5,6,7	59	96.6	45.7	26.6	False	2.51	0.03	False	True	True	False	False	False	False	False	
924443	620	P	S		FBN1_cbEGF5-7_Ca3	572-764	5,6,7	48	90.1	128.8	81.0	False	13.23	0.07	False	False	False	False	False	False	False	False	
926962	583	L	F		FBN1_cbEGF3-5_Ca3	490-612	3,4,5	29	94.7	104.2	51.8	False	15.31	0.08	False	False	False	False	False	False	False	False	
927454	542	N	S		FBN1_cbEGF3-5_Ca3	490-612	3,4,5	52	91.5	68.5	35.1	False	12.85	0.04	False	False	False	False	False	False	False	False	
924155	542	N	H		FBN1_cbEGF3-5_Ca3	490-612	3,4,5	52	91.5	68.5	35.1	False	12.85	0.04	False	False	False	False	False	False	False	False	
919582	539	R	W	vus	FBN1_cbEGF3-5_Ca3	490-612	3,4,5	49	75.5	204.0	74.5	False	14.01	0.16	False	False	False	False	False	False	False	False	
928341	529	R	Q	vus	FBN1_cbEGF3-5_Ca3	490-612	3,4,5	39	89.8	136.5	49.8	False	7.29	0.03	False	False	False	False	False	False	False	False	
926701	521	S	N		FBN1_cbEGF3-5_Ca3	490-612	3,4,5	31	95.5	45.8	29.6	False	12.13	0.06	False	False	False	False	False	False	False	False	
923073	510	S	L	vus	FBN1_cbEGF3-5_Ca3	490-612	3,4,5	20	96.2	52.0	33.6	False	2.52	0.02	False	True	True	False	False	False	False	False	
921836	505	I	V		FBN1_cbEGF1-3_Ca3	246-529	1,2,3	24	90.8	68.3	34.7	False	6.22	0.81	False	False	False	False	False	False	False	False	
919237	491	V	A	vus	FBN1_cbEGF1-3_Ca3	246-529	1,2,3	38	89.9	33.8	19.4	True	2.47	0.18	False	True	True	False	False	False	False	False	
923169	475	E	D		FBN1_cbEGF1-3_Ca3	246-529	1,2,3	54	82.9	77.0	34.5	False	15.09	0.7	False	False	False	False	False	False	False	False	
922251	473	R	W	vus	FBN1_cbEGF1-3_Ca3	246-529	1,2,3	56	70.9	127.5	46.5	False	20.09	0.63	False	False	False	False	False	False	False	False	
924718	466	I	V	vus	FBN1_cbEGF1-3_Ca3	246-529	1,2,3	63	81.7	38.2	19.4	True	21.43	0.67	False	False	False	False	False	False	False	False	
928335	464	R	H	vus	FBN1_cbEGF1-3_Ca3	246-529	1,2,3	65	76.2	166.6	60.8	False	16.29	0.55	False	False	False	False	False	False	False	False	
922395	457	R	H	vus	FBN1_cbEGF1-3_Ca3	246-529	1,2,3	72	47.4	196.5	71.7	False	21.47	0.65	False	False	False	False	False	False	False	False	
918426	454	Q	R		FBN1_cbEGF1-3_Ca3	246-529	1,2,3	75	62.6	146.0	64.9	False	25.89	0.98	False	False	False	False	False	False	False	False	
923840	426	P	L		FBN1_cbEGF1-3_Ca3	246-529	1,2,3	103	42.5	116.2	73.1	False	56.42	17.44	False	False	False	False	False	False	False	False	
919540	423	P	R		FBN1_cbEGF1-3_Ca3	246-529	1,2,3	106	44.3	125.9	79.2	False	58.13	16.31	False	False	False	False	False	False	False	False	
919555	410	P	H	vus	FBN1_cbEGF1-3_Ca3	246-529	1,2,3	119	42.2	103.2	64.9	False	41.02	9.73	False	False	False	False	False	False	False	False	
922145	406	L	V	vus	FBN1_cbEGF1-3_Ca3	246-529	1,2,3	123	36.2	168.4	83.8	False	35.19	8.66	False	False	False	False	False	False	False	False	
923423	405	P	T		FBN1_cbEGF1-3_Ca3	246-529	1,2,3	124	34.7	123.1	77.4	False	32.2	8.62	False	False	False	False	False	False	False	False	
925101	404	P	Q		FBN1_cbEGF1-3_Ca3	246-529	1,2,3	125	33.6	111.2	69.9	False	29.22	8.56	False	False	False	False	False	False	False	False	
918803	404	P	A		FBN1_cbEGF1-3_Ca3	246-529	1,2,3	125	33.6	111.2	69.9	False	29.22	8.56	False	False	False	False	False	False	False	False	
923497	390	S	P	vus	FBN1_cbEGF1-3_Ca3	246-529	1,2,3	139	76.2	72.1	46.5	False	20.83	0.99	False	False	False	False	False	False	False	False	
928435	382	T	S		FBN1_cbEGF1-3_Ca3	246-529	1,2,3	136	87.7	49.6	28.9	False	23.75	1.16	False	False	False	False	False	False	False	False	
919888	373	A	V		FBN1_cbEGF1-3_Ca3	246-529	1,2,3	127	91.8	85.1	66.0	False	27.01	3.06	False	False	False	False	False	False	False	False	
919876	370	V	F		FBN1_cbEGF1-3_Ca3	246-529	1,2,3	124	76.3	107.6	61.9	False	22.36	8.15	False	False	False	False	False	False	False	False	
920432	364	R	G		FBN1_cbEGF1-3_Ca3	246-529	1,2,3	118	82.6	114.6	41.8	False	30.9	7.24	False	False	False	False	False	False	False	False	
926390	353	I	L	vus	FBN1_cbEGF1-3_Ca3	246-529	1,2,3	107	83.3	14.2	7.2	True	25.72	4.62	False	False	False	False	False	False	False	False	
927728	326	T	A		FBN1_cbEGF1-3_Ca3	246-529	1,2,3	80	88.2	25.9	15.1	True	9.66	0.13	False	False	False	False	False	False	False	False	
925643	324	D	V		FBN1_cbEGF1-3_Ca3	246-529	1,2,3	78	81.2	96.0	49.7	False	11.85	0.16	False	False	False	False	False	False	False	False	
919884	323	P	L		FBN1_cbEGF1-3_Ca3	246-529	1,2,3	77	74.5	86.8	54.6	False	16.16	0.16	False	False	False	False	False	False	False	False	
927796	317	P	S		FBN1_cbEGF1-3_Ca3	246-529	1,2,3	71	75.8	109.5	68.9	False	22.81	2.49	False	False	False	False	False	False	False	False	
923103	309	S	N		FBN1_cbEGF1-3_Ca3	246-529	1,2,3	63	92.4	53.3	34.4	False	4.16	0.05	False	False	False	False	False	False	False	False	
920625	306	N	D		FBN1_cbEGF1-3_Ca3	246-529	1,2,3	60	95.3	57.3	29.4	False	2.4	0.07	True	False	True	True	False	False	False	False	
926652	276	G	V	vus	FBN1_cbEGF1-3_Ca3	246-529	1,2,3	30	95.5	20.1	19.3	True	4.43	0.08	False	False	False	False	False	False	False	False	
921687	272	K	R		FBN1_cbEGF1-3_Ca3	246-529	1,2,3	26	85.7	103.2	43.7	False	13.59	0.19	False	False	False	False	False	False	False	False	
920377	270	E	Q	vus	FBN1_cbEGF1-3_Ca3	246-529	1,2,3	24	86.1	77.8	34.9	False	7.53	0.22	False	False	False	False	False	False	False	False	
925903	269	F	S	vus	FBN1_cbEGF1-3_Ca3	246-529	1,2,3	23	91.5	54.3	22.6	False	4.73	0.27	False	False	False	True	True	False	False	False	
919909	266	V	I		FBN1_cbEGF1-3_Ca3	246-529	1,2,3	20	91.1	143.5	82.5	False	4.64	0.22	False	False	False	False	False	False	False	False	
921386	261	N	I	vus	FBN1_cbEGF1-3_Ca3	246-529	1,2,3	15	89.2	90.4	46.4	False	12.56	0.16	False	False	False	False	False	False	False	False	
921097	260	G	R	vus	FBN1_cbEGF1-3_Ca3	246-529	1,2,3	14	95.3	29.7	28.5	False	14.38	0.17	False	False	False	False	False	False	False	False	
918151	658	R	W	vus	FBN1_cbEGF5-7_Ca3	572-764	5,6,7	86	88.3	141.1	51.5	False	14.65	0.85	False	False	False	False	False	False	False	False	
928685	2621	S	A	vus	FBN1_cbEGF41-43_Ca3	2567-2687	41,42,43	54	92.0	65.2	42.0	False	12.38	0.06	False	False	False	False	False	False	False	False	
928686	2187	G	S	vus	FBN1_cbEGF33-35_Ca3	2166-2290	33,34,35	21	93.5	17.4	16.7	True	2.6	0.04	False	True	True	False	False	False	False	False	
928614	1661	G	R		FBN1_cbEGF23-25_Ca3	1606-1807	23,24,25	55	93.4	17.7	17.1	True	15.19	0.07	False	False	False	False	False	False	False	False	
929135	1517	F	S		FBN1_cbEGF21-23_Ca3	1446-1647	21,22,23	71	98.4	36.6	15.2	True	19.57	0.07	False	False	False	False	False	False	False	False	
929148	1470	C	F		FBN1_cbEGF21-23_Ca3	1446-1647	21,22,23	24	97.8	6.7	4.0	True	10.47	0.03	False	False	False	False	False	True	True	False	1456
928903	1137	R	C	vus	FBN1_cbEGF13-15_Ca3	1113-1237	13,14,15	24	89.2	129.0	47.1	False	7.34	0.05	False	False	False	False	False	False	False	True	
928916	584	N	S		FBN1_cbEGF3-5_Ca3	490-612	3,4,5	28	96.3	44.4	22.8	False	17.84	0.1	False	False	False	False	False	False	False	False	
929149	575	E	K	vus	FBN1_cbEGF3-5_Ca3	490-612	3,4,5	37	97.5	14.6	6.5	True	2.42	0.03	True	False	True	True	False	False	False	False	
929136	476	C	F		FBN1_cbEGF1-3_Ca3	246-529	1,2,3	53	91.3	37.1	22.2	False	11.73	0.72	False	False	False	False	False	True	True	False	488
929865	468	T	A		FBN1_cbEGF1-3_Ca3	246-529	1,2,3	61	68.1	37.3	21.7	False	25.82	0.68	False	False	False	False	False	False	False	False	
931972	2018	V	A		FBN1_cbEGF29-31_Ca3	1930-2054	29,30,31	36	96.9	101.7	58.5	False	8.36	0.02	False	False	False	False	False	False	False	False	
931716	1218	S	R		FBN1_cbEGF15-17_Ca3	1197-1321	15,16,17	21	96.4	54.1	34.9	False	2.44	0.05	False	True	True	False	False	False	False	False	
933156	727	C	G		FBN1_cbEGF5-7_Ca3	572-764	5,6,7	37	98.0	25.3	15.2	True	6.38	0.02	False	False	False	False	False	True	True	False	739
948459	2489	C	S		FBN1_cbEGF37-39_Ca3	2402-2523	37,38,39	34	98.1	29.3	17.6	True	6.3	0.02	False	False	False	False	False	True	True	False	2500
951009	2363	C	F		FBN1_cbEGF35-37_Ca3	2247-2443	35,36,37	80	97.4	0.0	0.0	True	11.26	0.05	False	False	False	False	False	True	True	False	
946365	2331	C	F		FBN1_cbEGF35-37_Ca3	2247-2443	35,36,37	84	95.1	17.2	10.3	True	16.15	0.03	False	False	False	False	False	True	True	False	2318
947549	2251	C	F		FBN1_cbEGF33-35_Ca3	2166-2290	33,34,35	39	98.4	31.7	19.0	True	6.33	0.02	False	False	False	False	False	True	True	False	2265
945021	1987	G	A		FBN1_cbEGF29-31_Ca3	1930-2054	29,30,31	57	97.6	14.7	14.2	True	13.65	0.06	False	False	False	False	False	False	False	False	
947613	1823	E	K		FBN1_cbEGF25-27_Ca3	1766-1890	25,26,27	57	92.4	86.2	38.7	False	12.22	0.05	False	False	False	False	False	False	False	False	
950235	1764	P	H		FBN1_cbEGF23-25_Ca3	1606-1807	23,24,25	43	91.9	65.9	41.4	False	10.88	0.02	False	False	False	False	False	False	False	False	
944924	1212	C	R		FBN1_cbEGF13-15_Ca3	1113-1237	13,14,15	25	98.9	27.3	16.3	True	8.26	0.05	False	False	False	False	False	True	True	False	1201
949264	1095	C	Y		FBN1_cbEGF11-13_Ca3	1028-1154	11,12,13	59	98.0	16.0	9.6	True	10.78	0.07	False	False	False	False	False	True	True	False	1081
946172	1086	C	G		FBN1_cbEGF11-13_Ca3	1028-1154	11,12,13	58	97.8	24.5	14.7	True	8.2	0.04	False	False	False	False	False	True	True	False	1074
946557	1053	C	Y		FBN1_cbEGF11-13_Ca3	1028-1154	11,12,13	25	97.2	13.9	8.3	True	10.74	0.08	False	False	False	False	False	True	True	False	1039
944642	873	S	F		FBN1_cbEGF9-11_Ca3	807-1069	9,10,11	66	94.2	19.2	12.4	True	11.44	0.07	False	False	False	False	False	False	False	False	
948395	316	P	T	vus	FBN1_cbEGF1-3_Ca3	246-529	1,2,3	70	81.9	30.7	19.3	True	18.76	0.05	False	False	False	False	False	False	False	False	
935557	2607	D	Y		FBN1_cbEGF41-43_Ca3	2567-2687	41,42,43	40	95.7	35.0	18.1	True	2.61	0.02	True	False	True	True	False	False	False	False	
942922	2497	Q	P		FBN1_cbEGF37-39_Ca3	2402-2523	37,38,39	26	89.1	110.2	49.0	False	15.63	0.06	False	False	False	False	False	False	False	False	
938945	2462	T	P		FBN1_cbEGF37-39_Ca3	2402-2523	37,38,39	60	98.0	49.3	28.6	False	2.53	0.02	False	True	True	False	False	False	False	False	
941377	2347	M	L		FBN1_cbEGF35-37_Ca3	2247-2443	35,36,37	96	91.1	132.6	59.2	False	25.15	0.13	False	False	False	False	False	False	False	False	
937068	2192	C	Y	pathogenic	FBN1_cbEGF33-35_Ca3	2166-2290	33,34,35	26	98.3	30.7	18.4	True	11.87	0.03	False	False	False	False	False	True	True	False	2204
938248	2120	G	V		FBN1_cbEGF31-33_Ca3	2013-2205	31,32,33	85	93.2	4.1	4.0	True	13.63	0.07	False	False	False	False	False	False	False	False	
938898	2054	Q	R	vus	FBN1_cbEGF31-33_Ca3	2013-2205	31,32,33	41	84.3	12.7	5.7	True	17.94	0.24	False	False	False	False	False	False	False	False	
940889	1989	C	G		FBN1_cbEGF29-31_Ca3	1930-2054	29,30,31	59	97.2	30.9	18.5	True	8.18	0.05	False	False	False	False	False	True	True	False	1977
934403	1928	C	R	pathogenic	FBN1_cbEGF27-29_Ca3	1849-1972	27,28,29	44	98.7	7.8	4.7	True	10.71	0.01	False	False	False	False	False	True	True	False	1916
939999	1916	C	F		FBN1_cbEGF27-29_Ca3	1849-1972	27,28,29	56	98.8	30.7	18.4	True	11.94	0.04	False	False	False	False	False	True	True	False	1928
939548	1806	C	W	pathogenic	FBN1_cbEGF25-27_Ca3	1766-1890	25,26,27	40	98.8	0.1	0.0	True	10.69	0.03	False	False	False	False	False	True	True	False	1793
933319	1679	M	V		FBN1_cbEGF23-25_Ca3	1606-1807	23,24,25	73	89.0	116.6	52.0	False	18.99	0.08	False	False	False	False	False	False	False	False	
933374	1504	N	I		FBN1_cbEGF21-23_Ca3	1446-1647	21,22,23	58	98.2	57.4	29.5	False	2.31	0.01	True	False	True	True	False	False	False	False	
940459	1392	K	E	vus	FBN1_cbEGF19-21_Ca3	1363-1486	19,20,21	29	96.7	86.5	36.7	False	9.62	0.09	False	False	False	False	False	False	False	False	
935239	1363	D	V		FBN1_cbEGF17-19_Ca3	1280-1403	17,18,19	40	98.7	31.3	16.2	True	2.6	0.02	True	False	True	True	False	False	False	False	
938695	1012	P	R	vus	FBN1_cbEGF9-11_Ca3	807-1069	9,10,11	57	94.5	59.3	37.3	False	7.5	0.1	False	False	False	False	False	False	False	False	
934513	916	V	L		FBN1_cbEGF9-11_Ca3	807-1069	9,10,11	109	95.1	15.0	8.6	True	8.49	0.04	False	False	False	False	False	False	False	False	
943589	912	D	G		FBN1_cbEGF9-11_Ca3	807-1069	9,10,11	105	97.0	46.4	24.1	False	4.29	0.03	False	False	False	True	True	False	False	False	
935238	805	C	R	pathogenic	FBN1_cbEGF7-9_Ca3	723-846	7,8,9	41	98.7	0.2	0.1	True	10.65	0.03	False	False	False	False	False	True	True	False	792
943899	576	C	W		FBN1_cbEGF3-5_Ca3	490-612	3,4,5	36	98.4	37.8	22.7	False	6.3	0.02	False	False	False	False	False	True	True	False	587
939149	541	C	Y	pathogenic	FBN1_cbEGF3-5_Ca3	490-612	3,4,5	51	97.8	5.0	3.0	True	10.99	0.04	False	False	False	False	False	True	True	False	555
934678	336	C	G		FBN1_cbEGF1-3_Ca3	246-529	1,2,3	90	93.7	1.4	0.8	True	25.98	3.8	False	False	False	False	False	True	True	False	
943539	302	G	V	vus	FBN1_cbEGF1-3_Ca3	246-529	1,2,3	56	91.3	22.7	21.9	False	14.94	0.06	False	False	False	False	False	False	False	False	
942009	281	E	D	vus	FBN1_cbEGF1-3_Ca3	246-529	1,2,3	35	81.9	142.1	63.7	False	15.9	0.22	False	False	False	False	False	False	False	False	
963925	2571	C	R	pathogenic	FBN1_cbEGF39-41_Ca3	2485-2606	39,40,41	35	95.9	26.0	15.6	True	6.43	0.03	False	False	False	False	False	True	True	False	2581
961059	2279	G	V		FBN1_cbEGF35-37_Ca3	2247-2443	35,36,37	32	96.2	17.6	17.0	True	4.37	0.05	False	False	False	False	False	False	False	False	
953581	2276	C	G		FBN1_cbEGF35-37_Ca3	2247-2443	35,36,37	29	95.8	25.7	15.4	True	11.65	0.16	False	False	False	False	False	True	True	False	2289
963629	1916	C	G		FBN1_cbEGF27-29_Ca3	1849-1972	27,28,29	56	98.8	30.7	18.4	True	11.94	0.04	False	False	False	False	False	True	True	False	1928
955920	1721	C	Y	pathogenic	FBN1_cbEGF23-25_Ca3	1606-1807	23,24,25	86	98.4	0.0	0.0	True	8.36	0.02	False	False	False	False	False	True	True	False	
963073	1536	L	W		FBN1_cbEGF21-23_Ca3	1446-1647	21,22,23	90	96.5	21.7	10.8	True	14.79	0.1	False	False	False	False	False	False	False	False	
953342	1491	C	W		FBN1_cbEGF21-23_Ca3	1446-1647	21,22,23	45	97.9	39.1	23.4	False	6.47	0.02	False	False	False	False	False	True	True	False	1502
960628	1080	L	R	vus	FBN1_cbEGF11-13_Ca3	1028-1154	11,12,13	52	94.9	56.9	28.3	False	8.51	0.07	False	False	False	False	False	False	False	False	
961251	954	R	P		FBN1_cbEGF9-11_Ca3	807-1069	9,10,11	115	82.5	102.0	37.2	False	18.94	0.08	False	False	False	False	False	False	False	False	
961950	896	C	R		FBN1_cbEGF9-11_Ca3	807-1069	9,10,11	89	97.1	15.4	9.2	True	10.91	0.06	False	False	False	False	False	True	True	False	908
963640	832	C	F	pathogenic	FBN1_cbEGF9-11_Ca3	807-1069	9,10,11	25	96.6	40.2	24.1	False	16.94	0.17	False	False	False	False	False	True	True	False	845
962932	821	C	Y		FBN1_cbEGF7-9_Ca3	723-846	7,8,9	25	98.6	30.9	18.5	True	8.08	0.07	False	False	False	False	False	True	True	False	811
960384	792	C	Y	pathogenic	FBN1_cbEGF7-9_Ca3	723-846	7,8,9	54	98.8	32.2	19.3	True	12.04	0.1	False	False	False	False	False	True	True	False	805
963306	750	C	Y	pathogenic	FBN1_cbEGF7-9_Ca3	723-846	7,8,9	27	98.8	30.2	18.1	True	11.77	0.06	False	False	False	False	False	True	True	False	763
955551	639	C	L		FBN1_cbEGF5-7_Ca3	572-764	5,6,7	67	84.8	34.8	20.9	False	16.73	0.05	False	False	False	False	False	True	True	False	652
959230	631	T	P		FBN1_cbEGF5-7_Ca3	572-764	5,6,7	59	96.6	45.7	26.6	False	2.51	0.03	False	True	True	False	False	False	False	False	
962809	623	C	L		FBN1_cbEGF5-7_Ca3	572-764	5,6,7	51	87.8	14.7	8.8	True	11.02	0.07	False	False	False	False	False	True	True	False	637
963295	598	C	F		FBN1_cbEGF5-7_Ca3	572-764	5,6,7	26	98.5	32.5	19.5	True	11.77	0.06	False	False	False	False	False	True	True	False	611
956400	570	C	R	pathogenic	FBN1_cbEGF3-5_Ca3	490-612	3,4,5	42	98.4	7.5	4.5	True	10.68	0.02	False	False	False	False	False	True	True	False	557
971524	2663	C	S		FBN1_cbEGF41-43_Ca3	2567-2687	41,42,43	24	91.7	48.0	28.7	False	8.18	0.07	False	False	False	False	False	True	True	False	2652
968455	2245	C	Y		FBN1_cbEGF33-35_Ca3	2166-2290	33,34,35	45	98.1	26.5	15.8	True	10.95	0.04	False	False	False	False	False	True	True	False	2232
966095	2219	F	V		FBN1_cbEGF33-35_Ca3	2166-2290	33,34,35	53	94.8	119.9	50.0	False	15.2	0.18	False	False	False	False	False	False	False	False	
971295	1858	N	T		FBN1_cbEGF25-27_Ca3	1766-1890	25,26,27	32	90.0	129.0	66.2	False	14.02	0.05	False	False	False	False	False	False	False	False	
967627	1698	N	S	vus	FBN1_cbEGF23-25_Ca3	1606-1807	23,24,25	92	95.8	62.4	32.0	False	19.71	0.08	False	False	False	False	False	False	False	False	
968811	1673	I	T	vus	FBN1_cbEGF23-25_Ca3	1606-1807	23,24,25	67	95.0	107.4	54.5	False	13.45	0.08	False	False	False	False	False	False	False	False	
967533	1084	G	R		FBN1_cbEGF11-13_Ca3	1028-1154	11,12,13	56	98.1	20.3	19.5	True	13.82	0.04	False	False	False	False	False	False	False	False	
970113	880	G	V		FBN1_cbEGF9-11_Ca3	807-1069	9,10,11	73	96.7	12.3	11.8	True	12.28	0.04	False	False	False	False	False	False	False	False	
970337	476	C	Y	pathogenic	FBN1_cbEGF1-3_Ca3	246-529	1,2,3	53	91.3	37.1	22.2	False	11.73	0.72	False	False	False	False	False	True	True	False	488
973318	1406	D	G	pathogenic	FBN1_cbEGF19-21_Ca3	1363-1486	19,20,21	43	97.4	61.8	32.0	False	4.35	0.04	False	False	False	True	True	False	False	False	
973570	1879	G	D		FBN1_cbEGF27-29_Ca3	1849-1972	27,28,29	30	98.2	10.9	10.5	True	4.63	0.02	False	False	False	False	False	False	False	False	
973868	1307	C	W		FBN1_cbEGF17-19_Ca3	1280-1403	17,18,19	27	97.9	37.7	22.6	False	11.88	0.11	False	False	False	False	False	True	True	False	1320
976206	1417	N	S		FBN1_cbEGF19-21_Ca3	1363-1486	19,20,21	54	95.3	78.5	40.3	False	10.09	0.13	False	False	False	False	False	False	False	False	
979122	1638	Y	S		FBN1_cbEGF23-25_Ca3	1606-1807	23,24,25	32	97.9	109.0	41.4	False	8.42	0.07	False	False	False	False	False	False	False	False	
979123	1311	Y	N		FBN1_cbEGF17-19_Ca3	1280-1403	17,18,19	31	98.2	46.1	17.5	True	6.87	0.05	False	False	False	False	False	False	False	False	
979124	438	S	F	vus	FBN1_cbEGF1-3_Ca3	246-529	1,2,3	91	33.2	95.6	61.6	False	43.77	13.51	False	False	False	False	False	False	False	False	
982345	2486	L	V		FBN1_cbEGF37-39_Ca3	2402-2523	37,38,39	37	97.6	24.7	12.3	True	2.28	0.02	False	True	True	False	False	False	False	False	
982347	2483	C	Y	pathogenic	FBN1_cbEGF37-39_Ca3	2402-2523	37,38,39	40	98.6	20.5	12.3	True	10.87	0.04	False	False	False	False	False	True	True	False	2470
982348	2416	G	E		FBN1_cbEGF35-37_Ca3	2247-2443	35,36,37	27	95.2	19.9	19.2	True	15.43	0.08	False	False	False	False	False	False	False	False	
982350	2318	C	S	pathogenic	FBN1_cbEGF35-37_Ca3	2247-2443	35,36,37	71	97.7	36.8	22.0	False	16.66	0.05	False	False	False	False	False	True	True	False	2331
982358	2017	C	Y	pathogenic	FBN1_cbEGF29-31_Ca3	1930-2054	29,30,31	37	97.5	28.7	17.2	True	6.51	0.02	False	False	False	False	False	True	True	False	2029
982359	2011	C	W		FBN1_cbEGF29-31_Ca3	1930-2054	29,30,31	43	97.0	5.2	3.1	True	10.65	0.05	False	False	False	False	False	True	True	False	2000
982360	1912	F	C		FBN1_cbEGF27-29_Ca3	1849-1972	27,28,29	60	97.7	27.0	11.3	True	4.72	0.02	False	False	False	True	True	False	False	True	
982319	1491	C	F	pathogenic	FBN1_cbEGF21-23_Ca3	1446-1647	21,22,23	45	97.9	39.1	23.4	False	6.47	0.02	False	False	False	False	False	True	True	False	1502
982320	1456	C	R		FBN1_cbEGF19-21_Ca3	1363-1486	19,20,21	30	98.3	6.1	3.7	True	12.1	0.12	False	False	False	False	False	True	True	False	1470
982321	1418	G	D		FBN1_cbEGF19-21_Ca3	1363-1486	19,20,21	55	98.1	17.4	16.7	True	13.56	0.07	False	False	False	False	False	False	False	False	
982322	1319	G	S		FBN1_cbEGF17-19_Ca3	1280-1403	17,18,19	39	96.1	11.7	11.3	True	13.85	0.07	False	False	False	False	False	False	False	False	
982323	1072	D	V		FBN1_cbEGF11-13_Ca3	1028-1154	11,12,13	44	98.0	53.8	27.9	False	4.38	0.01	False	False	False	True	True	False	False	False	
982324	1029	I	S		FBN1_cbEGF9-11_Ca3	807-1069	9,10,11	40	95.6	11.6	5.9	True	2.36	0.02	False	True	True	False	False	False	False	False	
982336	890	C	G		FBN1_cbEGF9-11_Ca3	807-1069	9,10,11	83	96.2	26.3	15.8	True	16.08	0.05	False	False	False	False	False	True	True	False	876
982337	792	C	R	pathogenic	FBN1_cbEGF7-9_Ca3	723-846	7,8,9	54	98.8	32.2	19.3	True	12.04	0.1	False	False	False	False	False	True	True	False	805
982338	768	E	G		FBN1_cbEGF7-9_Ca3	723-846	7,8,9	45	97.3	28.1	12.6	True	2.5	0.03	False	False	False	True	True	False	False	False	
982340	734	C	S		FBN1_cbEGF5-7_Ca3	572-764	5,6,7	30	97.3	8.7	5.2	True	11.05	0.06	False	False	False	False	False	True	True	False	748
982352	332	R	C		FBN1_cbEGF1-3_Ca3	246-529	1,2,3	86	78.7	71.7	26.2	False	21.2	2.32	False	False	False	False	False	False	False	True	
984411	2633	C	G		FBN1_cbEGF41-43_Ca3	2567-2687	41,42,43	54	95.9	30.1	18.0	True	11.83	0.09	False	False	False	False	False	True	True	False	2646
988285	2636	G	V		FBN1_cbEGF41-43_Ca3	2567-2687	41,42,43	51	95.9	19.3	18.5	True	4.66	0.04	False	False	False	False	False	False	False	False	
988304	1891	D	G		FBN1_cbEGF27-29_Ca3	1849-1972	27,28,29	42	98.4	37.0	19.2	True	2.6	0.02	True	False	True	True	False	False	False	False	
988477	1796	G	V		FBN1_cbEGF25-27_Ca3	1766-1890	25,26,27	30	98.6	14.9	14.3	True	4.69	0.04	False	False	False	False	False	False	False	False	
988272	1661	G	R		FBN1_cbEGF23-25_Ca3	1606-1807	23,24,25	55	93.4	17.7	17.1	True	15.19	0.07	False	False	False	False	False	False	False	False	
988300	958	C	R		FBN1_cbEGF9-11_Ca3	807-1069	9,10,11	111	97.5	0.0	0.0	True	13.93	0.08	False	False	False	False	False	True	True	False	
992537	2250	E	V		FBN1_cbEGF33-35_Ca3	2166-2290	33,34,35	40	97.8	10.2	4.6	True	2.38	0.04	True	False	True	True	False	False	False	False	
993575	2587	G	S	vus	FBN1_cbEGF41-43_Ca3	2567-2687	41,42,43	20	93.6	15.7	15.1	True	2.47	0.03	False	True	True	False	False	False	False	False	
993900	1538	I	V	vus	FBN1_cbEGF21-23_Ca3	1446-1647	21,22,23	92	88.9	39.6	20.1	False	22.34	0.15	False	False	False	False	False	False	False	False	
993755	1156	I	S		FBN1_cbEGF13-15_Ca3	1113-1237	13,14,15	43	97.6	39.7	20.1	False	2.32	0.01	False	True	True	False	False	False	False	False	
993417	765	D	N		FBN1_cbEGF7-9_Ca3	723-846	7,8,9	42	98.3	49.2	25.5	False	2.63	0.02	True	False	True	True	False	False	False	False	
997890	2036	F	L		FBN1_cbEGF31-33_Ca3	2013-2205	31,32,33	23	96.2	38.6	16.1	True	4.6	0.02	False	False	False	True	True	False	False	False	
1004390	2243	R	K		FBN1_cbEGF33-35_Ca3	2166-2290	33,34,35	47	87.2	102.6	37.4	False	12.16	0.39	False	False	False	False	False	False	False	False	
1008866	2105	E	V		FBN1_cbEGF31-33_Ca3	2013-2205	31,32,33	92	81.2	82.8	37.1	False	20.23	0.4	False	False	False	False	False	False	False	False	
1001086	1428	R	G		FBN1_cbEGF19-21_Ca3	1363-1486	19,20,21	58	89.6	130.7	47.7	False	7.43	0.04	False	False	False	False	False	False	False	False	
1005680	1271	A	T	vus	FBN1_cbEGF15-17_Ca3	1197-1321	15,16,17	50	97.9	38.7	30.0	False	12.26	0.07	False	False	False	False	False	False	False	False	
1004707	1175	I	V		FBN1_cbEGF13-15_Ca3	1113-1237	13,14,15	62	95.4	146.1	74.2	False	4.64	0.01	False	False	False	False	False	False	False	False	
1004610	1120	D	V		FBN1_cbEGF11-13_Ca3	1028-1154	11,12,13	34	94.2	56.1	29.1	False	10.47	0.02	False	False	False	False	False	False	False	False	
1000255	1085	Q	R	vus	FBN1_cbEGF11-13_Ca3	1028-1154	11,12,13	57	90.7	121.0	53.8	False	12.22	0.04	False	False	False	False	False	False	False	False	
1006686	1071	I	V	vus	FBN1_cbEGF11-13_Ca3	1028-1154	11,12,13	43	97.8	52.7	26.7	False	2.32	0.02	False	True	True	False	False	False	False	False	
1000504	562	H	Q		FBN1_cbEGF3-5_Ca3	490-612	3,4,5	50	92.9	75.6	33.8	False	8.23	0.16	False	False	False	False	False	False	False	False	
1008301	502	G	C	vus	FBN1_cbEGF1-3_Ca3	246-529	1,2,3	27	90.8	15.2	14.6	True	14.9	0.47	False	False	False	False	False	False	False	True	
1004623	364	R	Q		FBN1_cbEGF1-3_Ca3	246-529	1,2,3	118	82.6	114.6	41.8	False	30.9	7.24	False	False	False	False	False	False	False	False	
1015775	2372	G	S		FBN1_cbEGF35-37_Ca3	2247-2443	35,36,37	71	97.8	4.0	3.8	True	19.63	0.06	False	False	False	False	False	False	False	False	
1014036	1699	Y	N		FBN1_cbEGF23-25_Ca3	1606-1807	23,24,25	93	97.7	47.1	17.9	True	21.76	0.11	False	False	False	False	False	False	False	False	
1025849	1540	P	R	vus	FBN1_cbEGF21-23_Ca3	1446-1647	21,22,23	94	80.5	117.1	73.6	False	28.89	0.41	False	False	False	False	False	False	False	False	
1025680	1421	L	P	vus	FBN1_cbEGF19-21_Ca3	1363-1486	19,20,21	58	94.8	63.4	31.5	False	6.58	0.02	False	False	False	False	False	False	False	False	
1018326	1398	D	G	vus	FBN1_cbEGF19-21_Ca3	1363-1486	19,20,21	35	97.9	100.5	52.1	False	15.55	0.04	False	False	False	False	False	False	False	False	
1016915	1381	K	N	vus	FBN1_cbEGF17-19_Ca3	1280-1403	17,18,19	22	87.6	110.2	46.7	False	6.5	0.03	False	False	False	False	False	False	False	False	
1014269	1012	P	H		FBN1_cbEGF9-11_Ca3	807-1069	9,10,11	57	94.5	59.3	37.3	False	7.5	0.1	False	False	False	False	False	False	False	False	
1016233	771	L	V		FBN1_cbEGF7-9_Ca3	723-846	7,8,9	48	92.2	135.2	67.3	False	8.76	0.2	False	False	False	False	False	False	False	False	
1017965	384	D	N	vus	FBN1_cbEGF1-3_Ca3	246-529	1,2,3	138	85.6	88.6	45.9	False	20.31	1.12	False	False	False	False	False	False	False	False	
2152237	1333	C	Y		FBN1_cbEGF17-19_Ca3	1280-1403	17,18,19	53	98.7	20.3	12.2	True	11.08	0.04	False	False	False	False	False	True	True	False	1348
1029664	954	R	L	pathogenic	FBN1_cbEGF9-11_Ca3	807-1069	9,10,11	115	82.5	102.0	37.2	False	18.94	0.08	False	False	False	False	False	False	False	False	
1029663	438	S	C	vus	FBN1_cbEGF1-3_Ca3	246-529	1,2,3	91	33.2	95.6	61.6	False	43.77	13.51	False	False	False	False	False	False	False	True	
1043471	2584	I	M		FBN1_cbEGF39-41_Ca3	2485-2606	39,40,41	22	94.3	79.8	40.5	False	2.5	0.02	False	True	True	False	False	False	False	False	
1037043	2473	G	D		FBN1_cbEGF37-39_Ca3	2402-2523	37,38,39	50	98.2	9.3	8.9	True	4.53	0.05	False	False	False	False	False	False	False	False	
1041375	2206	D	V		FBN1_cbEGF33-35_Ca3	2166-2290	33,34,35	40	97.6	40.2	20.8	False	2.58	0.05	True	False	True	True	False	False	False	False	
1045603	1745	A	V		FBN1_cbEGF23-25_Ca3	1606-1807	23,24,25	62	92.6	28.6	22.2	False	16.68	0.11	False	False	False	False	False	False	False	False	
1038536	1000	N	I		FBN1_cbEGF9-11_Ca3	807-1069	9,10,11	69	89.7	142.5	73.1	False	18.14	0.24	False	False	False	False	False	False	False	False	
1043585	998	M	V		FBN1_cbEGF9-11_Ca3	807-1069	9,10,11	71	87.7	129.3	57.7	False	18.41	0.12	False	False	False	False	False	False	False	False	
1038944	971	I	V		FBN1_cbEGF9-11_Ca3	807-1069	9,10,11	98	90.8	9.9	5.0	True	13.11	0.08	False	False	False	False	False	False	False	False	
1040606	361	D	V	vus	FBN1_cbEGF1-3_Ca3	246-529	1,2,3	115	80.2	97.0	50.3	False	26.04	3.54	False	False	False	False	False	False	False	False	
1049329	2264	E	G		FBN1_cbEGF33-35_Ca3	2166-2290	33,34,35	26	89.3	95.7	42.9	False	12.28	0.03	False	False	False	False	False	False	False	False	
1063964	2338	Y	C	vus	FBN1_cbEGF35-37_Ca3	2247-2443	35,36,37	91	94.8	103.4	39.3	False	17.1	0.03	False	False	False	False	False	False	False	True	
1061380	2134	P	L		FBN1_cbEGF31-33_Ca3	2013-2205	31,32,33	71	87.2	69.0	43.4	False	13.12	0.08	False	False	False	False	False	False	False	False	
1060002	1725	I	N		FBN1_cbEGF23-25_Ca3	1606-1807	23,24,25	82	96.9	0.6	0.3	True	9.52	0.07	False	False	False	False	False	False	False	False	
1055113	1602	V	I		FBN1_cbEGF21-23_Ca3	1446-1647	21,22,23	45	96.4	5.1	2.9	True	15.98	0.08	False	False	False	False	False	False	False	False	
1058847	1253	Q	H	vus	FBN1_cbEGF15-17_Ca3	1197-1321	15,16,17	56	92.5	101.8	45.2	False	12.37	0.04	False	False	False	False	False	False	False	False	
1060096	1151	S	F		FBN1_cbEGF13-15_Ca3	1113-1237	13,14,15	38	92.0	26.8	17.3	True	13.16	0.84	False	False	False	False	False	False	False	False	
1053613	1131	N	K		FBN1_cbEGF11-13_Ca3	1028-1154	11,12,13	23	98.1	62.7	32.1	False	2.29	0.01	True	False	True	True	False	False	False	False	
1053878	1027	K	E	vus	FBN1_cbEGF9-11_Ca3	807-1069	9,10,11	42	81.4	119.0	50.4	False	7.49	0.02	False	False	False	False	False	False	False	False	
1061845	851	G	S		FBN1_cbEGF9-11_Ca3	807-1069	9,10,11	44	97.6	12.5	12.0	True	18.16	0.07	False	False	False	False	False	False	False	False	
1055825	636	R	K	vus	FBN1_cbEGF5-7_Ca3	572-764	5,6,7	64	88.4	118.3	43.2	False	7.43	0.04	False	False	False	False	False	False	False	False	
1053670	457	R	C	vus	FBN1_cbEGF1-3_Ca3	246-529	1,2,3	72	47.4	196.5	71.7	False	21.47	0.65	False	False	False	False	False	False	False	True	
1051880	429	R	L		FBN1_cbEGF1-3_Ca3	246-529	1,2,3	100	34.5	219.3	80.0	False	53.34	16.42	False	False	False	False	False	False	False	False	
1060553	411	P	S		FBN1_cbEGF1-3_Ca3	246-529	1,2,3	118	43.6	119.8	75.3	False	45.24	9.79	False	False	False	False	False	False	False	False	
1055589	401	Y	C		FBN1_cbEGF1-3_Ca3	246-529	1,2,3	128	27.4	163.2	62.0	False	22.88	8.47	False	False	False	False	False	False	False	True	
1064406	259	G	V		FBN1_cbEGF1-3_Ca3	246-529	1,2,3	13	94.4	54.2	52.1	False	12.56	0.21	False	False	False	False	False	False	False	False	
1067271	1989	C	S		FBN1_cbEGF29-31_Ca3	1930-2054	29,30,31	59	97.2	30.9	18.5	True	8.18	0.05	False	False	False	False	False	True	True	False	1977
1067779	1942	C	S		FBN1_cbEGF27-29_Ca3	1849-1972	27,28,29	30	98.2	2.4	1.4	True	11.02	0.04	False	False	False	False	False	True	True	False	1956
1067526	1562	C	F		FBN1_cbEGF21-23_Ca3	1446-1647	21,22,23	85	98.9	0.0	0.0	True	11.3	0.04	False	False	False	False	False	True	True	False	1534
1067104	1111	C	G		FBN1_cbEGF11-13_Ca3	1028-1154	11,12,13	43	98.1	8.8	5.3	True	10.6	0.05	False	False	False	False	False	True	True	False	1097
1066508	696	C	G		FBN1_cbEGF5-7_Ca3	572-764	5,6,7	68	92.3	36.0	21.5	False	22.8	0.63	False	False	False	False	False	True	True	False	
1066301	628	C	Y	pathogenic	FBN1_cbEGF5-7_Ca3	572-764	5,6,7	56	93.7	33.7	20.2	False	7.81	0.02	False	False	False	False	False	True	True	False	617
1066814	560	G	C		FBN1_cbEGF3-5_Ca3	490-612	3,4,5	52	98.1	17.7	17.0	True	4.7	0.08	False	False	False	False	False	False	False	True	
1067815	313	C	F		FBN1_cbEGF1-3_Ca3	246-529	1,2,3	67	92.6	0.2	0.1	True	10.74	0.04	False	False	False	False	False	True	True	False	299
1071312	2686	C	F		FBN1_cbEGF41-43_Ca3	2567-2687	41,42,43	1	85.7	50.6	30.3	False	18.14	0.44	False	False	False	False	False	True	True	False	2674
1068546	2470	C	Y		FBN1_cbEGF37-39_Ca3	2402-2523	37,38,39	53	98.7	25.3	15.2	True	11.6	0.04	False	False	False	False	False	True	True	False	2483
1069382	2265	C	S		FBN1_cbEGF33-35_Ca3	2166-2290	33,34,35	25	97.7	35.6	21.3	False	8.07	0.04	False	False	False	False	False	True	True	False	2251
1070334	2111	C	G	pathogenic	FBN1_cbEGF31-33_Ca3	2013-2205	31,32,33	94	94.7	3.6	2.1	True	13.71	0.19	False	False	False	False	False	True	True	False	2085
1068676	2085	C	G		FBN1_cbEGF31-33_Ca3	2013-2205	31,32,33	72	96.4	4.0	2.4	True	9.41	0.17	False	False	False	False	False	True	True	False	2111
1072043	1934	C	W		FBN1_cbEGF27-29_Ca3	1849-1972	27,28,29	38	97.5	47.5	28.5	False	6.35	0.03	False	False	False	False	False	True	True	False	1947
1071569	1930	D	H		FBN1_cbEGF27-29_Ca3	1849-1972	27,28,29	42	98.2	41.9	21.7	False	2.6	0.02	True	False	True	True	False	False	False	False	
1075547	1818	C	Y	pathogenic	FBN1_cbEGF25-27_Ca3	1766-1890	25,26,27	52	98.1	28.6	17.1	True	11.6	0.06	False	False	False	False	False	True	True	False	1833
1072045	1791	C	G	pathogenic	FBN1_cbEGF25-27_Ca3	1766-1890	25,26,27	25	97.9	21.0	12.6	True	10.83	0.04	False	False	False	False	False	True	True	False	1777
1069285	1502	C	R	pathogenic	FBN1_cbEGF21-23_Ca3	1446-1647	21,22,23	56	98.2	34.6	20.7	False	8.13	0.02	False	False	False	False	False	True	True	False	1491
1071752	1485	C	G		FBN1_cbEGF21-23_Ca3	1446-1647	21,22,23	39	97.7	9.7	5.8	True	10.57	0.06	False	False	False	False	False	True	True	False	1472
1069628	1461	C	Y		FBN1_cbEGF19-21_Ca3	1363-1486	19,20,21	25	98.6	33.8	20.2	False	8.08	0.06	False	False	False	False	False	True	True	False	1450
1073640	1424	P	S		FBN1_cbEGF19-21_Ca3	1363-1486	19,20,21	61	97.2	116.3	73.1	False	4.62	0.03	False	False	False	False	False	False	False	False	
1073227	1420	C	R		FBN1_cbEGF19-21_Ca3	1363-1486	19,20,21	57	97.9	17.3	10.3	True	8.1	0.09	False	False	False	False	False	True	True	False	1408
1075671	1389	C	Y	pathogenic	FBN1_cbEGF19-21_Ca3	1363-1486	19,20,21	26	98.6	10.7	6.4	True	10.69	0.04	False	False	False	False	False	True	True	False	1374
1072290	1348	C	R		FBN1_cbEGF17-19_Ca3	1280-1403	17,18,19	55	98.9	24.8	14.9	True	10.77	0.06	False	False	False	False	False	True	True	False	1333
1069718	1171	C	R		FBN1_cbEGF13-15_Ca3	1113-1237	13,14,15	58	98.5	30.6	18.3	True	7.95	0.03	False	False	False	False	False	True	True	False	1159
1069719	1039	C	Y		FBN1_cbEGF9-11_Ca3	807-1069	9,10,11	30	94.0	10.6	6.3	True	12.27	0.1	False	False	False	False	False	True	True	False	1053
1076287	952	D	N		FBN1_cbEGF9-11_Ca3	807-1069	9,10,11	117	82.9	12.3	6.4	True	18.45	0.05	False	False	False	False	False	False	False	False	
1075770	926	C	R	pathogenic	FBN1_cbEGF9-11_Ca3	807-1069	9,10,11	119	97.4	30.5	18.3	True	8.24	0.06	False	False	False	False	False	True	True	False	914
1073880	637	C	Y		FBN1_cbEGF5-7_Ca3	572-764	5,6,7	65	90.1	9.5	5.7	True	10.78	0.03	False	False	False	False	False	True	True	False	623
1076449	534	C	S		FBN1_cbEGF3-5_Ca3	490-612	3,4,5	44	97.4	41.1	24.6	False	6.39	0.01	False	False	False	False	False	True	True	False	546
1076563	359	C	F		FBN1_cbEGF1-3_Ca3	246-529	1,2,3	113	92.5	3.8	2.3	True	26.27	2.06	False	False	False	False	False	True	True	False	
1077159	2429	C	Y		FBN1_cbEGF37-39_Ca3	2402-2523	37,38,39	27	98.8	25.8	15.5	True	11.46	0.07	False	False	False	False	False	True	True	False	2442
1079925	1202	S	N		FBN1_cbEGF13-15_Ca3	1113-1237	13,14,15	35	97.4	84.4	54.4	False	8.42	0.03	False	False	False	False	False	False	False	False	
1098776	2470	C	F	pathogenic	FBN1_cbEGF37-39_Ca3	2402-2523	37,38,39	53	98.7	25.3	15.2	True	11.6	0.04	False	False	False	False	False	True	True	False	2483
1120215	499	C	G		FBN1_cbEGF1-3_Ca3	246-529	1,2,3	30	89.8	7.3	4.4	True	10.46	0.42	False	False	False	False	False	True	True	False	513
1163968	2232	C	S	pathogenic	FBN1_cbEGF33-35_Ca3	2166-2290	33,34,35	58	98.3	30.1	18.0	True	11.66	0.06	False	False	False	False	False	True	True	False	2245
1163969	1987	G	D		FBN1_cbEGF29-31_Ca3	1930-2054	29,30,31	57	97.6	14.7	14.2	True	13.65	0.06	False	False	False	False	False	False	False	False	
1163970	1646	C	S	pathogenic	FBN1_cbEGF23-25_Ca3	1606-1807	23,24,25	40	98.7	10.9	6.5	True	10.28	0.07	False	False	False	False	False	True	True	False	1633
1163973	893	D	Y		FBN1_cbEGF9-11_Ca3	807-1069	9,10,11	86	94.6	17.3	9.0	True	13.88	0.09	False	False	False	False	False	False	False	False	
1163974	881	A	T	vus	FBN1_cbEGF9-11_Ca3	807-1069	9,10,11	74	96.9	35.6	27.6	False	15.73	0.04	False	False	False	False	False	False	False	False	
1163382	617	C	W		FBN1_cbEGF5-7_Ca3	572-764	5,6,7	45	96.4	42.7	25.6	False	6.44	0.02	False	False	False	False	False	True	True	False	628
1163383	289	I	M		FBN1_cbEGF1-3_Ca3	246-529	1,2,3	43	95.2	44.1	22.4	False	2.29	0.04	False	True	True	False	False	False	False	False	
1172377	2658	P	L		FBN1_cbEGF41-43_Ca3	2567-2687	41,42,43	29	87.2	52.3	32.9	False	9.31	0.09	False	False	False	False	False	False	False	False	
1171713	2639	Y	H		FBN1_cbEGF41-43_Ca3	2567-2687	41,42,43	48	91.2	74.4	28.3	False	12.15	0.06	False	False	False	False	False	False	False	False	
1171695	2579	H	Y		FBN1_cbEGF39-41_Ca3	2485-2606	39,40,41	27	85.6	84.1	37.6	False	14.82	0.07	False	False	False	False	False	False	False	False	
1171268	2508	T	A		FBN1_cbEGF39-41_Ca3	2485-2606	39,40,41	23	90.3	62.3	36.2	False	7.32	0.04	False	False	False	False	False	False	False	False	
1171975	2503	T	I	vus	FBN1_cbEGF37-39_Ca3	2402-2523	37,38,39	20	97.6	53.8	31.3	False	2.45	0.01	False	True	True	False	False	False	False	False	
1172202	2469	S	L		FBN1_cbEGF37-39_Ca3	2402-2523	37,38,39	54	97.9	44.8	28.9	False	13.57	0.03	False	False	False	False	False	False	False	False	
1171434	2437	I	T		FBN1_cbEGF37-39_Ca3	2402-2523	37,38,39	35	93.1	182.9	92.8	False	15.57	0.11	False	False	False	False	False	False	False	False	
1171698	2380	F	L		FBN1_cbEGF35-37_Ca3	2247-2443	35,36,37	63	87.4	142.7	59.4	False	18.47	0.38	False	False	False	False	False	False	False	False	
1171404	2231	K	Q	vus	FBN1_cbEGF33-35_Ca3	2166-2290	33,34,35	59	92.0	86.6	36.7	False	13.13	0.25	False	False	False	False	False	False	False	False	
1172078	2161	G	R		FBN1_cbEGF31-33_Ca3	2013-2205	31,32,33	44	89.9	67.1	64.6	False	14.85	0.23	False	False	False	False	False	False	False	False	
1172082	1967	D	Y	vus	FBN1_cbEGF29-31_Ca3	1930-2054	29,30,31	37	93.6	87.7	45.4	False	13.54	0.23	False	False	False	False	False	False	False	False	
1172438	1959	N	H		FBN1_cbEGF29-31_Ca3	1930-2054	29,30,31	29	97.0	74.3	38.1	False	9.7	0.06	False	False	False	False	False	False	False	False	
1171861	1886	Q	E	vus	FBN1_cbEGF27-29_Ca3	1849-1972	27,28,29	37	93.4	86.4	38.4	False	11.44	0.07	False	False	False	False	False	False	False	False	
1172144	1871	S	R		FBN1_cbEGF27-29_Ca3	1849-1972	27,28,29	22	96.2	50.5	32.6	False	2.46	0.03	False	True	True	False	False	False	False	False	
1172139	1795	V	L		FBN1_cbEGF25-27_Ca3	1766-1890	25,26,27	29	97.3	142.2	81.7	False	7.54	0.05	False	False	False	False	False	False	False	False	
1172375	1761	T	S		FBN1_cbEGF23-25_Ca3	1606-1807	23,24,25	46	81.2	84.2	48.9	False	14.92	0.96	False	False	False	False	False	False	False	False	
1172298	1717	K	Q		FBN1_cbEGF23-25_Ca3	1606-1807	23,24,25	90	89.4	15.2	6.5	True	11.63	0.05	False	False	False	False	False	False	False	False	
1171802	1688	M	I		FBN1_cbEGF23-25_Ca3	1606-1807	23,24,25	82	85.8	39.0	17.4	True	16.09	0.22	False	False	False	False	False	False	False	False	
1172460	1675	P	L		FBN1_cbEGF23-25_Ca3	1606-1807	23,24,25	69	95.3	41.4	26.0	False	19.49	0.07	False	False	False	False	False	False	False	False	
1171646	1644	R	G		FBN1_cbEGF23-25_Ca3	1606-1807	23,24,25	38	95.2	54.5	19.9	True	12.02	0.18	False	False	False	False	False	False	False	False	
1171754	1638	Y	H		FBN1_cbEGF23-25_Ca3	1606-1807	23,24,25	32	97.9	109.0	41.4	False	8.42	0.07	False	False	False	False	False	False	False	False	
1172091	1618	Q	R	vus	FBN1_cbEGF21-23_Ca3	1446-1647	21,22,23	29	93.3	71.4	31.7	False	15.16	0.05	False	False	False	False	False	False	False	False	
1171711	1435	F	S	vus	FBN1_cbEGF19-21_Ca3	1363-1486	19,20,21	51	98.7	25.7	10.7	True	6.81	0.03	False	False	False	False	False	False	False	False	
1171589	1385	G	V		FBN1_cbEGF19-21_Ca3	1363-1486	19,20,21	22	96.9	71.4	68.6	False	4.17	0.07	False	False	False	False	False	False	False	False	
1171588	1316	G	E	vus	FBN1_cbEGF17-19_Ca3	1280-1403	17,18,19	36	91.4	36.3	34.9	False	9.39	2.54	False	False	False	False	False	False	False	False	
1172320	1196	V	I		FBN1_cbEGF13-15_Ca3	1113-1237	13,14,15	41	97.7	62.2	35.8	False	7.37	0.02	False	False	False	False	False	False	False	False	
1171803	1123	L	Q	vus	FBN1_cbEGF11-13_Ca3	1028-1154	11,12,13	31	93.6	26.1	13.0	True	8.4	0.09	False	False	False	False	False	False	False	False	
1172046	1115	D	N		FBN1_cbEGF11-13_Ca3	1028-1154	11,12,13	39	97.5	55.2	28.6	False	4.39	0.01	False	False	False	True	True	False	False	False	
1172393	897	G	S		FBN1_cbEGF9-11_Ca3	807-1069	9,10,11	90	96.8	25.8	24.8	False	10.14	0.05	False	False	False	False	False	False	False	False	
1171630	867	N	K		FBN1_cbEGF9-11_Ca3	807-1069	9,10,11	60	95.3	33.9	17.4	True	14.19	0.07	False	False	False	False	False	False	False	False	
1171186	794	K	T	vus	FBN1_cbEGF7-9_Ca3	723-846	7,8,9	52	89.9	194.6	82.5	False	7.51	0.05	False	False	False	False	False	False	False	False	
1171857	765	D	E		FBN1_cbEGF7-9_Ca3	723-846	7,8,9	42	98.3	49.2	25.5	False	2.63	0.02	True	False	True	True	False	False	False	False	
1171674	760	G	E		FBN1_cbEGF7-9_Ca3	723-846	7,8,9	37	97.9	19.3	18.6	True	11.69	0.08	False	False	False	False	False	False	False	False	
1171557	735	P	S		FBN1_cbEGF5-7_Ca3	572-764	5,6,7	29	95.0	85.5	53.8	False	15.6	0.07	False	False	False	False	False	False	False	False	
1171628	674	L	F	vus	FBN1_cbEGF5-7_Ca3	572-764	5,6,7	90	97.4	17.0	8.5	True	13.02	0.11	False	False	False	False	False	False	False	False	
1171112	647	L	P		FBN1_cbEGF5-7_Ca3	572-764	5,6,7	75	69.7	198.8	98.9	False	17.59	0.25	False	False	False	False	False	False	False	False	
1170984	633	G	S		FBN1_cbEGF5-7_Ca3	572-764	5,6,7	61	97.2	20.4	19.6	True	4.12	0.05	False	False	False	False	False	False	False	False	
1171775	624	M	I		FBN1_cbEGF5-7_Ca3	572-764	5,6,7	52	75.7	104.6	46.7	False	15.64	0.13	False	False	False	False	False	False	False	False	
1171533	491	V	F		FBN1_cbEGF1-3_Ca3	246-529	1,2,3	38	89.9	33.8	19.4	True	2.47	0.18	False	True	True	False	False	False	False	False	
1171253	384	D	E	vus	FBN1_cbEGF1-3_Ca3	246-529	1,2,3	138	85.6	88.6	45.9	False	20.31	1.12	False	False	False	False	False	False	False	False	
1171520	372	V	L		FBN1_cbEGF1-3_Ca3	246-529	1,2,3	126	86.9	72.9	41.9	False	25.43	4.47	False	False	False	False	False	False	False	False	
1171240	362	A	V		FBN1_cbEGF1-3_Ca3	246-529	1,2,3	116	85.6	64.9	50.3	False	27.03	4.79	False	False	False	False	False	False	False	False	
1171659	344	R	H	vus	FBN1_cbEGF1-3_Ca3	246-529	1,2,3	98	72.5	191.8	70.0	False	34.91	7.85	False	False	False	False	False	False	False	False	
1172366	329	I	M	vus	FBN1_cbEGF1-3_Ca3	246-529	1,2,3	83	82.8	15.5	7.9	True	19.12	0.1	False	False	False	False	False	False	False	False	
3758971	2394	R	G		FBN1_cbEGF35-37_Ca3	2247-2443	35,36,37	49	83.4	121.2	44.2	False	7.95	0.04	False	False	False	False	False	False	False	False	
1176336	1803	L	F		FBN1_cbEGF25-27_Ca3	1766-1890	25,26,27	37	96.9	115.1	57.2	False	15.7	0.11	False	False	False	False	False	False	False	False	
1176338	1408	C	G		FBN1_cbEGF19-21_Ca3	1363-1486	19,20,21	45	97.7	14.7	8.8	True	6.36	0.03	False	False	False	False	False	True	True	False	1420
1176339	996	C	Y	pathogenic	FBN1_cbEGF9-11_Ca3	807-1069	9,10,11	73	97.8	11.2	6.7	True	16.1	0.09	False	False	False	False	False	True	True	False	
1177272	651	V	M	vus	FBN1_cbEGF5-7_Ca3	572-764	5,6,7	79	80.4	48.0	27.6	False	16.33	0.16	False	False	False	False	False	False	False	False	
1177303	637	C	S		FBN1_cbEGF5-7_Ca3	572-764	5,6,7	65	90.1	9.5	5.7	True	10.78	0.03	False	False	False	False	False	True	True	False	623
1177904	2456	N	H	vus	FBN1_cbEGF37-39_Ca3	2402-2523	37,38,39	54	93.5	75.7	38.8	False	15.32	0.05	False	False	False	False	False	False	False	False	
1180492	488	C	G		FBN1_cbEGF1-3_Ca3	246-529	1,2,3	41	81.6	8.7	5.2	True	10.77	0.41	False	False	False	False	False	True	True	False	476
1185015	702	Q	H	vus	FBN1_cbEGF5-7_Ca3	572-764	5,6,7	62	87.2	105.7	47.0	False	15.05	0.32	False	False	False	False	False	False	False	False	
1188638	2000	C	F	pathogenic	FBN1_cbEGF29-31_Ca3	1930-2054	29,30,31	54	98.3	35.1	21.0	False	12.03	0.04	False	False	False	False	False	True	True	False	2011
1190771	2287	E	K	vus	FBN1_cbEGF35-37_Ca3	2247-2443	35,36,37	40	80.6	88.5	39.7	False	17.35	0.33	False	False	False	False	False	False	False	False	
1193222	2016	E	K		FBN1_cbEGF29-31_Ca3	1930-2054	29,30,31	38	96.9	20.0	9.0	True	2.53	0.03	True	False	True	True	False	False	False	False	
1194355	664	G	E	vus	FBN1_cbEGF5-7_Ca3	572-764	5,6,7	92	97.7	8.3	8.0	True	17.93	0.17	False	False	False	False	False	False	False	False	
1198394	931	G	E	vus	FBN1_cbEGF9-11_Ca3	807-1069	9,10,11	124	96.9	22.1	21.2	False	4.09	0.05	False	False	False	False	False	False	False	False	
1199890	2504	I	T		FBN1_cbEGF37-39_Ca3	2402-2523	37,38,39	19	95.3	148.7	75.5	False	4.62	0.02	False	False	False	False	False	False	False	False	
1201302	506	N	Y		FBN1_cbEGF1-3_Ca3	246-529	1,2,3	23	91.5	58.8	30.2	False	2.09	0.85	True	False	True	True	False	False	False	False	
1204855	1853	C	R	pathogenic	FBN1_cbEGF25-27_Ca3	1766-1890	25,26,27	37	98.4	38.8	23.2	False	6.36	0.02	False	False	False	False	False	True	True	False	1865
1205772	1838	G	A		FBN1_cbEGF25-27_Ca3	1766-1890	25,26,27	52	98.3	15.3	14.7	True	4.74	0.04	False	False	False	False	False	False	False	False	
1204612	1812	C	G		FBN1_cbEGF25-27_Ca3	1766-1890	25,26,27	46	97.9	36.3	21.7	False	6.44	0.02	False	False	False	False	False	True	True	False	1824
1216657	2269	I	N	pathogenic	FBN1_cbEGF35-37_Ca3	2247-2443	35,36,37	22	92.5	163.6	83.0	False	4.65	0.04	False	False	False	False	False	False	False	False	
1219885	2473	G	A		FBN1_cbEGF37-39_Ca3	2402-2523	37,38,39	50	98.2	9.3	8.9	True	4.53	0.05	False	False	False	False	False	False	False	False	
1220403	683	C	Y		FBN1_cbEGF5-7_Ca3	572-764	5,6,7	81	97.2	0.0	0.0	True	11.14	0.05	False	False	False	False	False	True	True	False	
1287387	1148	P	R		FBN1_cbEGF13-15_Ca3	1113-1237	13,14,15	35	92.5	106.7	67.1	False	15.55	0.44	False	False	False	False	False	False	False	False	
1297021	1861	S	R	vus	FBN1_cbEGF25-27_Ca3	1766-1890	25,26,27	29	94.1	55.6	35.9	False	15.46	0.02	False	False	False	False	False	False	False	False	
1298624	566	D	G		FBN1_cbEGF3-5_Ca3	490-612	3,4,5	46	95.1	96.1	49.8	False	12.96	0.16	False	False	False	False	False	False	False	False	
1299517	557	C	R		FBN1_cbEGF3-5_Ca3	490-612	3,4,5	55	98.8	30.4	18.2	True	11.95	0.1	False	False	False	False	False	True	True	False	570
1299642	2127	D	G		FBN1_cbEGF31-33_Ca3	2013-2205	31,32,33	78	97.0	43.6	22.6	False	2.59	0.03	True	False	True	True	False	False	False	False	
1301311	2614	A	T		FBN1_cbEGF41-43_Ca3	2567-2687	41,42,43	47	82.5	88.8	68.8	False	13.25	0.38	False	False	False	False	False	False	False	False	
1302044	1765	V	G	vus	FBN1_cbEGF23-25_Ca3	1606-1807	23,24,25	42	95.8	60.8	34.9	False	7.46	0.02	False	False	False	False	False	False	False	False	
1302568	573	M	T	vus	FBN1_cbEGF3-5_Ca3	490-612	3,4,5	39	93.3	76.7	34.2	False	2.35	0.02	False	True	True	False	False	False	False	False	
1302984	1802	K	Q	vus	FBN1_cbEGF25-27_Ca3	1766-1890	25,26,27	36	91.2	182.8	77.4	False	16.88	0.1	False	False	False	False	False	False	False	False	
1302990	1075	R	P	vus	FBN1_cbEGF11-13_Ca3	1028-1154	11,12,13	47	86.6	188.0	68.6	False	8.24	0.01	False	False	False	False	False	False	False	False	
1303100	2595	G	S		FBN1_cbEGF41-43_Ca3	2567-2687	41,42,43	28	96.1	16.0	15.4	True	4.52	0.02	False	False	False	False	False	False	False	False	
1303236	1919	G	A	vus	FBN1_cbEGF27-29_Ca3	1849-1972	27,28,29	53	98.5	22.2	21.4	False	4.73	0.01	False	False	False	False	False	False	False	False	
1303260	983	S	F	vus	FBN1_cbEGF9-11_Ca3	807-1069	9,10,11	86	91.7	9.5	6.1	True	7.39	0.24	False	False	False	False	False	False	False	False	
1303336	1787	G	D		FBN1_cbEGF25-27_Ca3	1766-1890	25,26,27	21	97.5	68.7	66.0	False	4.12	0.01	False	False	False	False	False	False	False	False	
1303684	629	V	I		FBN1_cbEGF5-7_Ca3	572-764	5,6,7	57	94.7	31.6	18.1	True	6.59	0.02	False	False	False	False	False	False	False	False	
1304014	2474	Y	D		FBN1_cbEGF37-39_Ca3	2402-2523	37,38,39	49	98.2	70.3	26.7	False	6.72	0.05	False	False	False	False	False	False	False	False	
1304329	964	D	V		FBN1_cbEGF9-11_Ca3	807-1069	9,10,11	105	90.5	141.4	73.3	False	27.43	0.13	False	False	False	False	False	False	False	False	
1304680	2309	N	S		FBN1_cbEGF35-37_Ca3	2247-2443	35,36,37	62	97.9	61.6	31.6	False	2.32	0.03	True	False	True	True	False	False	False	False	
1305067	1238	D	H		FBN1_cbEGF15-17_Ca3	1197-1321	15,16,17	41	98.4	40.0	20.7	False	2.6	0.03	True	False	True	True	False	False	False	False	
1305164	491	V	I	vus	FBN1_cbEGF1-3_Ca3	246-529	1,2,3	38	89.9	33.8	19.4	True	2.47	0.18	False	True	True	False	False	False	False	False	
1305278	877	S	A		FBN1_cbEGF9-11_Ca3	807-1069	9,10,11	70	93.9	5.3	3.4	True	8.54	0.05	False	False	False	False	False	False	False	False	
1308349	817	I	V	vus	FBN1_cbEGF7-9_Ca3	723-846	7,8,9	29	95.8	98.5	50.0	False	15.68	0.12	False	False	False	False	False	False	False	False	
1308437	783	N	K	vus	FBN1_cbEGF7-9_Ca3	723-846	7,8,9	60	98.0	51.8	26.6	False	2.28	0.02	True	False	True	True	False	False	False	False	
1306063	1757	I	N	vus	FBN1_cbEGF23-25_Ca3	1606-1807	23,24,25	50	85.6	23.8	12.1	True	12.29	0.06	False	False	False	False	False	False	False	False	
1307704	431	P	L		FBN1_cbEGF1-3_Ca3	246-529	1,2,3	98	35.7	121.3	76.3	False	51.36	17.51	False	False	False	False	False	False	False	False	
1307927	2432	G	A	vus	FBN1_cbEGF37-39_Ca3	2402-2523	37,38,39	30	98.6	6.6	6.4	True	4.39	0.03	False	False	False	False	False	False	False	False	
1308038	874	Q	P		FBN1_cbEGF9-11_Ca3	807-1069	9,10,11	67	88.6	58.3	25.9	False	9.62	0.05	False	False	False	False	False	False	False	False	
1305657	1740	S	G		FBN1_cbEGF23-25_Ca3	1606-1807	23,24,25	67	96.8	89.4	57.7	False	16.92	0.06	False	False	False	False	False	False	False	False	
1305658	2341	T	A		FBN1_cbEGF35-37_Ca3	2247-2443	35,36,37	94	93.0	37.1	21.5	False	14.43	0.13	False	False	False	False	False	False	False	False	
1311615	740	E	A	vus	FBN1_cbEGF5-7_Ca3	572-764	5,6,7	24	91.7	64.8	29.1	False	6.46	0.02	False	False	False	False	False	False	False	False	
1309316	2133	E	G		FBN1_cbEGF31-33_Ca3	2013-2205	31,32,33	72	88.1	13.9	6.2	True	10.0	0.12	False	False	False	False	False	False	False	False	
1310576	2158	I	T		FBN1_cbEGF31-33_Ca3	2013-2205	31,32,33	47	89.5	97.5	49.5	False	8.77	0.11	False	False	False	False	False	False	False	False	
1312035	2209	E	V		FBN1_cbEGF33-35_Ca3	2166-2290	33,34,35	43	97.6	25.7	11.5	True	2.45	0.02	True	False	True	True	False	False	False	False	
1312801	970	P	H		FBN1_cbEGF9-11_Ca3	807-1069	9,10,11	99	95.6	89.9	56.5	False	18.29	0.08	False	False	False	False	False	False	False	False	
1312960	822	K	R		FBN1_cbEGF7-9_Ca3	723-846	7,8,9	24	91.2	99.1	42.0	False	6.58	0.03	False	False	False	False	False	False	False	False	
1313940	2335	R	Q	vus	FBN1_cbEGF35-37_Ca3	2247-2443	35,36,37	88	95.3	73.9	27.0	False	18.0	0.13	False	False	False	False	False	False	False	False	
1314179	366	W	R		FBN1_cbEGF1-3_Ca3	246-529	1,2,3	120	93.7	0.7	0.2	True	24.82	2.2	False	False	False	False	False	False	False	False	
1314852	1814	N	D		FBN1_cbEGF25-27_Ca3	1766-1890	25,26,27	48	84.0	105.4	54.0	False	8.42	0.63	False	False	False	False	False	False	False	False	
1319506	2420	N	S	vus	FBN1_cbEGF35-37_Ca3	2247-2443	35,36,37	23	96.5	58.7	30.1	False	2.28	0.02	True	False	True	True	False	False	False	False	
1319508	1342	T	P		FBN1_cbEGF17-19_Ca3	1280-1403	17,18,19	61	98.1	49.5	28.8	False	2.57	0.01	False	True	True	False	False	False	False	False	
1321449	1865	C	S		FBN1_cbEGF25-27_Ca3	1766-1890	25,26,27	25	98.5	34.1	20.4	False	7.92	0.07	False	False	False	False	False	True	True	False	1853
1324390	1733	C	R		FBN1_cbEGF23-25_Ca3	1606-1807	23,24,25	74	96.7	27.5	16.5	True	24.27	0.08	False	False	False	False	False	True	True	False	
1325413	1197	D	G		FBN1_cbEGF13-15_Ca3	1113-1237	13,14,15	40	98.6	34.2	17.7	True	2.57	0.02	True	False	True	True	False	False	False	False	
1325416	1367	C	Y	pathogenic	FBN1_cbEGF17-19_Ca3	1280-1403	17,18,19	36	98.7	33.0	19.7	True	6.33	0.01	False	False	False	False	False	True	True	False	1380
1325418	1374	C	R		FBN1_cbEGF17-19_Ca3	1280-1403	17,18,19	29	98.9	17.1	10.3	True	10.81	0.04	False	False	False	False	False	True	True	False	1389
1325419	1374	C	G	pathogenic	FBN1_cbEGF17-19_Ca3	1280-1403	17,18,19	29	98.9	17.1	10.3	True	10.81	0.04	False	False	False	False	False	True	True	False	1389
1325420	1402	C	G	pathogenic	FBN1_cbEGF19-21_Ca3	1363-1486	19,20,21	39	98.8	13.3	7.9	True	10.5	0.05	False	False	False	False	False	True	True	False	1391
1325422	1470	C	Y	pathogenic	FBN1_cbEGF21-23_Ca3	1446-1647	21,22,23	24	97.8	6.7	4.0	True	10.47	0.03	False	False	False	False	False	True	True	False	1456
1325427	1905	C	S	pathogenic	FBN1_cbEGF27-29_Ca3	1849-1972	27,28,29	56	98.3	41.5	24.9	False	8.0	0.03	False	False	False	False	False	True	True	False	1895
1325428	1934	C	R	pathogenic	FBN1_cbEGF27-29_Ca3	1849-1972	27,28,29	38	97.5	47.5	28.5	False	6.35	0.03	False	False	False	False	False	True	True	False	1947
1325429	1952	G	V		FBN1_cbEGF29-31_Ca3	1930-2054	29,30,31	22	95.7	66.4	63.8	False	4.05	0.01	False	False	False	False	False	False	False	False	
1325433	1998	C	S		FBN1_cbEGF29-31_Ca3	1930-2054	29,30,31	56	97.0	13.6	8.2	True	10.8	0.05	False	False	False	False	False	True	True	False	1984
1325434	2105	E	K		FBN1_cbEGF31-33_Ca3	2013-2205	31,32,33	92	81.2	82.8	37.1	False	20.23	0.4	False	False	False	False	False	False	False	False	
1325438	313	C	R		FBN1_cbEGF1-3_Ca3	246-529	1,2,3	67	92.6	0.2	0.1	True	10.74	0.04	False	False	False	False	False	True	True	False	299
1325439	2127	D	V		FBN1_cbEGF31-33_Ca3	2013-2205	31,32,33	78	97.0	43.6	22.6	False	2.59	0.03	True	False	True	True	False	False	False	False	
1325440	2131	C	R		FBN1_cbEGF31-33_Ca3	2013-2205	31,32,33	74	95.9	39.6	23.7	False	6.37	0.02	False	False	False	False	False	True	True	False	2142
1325441	2137	C	G		FBN1_cbEGF31-33_Ca3	2013-2205	31,32,33	68	95.7	13.2	7.9	True	12.14	0.07	False	False	False	False	False	True	True	False	2151
1325443	2183	N	K		FBN1_cbEGF31-33_Ca3	2013-2205	31,32,33	22	94.8	55.9	28.7	False	2.26	0.02	True	False	True	True	False	False	False	False	
1325446	2232	C	S		FBN1_cbEGF33-35_Ca3	2166-2290	33,34,35	58	98.3	30.1	18.0	True	11.66	0.06	False	False	False	False	False	True	True	False	2245
1325452	2429	C	F	pathogenic	FBN1_cbEGF37-39_Ca3	2402-2523	37,38,39	27	98.8	25.8	15.5	True	11.46	0.07	False	False	False	False	False	True	True	False	2442
1325455	2509	C	S		FBN1_cbEGF39-41_Ca3	2485-2606	39,40,41	24	94.3	22.5	13.5	True	10.7	0.07	False	False	False	False	False	True	True	False	2496
1325477	628	C	W	pathogenic	FBN1_cbEGF5-7_Ca3	572-764	5,6,7	56	93.7	33.7	20.2	False	7.81	0.02	False	False	False	False	False	True	True	False	617
1325481	769	C	W		FBN1_cbEGF7-9_Ca3	723-846	7,8,9	46	97.7	32.3	19.3	True	6.52	0.03	False	False	False	False	False	True	True	False	781
1325483	887	C	R		FBN1_cbEGF9-11_Ca3	807-1069	9,10,11	80	95.3	45.2	27.1	False	23.4	0.05	False	False	False	False	False	True	True	False	862
1325485	921	C	Y	pathogenic	FBN1_cbEGF9-11_Ca3	807-1069	9,10,11	114	92.0	10.1	6.1	True	11.36	0.07	False	False	False	False	False	True	True	False	935
1325486	926	C	S		FBN1_cbEGF9-11_Ca3	807-1069	9,10,11	119	97.4	30.5	18.3	True	8.24	0.06	False	False	False	False	False	True	True	False	914
1325487	952	D	H		FBN1_cbEGF9-11_Ca3	807-1069	9,10,11	117	82.9	12.3	6.4	True	18.45	0.05	False	False	False	False	False	False	False	False	
1325491	1044	C	G		FBN1_cbEGF9-11_Ca3	807-1069	9,10,11	25	96.3	42.5	25.4	False	8.2	0.06	False	False	False	False	False	True	True	False	1032
1325494	1124	C	G		FBN1_cbEGF11-13_Ca3	1028-1154	11,12,13	30	95.9	1.0	0.6	True	11.0	0.04	False	False	False	False	False	True	True	False	1138
1326814	1635	T	N	vus	FBN1_cbEGF23-25_Ca3	1606-1807	23,24,25	29	94.6	135.1	78.5	False	7.75	0.03	False	False	False	False	False	False	False	False	
1328783	1289	N	S		FBN1_cbEGF15-17_Ca3	1197-1321	15,16,17	32	88.5	102.1	52.4	False	13.99	0.09	False	False	False	False	False	False	False	False	
1329083	974	R	H	vus	FBN1_cbEGF9-11_Ca3	807-1069	9,10,11	95	83.2	129.5	47.3	False	16.38	0.08	False	False	False	False	False	False	False	False	
1329352	339	A	T	vus	FBN1_cbEGF1-3_Ca3	246-529	1,2,3	93	92.4	32.2	24.9	False	32.57	7.01	False	False	False	False	False	False	False	False	
1329357	785	P	S		FBN1_cbEGF7-9_Ca3	723-846	7,8,9	61	98.1	114.5	72.0	False	4.59	0.01	False	False	False	False	False	False	False	False	
1329358	963	E	Q		FBN1_cbEGF9-11_Ca3	807-1069	9,10,11	106	85.5	102.1	45.8	False	23.76	0.06	False	False	False	False	False	False	False	False	
1329359	982	C	F		FBN1_cbEGF9-11_Ca3	807-1069	9,10,11	87	95.9	0.1	0.0	True	8.46	0.1	False	False	False	False	False	True	True	False	
1329361	1279	V	I		FBN1_cbEGF15-17_Ca3	1197-1321	15,16,17	42	96.2	78.6	45.2	False	7.36	0.03	False	False	False	False	False	False	False	False	
1329362	1463	N	I		FBN1_cbEGF19-21_Ca3	1363-1486	19,20,21	23	98.4	63.2	32.4	False	2.32	0.03	True	False	True	True	False	False	False	False	
1329363	1568	K	N	vus	FBN1_cbEGF21-23_Ca3	1446-1647	21,22,23	79	92.1	112.0	47.5	False	15.74	0.03	False	False	False	False	False	False	False	False	
1330512	2197	E	D	vus	FBN1_cbEGF33-35_Ca3	2166-2290	33,34,35	31	94.7	70.1	31.5	False	8.63	0.04	False	False	False	False	False	False	False	False	
1330677	1958	C	S	pathogenic	FBN1_cbEGF29-31_Ca3	1930-2054	29,30,31	28	98.7	28.9	17.3	True	11.87	0.08	False	False	False	False	False	True	True	False	1971
1330717	2372	G	V		FBN1_cbEGF35-37_Ca3	2247-2443	35,36,37	71	97.8	4.0	3.8	True	19.63	0.06	False	False	False	False	False	False	False	False	
1330727	1811	E	G		FBN1_cbEGF25-27_Ca3	1766-1890	25,26,27	45	97.4	30.8	13.8	True	2.47	0.02	True	False	True	True	False	False	False	False	
1331752	912	D	V		FBN1_cbEGF9-11_Ca3	807-1069	9,10,11	105	97.0	46.4	24.1	False	4.29	0.03	False	False	False	True	True	False	False	False	
1331790	1036	P	T		FBN1_cbEGF9-11_Ca3	807-1069	9,10,11	33	89.0	109.2	68.7	False	12.62	0.06	False	False	False	False	False	False	False	False	
1331861	1578	P	A		FBN1_cbEGF21-23_Ca3	1446-1647	21,22,23	69	98.2	29.1	18.3	True	17.75	0.1	False	False	False	False	False	False	False	False	
1331863	416	P	L	vus	FBN1_cbEGF1-3_Ca3	246-529	1,2,3	113	47.5	103.0	64.8	False	55.58	10.45	False	False	False	False	False	False	False	False	
1331874	1966	P	S		FBN1_cbEGF29-31_Ca3	1930-2054	29,30,31	36	96.9	147.4	92.7	False	14.82	0.15	False	False	False	False	False	False	False	False	
1331925	2103	P	A		FBN1_cbEGF31-33_Ca3	2013-2205	31,32,33	90	89.7	109.7	69.0	False	20.82	0.17	False	False	False	False	False	False	False	False	
1331934	1576	M	I	vus	FBN1_cbEGF21-23_Ca3	1446-1647	21,22,23	71	88.9	129.7	57.9	False	20.37	0.09	False	False	False	False	False	False	False	False	
1331944	1528	D	E		FBN1_cbEGF21-23_Ca3	1446-1647	21,22,23	82	97.8	11.2	5.8	True	17.77	0.07	False	False	False	False	False	False	False	False	
1331990	2379	P	L	vus	FBN1_cbEGF35-37_Ca3	2247-2443	35,36,37	64	96.8	28.7	18.1	True	17.31	0.27	False	False	False	False	False	False	False	False	
1332019	2641	Q	P		FBN1_cbEGF41-43_Ca3	2567-2687	41,42,43	46	78.5	154.5	68.7	False	16.18	0.48	False	False	False	False	False	False	False	False	
1332021	1038	L	F		FBN1_cbEGF9-11_Ca3	807-1069	9,10,11	31	89.6	6.5	3.3	True	8.42	0.18	False	False	False	False	False	False	False	False	
1332044	1069	T	A	vus	FBN1_cbEGF11-13_Ca3	1028-1154	11,12,13	41	94.9	70.0	40.7	False	7.27	0.02	False	False	False	False	False	False	False	False	
1332100	1061	L	F		FBN1_cbEGF11-13_Ca3	1028-1154	11,12,13	33	95.5	72.0	35.8	False	12.08	0.07	False	False	False	False	False	False	False	False	
1332115	324	D	G		FBN1_cbEGF1-3_Ca3	246-529	1,2,3	78	81.2	96.0	49.7	False	11.85	0.16	False	False	False	False	False	False	False	False	
1332122	2014	I	T	vus	FBN1_cbEGF29-31_Ca3	1930-2054	29,30,31	40	97.4	51.3	26.0	False	2.35	0.01	False	True	True	False	False	False	False	False	
1332159	267	G	R	vus	FBN1_cbEGF1-3_Ca3	246-529	1,2,3	21	91.8	67.3	64.7	False	4.16	0.16	False	False	False	False	False	False	False	False	
1332267	2135	D	H	vus	FBN1_cbEGF31-33_Ca3	2013-2205	31,32,33	70	82.1	89.6	46.4	False	13.97	0.07	False	False	False	False	False	False	False	False	
1332302	2347	M	T		FBN1_cbEGF35-37_Ca3	2247-2443	35,36,37	96	91.1	132.6	59.2	False	25.15	0.13	False	False	False	False	False	False	False	False	
1332324	2178	N	S	vus	FBN1_cbEGF31-33_Ca3	2013-2205	31,32,33	27	89.2	59.7	30.6	False	17.71	0.15	False	False	False	False	False	False	False	False	
1332378	2572	E	K	vus	FBN1_cbEGF39-41_Ca3	2485-2606	39,40,41	34	87.1	135.3	60.7	False	8.41	0.08	False	False	False	False	False	False	False	False	
1332389	556	V	M	vus	FBN1_cbEGF3-5_Ca3	490-612	3,4,5	56	98.2	63.7	36.6	False	13.5	0.1	False	False	False	False	False	False	False	False	
1332421	994	E	K	vus	FBN1_cbEGF9-11_Ca3	807-1069	9,10,11	75	84.2	109.1	48.9	False	20.99	0.1	False	False	False	False	False	False	False	False	
1332488	2396	F	L	vus	FBN1_cbEGF35-37_Ca3	2247-2443	35,36,37	47	97.4	43.7	18.2	True	6.93	0.04	False	False	False	False	False	False	False	False	
1332533	1548	A	G		FBN1_cbEGF21-23_Ca3	1446-1647	21,22,23	99	89.4	20.7	16.1	True	25.69	0.15	False	False	False	False	False	False	False	False	
1332614	638	E	K	vus	FBN1_cbEGF5-7_Ca3	572-764	5,6,7	66	86.3	57.3	25.7	False	13.26	0.05	False	False	False	False	False	False	False	False	
1332636	1937	G	A		FBN1_cbEGF27-29_Ca3	1849-1972	27,28,29	35	82.9	74.8	71.9	False	11.63	0.45	False	False	False	False	False	False	False	False	
1332729	1212	C	Y		FBN1_cbEGF13-15_Ca3	1113-1237	13,14,15	25	98.9	27.3	16.3	True	8.26	0.05	False	False	False	False	False	True	True	False	1201
1332757	623	C	S		FBN1_cbEGF5-7_Ca3	572-764	5,6,7	51	87.8	14.7	8.8	True	11.02	0.07	False	False	False	False	False	True	True	False	637
1332760	1497	C	W	pathogenic	FBN1_cbEGF21-23_Ca3	1446-1647	21,22,23	51	97.9	6.1	3.6	True	11.76	0.1	False	False	False	False	False	True	True	False	1511
1332763	1874	C	F		FBN1_cbEGF27-29_Ca3	1849-1972	27,28,29	25	98.7	1.8	1.1	True	10.86	0.04	False	False	False	False	False	True	True	False	1860
1332764	1891	D	N	pathogenic	FBN1_cbEGF27-29_Ca3	1849-1972	27,28,29	42	98.4	37.0	19.2	True	2.6	0.02	True	False	True	True	False	False	False	False	
1332765	1989	C	S		FBN1_cbEGF29-31_Ca3	1930-2054	29,30,31	59	97.2	30.9	18.5	True	8.18	0.05	False	False	False	False	False	True	True	False	1977
1332766	1998	C	F		FBN1_cbEGF29-31_Ca3	1930-2054	29,30,31	56	97.0	13.6	8.2	True	10.8	0.05	False	False	False	False	False	True	True	False	1984
1332768	2606	V	D		FBN1_cbEGF41-43_Ca3	2567-2687	41,42,43	39	92.2	67.2	38.6	False	7.34	0.05	False	False	False	False	False	False	False	False	
1333372	1046	N	S	pathogenic	FBN1_cbEGF9-11_Ca3	807-1069	9,10,11	23	96.9	47.8	24.5	False	2.3	0.02	True	False	True	True	False	False	False	False	
1333821	1571	G	D		FBN1_cbEGF21-23_Ca3	1446-1647	21,22,23	76	97.0	2.9	2.8	True	19.89	0.06	False	False	False	False	False	False	False	False	
1335179	1301	G	D		FBN1_cbEGF17-19_Ca3	1280-1403	17,18,19	21	95.3	70.0	67.3	False	4.12	0.04	False	False	False	False	False	False	False	False	
1339821	2263	M	L		FBN1_cbEGF33-35_Ca3	2166-2290	33,34,35	27	94.0	14.3	6.4	True	15.12	0.1	False	False	False	False	False	False	False	False	
1342380	2614	A	P		FBN1_cbEGF41-43_Ca3	2567-2687	41,42,43	47	82.5	88.8	68.8	False	13.25	0.38	False	False	False	False	False	False	False	False	
1343365	723	D	G	pathogenic	FBN1_cbEGF5-7_Ca3	572-764	5,6,7	41	97.9	44.0	22.8	False	2.65	0.06	True	False	True	True	False	False	False	False	
1343366	576	C	R		FBN1_cbEGF3-5_Ca3	490-612	3,4,5	36	98.4	37.8	22.7	False	6.3	0.02	False	False	False	False	False	True	True	False	587
1366814	633	G	C		FBN1_cbEGF5-7_Ca3	572-764	5,6,7	61	97.2	20.4	19.6	True	4.12	0.05	False	False	False	False	False	False	False	True	
1366927	2011	C	R	pathogenic	FBN1_cbEGF29-31_Ca3	1930-2054	29,30,31	43	97.0	5.2	3.1	True	10.65	0.05	False	False	False	False	False	True	True	False	2000
1394315	1780	G	V		FBN1_cbEGF23-25_Ca3	1606-1807	23,24,25	27	98.4	25.4	24.4	False	15.3	0.04	False	False	False	False	False	False	False	False	
1505807	763	C	W		FBN1_cbEGF7-9_Ca3	723-846	7,8,9	40	98.8	18.5	11.1	True	10.54	0.03	False	False	False	False	False	True	True	False	750
1522145	2253	E	K	vus	FBN1_cbEGF33-35_Ca3	2166-2290	33,34,35	37	90.5	95.4	42.8	False	8.65	0.42	False	False	False	False	False	False	False	False	
1494741	2176	C	W		FBN1_cbEGF31-33_Ca3	2013-2205	31,32,33	29	93.3	0.3	0.2	True	11.14	0.08	False	False	False	False	False	True	True	False	2190
1466451	1124	C	S		FBN1_cbEGF11-13_Ca3	1028-1154	11,12,13	30	95.9	1.0	0.6	True	11.0	0.04	False	False	False	False	False	True	True	False	1138
1507616	1534	C	R		FBN1_cbEGF21-23_Ca3	1446-1647	21,22,23	88	98.8	0.0	0.0	True	13.49	0.04	False	False	False	False	False	True	True	False	1562
1493355	1028	D	V		FBN1_cbEGF9-11_Ca3	807-1069	9,10,11	41	95.9	32.8	17.0	True	2.75	0.05	True	False	True	True	False	False	False	False	
1520744	582	C	Y	pathogenic	FBN1_cbEGF3-5_Ca3	490-612	3,4,5	30	98.5	1.9	1.1	True	11.13	0.06	False	False	False	False	False	True	True	False	596
1520849	2172	V	I	vus	FBN1_cbEGF31-33_Ca3	2013-2205	31,32,33	33	81.6	127.5	73.3	False	9.41	0.27	False	False	False	False	False	False	False	False	
1525423	2070	C	Y	pathogenic	FBN1_cbEGF31-33_Ca3	2013-2205	31,32,33	57	96.1	26.1	15.6	True	23.32	0.32	False	False	False	False	False	True	True	False	2096
1496102	1838	G	R		FBN1_cbEGF25-27_Ca3	1766-1890	25,26,27	52	98.3	15.3	14.7	True	4.74	0.04	False	False	False	False	False	False	False	False	
1496136	1757	I	T		FBN1_cbEGF23-25_Ca3	1606-1807	23,24,25	50	85.6	23.8	12.1	True	12.29	0.06	False	False	False	False	False	False	False	False	
1479942	1135	S	G		FBN1_cbEGF13-15_Ca3	1113-1237	13,14,15	22	96.1	54.0	34.8	False	2.5	0.05	False	True	True	False	False	False	False	False	
1480110	1046	N	H		FBN1_cbEGF9-11_Ca3	807-1069	9,10,11	23	96.9	47.8	24.5	False	2.3	0.02	True	False	True	True	False	False	False	False	
1426570	2426	H	Y		FBN1_cbEGF37-39_Ca3	2402-2523	37,38,39	24	96.5	67.8	30.3	False	7.37	0.02	False	False	False	False	False	False	False	False	
1426619	598	C	G		FBN1_cbEGF5-7_Ca3	572-764	5,6,7	26	98.5	32.5	19.5	True	11.77	0.06	False	False	False	False	False	True	True	False	611
1454047	2470	C	S		FBN1_cbEGF37-39_Ca3	2402-2523	37,38,39	53	98.7	25.3	15.2	True	11.6	0.04	False	False	False	False	False	True	True	False	2483
1440223	1227	F	L	vus	FBN1_cbEGF15-17_Ca3	1197-1321	15,16,17	30	98.6	50.4	21.0	False	6.87	0.02	False	False	False	False	False	False	False	False	
1495161	676	G	C		FBN1_cbEGF5-7_Ca3	572-764	5,6,7	88	94.5	44.9	43.2	False	16.05	0.08	False	False	False	False	False	False	False	True	
1359274	639	C	F		FBN1_cbEGF5-7_Ca3	572-764	5,6,7	67	84.8	34.8	20.9	False	16.73	0.05	False	False	False	False	False	True	True	False	652
1388520	479	G	E		FBN1_cbEGF1-3_Ca3	246-529	1,2,3	50	93.1	16.3	15.7	True	4.71	0.7	False	False	False	False	False	False	False	False	
1415876	2399	N	S		FBN1_cbEGF35-37_Ca3	2247-2443	35,36,37	44	90.7	110.0	56.4	False	11.82	0.04	False	False	False	False	False	False	False	False	
1416068	1496	T	M	vus	FBN1_cbEGF21-23_Ca3	1446-1647	21,22,23	50	93.8	26.1	15.2	True	9.13	0.09	False	False	False	False	False	False	False	False	
1470316	1737	P	L		FBN1_cbEGF23-25_Ca3	1606-1807	23,24,25	70	97.6	11.9	7.5	True	16.96	0.04	False	False	False	False	False	False	False	False	
1389953	2528	C	S		FBN1_cbEGF39-41_Ca3	2485-2606	39,40,41	43	96.4	27.9	16.7	True	6.47	0.03	False	False	False	False	False	True	True	False	2541
1390245	1117	C	R		FBN1_cbEGF11-13_Ca3	1028-1154	11,12,13	37	97.6	26.2	15.7	True	6.45	0.02	False	False	False	False	False	True	True	False	1129
1415644	2175	P	L	vus	FBN1_cbEGF31-33_Ca3	2013-2205	31,32,33	30	92.1	45.2	28.4	False	9.11	0.12	False	False	False	False	False	False	False	False	
1497751	2309	N	Y		FBN1_cbEGF35-37_Ca3	2247-2443	35,36,37	62	97.9	61.6	31.6	False	2.32	0.03	True	False	True	True	False	False	False	False	
1373700	535	L	S	vus	FBN1_cbEGF3-5_Ca3	490-612	3,4,5	45	93.6	141.1	70.2	False	8.42	0.03	False	False	False	False	False	False	False	False	
1401186	617	C	S		FBN1_cbEGF5-7_Ca3	572-764	5,6,7	45	96.4	42.7	25.6	False	6.44	0.02	False	False	False	False	False	True	True	False	628
1455712	1008	C	S		FBN1_cbEGF9-11_Ca3	807-1069	9,10,11	61	91.5	3.8	2.3	True	13.08	0.1	False	False	False	False	False	True	True	False	
1483618	628	C	R		FBN1_cbEGF5-7_Ca3	572-764	5,6,7	56	93.7	33.7	20.2	False	7.81	0.02	False	False	False	False	False	True	True	False	617
1512931	1377	H	L	vus	FBN1_cbEGF17-19_Ca3	1280-1403	17,18,19	26	96.1	59.7	26.6	False	18.55	0.02	False	False	False	False	False	False	False	False	
1361401	2093	G	R		FBN1_cbEGF31-33_Ca3	2013-2205	31,32,33	80	95.9	1.9	1.8	True	21.56	0.07	False	False	False	False	False	False	False	False	
1388574	1980	E	Q		FBN1_cbEGF29-31_Ca3	1930-2054	29,30,31	50	88.6	92.1	41.3	False	10.54	0.11	False	False	False	False	False	False	False	False	
1472021	1221	C	S		FBN1_cbEGF15-17_Ca3	1197-1321	15,16,17	24	98.7	6.0	3.6	True	10.58	0.04	False	False	False	False	False	True	True	False	1208
1472041	1513	C	F		FBN1_cbEGF21-23_Ca3	1446-1647	21,22,23	67	98.7	38.3	22.9	False	16.65	0.06	False	False	False	False	False	True	True	False	1526
1391752	2619	G	E	vus	FBN1_cbEGF41-43_Ca3	2567-2687	41,42,43	52	85.8	73.7	70.8	False	16.63	0.52	False	False	False	False	False	False	False	False	
1446304	1716	K	M		FBN1_cbEGF23-25_Ca3	1606-1807	23,24,25	91	95.4	39.5	16.7	True	14.75	0.05	False	False	False	False	False	False	False	False	
1347967	1356	G	R	vus	FBN1_cbEGF17-19_Ca3	1280-1403	17,18,19	47	98.7	55.1	53.0	False	11.93	0.05	False	False	False	False	False	False	False	False	
1485240	2237	V	M		FBN1_cbEGF33-35_Ca3	2166-2290	33,34,35	53	96.9	45.6	26.2	False	8.44	0.05	False	False	False	False	False	False	False	False	
1349710	2220	R	P		FBN1_cbEGF33-35_Ca3	2166-2290	33,34,35	54	88.1	148.8	54.3	False	12.63	0.02	False	False	False	False	False	False	False	False	
1362963	1302	S	P		FBN1_cbEGF17-19_Ca3	1280-1403	17,18,19	22	95.0	40.6	26.2	False	2.49	0.04	False	True	True	False	False	False	False	False	
1393600	727	C	S		FBN1_cbEGF5-7_Ca3	572-764	5,6,7	37	98.0	25.3	15.2	True	6.38	0.02	False	False	False	False	False	True	True	False	739
1420959	1769	E	K		FBN1_cbEGF23-25_Ca3	1606-1807	23,24,25	38	98.4	0.0	0.0	True	2.5	0.04	True	False	True	True	False	False	False	False	
1448241	852	T	A		FBN1_cbEGF9-11_Ca3	807-1069	9,10,11	45	96.8	24.2	14.1	True	18.48	0.07	False	False	False	False	False	False	False	False	
1475603	1876	C	W		FBN1_cbEGF27-29_Ca3	1849-1972	27,28,29	27	98.8	35.1	21.0	False	11.79	0.04	False	False	False	False	False	True	True	False	1889
1501018	2604	Q	H	vus	FBN1_cbEGF41-43_Ca3	2567-2687	41,42,43	37	83.6	63.5	28.2	False	14.18	0.21	False	False	False	False	False	False	False	False	
1393053	1284	C	S		FBN1_cbEGF15-17_Ca3	1197-1321	15,16,17	37	97.6	22.5	13.5	True	6.39	0.03	False	False	False	False	False	True	True	False	1296
1420686	2001	P	S	vus	FBN1_cbEGF29-31_Ca3	1930-2054	29,30,31	53	97.7	45.5	28.6	False	9.68	0.05	False	False	False	False	False	False	False	False	
1475205	557	C	W	pathogenic	FBN1_cbEGF3-5_Ca3	490-612	3,4,5	55	98.8	30.4	18.2	True	11.95	0.1	False	False	False	False	False	True	True	False	570
1367185	2413	C	Y		FBN1_cbEGF35-37_Ca3	2247-2443	35,36,37	30	91.8	10.6	6.3	True	10.96	0.1	False	False	False	False	False	True	True	False	2427
1406254	1506	P	A	vus	FBN1_cbEGF21-23_Ca3	1446-1647	21,22,23	60	97.6	113.1	71.1	False	4.6	0.02	False	False	False	False	False	False	False	False	
1406445	2249	D	N	vus	FBN1_cbEGF33-35_Ca3	2166-2290	33,34,35	41	97.8	47.2	24.5	False	4.35	0.02	False	False	False	True	True	False	False	False	
1500362	1977	C	S		FBN1_cbEGF29-31_Ca3	1930-2054	29,30,31	47	97.1	21.0	12.6	True	6.37	0.01	False	False	False	False	False	True	True	False	1989
1392263	2465	S	I		FBN1_cbEGF37-39_Ca3	2402-2523	37,38,39	58	97.5	53.9	34.8	False	2.49	0.03	False	True	True	False	False	False	False	False	
1447064	1856	I	V	vus	FBN1_cbEGF25-27_Ca3	1766-1890	25,26,27	34	95.3	66.1	33.6	False	9.51	0.24	False	False	False	False	False	False	False	False	
1366506	1825	I	V	vus	FBN1_cbEGF25-27_Ca3	1766-1890	25,26,27	59	96.9	57.4	29.2	False	6.57	0.04	False	False	False	False	False	False	False	False	
1393814	2581	C	S		FBN1_cbEGF39-41_Ca3	2485-2606	39,40,41	25	95.4	32.5	19.5	True	8.43	0.06	False	False	False	False	False	True	True	False	2571
1477340	1808	D	G		FBN1_cbEGF25-27_Ca3	1766-1890	25,26,27	42	98.4	40.1	20.8	False	2.61	0.02	True	False	True	True	False	False	False	False	
1368926	253	I	V		FBN1_cbEGF1-3_Ca3	246-529	1,2,3	7	90.1	84.0	42.6	False	9.06	0.24	False	False	False	False	False	False	False	False	
1369075	1472	C	S		FBN1_cbEGF21-23_Ca3	1446-1647	21,22,23	26	98.4	35.9	21.5	False	11.8	0.05	False	False	False	False	False	True	True	False	1485
1433690	648	D	E	vus	FBN1_cbEGF5-7_Ca3	572-764	5,6,7	76	73.7	90.1	46.7	False	14.25	0.18	False	False	False	False	False	False	False	False	
1488677	2214	P	A	vus	FBN1_cbEGF33-35_Ca3	2166-2290	33,34,35	48	93.2	111.2	69.9	False	12.72	0.06	False	False	False	False	False	False	False	False	
1407987	2545	P	S		FBN1_cbEGF39-41_Ca3	2485-2606	39,40,41	60	96.4	116.6	73.3	False	4.59	0.01	False	False	False	False	False	False	False	False	
1407992	2272	Y	C	pathogenic	FBN1_cbEGF35-37_Ca3	2247-2443	35,36,37	25	96.2	65.4	24.9	False	4.64	0.04	False	False	False	True	True	False	False	True	
1408082	490	D	N		FBN1_cbEGF1-3_Ca3	246-529	1,2,3	39	86.5	23.1	12.0	True	2.95	0.38	True	False	True	True	False	False	False	False	
1421673	790	C	R		FBN1_cbEGF7-9_Ca3	723-846	7,8,9	56	98.5	28.5	17.1	True	10.69	0.06	False	False	False	False	False	True	True	False	776
1503849	1521	P	L		FBN1_cbEGF21-23_Ca3	1446-1647	21,22,23	75	95.1	109.9	69.1	False	17.25	0.5	False	False	False	False	False	False	False	False	
1450245	1788	S	N		FBN1_cbEGF25-27_Ca3	1766-1890	25,26,27	22	96.7	48.0	31.0	False	2.5	0.04	False	True	True	False	False	False	False	False	
1479188	392	P	A	vus	FBN1_cbEGF1-3_Ca3	246-529	1,2,3	137	55.3	95.7	60.2	False	21.89	3.23	False	False	False	False	False	False	False	False	
1480741	854	W	C		FBN1_cbEGF9-11_Ca3	807-1069	9,10,11	47	97.3	52.2	18.3	True	16.81	0.05	False	False	False	False	False	False	False	True	
1481039	711	C	S		FBN1_cbEGF5-7_Ca3	572-764	5,6,7	53	90.5	5.3	3.2	True	13.0	0.06	False	False	False	False	False	True	True	False	
1451231	1374	C	Y	pathogenic	FBN1_cbEGF17-19_Ca3	1280-1403	17,18,19	29	98.9	17.1	10.3	True	10.81	0.04	False	False	False	False	False	True	True	False	1389
1451245	896	C	Y		FBN1_cbEGF9-11_Ca3	807-1069	9,10,11	89	97.1	15.4	9.2	True	10.91	0.06	False	False	False	False	False	True	True	False	908
1478852	1224	Q	R	vus	FBN1_cbEGF15-17_Ca3	1197-1321	15,16,17	27	92.7	74.1	32.9	False	9.54	0.03	False	False	False	False	False	False	False	False	
1452826	2652	C	S		FBN1_cbEGF41-43_Ca3	2567-2687	41,42,43	35	92.6	39.9	23.9	False	6.38	0.01	False	False	False	False	False	True	True	False	2663
1453015	2221	C	W		FBN1_cbEGF33-35_Ca3	2166-2290	33,34,35	55	98.1	35.6	21.3	False	8.33	0.05	False	False	False	False	False	True	True	False	2210
1480569	1155	D	G		FBN1_cbEGF13-15_Ca3	1113-1237	13,14,15	42	98.2	41.5	21.5	False	2.58	0.02	True	False	True	True	False	False	False	False	
1462761	2600	Y	C		FBN1_cbEGF41-43_Ca3	2567-2687	41,42,43	33	76.7	191.3	72.7	False	15.9	1.16	False	False	False	False	False	False	False	True	
1437189	2226	G	R	vus	FBN1_cbEGF33-35_Ca3	2166-2290	33,34,35	60	97.9	21.0	20.2	False	4.07	0.02	False	False	False	False	False	False	False	False	
1477978	1555	V	L		FBN1_cbEGF21-23_Ca3	1446-1647	21,22,23	92	97.8	104.6	60.1	False	15.59	0.05	False	False	False	False	False	False	False	False	
1424504	1050	S	T		FBN1_cbEGF11-13_Ca3	1028-1154	11,12,13	22	95.3	52.3	33.7	False	2.51	0.02	False	True	True	False	False	False	False	False	
1452274	887	C	S		FBN1_cbEGF9-11_Ca3	807-1069	9,10,11	80	95.3	45.2	27.1	False	23.4	0.05	False	False	False	False	False	True	True	False	862
1508660	1404	D	H		FBN1_cbEGF19-21_Ca3	1363-1486	19,20,21	41	98.2	48.2	25.0	False	2.61	0.03	True	False	True	True	False	False	False	False	
1373031	301	G	A	vus	FBN1_cbEGF1-3_Ca3	246-529	1,2,3	55	86.3	73.3	70.5	False	17.25	0.06	False	False	False	False	False	False	False	False	
1507924	1850	R	H	vus	FBN1_cbEGF25-27_Ca3	1766-1890	25,26,27	40	91.4	70.3	25.7	False	2.26	0.02	False	True	True	False	False	False	False	False	
1345383	1924	H	N	vus	FBN1_cbEGF27-29_Ca3	1849-1972	27,28,29	48	91.3	193.2	86.2	False	15.17	0.2	False	False	False	False	False	False	False	False	
1372322	1468	F	L	vus	FBN1_cbEGF21-23_Ca3	1446-1647	21,22,23	22	95.6	51.2	21.3	False	4.65	0.02	False	False	False	True	True	False	False	False	
1372341	1925	N	S		FBN1_cbEGF27-29_Ca3	1849-1972	27,28,29	47	90.9	106.0	54.3	False	12.1	0.16	False	False	False	False	False	False	False	False	
1400134	541	C	G		FBN1_cbEGF3-5_Ca3	490-612	3,4,5	51	97.8	5.0	3.0	True	10.99	0.04	False	False	False	False	False	True	True	False	555
1427197	2127	D	A		FBN1_cbEGF31-33_Ca3	2013-2205	31,32,33	78	97.0	43.6	22.6	False	2.59	0.03	True	False	True	True	False	False	False	False	
1454772	1242	C	R		FBN1_cbEGF15-17_Ca3	1197-1321	15,16,17	45	98.3	27.2	16.3	True	6.49	0.02	False	False	False	False	False	True	True	False	1254
1482018	2233	P	H		FBN1_cbEGF33-35_Ca3	2166-2290	33,34,35	57	97.8	45.5	28.6	False	9.56	0.06	False	False	False	False	False	False	False	False	
1465947	726	E	Q		FBN1_cbEGF5-7_Ca3	572-764	5,6,7	38	97.5	6.6	3.0	True	2.38	0.05	True	False	True	True	False	False	False	False	
1371510	1353	G	R		FBN1_cbEGF17-19_Ca3	1280-1403	17,18,19	50	98.7	17.5	16.8	True	4.57	0.04	False	False	False	False	False	False	False	False	
1453641	1947	C	S		FBN1_cbEGF27-29_Ca3	1849-1972	27,28,29	25	98.2	34.5	20.6	False	8.07	0.05	False	False	False	False	False	True	True	False	1934
1453782	2663	C	F		FBN1_cbEGF41-43_Ca3	2567-2687	41,42,43	24	91.7	48.0	28.7	False	8.18	0.07	False	False	False	False	False	True	True	False	2652
1453863	1444	C	S		FBN1_cbEGF19-21_Ca3	1363-1486	19,20,21	42	98.6	15.3	9.1	True	10.57	0.04	False	False	False	False	False	True	True	False	1431
1511860	339	A	S		FBN1_cbEGF1-3_Ca3	246-529	1,2,3	93	92.4	32.2	24.9	False	32.57	7.01	False	False	False	False	False	False	False	False	
1373971	572	D	N		FBN1_cbEGF3-5_Ca3	490-612	3,4,5	40	98.2	38.1	19.7	True	2.52	0.02	True	False	True	True	False	False	False	False	
1401667	2670	Y	F		FBN1_cbEGF41-43_Ca3	2567-2687	41,42,43	17	91.4	88.5	33.6	False	4.68	0.02	False	False	False	True	True	False	False	False	
1428817	2664	S	C		FBN1_cbEGF41-43_Ca3	2567-2687	41,42,43	23	90.1	65.3	42.2	False	6.52	0.02	False	False	False	False	False	False	False	True	
1456223	1221	C	R		FBN1_cbEGF15-17_Ca3	1197-1321	15,16,17	24	98.7	6.0	3.6	True	10.58	0.04	False	False	False	False	False	True	True	False	1208
1456343	1461	C	R		FBN1_cbEGF19-21_Ca3	1363-1486	19,20,21	25	98.6	33.8	20.2	False	8.08	0.06	False	False	False	False	False	True	True	False	1450
1511415	1918	H	R		FBN1_cbEGF27-29_Ca3	1849-1972	27,28,29	54	93.9	181.6	81.1	False	7.94	0.11	False	False	False	False	False	False	False	False	
1494003	2164	C	G	pathogenic	FBN1_cbEGF31-33_Ca3	2013-2205	31,32,33	41	97.1	2.6	1.6	True	10.67	0.02	False	False	False	False	False	True	True	False	2153
1522804	1195	C	G		FBN1_cbEGF13-15_Ca3	1113-1237	13,14,15	42	98.8	14.5	8.7	True	10.68	0.03	False	False	False	False	False	True	True	False	1182
1522965	1933	E	K	vus	FBN1_cbEGF27-29_Ca3	1849-1972	27,28,29	39	97.4	32.3	14.5	True	2.48	0.02	True	False	True	True	False	False	False	False	
1413441	1348	C	F		FBN1_cbEGF17-19_Ca3	1280-1403	17,18,19	55	98.9	24.8	14.9	True	10.77	0.06	False	False	False	False	False	True	True	False	1333
1400799	1975	N	S		FBN1_cbEGF29-31_Ca3	1930-2054	29,30,31	45	97.5	52.0	26.6	False	4.31	0.02	False	False	False	True	True	False	False	False	
1400913	624	M	T		FBN1_cbEGF5-7_Ca3	572-764	5,6,7	52	75.7	104.6	46.7	False	15.64	0.13	False	False	False	False	False	False	False	False	
1376081	2128	M	T	vus	FBN1_cbEGF31-33_Ca3	2013-2205	31,32,33	77	92.9	21.1	9.4	True	2.39	0.02	False	True	True	False	False	False	False	False	
1430918	1345	S	I		FBN1_cbEGF17-19_Ca3	1280-1403	17,18,19	58	98.1	53.0	34.2	False	2.47	0.04	False	True	True	False	False	False	False	False	
1431190	899	G	A		FBN1_cbEGF9-11_Ca3	807-1069	9,10,11	92	97.3	2.2	2.1	True	4.57	0.04	False	False	False	False	False	False	False	False	
1458475	876	C	W		FBN1_cbEGF9-11_Ca3	807-1069	9,10,11	69	96.7	7.2	4.3	True	12.3	0.04	False	False	False	False	False	True	True	False	890
1458521	950	C	R		FBN1_cbEGF9-11_Ca3	807-1069	9,10,11	119	86.5	0.4	0.2	True	17.59	0.07	False	False	False	False	False	True	True	False	937
1485981	1906	R	Q		FBN1_cbEGF27-29_Ca3	1849-1972	27,28,29	57	88.5	171.1	62.4	False	6.66	0.02	False	False	False	False	False	False	False	False	
1513835	1914	C	G		FBN1_cbEGF27-29_Ca3	1849-1972	27,28,29	58	98.4	19.0	11.4	True	10.77	0.04	False	False	False	False	False	True	True	False	1900
1457950	2142	C	R		FBN1_cbEGF31-33_Ca3	2013-2205	31,32,33	63	97.5	35.3	21.1	False	8.22	0.03	False	False	False	False	False	True	True	False	2131
1458007	582	C	R		FBN1_cbEGF3-5_Ca3	490-612	3,4,5	30	98.5	1.9	1.1	True	11.13	0.06	False	False	False	False	False	True	True	False	596
1485740	1080	L	P		FBN1_cbEGF11-13_Ca3	1028-1154	11,12,13	52	94.9	56.9	28.3	False	8.51	0.07	False	False	False	False	False	False	False	False	
1513116	332	R	H	vus	FBN1_cbEGF1-3_Ca3	246-529	1,2,3	86	78.7	71.7	26.2	False	21.2	2.32	False	False	False	False	False	False	False	False	
1350034	1236	C	G		FBN1_cbEGF15-17_Ca3	1197-1321	15,16,17	39	98.7	18.0	10.8	True	10.81	0.04	False	False	False	False	False	True	True	False	1223
1387480	1994	G	V		FBN1_cbEGF29-31_Ca3	1930-2054	29,30,31	60	97.8	19.8	19.0	True	4.09	0.01	False	False	False	False	False	False	False	False	
1414814	2511	C	W	pathogenic	FBN1_cbEGF39-41_Ca3	2485-2606	39,40,41	26	96.7	31.2	18.7	True	11.77	0.05	False	False	False	False	False	True	True	False	2522
1469554	336	C	Y		FBN1_cbEGF1-3_Ca3	246-529	1,2,3	90	93.7	1.4	0.8	True	25.98	3.8	False	False	False	False	False	True	True	False	
1497291	1994	G	E		FBN1_cbEGF29-31_Ca3	1930-2054	29,30,31	60	97.8	19.8	19.0	True	4.09	0.01	False	False	False	False	False	False	False	False	
1389132	1154	I	F		FBN1_cbEGF13-15_Ca3	1113-1237	13,14,15	41	95.4	72.0	36.6	False	7.38	0.02	False	False	False	False	False	False	False	False	
1512654	378	P	R		FBN1_cbEGF1-3_Ca3	246-529	1,2,3	132	92.6	29.9	18.8	True	25.89	1.85	False	False	False	False	False	False	False	False	
1349036	827	S	C		FBN1_cbEGF9-11_Ca3	807-1069	9,10,11	20	94.7	54.8	35.4	False	2.55	0.16	False	True	True	False	False	False	False	True	
1349094	2660	S	N		FBN1_cbEGF41-43_Ca3	2567-2687	41,42,43	27	86.2	103.5	66.8	False	15.33	0.14	False	False	False	False	False	False	False	False	
1404350	700	P	S	vus	FBN1_cbEGF5-7_Ca3	572-764	5,6,7	64	93.4	15.2	9.6	True	17.82	0.13	False	False	False	False	False	False	False	False	
1351948	2527	E	Q		FBN1_cbEGF39-41_Ca3	2485-2606	39,40,41	42	96.1	32.6	14.6	True	2.51	0.03	True	False	True	True	False	False	False	False	
1459733	1206	G	C		FBN1_cbEGF13-15_Ca3	1113-1237	13,14,15	31	98.5	11.4	11.0	True	9.49	0.04	False	False	False	False	False	False	False	True	
1487285	2443	V	A	vus	FBN1_cbEGF37-39_Ca3	2402-2523	37,38,39	41	97.2	68.1	39.1	False	7.23	0.01	False	False	False	False	False	False	False	False	
1351566	1601	T	N		FBN1_cbEGF21-23_Ca3	1446-1647	21,22,23	46	96.2	61.2	35.6	False	16.91	0.05	False	False	False	False	False	False	False	False	
1351666	759	T	A	vus	FBN1_cbEGF7-9_Ca3	723-846	7,8,9	36	97.0	81.9	47.6	False	12.49	0.08	False	False	False	False	False	False	False	False	
1431497	1728	A	P		FBN1_cbEGF23-25_Ca3	1606-1807	23,24,25	79	98.7	0.0	0.0	True	18.58	0.06	False	False	False	False	False	False	False	False	
1458822	596	C	R		FBN1_cbEGF5-7_Ca3	572-764	5,6,7	24	97.0	13.5	8.1	True	10.74	0.05	False	False	False	False	False	True	True	False	582
1458824	570	C	S		FBN1_cbEGF3-5_Ca3	490-612	3,4,5	42	98.4	7.5	4.5	True	10.68	0.02	False	False	False	False	False	True	True	False	557
1458827	544	G	R		FBN1_cbEGF3-5_Ca3	490-612	3,4,5	54	97.9	23.2	22.3	False	13.74	0.05	False	False	False	False	False	False	False	False	
1514213	555	C	W		FBN1_cbEGF3-5_Ca3	490-612	3,4,5	57	98.3	10.3	6.2	True	10.92	0.07	False	False	False	False	False	True	True	False	541
1406071	1265	C	F		FBN1_cbEGF15-17_Ca3	1197-1321	15,16,17	56	98.5	38.3	22.9	False	11.99	0.08	False	False	False	False	False	True	True	False	1278
1460238	1180	C	R		FBN1_cbEGF13-15_Ca3	1113-1237	13,14,15	57	98.6	7.2	4.3	True	10.85	0.03	False	False	False	False	False	True	True	False	1166
1516958	254	P	A		FBN1_cbEGF1-3_Ca3	246-529	1,2,3	8	89.0	128.8	81.0	False	13.21	0.16	False	False	False	False	False	False	False	False	
1436136	1292	L	P		FBN1_cbEGF15-17_Ca3	1197-1321	15,16,17	29	84.3	129.7	64.5	False	15.5	0.16	False	False	False	False	False	False	False	False	
1436241	2537	S	C		FBN1_cbEGF39-41_Ca3	2485-2606	39,40,41	52	90.8	105.2	67.9	False	13.64	0.28	False	False	False	False	False	False	False	True	
1516484	2627	G	A		FBN1_cbEGF41-43_Ca3	2567-2687	41,42,43	60	95.7	22.7	21.8	False	4.06	0.01	False	False	False	False	False	False	False	False	
1353482	714	G	E		FBN1_cbEGF5-7_Ca3	572-764	5,6,7	50	93.0	21.5	20.7	False	9.89	0.05	False	False	False	False	False	False	False	False	
1500665	987	A	P		FBN1_cbEGF9-11_Ca3	807-1069	9,10,11	82	98.0	0.0	0.0	True	17.51	0.09	False	False	False	False	False	False	False	False	
1500765	1091	G	W		FBN1_cbEGF11-13_Ca3	1028-1154	11,12,13	63	98.1	17.5	16.8	True	4.02	0.04	False	False	False	False	False	False	False	False	
1392848	2569	D	G		FBN1_cbEGF39-41_Ca3	2485-2606	39,40,41	37	96.7	62.8	32.5	False	4.37	0.02	False	False	False	True	True	False	False	False	
1502613	2411	D	N		FBN1_cbEGF35-37_Ca3	2247-2443	35,36,37	32	80.8	88.0	45.6	False	14.06	0.1	False	False	False	False	False	False	False	False	
1515556	970	P	L	vus	FBN1_cbEGF9-11_Ca3	807-1069	9,10,11	99	95.6	89.9	56.5	False	18.29	0.08	False	False	False	False	False	False	False	False	
1352424	907	Q	H		FBN1_cbEGF9-11_Ca3	807-1069	9,10,11	100	89.6	118.3	52.6	False	13.9	0.03	False	False	False	False	False	False	False	False	
1380215	1444	C	W		FBN1_cbEGF19-21_Ca3	1363-1486	19,20,21	42	98.6	15.3	9.1	True	10.57	0.04	False	False	False	False	False	True	True	False	1431
1355569	862	C	S		FBN1_cbEGF9-11_Ca3	807-1069	9,10,11	55	95.9	23.7	14.2	True	23.15	0.06	False	False	False	False	False	True	True	False	887
1437701	700	P	L		FBN1_cbEGF5-7_Ca3	572-764	5,6,7	64	93.4	15.2	9.6	True	17.82	0.13	False	False	False	False	False	False	False	False	
1438047	2145	T	I		FBN1_cbEGF31-33_Ca3	2013-2205	31,32,33	60	96.5	43.8	25.4	False	2.46	0.02	False	True	True	False	False	False	False	False	
1465148	2548	F	L		FBN1_cbEGF39-41_Ca3	2485-2606	39,40,41	58	96.0	46.6	19.4	True	4.77	0.04	False	False	False	True	True	False	False	False	
1490805	2024	C	F		FBN1_cbEGF29-31_Ca3	1930-2054	29,30,31	30	95.6	2.6	1.6	True	11.05	0.07	False	False	False	False	False	True	True	False	2038
1517910	2129	D	V		FBN1_cbEGF31-33_Ca3	2013-2205	31,32,33	76	96.2	43.3	22.5	False	4.32	0.01	False	False	False	True	True	False	False	False	
1517935	2084	C	S		FBN1_cbEGF31-33_Ca3	2013-2205	31,32,33	71	97.0	11.9	7.1	True	12.96	0.13	False	False	False	False	False	True	True	False	2099
1355106	613	D	N	pathogenic	FBN1_cbEGF5-7_Ca3	572-764	5,6,7	41	98.0	38.4	19.9	True	2.56	0.05	True	False	True	True	False	False	False	False	
1410301	1491	C	R		FBN1_cbEGF21-23_Ca3	1446-1647	21,22,23	45	97.9	39.1	23.4	False	6.47	0.02	False	False	False	False	False	True	True	False	1502
1437282	979	A	T	vus	FBN1_cbEGF9-11_Ca3	807-1069	9,10,11	90	94.7	19.8	15.4	True	9.55	0.06	False	False	False	False	False	False	False	False	
1464721	1388	R	S		FBN1_cbEGF19-21_Ca3	1363-1486	19,20,21	25	86.7	129.5	47.3	False	7.26	0.04	False	False	False	False	False	False	False	False	
1464885	2671	L	P		FBN1_cbEGF41-43_Ca3	2567-2687	41,42,43	16	86.4	84.5	42.1	False	7.39	0.03	False	False	False	False	False	False	False	False	
1519683	520	Q	H	vus	FBN1_cbEGF3-5_Ca3	490-612	3,4,5	30	90.7	118.6	52.7	False	8.7	0.06	False	False	False	False	False	False	False	False	
1526275	785	P	H		FBN1_cbEGF7-9_Ca3	723-846	7,8,9	61	98.1	114.5	72.0	False	4.59	0.01	False	False	False	False	False	False	False	False	
1675078	734	C	R		FBN1_cbEGF5-7_Ca3	572-764	5,6,7	30	97.3	8.7	5.2	True	11.05	0.06	False	False	False	False	False	True	True	False	748
1675080	1193	L	P		FBN1_cbEGF13-15_Ca3	1113-1237	13,14,15	44	97.1	55.9	27.8	False	9.94	0.19	False	False	False	False	False	False	False	False	
1677462	300	E	G		FBN1_cbEGF1-3_Ca3	246-529	1,2,3	54	82.1	95.0	42.6	False	15.73	0.05	False	False	False	False	False	False	False	False	
1677573	602	F	L		FBN1_cbEGF5-7_Ca3	572-764	5,6,7	30	98.0	26.5	11.1	True	6.79	0.03	False	False	False	False	False	False	False	False	
1677646	1688	M	T	vus	FBN1_cbEGF23-25_Ca3	1606-1807	23,24,25	82	85.8	39.0	17.4	True	16.09	0.22	False	False	False	False	False	False	False	False	
1677650	1469	R	L	vus	FBN1_cbEGF21-23_Ca3	1446-1647	21,22,23	23	83.2	119.0	43.4	False	7.28	0.02	False	False	False	False	False	False	False	False	
1677810	2400	G	R	vus	FBN1_cbEGF35-37_Ca3	2247-2443	35,36,37	43	94.9	17.0	16.4	True	9.58	0.06	False	False	False	False	False	False	False	False	
1677948	1092	D	V		FBN1_cbEGF11-13_Ca3	1028-1154	11,12,13	62	95.8	61.8	32.0	False	2.52	0.03	False	True	True	False	False	False	False	False	
1678250	1547	T	A	vus	FBN1_cbEGF21-23_Ca3	1446-1647	21,22,23	100	77.5	58.8	34.2	False	27.45	0.64	False	False	False	False	False	False	False	False	
1678694	765	D	G		FBN1_cbEGF7-9_Ca3	723-846	7,8,9	42	98.3	49.2	25.5	False	2.63	0.02	True	False	True	True	False	False	False	False	
1678714	1687	C	R		FBN1_cbEGF23-25_Ca3	1606-1807	23,24,25	81	93.5	1.1	0.6	True	16.04	0.1	False	False	False	False	False	True	True	False	1674
1679954	2258	C	G	pathogenic	FBN1_cbEGF33-35_Ca3	2166-2290	33,34,35	32	95.9	0.2	0.1	True	11.05	0.06	False	False	False	False	False	True	True	False	2274
1683743	1124	C	R		FBN1_cbEGF11-13_Ca3	1028-1154	11,12,13	30	95.9	1.0	0.6	True	11.0	0.04	False	False	False	False	False	True	True	False	1138
1683750	1702	D	G	vus	FBN1_cbEGF23-25_Ca3	1606-1807	23,24,25	96	91.0	132.6	68.7	False	29.5	0.18	False	False	False	False	False	False	False	False	
1683888	1912	F	L		FBN1_cbEGF27-29_Ca3	1849-1972	27,28,29	60	97.7	27.0	11.3	True	4.72	0.02	False	False	False	True	True	False	False	False	
1684737	1343	A	T	vus	FBN1_cbEGF17-19_Ca3	1280-1403	17,18,19	60	98.1	85.1	65.9	False	4.72	0.01	False	False	False	False	False	False	False	False	
1685316	2541	C	W		FBN1_cbEGF39-41_Ca3	2485-2606	39,40,41	56	96.5	30.1	18.0	True	8.1	0.04	False	False	False	False	False	True	True	False	2528
1685818	2210	C	Y	pathogenic	FBN1_cbEGF33-35_Ca3	2166-2290	33,34,35	44	97.9	24.4	14.6	True	6.41	0.04	False	False	False	False	False	True	True	False	2221
1685819	1562	C	R	pathogenic	FBN1_cbEGF21-23_Ca3	1446-1647	21,22,23	85	98.9	0.0	0.0	True	11.3	0.04	False	False	False	False	False	True	True	False	1534
1687323	914	C	Y	pathogenic	FBN1_cbEGF9-11_Ca3	807-1069	9,10,11	107	97.1	29.4	17.6	True	6.5	0.04	False	False	False	False	False	True	True	False	926
1687534	1648	D	H		FBN1_cbEGF23-25_Ca3	1606-1807	23,24,25	42	98.6	39.0	20.2	False	2.58	0.05	True	False	True	True	False	False	False	False	
2672295	2295	C	S		FBN1_cbEGF35-37_Ca3	2247-2443	35,36,37	48	97.9	38.1	22.8	False	6.46	0.05	False	False	False	False	False	True	True	False	2307
1691559	2418	C	S		FBN1_cbEGF35-37_Ca3	2247-2443	35,36,37	25	95.4	30.1	18.0	True	7.92	0.02	False	False	False	False	False	True	True	False	2406
1691560	2057	R	Q	vus	FBN1_cbEGF31-33_Ca3	2013-2205	31,32,33	44	85.5	103.2	37.7	False	19.29	0.05	False	False	False	False	False	False	False	False	
1693647	697	Q	P		FBN1_cbEGF5-7_Ca3	572-764	5,6,7	67	86.5	108.5	48.2	False	20.59	0.07	False	False	False	False	False	False	False	False	
1696093	849	I	V	vus	FBN1_cbEGF9-11_Ca3	807-1069	9,10,11	42	91.5	92.4	46.9	False	19.93	0.11	False	False	False	False	False	False	False	False	
1698481	509	G	V	vus	FBN1_cbEGF1-3_Ca3	246-529	1,2,3	20	91.1	20.6	19.8	True	4.31	0.12	False	False	False	False	False	False	False	False	
1698573	2049	S	R	vus	FBN1_cbEGF31-33_Ca3	2013-2205	31,32,33	36	91.9	55.8	36.0	False	13.28	0.1	False	False	False	False	False	False	False	False	
1698862	910	D	V		FBN1_cbEGF9-11_Ca3	807-1069	9,10,11	103	97.1	43.2	22.4	False	2.75	0.03	True	False	True	True	False	False	False	False	
1699624	600	P	L		FBN1_cbEGF5-7_Ca3	572-764	5,6,7	28	97.2	125.6	79.0	False	7.7	0.04	False	False	False	False	False	False	False	False	
1699701	1958	C	Y		FBN1_cbEGF29-31_Ca3	1930-2054	29,30,31	28	98.7	28.9	17.3	True	11.87	0.08	False	False	False	False	False	True	True	False	1971
1699724	1579	A	V		FBN1_cbEGF21-23_Ca3	1446-1647	21,22,23	68	98.1	58.4	45.3	False	19.04	0.08	False	False	False	False	False	False	False	False	
1701259	921	C	S		FBN1_cbEGF9-11_Ca3	807-1069	9,10,11	114	92.0	10.1	6.1	True	11.36	0.07	False	False	False	False	False	True	True	False	935
1702402	407	G	D	vus	FBN1_cbEGF1-3_Ca3	246-529	1,2,3	122	37.9	49.2	47.3	False	35.67	9.17	False	False	False	False	False	False	False	False	
1702403	567	G	E	vus	FBN1_cbEGF3-5_Ca3	490-612	3,4,5	45	97.0	25.7	24.7	False	11.5	0.11	False	False	False	False	False	False	False	False	
1702801	1991	N	H	vus	FBN1_cbEGF29-31_Ca3	1930-2054	29,30,31	61	97.7	52.5	26.9	False	2.3	0.02	True	False	True	True	False	False	False	False	
1704483	1203	I	M	vus	FBN1_cbEGF13-15_Ca3	1113-1237	13,14,15	34	94.1	120.5	61.2	False	10.21	0.22	False	False	False	False	False	False	False	False	
1705230	1674	C	S		FBN1_cbEGF23-25_Ca3	1606-1807	23,24,25	68	97.3	31.2	18.7	True	16.71	0.09	False	False	False	False	False	True	True	False	1687
1705455	2607	D	G	vus	FBN1_cbEGF41-43_Ca3	2567-2687	41,42,43	40	95.7	35.0	18.1	True	2.61	0.02	True	False	True	True	False	False	False	False	
1705611	570	C	S		FBN1_cbEGF3-5_Ca3	490-612	3,4,5	42	98.4	7.5	4.5	True	10.68	0.02	False	False	False	False	False	True	True	False	557
1706266	301	G	E		FBN1_cbEGF1-3_Ca3	246-529	1,2,3	55	86.3	73.3	70.5	False	17.25	0.06	False	False	False	False	False	False	False	False	
1708070	1687	C	F	pathogenic	FBN1_cbEGF23-25_Ca3	1606-1807	23,24,25	81	93.5	1.1	0.6	True	16.04	0.1	False	False	False	False	False	True	True	False	1674
1708418	2203	T	A		FBN1_cbEGF33-35_Ca3	2166-2290	33,34,35	37	90.8	43.2	25.1	False	13.04	0.04	False	False	False	False	False	False	False	False	
1708583	1699	Y	D		FBN1_cbEGF23-25_Ca3	1606-1807	23,24,25	93	97.7	47.1	17.9	True	21.76	0.11	False	False	False	False	False	False	False	False	
1709056	786	G	R		FBN1_cbEGF7-9_Ca3	723-846	7,8,9	60	98.3	22.5	21.6	False	3.99	0.04	False	False	False	False	False	False	False	False	
1709063	2260	E	K		FBN1_cbEGF33-35_Ca3	2166-2290	33,34,35	30	85.1	143.0	64.1	False	16.92	0.47	False	False	False	False	False	False	False	False	
1710205	1759	I	M		FBN1_cbEGF23-25_Ca3	1606-1807	23,24,25	48	80.4	42.5	21.6	False	15.21	0.32	False	False	False	False	False	False	False	False	
1712055	2070	C	R	pathogenic	FBN1_cbEGF31-33_Ca3	2013-2205	31,32,33	57	96.1	26.1	15.6	True	23.32	0.32	False	False	False	False	False	True	True	False	2096
1712174	1182	C	S		FBN1_cbEGF13-15_Ca3	1113-1237	13,14,15	55	98.8	37.1	22.2	False	11.91	0.04	False	False	False	False	False	True	True	False	1195
1712343	1914	C	Y	pathogenic	FBN1_cbEGF27-29_Ca3	1849-1972	27,28,29	58	98.4	19.0	11.4	True	10.77	0.04	False	False	False	False	False	True	True	False	1900
1716324	2602	W	C		FBN1_cbEGF41-43_Ca3	2567-2687	41,42,43	35	68.8	138.1	48.4	False	11.9	2.92	False	False	False	False	False	False	False	True	
1717938	1026	F	L		FBN1_cbEGF9-11_Ca3	807-1069	9,10,11	43	82.5	35.4	14.7	True	10.67	0.05	False	False	False	False	False	False	False	False	
1721383	1787	G	C		FBN1_cbEGF25-27_Ca3	1766-1890	25,26,27	21	97.5	68.7	66.0	False	4.12	0.01	False	False	False	False	False	False	False	True	
1715581	2337	G	A		FBN1_cbEGF35-37_Ca3	2247-2443	35,36,37	90	97.5	5.7	5.5	True	16.64	0.05	False	False	False	False	False	False	False	False	
1715110	530	D	V		FBN1_cbEGF3-5_Ca3	490-612	3,4,5	40	97.6	50.2	26.0	False	2.51	0.04	True	False	True	True	False	False	False	False	
1718831	1992	L	F		FBN1_cbEGF29-31_Ca3	1930-2054	29,30,31	62	97.1	64.7	32.2	False	2.51	0.02	False	True	True	False	False	False	False	False	
1713708	1330	A	P		FBN1_cbEGF17-19_Ca3	1280-1403	17,18,19	50	98.1	56.8	44.0	False	8.37	0.08	False	False	False	False	False	False	False	False	
1718577	1765	V	F		FBN1_cbEGF23-25_Ca3	1606-1807	23,24,25	42	95.8	60.8	34.9	False	7.46	0.02	False	False	False	False	False	False	False	False	
1721754	2226	G	E		FBN1_cbEGF33-35_Ca3	2166-2290	33,34,35	60	97.9	21.0	20.2	False	4.07	0.02	False	False	False	False	False	False	False	False	
1722033	1555	V	A	vus	FBN1_cbEGF21-23_Ca3	1446-1647	21,22,23	92	97.8	104.6	60.1	False	15.59	0.05	False	False	False	False	False	False	False	False	
1722332	2443	V	I		FBN1_cbEGF37-39_Ca3	2402-2523	37,38,39	41	97.2	68.1	39.1	False	7.23	0.01	False	False	False	False	False	False	False	False	
1723088	1930	D	G	pathogenic	FBN1_cbEGF27-29_Ca3	1849-1972	27,28,29	42	98.2	41.9	21.7	False	2.6	0.02	True	False	True	True	False	False	False	False	
1723377	808	I	V		FBN1_cbEGF7-9_Ca3	723-846	7,8,9	38	98.0	71.5	36.3	False	2.34	0.02	False	True	True	False	False	False	False	False	
1723869	1762	G	C		FBN1_cbEGF23-25_Ca3	1606-1807	23,24,25	45	80.0	22.2	21.3	False	15.73	0.76	False	False	False	False	False	False	False	True	
1728962	1071	I	T		FBN1_cbEGF11-13_Ca3	1028-1154	11,12,13	43	97.8	52.7	26.7	False	2.32	0.02	False	True	True	False	False	False	False	False	
1730244	1109	K	R		FBN1_cbEGF11-13_Ca3	1028-1154	11,12,13	45	92.2	66.5	28.2	False	8.53	0.04	False	False	False	False	False	False	False	False	
1735367	1278	C	S	pathogenic	FBN1_cbEGF15-17_Ca3	1197-1321	15,16,17	43	98.4	16.2	9.7	True	10.61	0.09	False	False	False	False	False	True	True	False	1265
1737282	1347	K	I		FBN1_cbEGF17-19_Ca3	1280-1403	17,18,19	56	91.2	127.8	54.2	False	7.37	0.06	False	False	False	False	False	False	False	False	
1738683	1402	C	R		FBN1_cbEGF19-21_Ca3	1363-1486	19,20,21	39	98.8	13.3	7.9	True	10.5	0.05	False	False	False	False	False	True	True	False	1391
1738692	1402	C	W		FBN1_cbEGF19-21_Ca3	1363-1486	19,20,21	39	98.8	13.3	7.9	True	10.5	0.05	False	False	False	False	False	True	True	False	1391
1730088	1104	G	R	vus	FBN1_cbEGF11-13_Ca3	1028-1154	11,12,13	50	89.0	29.0	27.9	False	13.52	0.61	False	False	False	False	False	False	False	False	
1730125	1105	F	L	vus	FBN1_cbEGF11-13_Ca3	1028-1154	11,12,13	49	77.5	146.8	61.2	False	15.03	1.33	False	False	False	False	False	False	False	False	
1740052	1456	C	G		FBN1_cbEGF19-21_Ca3	1363-1486	19,20,21	30	98.3	6.1	3.7	True	12.1	0.12	False	False	False	False	False	True	True	False	1470
1733162	1203	I	L		FBN1_cbEGF13-15_Ca3	1113-1237	13,14,15	34	94.1	120.5	61.2	False	10.21	0.22	False	False	False	False	False	False	False	False	
1734565	1250	D	E		FBN1_cbEGF15-17_Ca3	1197-1321	15,16,17	53	93.5	68.6	35.6	False	11.4	0.26	False	False	False	False	False	False	False	False	
1734567	1251	G	C		FBN1_cbEGF15-17_Ca3	1197-1321	15,16,17	54	97.9	11.3	10.9	True	10.67	0.11	False	False	False	False	False	False	False	True	
1736484	1320	C	S		FBN1_cbEGF17-19_Ca3	1280-1403	17,18,19	40	97.7	5.3	3.1	True	10.37	0.18	False	False	False	False	False	True	True	False	1307
1740497	1475	G	R		FBN1_cbEGF21-23_Ca3	1446-1647	21,22,23	29	98.1	16.5	15.8	True	4.62	0.02	False	False	False	False	False	False	False	False	
1740838	1491	C	S		FBN1_cbEGF21-23_Ca3	1446-1647	21,22,23	45	97.9	39.1	23.4	False	6.47	0.02	False	False	False	False	False	True	True	False	1502
1744238	1646	C	S		FBN1_cbEGF23-25_Ca3	1606-1807	23,24,25	40	98.7	10.9	6.5	True	10.28	0.07	False	False	False	False	False	True	True	False	1633
1747622	1818	C	R	pathogenic	FBN1_cbEGF25-27_Ca3	1766-1890	25,26,27	52	98.1	28.6	17.1	True	11.6	0.06	False	False	False	False	False	True	True	False	1833
1749177	1900	C	W		FBN1_cbEGF27-29_Ca3	1849-1972	27,28,29	51	98.0	0.6	0.3	True	10.81	0.02	False	False	False	False	False	True	True	False	1914
1751258	2017	C	G		FBN1_cbEGF29-31_Ca3	1930-2054	29,30,31	37	97.5	28.7	17.2	True	6.51	0.02	False	False	False	False	False	True	True	False	2029
1752857	2108	R	G		FBN1_cbEGF31-33_Ca3	2013-2205	31,32,33	95	79.5	110.7	40.4	False	18.25	0.17	False	False	False	False	False	False	False	False	
1741839	1535	Y	C		FBN1_cbEGF21-23_Ca3	1446-1647	21,22,23	89	97.7	25.3	9.6	True	16.59	0.05	False	False	False	False	False	False	False	True	
1743659	1622	C	R	pathogenic	FBN1_cbEGF21-23_Ca3	1446-1647	21,22,23	25	98.7	36.9	22.1	False	8.18	0.04	False	False	False	False	False	True	True	False	1610
1743811	1628	S	R		FBN1_cbEGF23-25_Ca3	1606-1807	23,24,25	22	96.2	54.3	35.0	False	2.46	0.08	False	True	True	False	False	False	False	False	
1747108	1791	C	S		FBN1_cbEGF25-27_Ca3	1766-1890	25,26,27	25	97.9	21.0	12.6	True	10.83	0.04	False	False	False	False	False	True	True	False	1777
1747195	1796	G	V		FBN1_cbEGF25-27_Ca3	1766-1890	25,26,27	30	98.6	14.9	14.3	True	4.69	0.04	False	False	False	False	False	False	False	False	
1750458	1971	C	F	pathogenic	FBN1_cbEGF29-31_Ca3	1930-2054	29,30,31	41	98.3	5.8	3.5	True	10.63	0.04	False	False	False	False	False	True	True	False	1958
1750532	1976	E	K	vus	FBN1_cbEGF29-31_Ca3	1930-2054	29,30,31	46	96.3	24.4	10.9	True	2.46	0.0	True	False	True	True	False	False	False	False	
1752406	2083	C	R		FBN1_cbEGF31-33_Ca3	2013-2205	31,32,33	70	97.4	0.0	0.0	True	12.65	0.05	False	False	False	False	False	True	True	False	2061
1752559	2092	W	R		FBN1_cbEGF31-33_Ca3	2013-2205	31,32,33	79	96.2	5.4	1.9	True	18.06	0.05	False	False	False	False	False	False	False	False	
1743364	1607	I	T	vus	FBN1_cbEGF21-23_Ca3	1446-1647	21,22,23	40	98.8	0.0	0.0	True	2.32	0.02	False	True	True	False	False	False	False	False	
1751735	2040	C	W	pathogenic	FBN1_cbEGF31-33_Ca3	2013-2205	31,32,33	27	96.1	40.4	24.2	False	16.59	0.1	False	False	False	False	False	True	True	False	2053
1752008	2057	R	P		FBN1_cbEGF31-33_Ca3	2013-2205	31,32,33	44	85.5	103.2	37.7	False	19.29	0.05	False	False	False	False	False	False	False	False	
1752023	2059	S	R		FBN1_cbEGF31-33_Ca3	2013-2205	31,32,33	46	96.8	19.0	12.2	True	18.89	0.06	False	False	False	False	False	False	False	False	
1753509	2145	T	K		FBN1_cbEGF31-33_Ca3	2013-2205	31,32,33	60	96.5	43.8	25.4	False	2.46	0.02	False	True	True	False	False	False	False	False	
1753578	2150	R	H		FBN1_cbEGF31-33_Ca3	2013-2205	31,32,33	55	86.9	115.6	42.2	False	7.35	0.03	False	False	False	False	False	False	False	False	
1753617	2152	E	G		FBN1_cbEGF31-33_Ca3	2013-2205	31,32,33	53	92.3	76.0	34.1	False	13.33	0.09	False	False	False	False	False	False	False	False	
1753677	2156	G	C		FBN1_cbEGF31-33_Ca3	2013-2205	31,32,33	49	94.5	15.0	14.4	True	4.78	0.07	False	False	False	False	False	False	False	True	
1741306	1513	C	G	pathogenic	FBN1_cbEGF21-23_Ca3	1446-1647	21,22,23	67	98.7	38.3	22.9	False	16.65	0.06	False	False	False	False	False	True	True	False	1526
1744779	1672	C	R	pathogenic	FBN1_cbEGF23-25_Ca3	1606-1807	23,24,25	66	97.4	0.0	0.0	True	10.78	0.05	False	False	False	False	False	True	True	False	1658
1746116	1738	I	L		FBN1_cbEGF23-25_Ca3	1606-1807	23,24,25	69	95.9	104.6	53.1	False	17.67	0.05	False	False	False	False	False	False	False	False	
1751536	2033	E	K	vus	FBN1_cbEGF29-31_Ca3	1930-2054	29,30,31	21	91.4	136.4	61.2	False	4.67	0.01	False	False	False	False	False	False	False	False	
1751692	2038	C	F		FBN1_cbEGF31-33_Ca3	2013-2205	31,32,33	25	96.7	13.4	8.0	True	10.66	0.05	False	False	False	False	False	True	True	False	2024
1751705	2040	C	F		FBN1_cbEGF31-33_Ca3	2013-2205	31,32,33	27	96.1	40.4	24.2	False	16.59	0.1	False	False	False	False	False	True	True	False	2053
1757984	2423	G	R		FBN1_cbEGF37-39_Ca3	2402-2523	37,38,39	21	96.5	68.8	66.2	False	4.09	0.03	False	False	False	False	False	False	False	False	
1755641	2274	C	S		FBN1_cbEGF35-37_Ca3	2247-2443	35,36,37	27	95.4	13.8	8.3	True	10.75	0.06	False	False	False	False	False	True	True	False	2258
1755644	2274	C	W		FBN1_cbEGF35-37_Ca3	2247-2443	35,36,37	27	95.4	13.8	8.3	True	10.75	0.06	False	False	False	False	False	True	True	False	2258
1759237	2503	T	P		FBN1_cbEGF37-39_Ca3	2402-2523	37,38,39	20	97.6	53.8	31.3	False	2.45	0.01	False	True	True	False	False	False	False	False	
1760931	2622	C	G		FBN1_cbEGF41-43_Ca3	2567-2687	41,42,43	55	95.0	39.2	23.5	False	8.16	0.09	False	False	False	False	False	True	True	False	2611
1761019	2629	Y	C	pathogenic	FBN1_cbEGF41-43_Ca3	2567-2687	41,42,43	58	94.7	75.3	28.6	False	4.69	0.02	False	False	False	True	True	False	False	True	
1759019	2487	D	G	pathogenic	FBN1_cbEGF37-39_Ca3	2402-2523	37,38,39	36	98.0	53.6	27.8	False	4.29	0.02	False	False	False	True	True	False	False	False	
1760403	2581	C	S		FBN1_cbEGF39-41_Ca3	2485-2606	39,40,41	25	95.4	32.5	19.5	True	8.43	0.06	False	False	False	False	False	True	True	False	2571
1762124	271	C	Y		FBN1_cbEGF1-3_Ca3	246-529	1,2,3	25	94.6	21.0	12.6	True	10.72	0.2	False	False	False	False	False	True	True	False	257
1754802	2224	T	P		FBN1_cbEGF33-35_Ca3	2166-2290	33,34,35	58	97.6	49.2	28.6	False	2.53	0.02	False	True	True	False	False	False	False	False	
1754862	2228	Y	D		FBN1_cbEGF33-35_Ca3	2166-2290	33,34,35	62	97.3	54.4	20.7	False	4.65	0.01	False	False	False	True	True	False	False	False	
1755155	2245	C	R	pathogenic	FBN1_cbEGF33-35_Ca3	2166-2290	33,34,35	45	98.1	26.5	15.8	True	10.95	0.04	False	False	False	False	False	True	True	False	2232
1759917	2546	G	E		FBN1_cbEGF39-41_Ca3	2485-2606	39,40,41	60	96.8	21.2	20.4	False	3.96	0.01	False	False	False	False	False	False	False	False	
1760126	2562	G	C		FBN1_cbEGF39-41_Ca3	2485-2606	39,40,41	44	89.9	29.4	28.3	False	12.58	1.31	False	False	False	False	False	False	False	True	
1760233	2569	D	V		FBN1_cbEGF39-41_Ca3	2485-2606	39,40,41	37	96.7	62.8	32.5	False	4.37	0.02	False	False	False	True	True	False	False	False	
1768977	429	R	P	vus	FBN1_cbEGF1-3_Ca3	246-529	1,2,3	100	34.5	219.3	80.0	False	53.34	16.42	False	False	False	False	False	False	False	False	
1772413	476	C	W	pathogenic	FBN1_cbEGF1-3_Ca3	246-529	1,2,3	53	91.3	37.1	22.2	False	11.73	0.72	False	False	False	False	False	True	True	False	488
1777049	547	I	M	vus	FBN1_cbEGF3-5_Ca3	490-612	3,4,5	57	96.4	61.5	31.2	False	6.59	0.04	False	False	False	False	False	False	False	False	
1769781	439	R	W	vus	FBN1_cbEGF1-3_Ca3	246-529	1,2,3	90	29.0	227.4	83.0	False	42.91	16.55	False	False	False	False	False	False	False	False	
1773301	490	D	H		FBN1_cbEGF1-3_Ca3	246-529	1,2,3	39	86.5	23.1	12.0	True	2.95	0.38	True	False	True	True	False	False	False	False	
1775110	518	G	A		FBN1_cbEGF3-5_Ca3	490-612	3,4,5	28	97.8	16.6	16.0	True	4.64	0.05	False	False	False	False	False	False	False	False	
1772610	479	G	W		FBN1_cbEGF1-3_Ca3	246-529	1,2,3	50	93.1	16.3	15.7	True	4.71	0.7	False	False	False	False	False	False	False	False	
1790647	800	P	A	vus	FBN1_cbEGF7-9_Ca3	723-846	7,8,9	46	97.3	96.7	60.8	False	15.77	0.26	False	False	False	False	False	False	False	False	
1782465	637	C	S		FBN1_cbEGF5-7_Ca3	572-764	5,6,7	65	90.1	9.5	5.7	True	10.78	0.03	False	False	False	False	False	True	True	False	623
1792034	830	C	F	pathogenic	FBN1_cbEGF9-11_Ca3	807-1069	9,10,11	23	97.9	6.5	3.9	True	10.69	0.17	False	False	False	False	False	True	True	False	816
1784344	358	C	W		FBN1_cbEGF1-3_Ca3	246-529	1,2,3	112	92.0	1.2	0.7	True	25.62	2.78	False	False	False	False	False	True	True	False	
1788025	743	R	P		FBN1_cbEGF5-7_Ca3	572-764	5,6,7	21	87.8	179.4	65.5	False	4.52	0.02	False	False	False	False	False	False	False	False	
1787632	734	C	S		FBN1_cbEGF5-7_Ca3	572-764	5,6,7	30	97.3	8.7	5.2	True	11.05	0.06	False	False	False	False	False	True	True	False	748
1789110	764	V	F	vus	FBN1_cbEGF7-9_Ca3	723-846	7,8,9	41	97.9	75.2	43.2	False	7.33	0.03	False	False	False	False	False	False	False	False	
1789313	768	E	K	vus	FBN1_cbEGF7-9_Ca3	723-846	7,8,9	45	97.3	28.1	12.6	True	2.5	0.03	False	False	False	True	True	False	False	False	
1795887	927	V	I		FBN1_cbEGF9-11_Ca3	807-1069	9,10,11	120	97.5	46.3	26.6	False	6.67	0.03	False	False	False	False	False	False	False	False	
1795984	929	T	S		FBN1_cbEGF9-11_Ca3	807-1069	9,10,11	122	97.3	46.6	27.1	False	2.58	0.04	False	True	True	False	False	False	False	False	
1801155	844	I	V		FBN1_cbEGF9-11_Ca3	807-1069	9,10,11	37	96.3	35.5	18.0	True	16.36	0.2	False	False	False	False	False	False	False	False	
1802115	1363	D	N		FBN1_cbEGF17-19_Ca3	1280-1403	17,18,19	40	98.7	31.3	16.2	True	2.6	0.02	True	False	True	True	False	False	False	False	
1803472	2678	Y	C	vus	FBN1_cbEGF41-43_Ca3	2567-2687	41,42,43	9	84.6	120.9	46.0	False	21.54	0.2	False	False	False	False	False	False	False	True	
1804178	546	C	Y	pathogenic	FBN1_cbEGF3-5_Ca3	490-612	3,4,5	56	98.0	33.7	20.2	False	7.88	0.07	False	False	False	False	False	True	True	False	534
1804563	2508	T	I		FBN1_cbEGF39-41_Ca3	2485-2606	39,40,41	23	90.3	62.3	36.2	False	7.32	0.04	False	False	False	False	False	False	False	False	
1804651	514	Q	E		FBN1_cbEGF3-5_Ca3	490-612	3,4,5	24	91.3	88.4	39.3	False	13.52	0.06	False	False	False	False	False	False	False	False	
1806740	2016	E	D		FBN1_cbEGF29-31_Ca3	1930-2054	29,30,31	38	96.9	20.0	9.0	True	2.53	0.03	True	False	True	True	False	False	False	False	
1810032	786	G	E		FBN1_cbEGF7-9_Ca3	723-846	7,8,9	60	98.3	22.5	21.6	False	3.99	0.04	False	False	False	False	False	False	False	False	
1810043	1746	T	P		FBN1_cbEGF23-25_Ca3	1606-1807	23,24,25	61	86.7	69.6	40.5	False	17.95	0.13	False	False	False	False	False	False	False	False	
1810233	1117	C	F		FBN1_cbEGF11-13_Ca3	1028-1154	11,12,13	37	97.6	26.2	15.7	True	6.45	0.02	False	False	False	False	False	True	True	False	1129
1810262	899	G	V		FBN1_cbEGF9-11_Ca3	807-1069	9,10,11	92	97.3	2.2	2.1	True	4.57	0.04	False	False	False	False	False	False	False	False	
1810730	2585	I	N	vus	FBN1_cbEGF39-41_Ca3	2485-2606	39,40,41	21	94.1	130.3	66.1	False	4.62	0.02	False	False	False	False	False	False	False	False	
2148336	820	V	F		FBN1_cbEGF7-9_Ca3	723-846	7,8,9	26	97.8	87.7	50.4	False	12.31	0.04	False	False	False	False	False	False	False	False	
2137675	2420	N	H	vus	FBN1_cbEGF35-37_Ca3	2247-2443	35,36,37	23	96.5	58.7	30.1	False	2.28	0.02	True	False	True	True	False	False	False	False	
2137680	2221	C	G		FBN1_cbEGF33-35_Ca3	2166-2290	33,34,35	55	98.1	35.6	21.3	False	8.33	0.05	False	False	False	False	False	True	True	False	2210
2137681	2151	C	R		FBN1_cbEGF31-33_Ca3	2013-2205	31,32,33	54	97.2	18.7	11.2	True	10.68	0.05	False	False	False	False	False	True	True	False	2137
2137682	2099	C	W	pathogenic	FBN1_cbEGF31-33_Ca3	2013-2205	31,32,33	86	96.8	5.0	3.0	True	17.27	0.11	False	False	False	False	False	True	True	False	2084
2137685	1910	G	V	pathogenic	FBN1_cbEGF27-29_Ca3	1849-1972	27,28,29	61	97.7	21.5	20.7	False	3.99	0.02	False	False	False	False	False	False	False	False	
2137689	1748	C	R		FBN1_cbEGF23-25_Ca3	1606-1807	23,24,25	59	94.5	0.0	0.0	True	12.03	0.11	False	False	False	False	False	True	True	False	
2137690	1706	C	Y		FBN1_cbEGF23-25_Ca3	1606-1807	23,24,25	100	97.4	29.0	17.4	True	23.86	0.07	False	False	False	False	False	True	True	False	
2137691	1695	C	Y		FBN1_cbEGF23-25_Ca3	1606-1807	23,24,25	89	98.4	0.0	0.0	True	15.32	0.08	False	False	False	False	False	True	True	False	
2137692	1528	D	N		FBN1_cbEGF21-23_Ca3	1446-1647	21,22,23	82	97.8	11.2	5.8	True	17.77	0.07	False	False	False	False	False	False	False	False	
2137693	1491	C	Y		FBN1_cbEGF21-23_Ca3	1446-1647	21,22,23	45	97.9	39.1	23.4	False	6.47	0.02	False	False	False	False	False	True	True	False	1502
2137695	1326	C	R		FBN1_cbEGF17-19_Ca3	1280-1403	17,18,19	46	98.7	30.5	18.3	True	6.4	0.01	False	False	False	False	False	True	True	False	1339
2137696	1307	C	Y	pathogenic	FBN1_cbEGF17-19_Ca3	1280-1403	17,18,19	27	97.9	37.7	22.6	False	11.88	0.11	False	False	False	False	False	True	True	False	1320
2137697	1265	C	Y	pathogenic	FBN1_cbEGF15-17_Ca3	1197-1321	15,16,17	56	98.5	38.3	22.9	False	11.99	0.08	False	False	False	False	False	True	True	False	1278
2137700	887	C	S		FBN1_cbEGF9-11_Ca3	807-1069	9,10,11	80	95.3	45.2	27.1	False	23.4	0.05	False	False	False	False	False	True	True	False	862
2137702	790	C	G		FBN1_cbEGF7-9_Ca3	723-846	7,8,9	56	98.5	28.5	17.1	True	10.69	0.06	False	False	False	False	False	True	True	False	776
2137705	711	C	Y		FBN1_cbEGF5-7_Ca3	572-764	5,6,7	53	90.5	5.3	3.2	True	13.0	0.06	False	False	False	False	False	True	True	False	
2137706	654	D	N	pathogenic	FBN1_cbEGF5-7_Ca3	572-764	5,6,7	82	73.3	24.8	12.9	True	15.16	2.79	False	False	False	False	False	False	False	False	
2139396	2612	L	F	vus	FBN1_cbEGF41-43_Ca3	2567-2687	41,42,43	45	93.3	149.8	74.5	False	8.52	0.1	False	False	False	False	False	False	False	False	
2140886	424	Q	K		FBN1_cbEGF1-3_Ca3	246-529	1,2,3	105	37.8	169.9	75.5	False	56.7	15.02	False	False	False	False	False	False	False	False	
2140922	2332	L	F		FBN1_cbEGF35-37_Ca3	2247-2443	35,36,37	85	91.1	42.5	21.2	False	19.29	0.22	False	False	False	False	False	False	False	False	
2144409	565	R	G	vus	FBN1_cbEGF3-5_Ca3	490-612	3,4,5	47	86.5	247.4	90.3	False	15.59	0.12	False	False	False	False	False	False	False	False	
2149206	1112	M	L		FBN1_cbEGF11-13_Ca3	1028-1154	11,12,13	42	92.8	85.9	38.4	False	7.3	0.03	False	False	False	False	False	False	False	False	
2140340	1244	D	N		FBN1_cbEGF15-17_Ca3	1197-1321	15,16,17	47	96.3	105.5	54.6	False	8.12	0.05	False	False	False	False	False	False	False	False	
2149966	612	K	R	vus	FBN1_cbEGF5-7_Ca3	572-764	5,6,7	40	90.2	96.2	40.8	False	7.32	0.02	False	False	False	False	False	False	False	False	
2160488	2573	G	D	vus	FBN1_cbEGF39-41_Ca3	2485-2606	39,40,41	33	92.1	63.2	60.7	False	11.83	0.1	False	False	False	False	False	False	False	False	
2153030	375	E	D	vus	FBN1_cbEGF1-3_Ca3	246-529	1,2,3	129	85.3	74.3	33.3	False	26.07	1.39	False	False	False	False	False	False	False	False	
2154893	1041	H	Q		FBN1_cbEGF9-11_Ca3	807-1069	9,10,11	28	91.0	104.0	46.4	False	18.39	0.08	False	False	False	False	False	False	False	False	
2159797	310	S	R		FBN1_cbEGF1-3_Ca3	246-529	1,2,3	64	93.8	43.7	28.2	False	2.6	0.04	False	True	True	False	False	False	False	False	
2150905	1915	R	H	vus	FBN1_cbEGF27-29_Ca3	1849-1972	27,28,29	57	88.1	180.3	65.8	False	13.73	0.03	False	False	False	False	False	False	False	False	
2159294	401	Y	N	vus	FBN1_cbEGF1-3_Ca3	246-529	1,2,3	128	27.4	163.2	62.0	False	22.88	8.47	False	False	False	False	False	False	False	False	
2161252	977	M	T		FBN1_cbEGF9-11_Ca3	807-1069	9,10,11	92	91.2	32.3	14.4	True	14.2	0.07	False	False	False	False	False	False	False	False	
2162898	2202	M	T	vus	FBN1_cbEGF33-35_Ca3	2166-2290	33,34,35	36	81.7	114.6	51.2	False	12.83	0.18	False	False	False	False	False	False	False	False	
2152235	1853	C	W		FBN1_cbEGF25-27_Ca3	1766-1890	25,26,27	37	98.4	38.8	23.2	False	6.36	0.02	False	False	False	False	False	True	True	False	1865
2152240	832	C	R		FBN1_cbEGF9-11_Ca3	807-1069	9,10,11	25	96.6	40.2	24.1	False	16.94	0.17	False	False	False	False	False	True	True	False	845
2152241	741	N	S		FBN1_cbEGF5-7_Ca3	572-764	5,6,7	23	98.1	53.1	27.2	False	2.28	0.02	True	False	True	True	False	False	False	False	
2152242	366	W	S		FBN1_cbEGF1-3_Ca3	246-529	1,2,3	120	93.7	0.7	0.2	True	24.82	2.2	False	False	False	False	False	False	False	False	
2166879	255	G	W		FBN1_cbEGF1-3_Ca3	246-529	1,2,3	9	91.8	39.1	37.6	False	14.44	0.12	False	False	False	False	False	False	False	False	
2173266	1789	F	I		FBN1_cbEGF25-27_Ca3	1766-1890	25,26,27	23	98.0	40.7	16.9	True	4.68	0.02	False	False	False	True	True	False	False	False	
2176304	2041	P	L	vus	FBN1_cbEGF31-33_Ca3	2013-2205	31,32,33	28	92.5	58.7	36.9	False	19.71	0.05	False	False	False	False	False	False	False	False	
2170695	892	V	I		FBN1_cbEGF9-11_Ca3	807-1069	9,10,11	85	92.5	65.8	37.8	False	12.84	0.08	False	False	False	False	False	False	False	False	
2172253	986	A	V		FBN1_cbEGF9-11_Ca3	807-1069	9,10,11	83	97.0	28.0	21.7	False	15.39	0.11	False	False	False	False	False	False	False	False	
2180768	1884	D	V	vus	FBN1_cbEGF27-29_Ca3	1849-1972	27,28,29	35	95.3	155.9	80.8	False	16.22	0.15	False	False	False	False	False	False	False	False	
2184029	1443	A	T		FBN1_cbEGF19-21_Ca3	1363-1486	19,20,21	43	98.2	36.8	28.6	False	13.51	0.13	False	False	False	False	False	False	False	False	
2181629	889	L	Q		FBN1_cbEGF9-11_Ca3	807-1069	9,10,11	82	92.6	127.3	63.4	False	20.02	0.05	False	False	False	False	False	False	False	False	
2188433	473	R	Q	vus	FBN1_cbEGF1-3_Ca3	246-529	1,2,3	56	70.9	127.5	46.5	False	20.09	0.63	False	False	False	False	False	False	False	False	
2177788	382	T	I		FBN1_cbEGF1-3_Ca3	246-529	1,2,3	136	87.7	49.6	28.9	False	23.75	1.16	False	False	False	False	False	False	False	False	
2186219	578	I	R	vus	FBN1_cbEGF3-5_Ca3	490-612	3,4,5	34	94.5	102.3	51.9	False	9.97	0.32	False	False	False	False	False	False	False	False	
2193954	367	S	F	vus	FBN1_cbEGF1-3_Ca3	246-529	1,2,3	121	93.2	0.0	0.0	True	25.22	4.17	False	False	False	False	False	False	False	False	
2196667	393	M	T	vus	FBN1_cbEGF1-3_Ca3	246-529	1,2,3	136	45.2	100.8	45.0	False	25.9	4.52	False	False	False	False	False	False	False	False	
2200035	655	T	A		FBN1_cbEGF5-7_Ca3	572-764	5,6,7	83	68.6	72.2	42.0	False	19.52	0.53	False	False	False	False	False	False	False	False	
2419758	992	E	D		FBN1_cbEGF9-11_Ca3	807-1069	9,10,11	77	81.4	146.5	65.7	False	25.1	0.11	False	False	False	False	False	False	False	False	
1898681	2632	M	T	vus	FBN1_cbEGF41-43_Ca3	2567-2687	41,42,43	55	89.7	87.6	39.1	False	13.2	0.28	False	False	False	False	False	False	False	False	
1913257	1253	Q	P		FBN1_cbEGF15-17_Ca3	1197-1321	15,16,17	56	92.5	101.8	45.2	False	12.37	0.04	False	False	False	False	False	False	False	False	
1915233	1684	G	E		FBN1_cbEGF23-25_Ca3	1606-1807	23,24,25	78	95.5	7.9	7.6	True	11.39	0.04	False	False	False	False	False	False	False	False	
1920103	2288	G	S		FBN1_cbEGF35-37_Ca3	2247-2443	35,36,37	41	94.6	3.7	3.6	True	14.01	0.05	False	False	False	False	False	False	False	False	
1929753	1433	M	L	vus	FBN1_cbEGF19-21_Ca3	1363-1486	19,20,21	53	92.6	181.2	80.9	False	7.75	0.08	False	False	False	False	False	False	False	False	
1933647	1270	M	L	vus	FBN1_cbEGF15-17_Ca3	1197-1321	15,16,17	51	91.5	116.6	52.1	False	8.76	0.08	False	False	False	False	False	False	False	False	
1940155	382	T	A	vus	FBN1_cbEGF1-3_Ca3	246-529	1,2,3	136	87.7	49.6	28.9	False	23.75	1.16	False	False	False	False	False	False	False	False	
1948483	425	I	V		FBN1_cbEGF1-3_Ca3	246-529	1,2,3	104	42.3	143.1	72.6	False	55.71	16.54	False	False	False	False	False	False	False	False	
1952443	1647	D	G		FBN1_cbEGF23-25_Ca3	1606-1807	23,24,25	41	97.5	45.1	23.4	False	7.36	0.02	False	False	False	False	False	False	False	False	
1953239	989	G	S		FBN1_cbEGF9-11_Ca3	807-1069	9,10,11	80	95.4	2.3	2.2	True	20.74	0.08	False	False	False	False	False	False	False	False	
1970428	1639	L	V		FBN1_cbEGF23-25_Ca3	1606-1807	23,24,25	33	98.0	38.4	19.1	True	12.27	0.05	False	False	False	False	False	False	False	False	
1966585	287	E	K		FBN1_cbEGF1-3_Ca3	246-529	1,2,3	41	89.7	68.7	30.8	False	7.31	0.06	False	False	False	False	False	False	False	False	
1982904	2578	Q	K		FBN1_cbEGF39-41_Ca3	2485-2606	39,40,41	28	83.4	99.6	44.3	False	15.62	0.15	False	False	False	False	False	False	False	False	
1984592	636	R	S		FBN1_cbEGF5-7_Ca3	572-764	5,6,7	64	88.4	118.3	43.2	False	7.43	0.04	False	False	False	False	False	False	False	False	
1978928	1727	R	W		FBN1_cbEGF23-25_Ca3	1606-1807	23,24,25	80	88.9	108.1	39.5	False	13.98	0.8	False	False	False	False	False	False	False	False	
1990912	1330	A	T		FBN1_cbEGF17-19_Ca3	1280-1403	17,18,19	50	98.1	56.8	44.0	False	8.37	0.08	False	False	False	False	False	False	False	False	
1980315	1701	A	V		FBN1_cbEGF23-25_Ca3	1606-1807	23,24,25	95	96.4	75.0	58.2	False	26.75	0.17	False	False	False	False	False	False	False	False	
1990732	1921	I	S	vus	FBN1_cbEGF27-29_Ca3	1849-1972	27,28,29	51	95.6	95.9	48.7	False	8.81	0.03	False	False	False	False	False	False	False	False	
2003833	509	G	D		FBN1_cbEGF1-3_Ca3	246-529	1,2,3	20	91.1	20.6	19.8	True	4.31	0.12	False	False	False	False	False	False	False	False	
2005623	1298	N	T		FBN1_cbEGF15-17_Ca3	1197-1321	15,16,17	23	97.8	53.6	27.5	False	2.32	0.01	True	False	True	True	False	False	False	False	
1998376	1677	D	G		FBN1_cbEGF23-25_Ca3	1606-1807	23,24,25	71	92.1	86.8	45.0	False	24.45	0.04	False	False	False	False	False	False	False	False	
2001611	1080	L	F	vus	FBN1_cbEGF11-13_Ca3	1028-1154	11,12,13	52	94.9	56.9	28.3	False	8.51	0.07	False	False	False	False	False	False	False	False	
2001686	1096	K	R		FBN1_cbEGF11-13_Ca3	1028-1154	11,12,13	58	90.3	119.8	50.8	False	13.29	0.12	False	False	False	False	False	False	False	False	
2001796	2176	C	Y	pathogenic	FBN1_cbEGF31-33_Ca3	2013-2205	31,32,33	29	93.3	0.3	0.2	True	11.14	0.08	False	False	False	False	False	True	True	False	2190
2005098	1529	T	A		FBN1_cbEGF21-23_Ca3	1446-1647	21,22,23	83	96.0	68.9	40.1	False	19.73	0.09	False	False	False	False	False	False	False	False	
1996097	494	C	W	pathogenic	FBN1_cbEGF1-3_Ca3	246-529	1,2,3	35	93.4	24.5	14.7	True	6.3	0.31	False	False	False	False	False	True	True	False	504
1997294	2204	C	S	pathogenic	FBN1_cbEGF33-35_Ca3	2166-2290	33,34,35	38	97.4	8.7	5.2	True	10.62	0.04	False	False	False	False	False	True	True	False	2192
2002728	1889	C	W		FBN1_cbEGF27-29_Ca3	1849-1972	27,28,29	40	98.7	14.8	8.8	True	10.54	0.04	False	False	False	False	False	True	True	False	1876
2004199	2351	G	R		FBN1_cbEGF35-37_Ca3	2247-2443	35,36,37	92	94.5	62.0	59.6	False	20.84	0.1	False	False	False	False	False	False	False	False	
2008785	2364	C	S		FBN1_cbEGF35-37_Ca3	2247-2443	35,36,37	79	97.7	4.4	2.6	True	12.4	0.11	False	False	False	False	False	True	True	False	
2015310	2172	V	F		FBN1_cbEGF31-33_Ca3	2013-2205	31,32,33	33	81.6	127.5	73.3	False	9.41	0.27	False	False	False	False	False	False	False	False	
2009690	888	T	S		FBN1_cbEGF9-11_Ca3	807-1069	9,10,11	81	92.0	68.2	39.6	False	20.74	0.05	False	False	False	False	False	False	False	False	
2014899	1891	D	Y		FBN1_cbEGF27-29_Ca3	1849-1972	27,28,29	42	98.4	37.0	19.2	True	2.6	0.02	True	False	True	True	False	False	False	False	
2015139	1593	E	G	vus	FBN1_cbEGF21-23_Ca3	1446-1647	21,22,23	54	91.2	111.6	50.1	False	8.0	0.29	False	False	False	False	False	False	False	False	
2016566	935	C	G		FBN1_cbEGF9-11_Ca3	807-1069	9,10,11	128	96.5	6.0	3.6	True	10.78	0.04	False	False	False	False	False	True	True	False	921
2007509	2488	E	A		FBN1_cbEGF37-39_Ca3	2402-2523	37,38,39	35	97.8	11.2	5.0	True	2.44	0.02	True	False	True	True	False	False	False	False	
2016320	373	A	D		FBN1_cbEGF1-3_Ca3	246-529	1,2,3	127	91.8	85.1	66.0	False	27.01	3.06	False	False	False	False	False	False	False	False	
2022802	2142	C	G		FBN1_cbEGF31-33_Ca3	2013-2205	31,32,33	63	97.5	35.3	21.1	False	8.22	0.03	False	False	False	False	False	True	True	False	2131
2029363	2488	E	G		FBN1_cbEGF37-39_Ca3	2402-2523	37,38,39	35	97.8	11.2	5.0	True	2.44	0.02	True	False	True	True	False	False	False	False	
2029643	1665	N	T		FBN1_cbEGF23-25_Ca3	1606-1807	23,24,25	59	98.5	52.2	26.8	False	2.33	0.02	True	False	True	True	False	False	False	False	
2031233	1829	G	C		FBN1_cbEGF25-27_Ca3	1766-1890	25,26,27	61	98.4	20.8	20.0	True	4.02	0.02	False	False	False	False	False	False	False	True	
2024034	2297	T	R	vus	FBN1_cbEGF35-37_Ca3	2247-2443	35,36,37	50	95.1	67.9	39.5	False	7.77	0.04	False	False	False	False	False	False	False	False	
2032122	1155	D	V		FBN1_cbEGF13-15_Ca3	1113-1237	13,14,15	42	98.2	41.5	21.5	False	2.58	0.02	True	False	True	True	False	False	False	False	
2021355	1111	C	S		FBN1_cbEGF11-13_Ca3	1028-1154	11,12,13	43	98.1	8.8	5.3	True	10.6	0.05	False	False	False	False	False	True	True	False	1097
2031446	2659	C	F		FBN1_cbEGF41-43_Ca3	2567-2687	41,42,43	28	89.8	19.6	11.7	True	10.79	0.12	False	False	False	False	False	True	True	False	2672
2034108	587	C	W		FBN1_cbEGF3-5_Ca3	490-612	3,4,5	25	98.5	32.3	19.3	True	7.95	0.05	False	False	False	False	False	True	True	False	576
2042644	1681	V	M		FBN1_cbEGF23-25_Ca3	1606-1807	23,24,25	75	91.9	22.6	13.0	True	14.89	0.06	False	False	False	False	False	False	False	False	
2033835	582	C	G		FBN1_cbEGF3-5_Ca3	490-612	3,4,5	30	98.5	1.9	1.1	True	11.13	0.06	False	False	False	False	False	True	True	False	596
2042296	1168	N	I		FBN1_cbEGF13-15_Ca3	1113-1237	13,14,15	55	96.2	61.3	31.5	False	10.43	0.07	False	False	False	False	False	False	False	False	
2044263	1022	G	R		FBN1_cbEGF9-11_Ca3	807-1069	9,10,11	47	62.0	27.3	26.3	False	19.61	0.59	False	False	False	False	False	False	False	False	
2055260	297	G	E	vus	FBN1_cbEGF1-3_Ca3	246-529	1,2,3	51	89.1	52.9	50.8	False	14.23	0.06	False	False	False	False	False	False	False	False	
2047575	871	L	S		FBN1_cbEGF9-11_Ca3	807-1069	9,10,11	64	94.5	45.0	22.4	False	14.15	0.05	False	False	False	False	False	False	False	False	
2066411	779	G	R		FBN1_cbEGF7-9_Ca3	723-846	7,8,9	56	98.4	28.7	27.6	False	13.89	0.12	False	False	False	False	False	False	False	False	
2062673	1581	N	S	vus	FBN1_cbEGF21-23_Ca3	1446-1647	21,22,23	66	90.1	140.7	72.1	False	19.92	0.3	False	False	False	False	False	False	False	False	
2069386	1208	C	W		FBN1_cbEGF13-15_Ca3	1113-1237	13,14,15	29	98.9	9.5	5.7	True	10.98	0.01	False	False	False	False	False	True	True	False	1221
2079046	2392	H	R		FBN1_cbEGF35-37_Ca3	2247-2443	35,36,37	51	93.4	104.0	46.4	False	11.25	0.06	False	False	False	False	False	False	False	False	
2079175	749	I	L		FBN1_cbEGF7-9_Ca3	723-846	7,8,9	26	96.9	85.1	43.2	False	13.24	0.04	False	False	False	False	False	False	False	False	
2076889	1034	M	I		FBN1_cbEGF9-11_Ca3	807-1069	9,10,11	35	91.6	27.3	12.2	True	8.92	0.05	False	False	False	False	False	False	False	False	
2094461	816	C	Y		FBN1_cbEGF7-9_Ca3	723-846	7,8,9	30	98.5	19.2	11.5	True	11.18	0.09	False	False	False	False	False	True	True	False	830
2097405	581	M	V		FBN1_cbEGF3-5_Ca3	490-612	3,4,5	31	95.1	41.5	18.5	True	9.2	0.12	False	False	False	False	False	False	False	False	
2088587	945	A	P		FBN1_cbEGF9-11_Ca3	807-1069	9,10,11	124	80.6	117.9	91.4	False	18.11	0.19	False	False	False	False	False	False	False	False	
2090244	483	D	A		FBN1_cbEGF1-3_Ca3	246-529	1,2,3	46	69.8	26.4	13.7	True	13.34	0.6	False	False	False	False	False	False	False	False	
2090263	2135	D	V		FBN1_cbEGF31-33_Ca3	2013-2205	31,32,33	70	82.1	89.6	46.4	False	13.97	0.07	False	False	False	False	False	False	False	False	
2093521	2226	G	V		FBN1_cbEGF33-35_Ca3	2166-2290	33,34,35	60	97.9	21.0	20.2	False	4.07	0.02	False	False	False	False	False	False	False	False	
2098867	1278	C	Y		FBN1_cbEGF15-17_Ca3	1197-1321	15,16,17	43	98.4	16.2	9.7	True	10.61	0.09	False	False	False	False	False	True	True	False	1265
2088229	879	L	P		FBN1_cbEGF9-11_Ca3	807-1069	9,10,11	72	92.7	24.2	12.0	True	9.05	0.05	False	False	False	False	False	False	False	False	
2095105	1330	A	V	vus	FBN1_cbEGF17-19_Ca3	1280-1403	17,18,19	50	98.1	56.8	44.0	False	8.37	0.08	False	False	False	False	False	False	False	False	
2095184	315	C	R	pathogenic	FBN1_cbEGF1-3_Ca3	246-529	1,2,3	69	86.1	23.6	14.1	True	16.43	0.07	False	False	False	False	False	True	True	False	328
2111751	1315	K	R		FBN1_cbEGF17-19_Ca3	1280-1403	17,18,19	35	77.9	189.4	80.2	False	11.36	2.54	False	False	False	False	False	False	False	False	
2111584	2053	C	S		FBN1_cbEGF31-33_Ca3	2013-2205	31,32,33	40	93.7	0.1	0.0	True	16.68	0.11	False	False	False	False	False	True	True	False	2040
2102252	350	P	S		FBN1_cbEGF1-3_Ca3	246-529	1,2,3	104	84.9	132.5	83.3	False	28.69	7.71	False	False	False	False	False	False	False	False	
2105979	442	P	S		FBN1_cbEGF1-3_Ca3	246-529	1,2,3	87	33.5	117.7	74.0	False	38.35	12.28	False	False	False	False	False	False	False	False	
2105208	840	P	Q		FBN1_cbEGF9-11_Ca3	807-1069	9,10,11	33	96.8	132.9	83.6	False	17.78	0.24	False	False	False	False	False	False	False	False	
2108834	2569	D	A		FBN1_cbEGF39-41_Ca3	2485-2606	39,40,41	37	96.7	62.8	32.5	False	4.37	0.02	False	False	False	True	True	False	False	False	
2114146	2395	G	E		FBN1_cbEGF35-37_Ca3	2247-2443	35,36,37	48	97.3	0.0	0.0	True	4.74	0.04	False	False	False	False	False	False	False	False	
2118439	1249	C	Y		FBN1_cbEGF15-17_Ca3	1197-1321	15,16,17	52	97.9	4.1	2.4	True	11.1	0.05	False	False	False	False	False	True	True	False	1263
2121644	1767	I	T	vus	FBN1_cbEGF23-25_Ca3	1606-1807	23,24,25	40	98.6	4.0	2.0	True	2.3	0.02	False	True	True	False	False	False	False	False	
2123403	981	C	W		FBN1_cbEGF9-11_Ca3	807-1069	9,10,11	88	97.3	5.8	3.5	True	12.19	0.09	False	False	False	False	False	True	True	False	
2125129	1345	S	R		FBN1_cbEGF17-19_Ca3	1280-1403	17,18,19	58	98.1	53.0	34.2	False	2.47	0.04	False	True	True	False	False	False	False	False	
2118006	2657	A	V		FBN1_cbEGF41-43_Ca3	2567-2687	41,42,43	30	81.5	71.2	55.2	False	12.65	0.12	False	False	False	False	False	False	False	False	
2121178	1363	D	Y		FBN1_cbEGF17-19_Ca3	1280-1403	17,18,19	40	98.7	31.3	16.2	True	2.6	0.02	True	False	True	True	False	False	False	False	
2123035	1748	C	W		FBN1_cbEGF23-25_Ca3	1606-1807	23,24,25	59	94.5	0.0	0.0	True	12.03	0.11	False	False	False	False	False	True	True	False	
2123169	2686	C	Y		FBN1_cbEGF41-43_Ca3	2567-2687	41,42,43	1	85.7	50.6	30.3	False	18.14	0.44	False	False	False	False	False	True	True	False	2674
2124304	1832	R	L		FBN1_cbEGF25-27_Ca3	1766-1890	25,26,27	58	93.7	119.4	43.6	False	7.46	0.03	False	False	False	False	False	False	False	False	
2130947	2447	E	Q		FBN1_cbEGF37-39_Ca3	2402-2523	37,38,39	45	98.2	12.8	5.8	True	2.42	0.04	True	False	True	True	False	False	False	False	
2132525	889	L	V		FBN1_cbEGF9-11_Ca3	807-1069	9,10,11	82	92.6	127.3	63.4	False	20.02	0.05	False	False	False	False	False	False	False	False	
2134989	1530	R	L		FBN1_cbEGF21-23_Ca3	1446-1647	21,22,23	84	97.6	80.3	29.3	False	18.19	0.06	False	False	False	False	False	False	False	False	
2413174	2548	F	Y	vus	FBN1_cbEGF39-41_Ca3	2485-2606	39,40,41	58	96.0	46.6	19.4	True	4.77	0.04	False	False	False	True	True	False	False	False	
2430312	1322	D	Y		FBN1_cbEGF17-19_Ca3	1280-1403	17,18,19	42	98.2	45.5	23.6	False	2.58	0.02	True	False	True	True	False	False	False	False	
2430708	628	C	S	pathogenic	FBN1_cbEGF5-7_Ca3	572-764	5,6,7	56	93.7	33.7	20.2	False	7.81	0.02	False	False	False	False	False	True	True	False	617
2430789	2497	Q	E		FBN1_cbEGF37-39_Ca3	2402-2523	37,38,39	26	89.1	110.2	49.0	False	15.63	0.06	False	False	False	False	False	False	False	False	
2430890	680	K	E	vus	FBN1_cbEGF5-7_Ca3	572-764	5,6,7	84	90.7	28.9	12.3	True	13.87	0.07	False	False	False	False	False	False	False	False	
2431523	1726	G	V		FBN1_cbEGF23-25_Ca3	1606-1807	23,24,25	81	98.2	3.9	3.8	True	13.11	0.06	False	False	False	False	False	False	False	False	
2441375	831	E	V		FBN1_cbEGF9-11_Ca3	807-1069	9,10,11	24	91.9	73.7	33.0	False	13.45	0.17	False	False	False	False	False	False	False	False	
2441376	288	D	N	vus	FBN1_cbEGF1-3_Ca3	246-529	1,2,3	42	95.4	43.2	22.4	False	2.71	0.08	True	False	True	True	False	False	False	False	
2441378	2267	N	T		FBN1_cbEGF33-35_Ca3	2166-2290	33,34,35	23	98.0	51.7	26.5	False	2.27	0.03	True	False	True	True	False	False	False	False	
2441380	1898	D	Y		FBN1_cbEGF27-29_Ca3	1849-1972	27,28,29	49	91.1	96.8	50.1	False	11.34	0.1	False	False	False	False	False	False	False	False	
2441381	807	D	V		FBN1_cbEGF7-9_Ca3	723-846	7,8,9	39	98.5	43.9	22.7	False	2.62	0.03	True	False	True	True	False	False	False	False	
2441773	2669	G	R		FBN1_cbEGF41-43_Ca3	2567-2687	41,42,43	18	94.2	19.2	18.5	True	2.47	0.01	False	True	True	False	False	False	False	False	
2442870	2062	Y	F	vus	FBN1_cbEGF31-33_Ca3	2013-2205	31,32,33	49	97.2	31.6	12.0	True	18.08	0.09	False	False	False	False	False	False	False	False	
2442871	1882	T	I		FBN1_cbEGF27-29_Ca3	1849-1972	27,28,29	33	96.8	45.5	26.4	False	12.12	0.05	False	False	False	False	False	False	False	False	
2442873	1521	P	R		FBN1_cbEGF21-23_Ca3	1446-1647	21,22,23	75	95.1	109.9	69.1	False	17.25	0.5	False	False	False	False	False	False	False	False	
2442980	1424	P	L		FBN1_cbEGF19-21_Ca3	1363-1486	19,20,21	61	97.2	116.3	73.1	False	4.62	0.03	False	False	False	False	False	False	False	False	
2442982	776	C	F		FBN1_cbEGF7-9_Ca3	723-846	7,8,9	53	98.5	3.6	2.2	True	12.16	0.07	False	False	False	False	False	True	True	False	790
2444200	1452	L	F		FBN1_cbEGF19-21_Ca3	1363-1486	19,20,21	34	94.5	83.8	41.7	False	8.61	0.25	False	False	False	False	False	False	False	False	
2446328	1872	F	S		FBN1_cbEGF27-29_Ca3	1849-1972	27,28,29	23	98.2	25.1	10.4	True	4.62	0.03	False	False	False	True	True	False	False	False	
2453671	1745	A	T	vus	FBN1_cbEGF23-25_Ca3	1606-1807	23,24,25	62	92.6	28.6	22.2	False	16.68	0.11	False	False	False	False	False	False	False	False	
2453674	2446	N	D		FBN1_cbEGF37-39_Ca3	2402-2523	37,38,39	44	97.9	57.2	29.3	False	4.34	0.02	False	False	False	True	True	False	False	False	
2453676	1462	H	P		FBN1_cbEGF19-21_Ca3	1363-1486	19,20,21	24	94.5	64.4	28.7	False	6.39	0.03	False	False	False	False	False	False	False	False	
2453684	2269	I	S		FBN1_cbEGF35-37_Ca3	2247-2443	35,36,37	22	92.5	163.6	83.0	False	4.65	0.04	False	False	False	False	False	False	False	False	
2453687	1643	T	K	vus	FBN1_cbEGF23-25_Ca3	1606-1807	23,24,25	37	97.2	73.5	42.8	False	15.5	0.08	False	False	False	False	False	False	False	False	
2497951	1889	C	R		FBN1_cbEGF27-29_Ca3	1849-1972	27,28,29	40	98.7	14.8	8.8	True	10.54	0.04	False	False	False	False	False	True	True	False	1876
2497961	428	P	R		FBN1_cbEGF1-3_Ca3	246-529	1,2,3	101	40.7	111.2	70.0	False	53.38	17.4	False	False	False	False	False	False	False	False	
2498040	374	P	S		FBN1_cbEGF1-3_Ca3	246-529	1,2,3	128	93.3	49.7	31.3	False	28.68	3.51	False	False	False	False	False	False	False	False	
2498341	1404	D	G		FBN1_cbEGF19-21_Ca3	1363-1486	19,20,21	41	98.2	48.2	25.0	False	2.61	0.03	True	False	True	True	False	False	False	False	
2498342	1362	T	S		FBN1_cbEGF17-19_Ca3	1280-1403	17,18,19	41	96.3	71.8	41.7	False	7.33	0.03	False	False	False	False	False	False	False	False	
2498343	539	R	Q		FBN1_cbEGF3-5_Ca3	490-612	3,4,5	49	75.5	204.0	74.5	False	14.01	0.16	False	False	False	False	False	False	False	False	
2498611	2217	C	G		FBN1_cbEGF33-35_Ca3	2166-2290	33,34,35	51	97.2	14.0	8.4	True	11.19	0.04	False	False	False	False	False	True	True	False	2230
2498613	582	C	W	pathogenic	FBN1_cbEGF3-5_Ca3	490-612	3,4,5	30	98.5	1.9	1.1	True	11.13	0.06	False	False	False	False	False	True	True	False	596
2499897	835	E	Q		FBN1_cbEGF9-11_Ca3	807-1069	9,10,11	28	85.4	18.9	8.5	True	22.01	0.21	False	False	False	False	False	False	False	False	
2500028	655	T	I		FBN1_cbEGF5-7_Ca3	572-764	5,6,7	83	68.6	72.2	42.0	False	19.52	0.53	False	False	False	False	False	False	False	False	
2500232	2190	C	Y		FBN1_cbEGF33-35_Ca3	2166-2290	33,34,35	24	95.9	25.6	15.3	True	10.89	0.05	False	False	False	False	False	True	True	False	2176
2501043	2499	L	P		FBN1_cbEGF37-39_Ca3	2402-2523	37,38,39	24	90.2	104.0	51.7	False	12.47	0.03	False	False	False	False	False	False	False	False	
2501637	2123	D	V		FBN1_cbEGF31-33_Ca3	2013-2205	31,32,33	82	88.3	22.8	11.8	True	16.23	0.08	False	False	False	False	False	False	False	False	
2502068	1322	D	N	pathogenic	FBN1_cbEGF17-19_Ca3	1280-1403	17,18,19	42	98.2	45.5	23.6	False	2.58	0.02	True	False	True	True	False	False	False	False	
2502565	1231	P	S		FBN1_cbEGF15-17_Ca3	1197-1321	15,16,17	34	98.1	121.6	76.5	False	16.0	0.1	False	False	False	False	False	False	False	False	
2506792	2032	T	A		FBN1_cbEGF29-31_Ca3	1930-2054	29,30,31	22	97.1	50.8	29.5	False	2.51	0.01	False	True	True	False	False	False	False	False	
2506810	1412	L	P	vus	FBN1_cbEGF19-21_Ca3	1363-1486	19,20,21	49	86.0	142.8	71.0	False	12.67	0.41	False	False	False	False	False	False	False	False	
2562535	775	L	F	vus	FBN1_cbEGF7-9_Ca3	723-846	7,8,9	52	96.9	19.7	9.8	True	8.3	0.05	False	False	False	False	False	False	False	False	
2567908	2546	G	V		FBN1_cbEGF39-41_Ca3	2485-2606	39,40,41	60	96.8	21.2	20.4	False	3.96	0.01	False	False	False	False	False	False	False	False	
2567909	864	I	V		FBN1_cbEGF9-11_Ca3	807-1069	9,10,11	57	88.8	43.0	21.8	False	18.69	0.08	False	False	False	False	False	False	False	False	
2567918	990	T	I		FBN1_cbEGF9-11_Ca3	807-1069	9,10,11	79	89.0	61.0	35.5	False	23.19	0.05	False	False	False	False	False	False	False	False	
2570580	1754	G	D	pathogenic	FBN1_cbEGF23-25_Ca3	1606-1807	23,24,25	53	98.7	0.0	0.0	True	4.68	0.03	False	False	False	False	False	False	False	False	
2571593	1153	C	F		FBN1_cbEGF13-15_Ca3	1113-1237	13,14,15	40	98.5	14.1	8.4	True	10.72	0.05	False	False	False	False	False	True	True	False	1140
2572188	2105	E	D		FBN1_cbEGF31-33_Ca3	2013-2205	31,32,33	92	81.2	82.8	37.1	False	20.23	0.4	False	False	False	False	False	False	False	False	
2572452	1526	C	F		FBN1_cbEGF21-23_Ca3	1446-1647	21,22,23	80	98.7	1.5	0.9	True	16.94	0.09	False	False	False	False	False	True	True	False	1513
2572595	1327	E	D		FBN1_cbEGF17-19_Ca3	1280-1403	17,18,19	47	91.3	143.9	64.5	False	8.32	0.03	False	False	False	False	False	False	False	False	
2572629	1039	C	R		FBN1_cbEGF9-11_Ca3	807-1069	9,10,11	30	94.0	10.6	6.3	True	12.27	0.1	False	False	False	False	False	True	True	False	1053
2573965	1397	G	S	vus	FBN1_cbEGF19-21_Ca3	1363-1486	19,20,21	34	98.7	51.4	49.4	False	12.23	0.03	False	False	False	False	False	False	False	False	
2574103	1756	V	A		FBN1_cbEGF23-25_Ca3	1606-1807	23,24,25	51	93.9	23.9	13.7	True	8.87	0.03	False	False	False	False	False	False	False	False	
2575627	1614	P	S		FBN1_cbEGF21-23_Ca3	1446-1647	21,22,23	33	98.3	74.9	47.1	False	11.22	0.04	False	False	False	False	False	False	False	False	
2575838	1582	T	I	vus	FBN1_cbEGF21-23_Ca3	1446-1647	21,22,23	65	97.9	48.3	28.1	False	20.86	0.11	False	False	False	False	False	False	False	False	
2576111	2124	S	P		FBN1_cbEGF31-33_Ca3	2013-2205	31,32,33	81	92.8	48.2	31.1	False	13.16	0.06	False	False	False	False	False	False	False	False	
2576879	2265	C	R	pathogenic	FBN1_cbEGF33-35_Ca3	2166-2290	33,34,35	25	97.7	35.6	21.3	False	8.07	0.04	False	False	False	False	False	True	True	False	2251
2578735	1572	T	N		FBN1_cbEGF21-23_Ca3	1446-1647	21,22,23	75	90.6	117.4	68.2	False	23.33	0.06	False	False	False	False	False	False	False	False	
2578736	1562	C	Y		FBN1_cbEGF21-23_Ca3	1446-1647	21,22,23	85	98.9	0.0	0.0	True	11.3	0.04	False	False	False	False	False	True	True	False	1534
2578737	1077	S	C		FBN1_cbEGF11-13_Ca3	1028-1154	11,12,13	49	94.5	43.5	28.0	False	10.43	0.08	False	False	False	False	False	False	False	True	
2578738	435	L	P		FBN1_cbEGF1-3_Ca3	246-529	1,2,3	94	35.4	163.7	81.4	False	45.12	15.4	False	False	False	False	False	False	False	False	
2579846	1965	A	G	vus	FBN1_cbEGF29-31_Ca3	1930-2054	29,30,31	35	97.9	10.7	8.3	True	13.57	0.07	False	False	False	False	False	False	False	False	
2579847	1269	F	S	vus	FBN1_cbEGF15-17_Ca3	1197-1321	15,16,17	52	98.4	32.9	13.7	True	6.84	0.05	False	False	False	False	False	False	False	False	
2580027	2567	D	N	vus	FBN1_cbEGF39-41_Ca3	2485-2606	39,40,41	39	96.4	40.0	20.7	False	2.65	0.03	True	False	True	True	False	False	False	False	
2580942	1652	C	S		FBN1_cbEGF23-25_Ca3	1606-1807	23,24,25	46	97.1	41.5	24.9	False	6.48	0.04	False	False	False	False	False	True	True	False	1663
2581997	2081	Q	R		FBN1_cbEGF31-33_Ca3	2013-2205	31,32,33	68	90.6	21.2	9.4	True	11.82	0.1	False	False	False	False	False	False	False	False	
2584377	1975	N	K		FBN1_cbEGF29-31_Ca3	1930-2054	29,30,31	45	97.5	52.0	26.6	False	4.31	0.02	False	False	False	True	True	False	False	False	
2587624	1017	K	E		FBN1_cbEGF9-11_Ca3	807-1069	9,10,11	52	64.5	109.1	46.2	False	13.43	0.17	False	False	False	False	False	False	False	False	
2627080	853	C	Y		FBN1_cbEGF9-11_Ca3	807-1069	9,10,11	46	97.6	0.0	0.0	True	13.98	0.06	False	False	False	False	False	True	True	False	875
2627465	1001	T	N		FBN1_cbEGF9-11_Ca3	807-1069	9,10,11	68	94.5	39.3	22.9	False	20.32	0.16	False	False	False	False	False	False	False	False	
2627789	2483	C	G		FBN1_cbEGF37-39_Ca3	2402-2523	37,38,39	40	98.6	20.5	12.3	True	10.87	0.04	False	False	False	False	False	True	True	False	2470
2628374	2462	T	S		FBN1_cbEGF37-39_Ca3	2402-2523	37,38,39	60	98.0	49.3	28.6	False	2.53	0.02	False	True	True	False	False	False	False	False	
2632489	1714	M	T	vus	FBN1_cbEGF23-25_Ca3	1606-1807	23,24,25	93	94.7	2.5	1.1	True	13.55	0.1	False	False	False	False	False	False	False	False	
2637410	1848	N	K		FBN1_cbEGF25-27_Ca3	1766-1890	25,26,27	42	94.8	66.5	34.1	False	7.44	0.03	False	False	False	False	False	False	False	False	
2628403	642	G	R		FBN1_cbEGF5-7_Ca3	572-764	5,6,7	70	73.0	24.8	23.8	False	19.77	1.96	False	False	False	False	False	False	False	False	
2628679	506	N	K		FBN1_cbEGF1-3_Ca3	246-529	1,2,3	23	91.5	58.8	30.2	False	2.09	0.85	True	False	True	True	False	False	False	False	
2630059	2163	E	V		FBN1_cbEGF31-33_Ca3	2013-2205	31,32,33	42	89.6	59.8	26.8	False	13.43	0.1	False	False	False	False	False	False	False	False	
2631438	441	P	L	vus	FBN1_cbEGF1-3_Ca3	246-529	1,2,3	88	36.2	103.7	65.2	False	39.38	11.99	False	False	False	False	False	False	False	False	
2633589	2237	V	E		FBN1_cbEGF33-35_Ca3	2166-2290	33,34,35	53	96.9	45.6	26.2	False	8.44	0.05	False	False	False	False	False	False	False	False	
2637023	1506	P	T		FBN1_cbEGF21-23_Ca3	1446-1647	21,22,23	60	97.6	113.1	71.1	False	4.6	0.02	False	False	False	False	False	False	False	False	
2631015	722	S	N	vus	FBN1_cbEGF5-7_Ca3	572-764	5,6,7	42	91.7	61.8	39.9	False	7.4	0.04	False	False	False	False	False	False	False	False	
2632875	345	C	R		FBN1_cbEGF1-3_Ca3	246-529	1,2,3	99	93.3	29.9	17.9	True	31.75	5.97	False	False	False	False	False	True	True	False	
2632957	837	T	I		FBN1_cbEGF9-11_Ca3	807-1069	9,10,11	30	92.9	76.7	44.6	False	20.88	0.16	False	False	False	False	False	False	False	False	
2637911	1242	C	W		FBN1_cbEGF15-17_Ca3	1197-1321	15,16,17	45	98.3	27.2	16.3	True	6.49	0.02	False	False	False	False	False	True	True	False	1254
2645314	1458	F	C		FBN1_cbEGF19-21_Ca3	1363-1486	19,20,21	28	96.0	91.1	38.0	False	17.76	0.18	False	False	False	False	False	False	False	True	
2662804	1238	D	G		FBN1_cbEGF15-17_Ca3	1197-1321	15,16,17	41	98.4	40.0	20.7	False	2.6	0.03	True	False	True	True	False	False	False	False	
2663149	1707	D	G		FBN1_cbEGF23-25_Ca3	1606-1807	23,24,25	100	96.4	60.8	31.5	False	21.63	0.09	False	False	False	False	False	False	False	False	
2664770	959	F	S		FBN1_cbEGF9-11_Ca3	807-1069	9,10,11	110	97.2	23.3	9.7	True	16.21	0.1	False	False	False	False	False	False	False	False	
2672586	2201	M	I	vus	FBN1_cbEGF33-35_Ca3	2166-2290	33,34,35	35	83.4	152.3	68.0	False	13.36	0.13	False	False	False	False	False	False	False	False	
2672587	1799	Y	H		FBN1_cbEGF25-27_Ca3	1766-1890	25,26,27	33	98.0	84.3	32.0	False	12.24	0.03	False	False	False	False	False	False	False	False	
2674623	2188	F	C		FBN1_cbEGF33-35_Ca3	2166-2290	33,34,35	22	92.8	64.5	26.9	False	4.79	0.04	False	False	False	True	True	False	False	True	
2682337	1267	D	G		FBN1_cbEGF15-17_Ca3	1197-1321	15,16,17	54	93.4	141.5	73.3	False	7.83	0.07	False	False	False	False	False	False	False	False	
2683903	1371	T	A		FBN1_cbEGF17-19_Ca3	1280-1403	17,18,19	32	97.2	80.1	46.6	False	8.2	0.06	False	False	False	False	False	False	False	False	
2689053	2236	Y	H		FBN1_cbEGF33-35_Ca3	2166-2290	33,34,35	54	98.1	71.6	27.2	False	6.72	0.03	False	False	False	False	False	False	False	False	
2689054	376	M	I		FBN1_cbEGF1-3_Ca3	246-529	1,2,3	130	88.0	123.6	55.2	False	28.57	4.75	False	False	False	False	False	False	False	False	
2689055	694	E	D		FBN1_cbEGF5-7_Ca3	572-764	5,6,7	70	81.6	141.4	63.4	False	23.29	0.11	False	False	False	False	False	False	False	False	
2689056	2421	D	N		FBN1_cbEGF35-37_Ca3	2247-2443	35,36,37	22	95.7	49.9	25.9	False	2.31	0.01	False	True	True	False	False	False	False	False	
2691172	670	C	S		FBN1_cbEGF5-7_Ca3	572-764	5,6,7	94	96.3	27.3	16.3	True	22.41	0.26	False	False	False	False	False	True	True	False	
2691174	1444	C	R		FBN1_cbEGF19-21_Ca3	1363-1486	19,20,21	42	98.6	15.3	9.1	True	10.57	0.04	False	False	False	False	False	True	True	False	1431
2691177	2475	I	M	vus	FBN1_cbEGF37-39_Ca3	2402-2523	37,38,39	48	93.9	68.1	34.6	False	8.51	0.07	False	False	False	False	False	False	False	False	
2773309	2620	A	P		FBN1_cbEGF41-43_Ca3	2567-2687	41,42,43	53	91.8	14.2	11.0	True	14.63	0.15	False	False	False	False	False	False	False	False	
2773311	2588	Y	H		FBN1_cbEGF41-43_Ca3	2567-2687	41,42,43	21	91.5	55.5	21.1	False	4.66	0.02	False	False	False	True	True	False	False	False	
2773312	2518	H	R		FBN1_cbEGF39-41_Ca3	2485-2606	39,40,41	33	84.0	91.3	40.8	False	14.09	0.91	False	False	False	False	False	False	False	False	
2773314	2458	I	V	vus	FBN1_cbEGF37-39_Ca3	2402-2523	37,38,39	56	97.4	83.0	42.1	False	12.55	0.02	False	False	False	False	False	False	False	False	
2773316	2392	H	Q		FBN1_cbEGF35-37_Ca3	2247-2443	35,36,37	51	93.4	104.0	46.4	False	11.25	0.06	False	False	False	False	False	False	False	False	
2773318	2374	H	Q		FBN1_cbEGF35-37_Ca3	2247-2443	35,36,37	69	92.6	157.1	70.1	False	24.91	0.05	False	False	False	False	False	False	False	False	
2773319	2369	R	K		FBN1_cbEGF35-37_Ca3	2247-2443	35,36,37	74	84.7	115.9	42.3	False	16.09	0.15	False	False	False	False	False	False	False	False	
2773320	2342	E	A		FBN1_cbEGF35-37_Ca3	2247-2443	35,36,37	95	88.7	79.6	35.7	False	18.93	0.14	False	False	False	False	False	False	False	False	
2773322	2319	N	S	vus	FBN1_cbEGF35-37_Ca3	2247-2443	35,36,37	72	95.3	81.0	41.5	False	19.48	0.05	False	False	False	False	False	False	False	False	
2773323	2306	R	S		FBN1_cbEGF35-37_Ca3	2247-2443	35,36,37	59	84.3	147.8	54.0	False	12.29	0.06	False	False	False	False	False	False	False	False	
2773326	2229	E	G		FBN1_cbEGF33-35_Ca3	2166-2290	33,34,35	61	90.9	75.6	33.9	False	7.37	0.03	False	False	False	False	False	False	False	False	
2773327	2106	A	V	vus	FBN1_cbEGF31-33_Ca3	2013-2205	31,32,33	93	91.4	55.8	43.3	False	19.95	0.19	False	False	False	False	False	False	False	False	
2773328	2103	P	H		FBN1_cbEGF31-33_Ca3	2013-2205	31,32,33	90	89.7	109.7	69.0	False	20.82	0.17	False	False	False	False	False	False	False	False	
2773329	2056	L	W		FBN1_cbEGF31-33_Ca3	2013-2205	31,32,33	43	86.5	104.2	51.8	False	18.5	0.36	False	False	False	False	False	False	False	False	
2773331	1999	I	L		FBN1_cbEGF29-31_Ca3	1930-2054	29,30,31	55	95.5	89.1	45.2	False	13.3	0.09	False	False	False	False	False	False	False	False	
2773332	1985	A	V		FBN1_cbEGF29-31_Ca3	1930-2054	29,30,31	55	95.4	38.2	29.6	False	13.18	0.17	False	False	False	False	False	False	False	False	
2773333	1969	R	M		FBN1_cbEGF29-31_Ca3	1930-2054	29,30,31	39	88.0	122.0	44.5	False	11.92	0.87	False	False	False	False	False	False	False	False	
2773334	1802	K	M		FBN1_cbEGF25-27_Ca3	1766-1890	25,26,27	36	91.2	182.8	77.4	False	16.88	0.1	False	False	False	False	False	False	False	False	
2773336	1735	Q	R		FBN1_cbEGF23-25_Ca3	1606-1807	23,24,25	72	96.3	81.7	36.3	False	20.78	0.06	False	False	False	False	False	False	False	False	
2773337	1707	D	E		FBN1_cbEGF23-25_Ca3	1606-1807	23,24,25	100	96.4	60.8	31.5	False	21.63	0.09	False	False	False	False	False	False	False	False	
2773338	1629	F	S		FBN1_cbEGF23-25_Ca3	1606-1807	23,24,25	23	97.2	59.2	24.7	False	4.61	0.03	False	False	False	True	True	False	False	False	
2773341	1560	A	V	vus	FBN1_cbEGF21-23_Ca3	1446-1647	21,22,23	87	98.9	8.3	6.5	True	10.77	0.05	False	False	False	False	False	False	False	False	
2773342	1532	G	R		FBN1_cbEGF21-23_Ca3	1446-1647	21,22,23	86	98.5	12.7	12.2	True	17.01	0.04	False	False	False	False	False	False	False	False	
2773343	1522	T	I	vus	FBN1_cbEGF21-23_Ca3	1446-1647	21,22,23	76	93.0	93.8	54.5	False	14.14	0.44	False	False	False	False	False	False	False	False	
2773344	1419	Q	H	vus	FBN1_cbEGF19-21_Ca3	1363-1486	19,20,21	56	92.2	114.7	51.0	False	12.27	0.03	False	False	False	False	False	False	False	False	
2773346	1402	C	S		FBN1_cbEGF19-21_Ca3	1363-1486	19,20,21	39	98.8	13.3	7.9	True	10.5	0.05	False	False	False	False	False	True	True	False	1391
2773347	1401	T	A		FBN1_cbEGF19-21_Ca3	1363-1486	19,20,21	38	97.2	87.5	50.8	False	13.95	0.04	False	False	False	False	False	False	False	False	
2773348	1360	K	N	vus	FBN1_cbEGF17-19_Ca3	1280-1403	17,18,19	43	89.1	149.5	63.4	False	13.96	0.06	False	False	False	False	False	False	False	False	
2773349	1358	G	S		FBN1_cbEGF17-19_Ca3	1280-1403	17,18,19	45	98.8	0.1	0.1	True	15.58	0.06	False	False	False	False	False	False	False	False	
2773350	1352	P	H	vus	FBN1_cbEGF17-19_Ca3	1280-1403	17,18,19	51	97.9	125.7	79.1	False	7.92	0.06	False	False	False	False	False	False	False	False	
2773361	1090	P	A		FBN1_cbEGF11-13_Ca3	1028-1154	11,12,13	62	97.8	115.1	72.4	False	4.63	0.03	False	False	False	False	False	False	False	False	
2773365	1009	P	S		FBN1_cbEGF9-11_Ca3	807-1069	9,10,11	60	84.5	77.3	48.6	False	14.81	0.09	False	False	False	False	False	False	False	False	
2773366	999	R	G		FBN1_cbEGF9-11_Ca3	807-1069	9,10,11	70	81.7	141.2	51.5	False	11.05	0.19	False	False	False	False	False	False	False	False	
2773367	977	M	I	vus	FBN1_cbEGF9-11_Ca3	807-1069	9,10,11	92	91.2	32.3	14.4	True	14.2	0.07	False	False	False	False	False	False	False	False	
2773368	971	I	L		FBN1_cbEGF9-11_Ca3	807-1069	9,10,11	98	90.8	9.9	5.0	True	13.11	0.08	False	False	False	False	False	False	False	False	
2773369	962	Y	H		FBN1_cbEGF9-11_Ca3	807-1069	9,10,11	107	95.3	60.1	22.9	False	20.74	0.13	False	False	False	False	False	False	False	False	
2773371	929	T	I	vus	FBN1_cbEGF9-11_Ca3	807-1069	9,10,11	122	97.3	46.6	27.1	False	2.58	0.04	False	True	True	False	False	False	False	False	
2773372	893	D	G	vus	FBN1_cbEGF9-11_Ca3	807-1069	9,10,11	86	94.6	17.3	9.0	True	13.88	0.09	False	False	False	False	False	False	False	False	
2773373	881	A	S	vus	FBN1_cbEGF9-11_Ca3	807-1069	9,10,11	74	96.9	35.6	27.6	False	15.73	0.04	False	False	False	False	False	False	False	False	
2773374	870	T	I		FBN1_cbEGF9-11_Ca3	807-1069	9,10,11	63	95.5	2.6	1.5	True	13.77	0.07	False	False	False	False	False	False	False	False	
2773375	824	S	N		FBN1_cbEGF7-9_Ca3	723-846	7,8,9	22	97.8	37.8	24.4	False	2.5	0.01	False	True	True	False	False	False	False	False	
2773379	735	P	R		FBN1_cbEGF5-7_Ca3	572-764	5,6,7	29	95.0	85.5	53.8	False	15.6	0.07	False	False	False	False	False	False	False	False	
2773382	722	S	G	vus	FBN1_cbEGF5-7_Ca3	572-764	5,6,7	42	91.7	61.8	39.9	False	7.4	0.04	False	False	False	False	False	False	False	False	
2773384	553	F	V	vus	FBN1_cbEGF3-5_Ca3	490-612	3,4,5	59	97.8	33.4	13.9	True	4.7	0.03	False	False	False	True	True	False	False	False	
2773385	547	I	L	vus	FBN1_cbEGF3-5_Ca3	490-612	3,4,5	57	96.4	61.5	31.2	False	6.59	0.04	False	False	False	False	False	False	False	False	
2773386	525	R	Q	vus	FBN1_cbEGF3-5_Ca3	490-612	3,4,5	35	88.1	113.4	41.4	False	11.33	0.06	False	False	False	False	False	False	False	False	
2773387	497	N	K	vus	FBN1_cbEGF1-3_Ca3	246-529	1,2,3	32	84.0	118.3	60.7	False	11.22	0.27	False	False	False	False	False	False	False	False	
2773388	469	P	L		FBN1_cbEGF1-3_Ca3	246-529	1,2,3	60	63.6	121.9	76.7	False	28.76	1.45	False	False	False	False	False	False	False	False	
2773389	466	I	T	vus	FBN1_cbEGF1-3_Ca3	246-529	1,2,3	63	81.7	38.2	19.4	True	21.43	0.67	False	False	False	False	False	False	False	False	
2773390	401	Y	F		FBN1_cbEGF1-3_Ca3	246-529	1,2,3	128	27.4	163.2	62.0	False	22.88	8.47	False	False	False	False	False	False	False	False	
2773391	400	E	D		FBN1_cbEGF1-3_Ca3	246-529	1,2,3	129	27.5	164.5	73.7	False	28.41	6.38	False	False	False	False	False	False	False	False	
2773393	330	D	V		FBN1_cbEGF1-3_Ca3	246-529	1,2,3	84	85.5	10.4	5.4	True	22.05	0.11	False	False	False	False	False	False	False	False	
2773395	289	I	T		FBN1_cbEGF1-3_Ca3	246-529	1,2,3	43	95.2	44.1	22.4	False	2.29	0.04	False	True	True	False	False	False	False	False	
2920902	1526	C	R	pathogenic	FBN1_cbEGF21-23_Ca3	1446-1647	21,22,23	80	98.7	1.5	0.9	True	16.94	0.09	False	False	False	False	False	True	True	False	1513
2920966	787	S	I		FBN1_cbEGF7-9_Ca3	723-846	7,8,9	59	97.6	53.6	34.6	False	2.53	0.02	False	True	True	False	False	False	False	False	
2922175	2393	G	A		FBN1_cbEGF35-37_Ca3	2247-2443	35,36,37	50	96.8	28.0	26.9	False	10.13	0.08	False	False	False	False	False	False	False	False	
2922191	896	C	S		FBN1_cbEGF9-11_Ca3	807-1069	9,10,11	89	97.1	15.4	9.2	True	10.91	0.06	False	False	False	False	False	True	True	False	908
2922235	2141	Q	L		FBN1_cbEGF31-33_Ca3	2013-2205	31,32,33	64	90.4	116.6	51.8	False	12.23	0.04	False	False	False	False	False	False	False	False	
2922316	647	L	V	vus	FBN1_cbEGF5-7_Ca3	572-764	5,6,7	75	69.7	198.8	98.9	False	17.59	0.25	False	False	False	False	False	False	False	False	
2922438	1115	D	Y		FBN1_cbEGF11-13_Ca3	1028-1154	11,12,13	39	97.5	55.2	28.6	False	4.39	0.01	False	False	False	True	True	False	False	False	
2922440	1852	E	A		FBN1_cbEGF25-27_Ca3	1766-1890	25,26,27	38	98.0	8.6	3.8	True	2.52	0.04	True	False	True	True	False	False	False	False	
2924191	1667	V	A	vus	FBN1_cbEGF23-25_Ca3	1606-1807	23,24,25	61	97.4	122.7	70.5	False	4.57	0.02	False	False	False	False	False	False	False	False	
2924216	1403	T	I		FBN1_cbEGF19-21_Ca3	1363-1486	19,20,21	40	96.2	78.9	45.8	False	7.28	0.02	False	False	False	False	False	False	False	False	
2925637	1313	G	A		FBN1_cbEGF17-19_Ca3	1280-1403	17,18,19	33	95.8	45.8	44.1	False	12.29	0.09	False	False	False	False	False	False	False	False	
2925771	2132	K	E	vus	FBN1_cbEGF31-33_Ca3	2013-2205	31,32,33	73	88.0	143.9	61.0	False	8.48	0.03	False	False	False	False	False	False	False	False	
2925961	1087	V	M		FBN1_cbEGF11-13_Ca3	1028-1154	11,12,13	59	97.4	51.7	29.7	False	6.52	0.02	False	False	False	False	False	False	False	False	
2929120	1305	C	Y		FBN1_cbEGF17-19_Ca3	1280-1403	17,18,19	25	97.5	18.6	11.1	True	10.57	0.11	False	False	False	False	False	True	True	False	1291
2929121	1100	G	D		FBN1_cbEGF11-13_Ca3	1028-1154	11,12,13	54	98.4	12.5	12.0	True	4.73	0.04	False	False	False	False	False	False	False	False	
2929125	2113	Y	H	vus	FBN1_cbEGF31-33_Ca3	2013-2205	31,32,33	92	94.1	100.0	38.0	False	11.13	0.16	False	False	False	False	False	False	False	False	
2929241	316	P	H		FBN1_cbEGF1-3_Ca3	246-529	1,2,3	70	81.9	30.7	19.3	True	18.76	0.05	False	False	False	False	False	False	False	False	
2929242	291	E	V	vus	FBN1_cbEGF1-3_Ca3	246-529	1,2,3	45	95.2	14.8	6.6	True	2.65	0.06	True	False	True	True	False	False	False	False	
2929505	920	V	M	vus	FBN1_cbEGF9-11_Ca3	807-1069	9,10,11	113	92.2	21.9	12.6	True	10.08	0.05	False	False	False	False	False	False	False	False	
2930872	2385	A	V	vus	FBN1_cbEGF35-37_Ca3	2247-2443	35,36,37	58	94.5	56.8	44.0	False	19.31	0.12	False	False	False	False	False	False	False	False	
2930898	1909	I	V		FBN1_cbEGF27-29_Ca3	1849-1972	27,28,29	60	95.9	126.5	64.2	False	4.64	0.02	False	False	False	False	False	False	False	False	
2931261	1144	H	R	vus	FBN1_cbEGF13-15_Ca3	1113-1237	13,14,15	31	97.5	41.7	18.6	True	6.86	0.04	False	False	False	False	False	False	False	False	
2931271	804	T	I		FBN1_cbEGF7-9_Ca3	723-846	7,8,9	42	97.2	21.4	12.4	True	13.77	0.08	False	False	False	False	False	False	False	False	
2921751	1206	G	S		FBN1_cbEGF13-15_Ca3	1113-1237	13,14,15	31	98.5	11.4	11.0	True	9.49	0.04	False	False	False	False	False	False	False	False	
2921756	2507	F	C		FBN1_cbEGF39-41_Ca3	2485-2606	39,40,41	22	93.2	66.5	27.7	False	4.64	0.05	False	False	False	True	True	False	False	True	
2921857	662	Y	D	vus	FBN1_cbEGF5-7_Ca3	572-764	5,6,7	90	97.9	32.0	12.2	True	16.03	0.12	False	False	False	False	False	False	False	False	
2921976	358	C	S	pathogenic	FBN1_cbEGF1-3_Ca3	246-529	1,2,3	112	92.0	1.2	0.7	True	25.62	2.78	False	False	False	False	False	True	True	False	
2921989	1839	Y	S	vus	FBN1_cbEGF25-27_Ca3	1766-1890	25,26,27	51	98.7	37.5	14.3	True	6.97	0.04	False	False	False	False	False	False	False	False	
2922104	1900	C	R		FBN1_cbEGF27-29_Ca3	1849-1972	27,28,29	51	98.0	0.6	0.3	True	10.81	0.02	False	False	False	False	False	True	True	False	1914
2922109	669	Q	P		FBN1_cbEGF5-7_Ca3	572-764	5,6,7	95	87.5	127.1	56.5	False	24.4	0.16	False	False	False	False	False	False	False	False	
2923843	2377	I	V		FBN1_cbEGF35-37_Ca3	2247-2443	35,36,37	66	96.0	75.5	38.3	False	20.43	0.12	False	False	False	False	False	False	False	False	
2925322	1076	I	T		FBN1_cbEGF11-13_Ca3	1028-1154	11,12,13	48	95.3	116.6	59.2	False	8.3	0.17	False	False	False	False	False	False	False	False	
2925531	2509	C	Y		FBN1_cbEGF39-41_Ca3	2485-2606	39,40,41	24	94.3	22.5	13.5	True	10.7	0.07	False	False	False	False	False	True	True	False	2496
2925534	2307	C	R		FBN1_cbEGF35-37_Ca3	2247-2443	35,36,37	60	98.0	32.9	19.7	True	7.99	0.06	False	False	False	False	False	True	True	False	2295
2925535	2273	M	V		FBN1_cbEGF35-37_Ca3	2247-2443	35,36,37	26	89.7	84.2	37.6	False	7.34	0.04	False	False	False	False	False	False	False	False	
2925543	1895	C	Y		FBN1_cbEGF27-29_Ca3	1849-1972	27,28,29	46	97.8	35.3	21.1	False	6.46	0.02	False	False	False	False	False	True	True	False	1905
2925544	1860	C	R		FBN1_cbEGF25-27_Ca3	1766-1890	25,26,27	30	97.7	7.3	4.4	True	11.01	0.02	False	False	False	False	False	True	True	False	1874
2925545	1832	R	C		FBN1_cbEGF25-27_Ca3	1766-1890	25,26,27	58	93.7	119.4	43.6	False	7.46	0.03	False	False	False	False	False	False	False	True	
2925546	1818	C	G		FBN1_cbEGF25-27_Ca3	1766-1890	25,26,27	52	98.1	28.6	17.1	True	11.6	0.06	False	False	False	False	False	True	True	False	1833
2925547	1780	G	E		FBN1_cbEGF23-25_Ca3	1606-1807	23,24,25	27	98.4	25.4	24.4	False	15.3	0.04	False	False	False	False	False	False	False	False	
2925549	1780	G	R		FBN1_cbEGF23-25_Ca3	1606-1807	23,24,25	27	98.4	25.4	24.4	False	15.3	0.04	False	False	False	False	False	False	False	False	
2925550	1720	C	Y		FBN1_cbEGF23-25_Ca3	1606-1807	23,24,25	87	98.6	6.7	4.0	True	12.23	0.02	False	False	False	False	False	True	True	False	
2925552	1633	C	R		FBN1_cbEGF23-25_Ca3	1606-1807	23,24,25	27	98.8	27.0	16.2	True	11.83	0.05	False	False	False	False	False	True	True	False	1646
2925553	1526	C	S		FBN1_cbEGF21-23_Ca3	1446-1647	21,22,23	80	98.7	1.5	0.9	True	16.94	0.09	False	False	False	False	False	True	True	False	1513
2925557	1380	C	Y		FBN1_cbEGF17-19_Ca3	1280-1403	17,18,19	23	98.9	34.8	20.8	False	8.11	0.03	False	False	False	False	False	True	True	False	1367
2925558	1310	G	S		FBN1_cbEGF17-19_Ca3	1280-1403	17,18,19	30	98.2	19.2	18.5	True	4.65	0.05	False	False	False	False	False	False	False	False	
2925566	825	P	S	vus	FBN1_cbEGF7-9_Ca3	723-846	7,8,9	21	98.2	113.9	71.7	False	4.58	0.01	False	False	False	False	False	False	False	False	
2925567	811	C	R		FBN1_cbEGF7-9_Ca3	723-846	7,8,9	35	98.7	29.9	17.9	True	6.45	0.03	False	False	False	False	False	True	True	False	821
2925568	781	C	W		FBN1_cbEGF7-9_Ca3	723-846	7,8,9	58	98.2	35.4	21.2	False	8.33	0.04	False	False	False	False	False	True	True	False	769
2925569	781	C	G		FBN1_cbEGF7-9_Ca3	723-846	7,8,9	58	98.2	35.4	21.2	False	8.33	0.04	False	False	False	False	False	True	True	False	769
2925570	726	E	G	pathogenic	FBN1_cbEGF5-7_Ca3	572-764	5,6,7	38	97.5	6.6	3.0	True	2.38	0.05	True	False	True	True	False	False	False	False	
2925572	534	C	G		FBN1_cbEGF3-5_Ca3	490-612	3,4,5	44	97.4	41.1	24.6	False	6.39	0.01	False	False	False	False	False	True	True	False	546
2925575	499	C	R		FBN1_cbEGF1-3_Ca3	246-529	1,2,3	30	89.8	7.3	4.4	True	10.46	0.42	False	False	False	False	False	True	True	False	513
2927084	1234	R	S		FBN1_cbEGF15-17_Ca3	1197-1321	15,16,17	37	89.1	104.7	38.2	False	11.64	0.41	False	False	False	False	False	False	False	False	
2927116	1211	F	S	vus	FBN1_cbEGF13-15_Ca3	1113-1237	13,14,15	26	97.6	102.0	42.5	False	12.53	0.02	False	False	False	False	False	False	False	False	
2927133	2244	M	L		FBN1_cbEGF33-35_Ca3	2166-2290	33,34,35	46	92.1	93.2	41.6	False	14.06	0.04	False	False	False	False	False	False	False	False	
2927218	1687	C	Y		FBN1_cbEGF23-25_Ca3	1606-1807	23,24,25	81	93.5	1.1	0.6	True	16.04	0.1	False	False	False	False	False	True	True	False	1674
2927219	598	C	R		FBN1_cbEGF5-7_Ca3	572-764	5,6,7	26	98.5	32.5	19.5	True	11.77	0.06	False	False	False	False	False	True	True	False	611
2927220	377	C	G	pathogenic	FBN1_cbEGF1-3_Ca3	246-529	1,2,3	131	95.1	15.4	9.2	True	28.06	3.19	False	False	False	False	False	True	True	False	
2929072	1163	A	T		FBN1_cbEGF13-15_Ca3	1113-1237	13,14,15	50	92.8	98.2	76.1	False	13.79	0.06	False	False	False	False	False	False	False	False	
2930420	2681	I	V		FBN1_cbEGF41-43_Ca3	2567-2687	41,42,43	6	76.2	84.7	43.0	False	18.41	0.69	False	False	False	False	False	False	False	False	
2932163	970	P	R		FBN1_cbEGF9-11_Ca3	807-1069	9,10,11	99	95.6	89.9	56.5	False	18.29	0.08	False	False	False	False	False	False	False	False	
2932397	1859	I	V		FBN1_cbEGF25-27_Ca3	1766-1890	25,26,27	31	96.1	34.7	17.6	True	8.83	0.03	False	False	False	False	False	False	False	False	
2921308	1319	G	A		FBN1_cbEGF17-19_Ca3	1280-1403	17,18,19	39	96.1	11.7	11.3	True	13.85	0.07	False	False	False	False	False	False	False	False	
2921325	409	I	S		FBN1_cbEGF1-3_Ca3	246-529	1,2,3	120	40.3	137.8	69.9	False	40.99	9.39	False	False	False	False	False	False	False	False	
2921340	1169	G	R		FBN1_cbEGF13-15_Ca3	1113-1237	13,14,15	56	98.5	20.3	19.5	True	13.66	0.06	False	False	False	False	False	False	False	False	
2921357	1984	C	W		FBN1_cbEGF29-31_Ca3	1930-2054	29,30,31	54	96.3	1.4	0.9	True	11.32	0.03	False	False	False	False	False	True	True	False	1998
2921441	1734	E	K		FBN1_cbEGF23-25_Ca3	1606-1807	23,24,25	73	91.7	69.3	31.1	False	21.43	0.05	False	False	False	False	False	False	False	False	
2921706	1200	E	K		FBN1_cbEGF13-15_Ca3	1113-1237	13,14,15	37	98.3	30.2	13.6	True	2.51	0.02	True	False	True	True	False	False	False	False	
2924759	421	P	L	vus	FBN1_cbEGF1-3_Ca3	246-529	1,2,3	108	42.6	131.4	82.6	False	59.99	13.92	False	False	False	False	False	False	False	False	
2924888	978	D	G		FBN1_cbEGF9-11_Ca3	807-1069	9,10,11	91	90.8	9.0	4.6	True	11.21	0.07	False	False	False	False	False	False	False	False	
2924954	2025	A	T		FBN1_cbEGF29-31_Ca3	1930-2054	29,30,31	29	92.4	40.6	31.5	False	15.39	0.12	False	False	False	False	False	False	False	False	
2926585	289	I	V		FBN1_cbEGF1-3_Ca3	246-529	1,2,3	43	95.2	44.1	22.4	False	2.29	0.04	False	True	True	False	False	False	False	False	
2926625	724	I	V		FBN1_cbEGF5-7_Ca3	572-764	5,6,7	40	98.2	6.8	3.5	True	2.35	0.01	False	True	True	False	False	False	False	False	
2926673	1190	P	T	vus	FBN1_cbEGF13-15_Ca3	1113-1237	13,14,15	47	98.1	143.2	90.0	False	16.14	0.07	False	False	False	False	False	False	False	False	
2926788	1107	M	I	vus	FBN1_cbEGF11-13_Ca3	1028-1154	11,12,13	47	80.5	183.3	81.8	False	14.03	0.87	False	False	False	False	False	False	False	False	
2928440	2103	P	L		FBN1_cbEGF31-33_Ca3	2013-2205	31,32,33	90	89.7	109.7	69.0	False	20.82	0.17	False	False	False	False	False	False	False	False	
2928617	2373	P	S		FBN1_cbEGF35-37_Ca3	2247-2443	35,36,37	70	95.6	113.2	71.2	False	22.91	0.07	False	False	False	False	False	False	False	False	
2928628	1758	D	N		FBN1_cbEGF23-25_Ca3	1606-1807	23,24,25	49	87.8	37.9	19.6	True	13.45	0.08	False	False	False	False	False	False	False	False	
2930174	2280	Y	C		FBN1_cbEGF35-37_Ca3	2247-2443	35,36,37	33	95.7	75.3	28.6	False	6.59	0.06	False	False	False	False	False	False	False	True	
2931853	1905	C	F	pathogenic	FBN1_cbEGF27-29_Ca3	1849-1972	27,28,29	56	98.3	41.5	24.9	False	8.0	0.03	False	False	False	False	False	True	True	False	1895
2931986	2094	D	E		FBN1_cbEGF31-33_Ca3	2013-2205	31,32,33	81	89.9	114.0	59.1	False	24.97	0.09	False	False	False	False	False	False	False	False	
2932018	578	I	V		FBN1_cbEGF3-5_Ca3	490-612	3,4,5	34	94.5	102.3	51.9	False	9.97	0.32	False	False	False	False	False	False	False	False	
2933369	934	K	R		FBN1_cbEGF9-11_Ca3	807-1069	9,10,11	127	87.6	114.5	48.5	False	7.4	0.02	False	False	False	False	False	False	False	False	
2922623	2294	E	K	vus	FBN1_cbEGF35-37_Ca3	2247-2443	35,36,37	47	97.1	4.5	2.0	True	2.49	0.03	True	False	True	True	False	False	False	False	
2922624	1215	S	F	vus	FBN1_cbEGF13-15_Ca3	1113-1237	13,14,15	22	98.1	53.5	34.5	False	2.53	0.02	False	True	True	False	False	False	False	False	
2924353	573	M	V		FBN1_cbEGF3-5_Ca3	490-612	3,4,5	39	93.3	76.7	34.2	False	2.35	0.02	False	True	True	False	False	False	False	False	
2924680	1441	G	W	vus	FBN1_cbEGF19-21_Ca3	1363-1486	19,20,21	45	96.2	17.6	16.9	True	11.64	0.13	False	False	False	False	False	False	False	False	
2924726	795	G	E		FBN1_cbEGF7-9_Ca3	723-846	7,8,9	51	98.8	15.4	14.8	True	4.69	0.07	False	False	False	False	False	False	False	False	
2926147	1859	I	T		FBN1_cbEGF25-27_Ca3	1766-1890	25,26,27	31	96.1	34.7	17.6	True	8.83	0.03	False	False	False	False	False	False	False	False	
2926374	1629	F	Y		FBN1_cbEGF23-25_Ca3	1606-1807	23,24,25	23	97.2	59.2	24.7	False	4.61	0.03	False	False	False	True	True	False	False	False	
2928011	1517	F	I		FBN1_cbEGF21-23_Ca3	1446-1647	21,22,23	71	98.4	36.6	15.2	True	19.57	0.07	False	False	False	False	False	False	False	False	
2928114	2370	G	D	vus	FBN1_cbEGF35-37_Ca3	2247-2443	35,36,37	73	97.8	0.0	0.0	True	17.37	0.08	False	False	False	False	False	False	False	False	
2929795	766	I	V		FBN1_cbEGF7-9_Ca3	723-846	7,8,9	43	97.8	33.1	16.8	True	2.28	0.01	False	True	True	False	False	False	False	False	
2929882	731	P	A	vus	FBN1_cbEGF5-7_Ca3	572-764	5,6,7	33	94.9	90.0	56.6	False	12.38	0.05	False	False	False	False	False	False	False	False	
2931516	279	L	V	vus	FBN1_cbEGF1-3_Ca3	246-529	1,2,3	33	93.1	60.1	29.9	False	12.03	0.07	False	False	False	False	False	False	False	False	
2934416	2241	D	H	vus	FBN1_cbEGF33-35_Ca3	2166-2290	33,34,35	49	93.6	63.4	32.8	False	15.26	0.11	False	False	False	False	False	False	False	False	
2934476	1809	I	V	vus	FBN1_cbEGF25-27_Ca3	1766-1890	25,26,27	43	97.7	61.9	31.4	False	2.3	0.02	False	True	True	False	False	False	False	False	
2935776	856	T	I		FBN1_cbEGF9-11_Ca3	807-1069	9,10,11	49	89.7	34.3	20.0	True	18.78	0.08	False	False	False	False	False	False	False	False	
2935903	2063	A	V		FBN1_cbEGF31-33_Ca3	2013-2205	31,32,33	50	95.4	34.8	27.0	False	17.91	0.12	False	False	False	False	False	False	False	False	
2937530	866	I	N		FBN1_cbEGF9-11_Ca3	807-1069	9,10,11	59	93.1	38.9	19.8	True	13.45	0.08	False	False	False	False	False	False	False	False	
2937682	1434	G	C		FBN1_cbEGF19-21_Ca3	1363-1486	19,20,21	52	98.4	18.6	17.9	True	4.76	0.06	False	False	False	False	False	False	False	True	
2941083	1219	Y	S		FBN1_cbEGF15-17_Ca3	1197-1321	15,16,17	22	97.3	55.7	21.2	False	4.56	0.04	False	False	False	True	True	False	False	False	
2941113	1583	S	Y		FBN1_cbEGF21-23_Ca3	1446-1647	21,22,23	64	95.3	74.9	48.3	False	21.52	0.09	False	False	False	False	False	False	False	False	
2941263	2528	C	G		FBN1_cbEGF39-41_Ca3	2485-2606	39,40,41	43	96.4	27.9	16.7	True	6.47	0.03	False	False	False	False	False	True	True	False	2541
2941278	724	I	K		FBN1_cbEGF5-7_Ca3	572-764	5,6,7	40	98.2	6.8	3.5	True	2.35	0.01	False	True	True	False	False	False	False	False	
2942703	2541	C	Y		FBN1_cbEGF39-41_Ca3	2485-2606	39,40,41	56	96.5	30.1	18.0	True	8.1	0.04	False	False	False	False	False	True	True	False	2528
2942893	302	G	D	vus	FBN1_cbEGF1-3_Ca3	246-529	1,2,3	56	91.3	22.7	21.9	False	14.94	0.06	False	False	False	False	False	False	False	False	
2942904	2535	C	G		FBN1_cbEGF39-41_Ca3	2485-2606	39,40,41	50	94.6	0.0	0.0	True	11.42	0.07	False	False	False	False	False	True	True	False	2550
2942964	2622	C	F		FBN1_cbEGF41-43_Ca3	2567-2687	41,42,43	55	95.0	39.2	23.5	False	8.16	0.09	False	False	False	False	False	True	True	False	2611
2944325	2313	S	I		FBN1_cbEGF35-37_Ca3	2247-2443	35,36,37	66	96.4	52.8	34.1	False	2.52	0.02	False	True	True	False	False	False	False	False	
2944327	2543	N	H		FBN1_cbEGF39-41_Ca3	2485-2606	39,40,41	58	97.4	63.0	32.3	False	2.31	0.02	True	False	True	True	False	False	False	False	
2944370	711	C	F		FBN1_cbEGF5-7_Ca3	572-764	5,6,7	53	90.5	5.3	3.2	True	13.0	0.06	False	False	False	False	False	True	True	False	
2944436	1979	L	P		FBN1_cbEGF29-31_Ca3	1930-2054	29,30,31	49	93.8	128.3	63.8	False	8.56	0.33	False	False	False	False	False	False	False	False	
2944571	2579	H	P		FBN1_cbEGF39-41_Ca3	2485-2606	39,40,41	27	85.6	84.1	37.6	False	14.82	0.07	False	False	False	False	False	False	False	False	
2944575	1206	G	V		FBN1_cbEGF13-15_Ca3	1113-1237	13,14,15	31	98.5	11.4	11.0	True	9.49	0.04	False	False	False	False	False	False	False	False	
2946035	1701	A	F		FBN1_cbEGF23-25_Ca3	1606-1807	23,24,25	95	96.4	75.0	58.2	False	26.75	0.17	False	False	False	False	False	False	False	False	
2946280	2057	R	L		FBN1_cbEGF31-33_Ca3	2013-2205	31,32,33	44	85.5	103.2	37.7	False	19.29	0.05	False	False	False	False	False	False	False	False	
2946282	1241	E	K	pathogenic	FBN1_cbEGF15-17_Ca3	1197-1321	15,16,17	44	98.2	26.3	11.8	True	2.5	0.02	False	False	False	True	True	False	False	False	
2946386	793	P	S		FBN1_cbEGF7-9_Ca3	723-846	7,8,9	53	98.4	60.8	38.2	False	9.58	0.06	False	False	False	False	False	False	False	False	
2946404	1754	G	V		FBN1_cbEGF23-25_Ca3	1606-1807	23,24,25	53	98.7	0.0	0.0	True	4.68	0.03	False	False	False	False	False	False	False	False	
2946439	1987	G	C		FBN1_cbEGF29-31_Ca3	1930-2054	29,30,31	57	97.6	14.7	14.2	True	13.65	0.06	False	False	False	False	False	False	False	True	
2947881	2190	C	R		FBN1_cbEGF33-35_Ca3	2166-2290	33,34,35	24	95.9	25.6	15.3	True	10.89	0.05	False	False	False	False	False	True	True	False	2176
2948021	2304	N	T	vus	FBN1_cbEGF35-37_Ca3	2247-2443	35,36,37	57	91.1	54.5	27.9	False	18.12	0.27	False	False	False	False	False	False	False	False	
2948092	1453	P	Q		FBN1_cbEGF19-21_Ca3	1363-1486	19,20,21	33	95.3	108.6	68.3	False	12.98	0.16	False	False	False	False	False	False	False	False	
2935318	1191	D	G		FBN1_cbEGF13-15_Ca3	1113-1237	13,14,15	46	96.5	80.1	41.5	False	12.4	0.06	False	False	False	False	False	False	False	False	
2935379	865	N	K		FBN1_cbEGF9-11_Ca3	807-1069	9,10,11	58	93.2	84.4	43.3	False	18.4	0.08	False	False	False	False	False	False	False	False	
2935530	1036	P	L		FBN1_cbEGF9-11_Ca3	807-1069	9,10,11	33	89.0	109.2	68.7	False	12.62	0.06	False	False	False	False	False	False	False	False	
2938795	535	L	V		FBN1_cbEGF3-5_Ca3	490-612	3,4,5	45	93.6	141.1	70.2	False	8.42	0.03	False	False	False	False	False	False	False	False	
2940505	2258	C	S		FBN1_cbEGF33-35_Ca3	2166-2290	33,34,35	32	95.9	0.2	0.1	True	11.05	0.06	False	False	False	False	False	True	True	False	2274
2940711	2360	K	Q		FBN1_cbEGF35-37_Ca3	2247-2443	35,36,37	83	95.3	36.8	15.6	True	13.86	0.06	False	False	False	False	False	False	False	False	
2940719	616	E	Q		FBN1_cbEGF5-7_Ca3	572-764	5,6,7	44	96.4	23.8	10.7	True	2.4	0.03	False	False	False	True	True	False	False	False	
2940818	2112	P	R		FBN1_cbEGF31-33_Ca3	2013-2205	31,32,33	93	92.8	57.3	36.1	False	14.77	0.15	False	False	False	False	False	False	False	False	
2942168	1681	V	A		FBN1_cbEGF23-25_Ca3	1606-1807	23,24,25	75	91.9	22.6	13.0	True	14.89	0.06	False	False	False	False	False	False	False	False	
2942347	1720	C	W		FBN1_cbEGF23-25_Ca3	1606-1807	23,24,25	87	98.6	6.7	4.0	True	12.23	0.02	False	False	False	False	False	True	True	False	
2942427	880	G	A		FBN1_cbEGF9-11_Ca3	807-1069	9,10,11	73	96.7	12.3	11.8	True	12.28	0.04	False	False	False	False	False	False	False	False	
2944070	1715	T	I		FBN1_cbEGF23-25_Ca3	1606-1807	23,24,25	92	96.5	11.7	6.8	True	14.75	0.08	False	False	False	False	False	False	False	False	
2945694	1671	T	P		FBN1_cbEGF23-25_Ca3	1606-1807	23,24,25	65	95.7	51.6	30.0	False	7.4	0.03	False	False	False	False	False	False	False	False	
2945769	353	I	V		FBN1_cbEGF1-3_Ca3	246-529	1,2,3	107	83.3	14.2	7.2	True	25.72	4.62	False	False	False	False	False	False	False	False	
2945780	817	I	M		FBN1_cbEGF7-9_Ca3	723-846	7,8,9	29	95.8	98.5	50.0	False	15.68	0.12	False	False	False	False	False	False	False	False	
2947372	1044	C	S		FBN1_cbEGF9-11_Ca3	807-1069	9,10,11	25	96.3	42.5	25.4	False	8.2	0.06	False	False	False	False	False	True	True	False	1032
2947658	331	V	I	vus	FBN1_cbEGF1-3_Ca3	246-529	1,2,3	85	78.3	2.3	1.3	True	23.67	1.45	False	False	False	False	False	False	False	False	
2934911	1601	T	S		FBN1_cbEGF21-23_Ca3	1446-1647	21,22,23	46	96.2	61.2	35.6	False	16.91	0.05	False	False	False	False	False	False	False	False	
2935138	2301	I	F	vus	FBN1_cbEGF35-37_Ca3	2247-2443	35,36,37	54	92.6	45.0	22.9	False	9.44	0.26	False	False	False	False	False	False	False	False	
2935187	715	P	L		FBN1_cbEGF5-7_Ca3	572-764	5,6,7	49	95.0	87.6	55.1	False	7.57	0.06	False	False	False	False	False	False	False	False	
2936846	1089	T	A	vus	FBN1_cbEGF11-13_Ca3	1028-1154	11,12,13	61	97.6	38.0	22.1	False	2.53	0.01	False	True	True	False	False	False	False	False	
2940169	2623	H	L		FBN1_cbEGF41-43_Ca3	2567-2687	41,42,43	56	87.9	87.8	39.2	False	6.54	0.02	False	False	False	False	False	False	False	False	
2940351	2232	C	G		FBN1_cbEGF33-35_Ca3	2166-2290	33,34,35	58	98.3	30.1	18.0	True	11.66	0.06	False	False	False	False	False	True	True	False	2245
2941827	1600	I	S		FBN1_cbEGF21-23_Ca3	1446-1647	21,22,23	47	93.1	116.0	58.9	False	18.09	0.13	False	False	False	False	False	False	False	False	
2941877	2437	I	V		FBN1_cbEGF37-39_Ca3	2402-2523	37,38,39	35	93.1	182.9	92.8	False	15.57	0.11	False	False	False	False	False	False	False	False	
2941933	1132	T	A		FBN1_cbEGF11-13_Ca3	1028-1154	11,12,13	22	97.7	47.7	27.7	False	2.46	0.02	False	True	True	False	False	False	False	False	
2942147	1582	T	S		FBN1_cbEGF21-23_Ca3	1446-1647	21,22,23	65	97.9	48.3	28.1	False	20.86	0.11	False	False	False	False	False	False	False	False	
2943493	1582	T	A		FBN1_cbEGF21-23_Ca3	1446-1647	21,22,23	65	97.9	48.3	28.1	False	20.86	0.11	False	False	False	False	False	False	False	False	
2943561	820	V	A		FBN1_cbEGF7-9_Ca3	723-846	7,8,9	26	97.8	87.7	50.4	False	12.31	0.04	False	False	False	False	False	False	False	False	
2943641	268	S	P		FBN1_cbEGF1-3_Ca3	246-529	1,2,3	22	91.1	55.7	35.9	False	2.73	0.26	False	True	True	False	False	False	False	False	
2943709	1310	G	R		FBN1_cbEGF17-19_Ca3	1280-1403	17,18,19	30	98.2	19.2	18.5	True	4.65	0.05	False	False	False	False	False	False	False	False	
2943749	741	N	K	pathogenic	FBN1_cbEGF5-7_Ca3	572-764	5,6,7	23	98.1	53.1	27.2	False	2.28	0.02	True	False	True	True	False	False	False	False	
2945291	2289	C	S		FBN1_cbEGF35-37_Ca3	2247-2443	35,36,37	42	95.7	34.3	20.5	False	10.77	0.03	False	False	False	False	False	True	True	False	2276
2945312	441	P	T	vus	FBN1_cbEGF1-3_Ca3	246-529	1,2,3	88	36.2	103.7	65.2	False	39.38	11.99	False	False	False	False	False	False	False	False	
2945414	901	S	L		FBN1_cbEGF9-11_Ca3	807-1069	9,10,11	94	93.5	22.6	14.6	True	8.59	0.04	False	False	False	False	False	False	False	False	
2945534	1812	C	S		FBN1_cbEGF25-27_Ca3	1766-1890	25,26,27	46	97.9	36.3	21.7	False	6.44	0.02	False	False	False	False	False	True	True	False	1824
2947161	2472	K	R		FBN1_cbEGF37-39_Ca3	2402-2523	37,38,39	51	89.1	204.1	86.5	False	7.94	0.04	False	False	False	False	False	False	False	False	
2947196	2079	S	P		FBN1_cbEGF31-33_Ca3	2013-2205	31,32,33	66	95.8	9.6	6.2	True	14.25	0.05	False	False	False	False	False	False	False	False	
2938113	1710	L	S		FBN1_cbEGF23-25_Ca3	1606-1807	23,24,25	97	93.6	24.4	12.1	True	14.5	0.13	False	False	False	False	False	False	False	False	
2939569	1996	Y	H		FBN1_cbEGF29-31_Ca3	1930-2054	29,30,31	58	95.2	43.9	16.7	True	4.64	0.03	False	False	False	True	True	False	False	False	
2939680	1648	D	G	vus	FBN1_cbEGF23-25_Ca3	1606-1807	23,24,25	42	98.6	39.0	20.2	False	2.58	0.05	True	False	True	True	False	False	False	False	
2939932	310	S	T		FBN1_cbEGF1-3_Ca3	246-529	1,2,3	64	93.8	43.7	28.2	False	2.6	0.04	False	True	True	False	False	False	False	False	
2939978	501	G	V	vus	FBN1_cbEGF1-3_Ca3	246-529	1,2,3	28	84.4	25.0	24.0	False	17.55	0.43	False	False	False	False	False	False	False	False	
2941537	2565	C	R		FBN1_cbEGF39-41_Ca3	2485-2606	39,40,41	41	96.3	12.4	7.4	True	10.66	0.06	False	False	False	False	False	True	True	False	2552
2941675	494	C	R		FBN1_cbEGF1-3_Ca3	246-529	1,2,3	35	93.4	24.5	14.7	True	6.3	0.31	False	False	False	False	False	True	True	False	504
2943319	369	G	A		FBN1_cbEGF1-3_Ca3	246-529	1,2,3	123	88.4	15.9	15.3	True	21.97	6.16	False	False	False	False	False	False	False	False	
2944928	250	C	R		FBN1_cbEGF1-3_Ca3	246-529	1,2,3	4	93.0	35.5	21.3	False	6.59	0.14	False	False	False	False	False	True	True	False	262
2946713	1679	M	L		FBN1_cbEGF23-25_Ca3	1606-1807	23,24,25	73	89.0	116.6	52.0	False	18.99	0.08	False	False	False	False	False	False	False	False	
2946764	683	C	W		FBN1_cbEGF5-7_Ca3	572-764	5,6,7	81	97.2	0.0	0.0	True	11.14	0.05	False	False	False	False	False	True	True	False	
2946781	1073	E	G		FBN1_cbEGF11-13_Ca3	1028-1154	11,12,13	45	97.5	30.3	13.6	True	2.49	0.01	True	False	True	True	False	False	False	False	
2946839	1020	T	K		FBN1_cbEGF9-11_Ca3	807-1069	9,10,11	49	59.5	82.6	48.0	False	19.99	0.38	False	False	False	False	False	False	False	False	
2946863	2127	D	H		FBN1_cbEGF31-33_Ca3	2013-2205	31,32,33	78	97.0	43.6	22.6	False	2.59	0.03	True	False	True	True	False	False	False	False	
2948311	2343	V	L	vus	FBN1_cbEGF35-37_Ca3	2247-2443	35,36,37	96	96.4	24.1	13.9	True	21.23	0.11	False	False	False	False	False	False	False	False	
2948442	2169	E	K		FBN1_cbEGF31-33_Ca3	2013-2205	31,32,33	36	92.1	34.9	15.7	True	2.47	0.03	True	False	True	True	False	False	False	False	
2949658	2166	D	G		FBN1_cbEGF31-33_Ca3	2013-2205	31,32,33	39	95.3	40.0	20.7	False	2.63	0.03	True	False	True	True	False	False	False	False	
2949132	1382	N	Y		FBN1_cbEGF17-19_Ca3	1280-1403	17,18,19	21	98.7	59.1	30.3	False	2.28	0.02	True	False	True	True	False	False	False	False	
2949216	2579	H	Q		FBN1_cbEGF39-41_Ca3	2485-2606	39,40,41	27	85.6	84.1	37.6	False	14.82	0.07	False	False	False	False	False	False	False	False	
2950872	1616	L	Q		FBN1_cbEGF21-23_Ca3	1446-1647	21,22,23	31	98.4	0.6	0.3	True	8.81	0.03	False	False	False	False	False	False	False	False	
2950933	2190	C	G		FBN1_cbEGF33-35_Ca3	2166-2290	33,34,35	24	95.9	25.6	15.3	True	10.89	0.05	False	False	False	False	False	True	True	False	2176
2951024	1955	Q	R	vus	FBN1_cbEGF29-31_Ca3	1930-2054	29,30,31	25	88.5	111.7	49.6	False	7.37	0.03	False	False	False	False	False	False	False	False	
2951121	1577	C	R		FBN1_cbEGF21-23_Ca3	1446-1647	21,22,23	70	98.1	17.5	10.5	True	16.04	0.06	False	False	False	False	False	True	True	False	1563
2952527	1249	C	G		FBN1_cbEGF15-17_Ca3	1197-1321	15,16,17	52	97.9	4.1	2.4	True	11.1	0.05	False	False	False	False	False	True	True	False	1263
2952613	554	H	P		FBN1_cbEGF3-5_Ca3	490-612	3,4,5	58	91.5	84.1	37.5	False	7.5	0.05	False	False	False	False	False	False	False	False	
2954373	2533	N	K	vus	FBN1_cbEGF39-41_Ca3	2485-2606	39,40,41	48	84.6	116.3	59.6	False	14.31	0.1	False	False	False	False	False	False	False	False	
2954376	1028	D	A		FBN1_cbEGF9-11_Ca3	807-1069	9,10,11	41	95.9	32.8	17.0	True	2.75	0.05	True	False	True	True	False	False	False	False	
2954494	2122	D	G		FBN1_cbEGF31-33_Ca3	2013-2205	31,32,33	83	87.5	85.1	44.1	False	16.68	0.09	False	False	False	False	False	False	False	False	
2948974	2293	N	K		FBN1_cbEGF35-37_Ca3	2247-2443	35,36,37	46	97.3	45.6	23.4	False	4.33	0.02	False	False	False	True	True	False	False	False	
2950717	2217	C	S		FBN1_cbEGF33-35_Ca3	2166-2290	33,34,35	51	97.2	14.0	8.4	True	11.19	0.04	False	False	False	False	False	True	True	False	2230
2952078	2028	T	P	vus	FBN1_cbEGF29-31_Ca3	1930-2054	29,30,31	26	94.0	87.6	50.9	False	12.32	0.05	False	False	False	False	False	False	False	False	
2952394	2013	D	G	vus	FBN1_cbEGF29-31_Ca3	1930-2054	29,30,31	41	97.8	37.0	19.2	True	2.62	0.02	True	False	True	True	False	False	False	False	
2953924	1885	D	E		FBN1_cbEGF27-29_Ca3	1849-1972	27,28,29	36	94.4	93.6	48.5	False	11.92	0.14	False	False	False	False	False	False	False	False	
2954052	2391	P	R	vus	FBN1_cbEGF35-37_Ca3	2247-2443	35,36,37	52	94.6	75.8	47.7	False	14.78	0.06	False	False	False	False	False	False	False	False	
2949928	1215	S	P		FBN1_cbEGF13-15_Ca3	1113-1237	13,14,15	22	98.1	53.5	34.5	False	2.53	0.02	False	True	True	False	False	False	False	False	
2949946	1263	C	F		FBN1_cbEGF15-17_Ca3	1197-1321	15,16,17	58	98.4	4.1	2.4	True	10.82	0.03	False	False	False	False	False	True	True	False	1249
2949990	750	C	F		FBN1_cbEGF7-9_Ca3	723-846	7,8,9	27	98.8	30.2	18.1	True	11.77	0.06	False	False	False	False	False	True	True	False	763
2949991	1408	C	S		FBN1_cbEGF19-21_Ca3	1363-1486	19,20,21	45	97.7	14.7	8.8	True	6.36	0.03	False	False	False	False	False	True	True	False	1420
2950251	1420	C	S		FBN1_cbEGF19-21_Ca3	1363-1486	19,20,21	57	97.9	17.3	10.3	True	8.1	0.09	False	False	False	False	False	True	True	False	1408
2950335	1954	F	L		FBN1_cbEGF29-31_Ca3	1930-2054	29,30,31	24	96.0	39.8	16.6	True	4.66	0.04	False	False	False	True	True	False	False	False	
2951858	1813	Q	H		FBN1_cbEGF25-27_Ca3	1766-1890	25,26,27	47	88.2	144.1	64.1	False	8.52	0.06	False	False	False	False	False	False	False	False	
2951892	1232	D	N		FBN1_cbEGF15-17_Ca3	1197-1321	15,16,17	35	98.0	76.3	39.5	False	15.58	0.21	False	False	False	False	False	False	False	False	
2951903	1107	M	V	vus	FBN1_cbEGF11-13_Ca3	1028-1154	11,12,13	47	80.5	183.3	81.8	False	14.03	0.87	False	False	False	False	False	False	False	False	
2951996	602	F	C		FBN1_cbEGF5-7_Ca3	572-764	5,6,7	30	98.0	26.5	11.1	True	6.79	0.03	False	False	False	False	False	False	False	True	
2952008	331	V	D		FBN1_cbEGF1-3_Ca3	246-529	1,2,3	85	78.3	2.3	1.3	True	23.67	1.45	False	False	False	False	False	False	False	False	
2953543	290	D	Y	vus	FBN1_cbEGF1-3_Ca3	246-529	1,2,3	44	95.8	52.2	27.1	False	4.35	0.06	False	False	False	True	True	False	False	False	
2953575	277	H	L		FBN1_cbEGF1-3_Ca3	246-529	1,2,3	31	93.5	34.7	15.5	True	6.62	0.09	False	False	False	False	False	False	False	False	
2953586	1324	N	T		FBN1_cbEGF17-19_Ca3	1280-1403	17,18,19	44	97.9	42.0	21.6	False	4.37	0.03	False	False	False	True	True	False	False	False	
2953644	2590	C	G		FBN1_cbEGF41-43_Ca3	2567-2687	41,42,43	23	92.4	18.4	11.0	True	10.73	0.05	False	False	False	False	False	True	True	False	2577
2949767	839	D	N		FBN1_cbEGF9-11_Ca3	807-1069	9,10,11	32	95.6	14.3	7.4	True	17.52	0.23	False	False	False	False	False	False	False	False	
2951340	2498	F	V		FBN1_cbEGF37-39_Ca3	2402-2523	37,38,39	25	89.4	100.2	41.8	False	14.98	0.35	False	False	False	False	False	False	False	False	
2951381	2580	G	D		FBN1_cbEGF39-41_Ca3	2485-2606	39,40,41	26	93.0	27.2	26.2	False	12.6	0.08	False	False	False	False	False	False	False	False	
2951416	2251	C	W		FBN1_cbEGF33-35_Ca3	2166-2290	33,34,35	39	98.4	31.7	19.0	True	6.33	0.02	False	False	False	False	False	True	True	False	2265
2952959	1509	Y	D		FBN1_cbEGF21-23_Ca3	1446-1647	21,22,23	63	96.6	39.1	14.9	True	4.71	0.04	False	False	False	True	True	False	False	False	
2953042	2535	C	L		FBN1_cbEGF39-41_Ca3	2485-2606	39,40,41	50	94.6	0.0	0.0	True	11.42	0.07	False	False	False	False	False	True	True	False	2550
2953174	1820	R	S		FBN1_cbEGF25-27_Ca3	1766-1890	25,26,27	54	87.4	204.2	74.5	False	13.27	0.44	False	False	False	False	False	False	False	False	
2953264	1764	P	S		FBN1_cbEGF23-25_Ca3	1606-1807	23,24,25	43	91.9	65.9	41.4	False	10.88	0.02	False	False	False	False	False	False	False	False	
3024525	2514	G	E	pathogenic	FBN1_cbEGF39-41_Ca3	2485-2606	39,40,41	29	97.5	21.2	20.3	False	4.71	0.04	False	False	False	False	False	False	False	False	
3026664	2623	H	D		FBN1_cbEGF41-43_Ca3	2567-2687	41,42,43	56	87.9	87.8	39.2	False	6.54	0.02	False	False	False	False	False	False	False	False	
3027310	1760	Y	D		FBN1_cbEGF23-25_Ca3	1606-1807	23,24,25	47	80.7	159.0	60.5	False	14.0	0.57	False	False	False	False	False	False	False	False	
3031277	982	C	W		FBN1_cbEGF9-11_Ca3	807-1069	9,10,11	87	95.9	0.1	0.0	True	8.46	0.1	False	False	False	False	False	True	True	False	
3061450	1111	C	F		FBN1_cbEGF11-13_Ca3	1028-1154	11,12,13	43	98.1	8.8	5.3	True	10.6	0.05	False	False	False	False	False	True	True	False	1097
3045685	934	K	N		FBN1_cbEGF9-11_Ca3	807-1069	9,10,11	127	87.6	114.5	48.5	False	7.4	0.02	False	False	False	False	False	False	False	False	
3064377	611	C	Y		FBN1_cbEGF5-7_Ca3	572-764	5,6,7	39	98.2	1.3	0.8	True	10.52	0.02	False	False	False	False	False	True	True	False	598
3065407	2380	F	L		FBN1_cbEGF35-37_Ca3	2247-2443	35,36,37	63	87.4	142.7	59.4	False	18.47	0.38	False	False	False	False	False	False	False	False	
3065809	2406	C	S		FBN1_cbEGF35-37_Ca3	2247-2443	35,36,37	37	93.2	43.7	26.1	False	6.56	0.03	False	False	False	False	False	True	True	False	2418
3065823	1167	P	H		FBN1_cbEGF13-15_Ca3	1113-1237	13,14,15	54	97.4	77.3	48.6	False	13.19	0.05	False	False	False	False	False	False	False	False	
3065897	1903	G	V		FBN1_cbEGF27-29_Ca3	1849-1972	27,28,29	54	98.4	16.8	16.1	True	13.66	0.04	False	False	False	False	False	False	False	False	
3066037	275	A	P		FBN1_cbEGF1-3_Ca3	246-529	1,2,3	29	93.8	90.3	70.0	False	7.36	0.12	False	False	False	False	False	False	False	False	
3066266	1874	C	R		FBN1_cbEGF27-29_Ca3	1849-1972	27,28,29	25	98.7	1.8	1.1	True	10.86	0.04	False	False	False	False	False	True	True	False	1860
3067642	1104	G	E		FBN1_cbEGF11-13_Ca3	1028-1154	11,12,13	50	89.0	29.0	27.9	False	13.52	0.61	False	False	False	False	False	False	False	False	
3067685	1762	G	D		FBN1_cbEGF23-25_Ca3	1606-1807	23,24,25	45	80.0	22.2	21.3	False	15.73	0.76	False	False	False	False	False	False	False	False	
3067747	1432	D	H		FBN1_cbEGF19-21_Ca3	1363-1486	19,20,21	54	97.9	71.8	37.2	False	9.72	0.09	False	False	False	False	False	False	False	False	
3068020	716	G	R		FBN1_cbEGF5-7_Ca3	572-764	5,6,7	48	97.6	4.4	4.2	True	4.64	0.02	False	False	False	False	False	False	False	False	
3068183	1939	G	W		FBN1_cbEGF27-29_Ca3	1849-1972	27,28,29	33	87.9	74.3	71.5	False	15.15	0.2	False	False	False	False	False	False	False	False	
3068333	271	C	S		FBN1_cbEGF1-3_Ca3	246-529	1,2,3	25	94.6	21.0	12.6	True	10.72	0.2	False	False	False	False	False	True	True	False	257
3068674	2336	E	V	vus	FBN1_cbEGF35-37_Ca3	2247-2443	35,36,37	89	91.4	116.7	52.3	False	16.96	0.57	False	False	False	False	False	False	False	False	
3068780	862	C	S		FBN1_cbEGF9-11_Ca3	807-1069	9,10,11	55	95.9	23.7	14.2	True	23.15	0.06	False	False	False	False	False	True	True	False	887
3070990	2227	S	L		FBN1_cbEGF33-35_Ca3	2166-2290	33,34,35	61	97.1	54.3	35.0	False	2.53	0.02	False	True	True	False	False	False	False	False	
3071081	1258	P	L		FBN1_cbEGF15-17_Ca3	1197-1321	15,16,17	61	98.0	107.5	67.6	False	4.53	0.04	False	False	False	False	False	False	False	False	
3071097	1937	G	R		FBN1_cbEGF27-29_Ca3	1849-1972	27,28,29	35	82.9	74.8	71.9	False	11.63	0.45	False	False	False	False	False	False	False	False	
3071127	316	P	L		FBN1_cbEGF1-3_Ca3	246-529	1,2,3	70	81.9	30.7	19.3	True	18.76	0.05	False	False	False	False	False	False	False	False	
3071190	591	D	E		FBN1_cbEGF3-5_Ca3	490-612	3,4,5	21	94.3	112.8	58.5	False	4.58	0.04	False	False	False	False	False	False	False	False	
3071329	691	A	T		FBN1_cbEGF5-7_Ca3	572-764	5,6,7	73	98.0	0.0	0.0	True	17.15	0.07	False	False	False	False	False	False	False	False	
3071378	1230	M	I	vus	FBN1_cbEGF15-17_Ca3	1197-1321	15,16,17	33	95.4	79.8	35.6	False	12.79	0.53	False	False	False	False	False	False	False	False	
3072715	856	T	S		FBN1_cbEGF9-11_Ca3	807-1069	9,10,11	49	89.7	34.3	20.0	True	18.78	0.08	False	False	False	False	False	False	False	False	
3072739	614	I	T	vus	FBN1_cbEGF5-7_Ca3	572-764	5,6,7	42	97.7	61.0	30.9	False	2.29	0.02	False	True	True	False	False	False	False	False	
3072775	2445	L	P		FBN1_cbEGF37-39_Ca3	2402-2523	37,38,39	43	97.8	51.1	25.4	False	2.29	0.01	False	True	True	False	False	False	False	False	
3072797	600	P	S		FBN1_cbEGF5-7_Ca3	572-764	5,6,7	28	97.2	125.6	79.0	False	7.7	0.04	False	False	False	False	False	False	False	False	
3072799	1608	D	V		FBN1_cbEGF21-23_Ca3	1446-1647	21,22,23	39	98.6	37.4	19.4	True	4.29	0.01	False	False	False	True	True	False	False	False	
3072829	1369	N	K	vus	FBN1_cbEGF17-19_Ca3	1280-1403	17,18,19	34	95.6	73.3	37.6	False	8.25	0.19	False	False	False	False	False	False	False	False	
3072880	1608	D	N	vus	FBN1_cbEGF21-23_Ca3	1446-1647	21,22,23	39	98.6	37.4	19.4	True	4.29	0.01	False	False	False	True	True	False	False	False	
3072906	2121	P	H		FBN1_cbEGF31-33_Ca3	2013-2205	31,32,33	84	89.3	103.5	65.1	False	16.04	0.07	False	False	False	False	False	False	False	False	
3072949	1495	T	I		FBN1_cbEGF21-23_Ca3	1446-1647	21,22,23	49	91.4	89.3	51.9	False	13.53	0.1	False	False	False	False	False	False	False	False	
3072974	381	A	T		FBN1_cbEGF1-3_Ca3	246-529	1,2,3	135	85.3	95.4	74.0	False	26.43	1.76	False	False	False	False	False	False	False	False	
3073048	1531	S	P		FBN1_cbEGF21-23_Ca3	1446-1647	21,22,23	85	95.3	85.8	55.3	False	18.63	0.12	False	False	False	False	False	False	False	False	
3073065	2384	V	M		FBN1_cbEGF35-37_Ca3	2247-2443	35,36,37	59	91.4	116.3	66.9	False	21.05	0.46	False	False	False	False	False	False	False	False	
3073097	2451	A	V		FBN1_cbEGF37-39_Ca3	2402-2523	37,38,39	49	96.6	101.0	78.3	False	12.86	0.04	False	False	False	False	False	False	False	False	
3073120	1474	I	T		FBN1_cbEGF21-23_Ca3	1446-1647	21,22,23	28	92.0	170.2	86.4	False	7.73	0.08	False	False	False	False	False	False	False	False	
3073132	2544	T	A	vus	FBN1_cbEGF39-41_Ca3	2485-2606	39,40,41	59	97.0	40.0	23.2	False	2.52	0.01	False	True	True	False	False	False	False	False	
3074501	528	C	S		FBN1_cbEGF3-5_Ca3	490-612	3,4,5	38	98.4	13.8	8.3	True	10.53	0.05	False	False	False	False	False	True	True	False	515
3074559	2158	I	S	vus	FBN1_cbEGF31-33_Ca3	2013-2205	31,32,33	47	89.5	97.5	49.5	False	8.77	0.11	False	False	False	False	False	False	False	False	
3074563	619	T	I		FBN1_cbEGF5-7_Ca3	572-764	5,6,7	47	92.2	71.0	41.3	False	9.62	0.04	False	False	False	False	False	False	False	False	
3074610	2435	P	A		FBN1_cbEGF37-39_Ca3	2402-2523	37,38,39	33	98.0	64.5	40.6	False	11.73	0.05	False	False	False	False	False	False	False	False	
3074645	2235	G	E	vus	FBN1_cbEGF33-35_Ca3	2166-2290	33,34,35	55	98.0	8.5	8.2	True	4.54	0.04	False	False	False	False	False	False	False	False	
3074677	931	G	R	vus	FBN1_cbEGF9-11_Ca3	807-1069	9,10,11	124	96.9	22.1	21.2	False	4.09	0.05	False	False	False	False	False	False	False	False	
3074721	2510	K	T	vus	FBN1_cbEGF39-41_Ca3	2485-2606	39,40,41	25	87.0	107.5	45.6	False	13.36	0.26	False	False	False	False	False	False	False	False	
3074860	1739	P	S		FBN1_cbEGF23-25_Ca3	1606-1807	23,24,25	68	98.0	59.0	37.1	False	14.71	0.08	False	False	False	False	False	False	False	False	
3074868	372	V	I		FBN1_cbEGF1-3_Ca3	246-529	1,2,3	126	86.9	72.9	41.9	False	25.43	4.47	False	False	False	False	False	False	False	False	
3069210	2450	Q	R		FBN1_cbEGF37-39_Ca3	2402-2523	37,38,39	48	89.5	81.6	36.3	False	8.47	0.1	False	False	False	False	False	False	False	False	
3069213	632	D	G	vus	FBN1_cbEGF5-7_Ca3	572-764	5,6,7	60	93.9	115.7	59.9	False	4.66	0.03	False	False	False	False	False	False	False	False	
3069379	1815	G	D	vus	FBN1_cbEGF25-27_Ca3	1766-1890	25,26,27	49	90.2	42.8	41.2	False	12.35	0.16	False	False	False	False	False	False	False	False	
3069389	605	A	S		FBN1_cbEGF5-7_Ca3	572-764	5,6,7	33	97.4	7.4	5.7	True	13.6	0.06	False	False	False	False	False	False	False	False	
3069409	2559	D	N		FBN1_cbEGF39-41_Ca3	2485-2606	39,40,41	47	91.2	36.1	18.7	True	13.47	1.01	False	False	False	False	False	False	False	False	
3069447	1794	P	A		FBN1_cbEGF25-27_Ca3	1766-1890	25,26,27	28	98.4	58.8	37.0	False	9.54	0.06	False	False	False	False	False	False	False	False	
3069467	1551	N	I		FBN1_cbEGF21-23_Ca3	1446-1647	21,22,23	96	92.1	70.7	36.3	False	18.04	0.06	False	False	False	False	False	False	False	False	
3069489	858	I	V		FBN1_cbEGF9-11_Ca3	807-1069	9,10,11	51	87.8	70.8	36.0	False	24.88	0.12	False	False	False	False	False	False	False	False	
3069584	777	D	H	vus	FBN1_cbEGF7-9_Ca3	723-846	7,8,9	54	96.5	69.9	36.2	False	13.44	0.14	False	False	False	False	False	False	False	False	
3070523	2505	G	D		FBN1_cbEGF39-41_Ca3	2485-2606	39,40,41	20	93.2	74.0	71.2	False	4.19	0.03	False	False	False	False	False	False	False	False	
3070596	2409	I	V	vus	FBN1_cbEGF35-37_Ca3	2247-2443	35,36,37	34	87.5	19.8	10.1	True	8.61	0.35	False	False	False	False	False	False	False	False	
3070600	2679	F	L	vus	FBN1_cbEGF41-43_Ca3	2567-2687	41,42,43	8	77.4	128.5	53.5	False	20.31	0.35	False	False	False	False	False	False	False	False	
3070629	392	P	T		FBN1_cbEGF1-3_Ca3	246-529	1,2,3	137	55.3	95.7	60.2	False	21.89	3.23	False	False	False	False	False	False	False	False	
3070691	2417	E	D		FBN1_cbEGF35-37_Ca3	2247-2443	35,36,37	26	87.3	112.8	50.6	False	12.26	0.03	False	False	False	False	False	False	False	False	
3070734	1405	L	I		FBN1_cbEGF19-21_Ca3	1363-1486	19,20,21	42	94.8	61.2	30.4	False	2.25	0.04	False	True	True	False	False	False	False	False	
3070789	722	S	R		FBN1_cbEGF5-7_Ca3	572-764	5,6,7	42	91.7	61.8	39.9	False	7.4	0.04	False	False	False	False	False	False	False	False	
3070839	1302	S	L	vus	FBN1_cbEGF17-19_Ca3	1280-1403	17,18,19	22	95.0	40.6	26.2	False	2.49	0.04	False	True	True	False	False	False	False	False	
3070841	1554	G	E		FBN1_cbEGF21-23_Ca3	1446-1647	21,22,23	93	98.7	2.5	2.4	True	14.17	0.04	False	False	False	False	False	False	False	False	
3070916	861	R	G		FBN1_cbEGF9-11_Ca3	807-1069	9,10,11	54	78.5	181.1	66.1	False	25.14	0.08	False	False	False	False	False	False	False	False	
3070949	886	P	R		FBN1_cbEGF9-11_Ca3	807-1069	9,10,11	79	93.6	129.5	81.5	False	25.22	0.06	False	False	False	False	False	False	False	False	
3072287	1165	L	P		FBN1_cbEGF13-15_Ca3	1113-1237	13,14,15	52	95.0	46.9	23.3	False	8.69	0.11	False	False	False	False	False	False	False	False	
3072308	1035	I	V		FBN1_cbEGF9-11_Ca3	807-1069	9,10,11	34	91.4	1.4	0.7	True	10.13	0.1	False	False	False	False	False	False	False	False	
3072439	1397	G	A	vus	FBN1_cbEGF19-21_Ca3	1363-1486	19,20,21	34	98.7	51.4	49.4	False	12.23	0.03	False	False	False	False	False	False	False	False	
3072638	998	M	T		FBN1_cbEGF9-11_Ca3	807-1069	9,10,11	71	87.7	129.3	57.7	False	18.41	0.12	False	False	False	False	False	False	False	False	
3072642	584	N	K		FBN1_cbEGF3-5_Ca3	490-612	3,4,5	28	96.3	44.4	22.8	False	17.84	0.1	False	False	False	False	False	False	False	False	
3072654	1747	L	I		FBN1_cbEGF23-25_Ca3	1606-1807	23,24,25	60	93.2	11.1	5.5	True	14.98	0.11	False	False	False	False	False	False	False	False	
3072679	2327	N	S	vus	FBN1_cbEGF35-37_Ca3	2247-2443	35,36,37	80	88.1	118.2	60.6	False	11.7	0.1	False	False	False	False	False	False	False	False	
3074010	1075	R	S		FBN1_cbEGF11-13_Ca3	1028-1154	11,12,13	47	86.6	188.0	68.6	False	8.24	0.01	False	False	False	False	False	False	False	False	
3074011	912	D	H		FBN1_cbEGF9-11_Ca3	807-1069	9,10,11	105	97.0	46.4	24.1	False	4.29	0.03	False	False	False	True	True	False	False	False	
3074183	1293	S	N		FBN1_cbEGF15-17_Ca3	1197-1321	15,16,17	28	89.0	32.9	21.2	False	18.1	0.05	False	False	False	False	False	False	False	False	
3074261	2369	R	T		FBN1_cbEGF35-37_Ca3	2247-2443	35,36,37	74	84.7	115.9	42.3	False	16.09	0.15	False	False	False	False	False	False	False	False	
3074329	2347	M	I		FBN1_cbEGF35-37_Ca3	2247-2443	35,36,37	96	91.1	132.6	59.2	False	25.15	0.13	False	False	False	False	False	False	False	False	
3074340	1322	D	E	vus	FBN1_cbEGF17-19_Ca3	1280-1403	17,18,19	42	98.2	45.5	23.6	False	2.58	0.02	True	False	True	True	False	False	False	False	
3074342	1481	S	N		FBN1_cbEGF21-23_Ca3	1446-1647	21,22,23	35	92.7	91.1	58.8	False	13.35	1.14	False	False	False	False	False	False	False	False	
3074354	1950	T	A		FBN1_cbEGF27-29_Ca3	1849-1972	27,28,29	22	98.0	43.5	25.3	False	2.44	0.01	False	True	True	False	False	False	False	False	
3074374	2220	R	L	vus	FBN1_cbEGF33-35_Ca3	2166-2290	33,34,35	54	88.1	148.8	54.3	False	12.63	0.02	False	False	False	False	False	False	False	False	
3074390	995	E	K		FBN1_cbEGF9-11_Ca3	807-1069	9,10,11	74	94.7	82.2	36.9	False	20.41	0.1	False	False	False	False	False	False	False	False	
3070134	1190	P	H		FBN1_cbEGF13-15_Ca3	1113-1237	13,14,15	47	98.1	143.2	90.0	False	16.14	0.07	False	False	False	False	False	False	False	False	
3070139	2275	I	V	vus	FBN1_cbEGF35-37_Ca3	2247-2443	35,36,37	28	93.3	54.0	27.4	False	12.72	0.12	False	False	False	False	False	False	False	False	
3070180	932	S	L	vus	FBN1_cbEGF9-11_Ca3	807-1069	9,10,11	125	96.1	53.4	34.5	False	2.55	0.02	False	True	True	False	False	False	False	False	
3070189	764	V	A		FBN1_cbEGF7-9_Ca3	723-846	7,8,9	41	97.9	75.2	43.2	False	7.33	0.03	False	False	False	False	False	False	False	False	
3070208	246	D	V		FBN1_cbEGF1-3_Ca3	246-529	1,2,3	0	82.0	118.3	61.3	False	3.06	0.55	True	False	True	True	False	False	False	False	
3070215	2628	S	N	vus	FBN1_cbEGF41-43_Ca3	2567-2687	41,42,43	59	96.0	53.6	34.6	False	2.54	0.02	False	True	True	False	False	False	False	False	
3070377	1285	D	H		FBN1_cbEGF15-17_Ca3	1197-1321	15,16,17	36	95.0	106.4	55.1	False	8.26	0.03	False	False	False	False	False	False	False	False	
3070390	2614	A	G		FBN1_cbEGF41-43_Ca3	2567-2687	41,42,43	47	82.5	88.8	68.8	False	13.25	0.38	False	False	False	False	False	False	False	False	
3070406	1951	V	A		FBN1_cbEGF27-29_Ca3	1849-1972	27,28,29	21	97.7	122.6	70.5	False	4.6	0.01	False	False	False	False	False	False	False	False	
3070471	277	H	Q		FBN1_cbEGF1-3_Ca3	246-529	1,2,3	31	93.5	34.7	15.5	True	6.62	0.09	False	False	False	False	False	False	False	False	
3070506	2494	H	Y		FBN1_cbEGF37-39_Ca3	2402-2523	37,38,39	29	92.6	57.8	25.8	False	9.11	0.03	False	False	False	False	False	False	False	False	
3071836	2354	N	S	vus	FBN1_cbEGF35-37_Ca3	2247-2443	35,36,37	89	91.5	8.4	4.3	True	13.38	0.1	False	False	False	False	False	False	False	False	
3071965	357	Q	L	vus	FBN1_cbEGF1-3_Ca3	246-529	1,2,3	111	80.8	29.7	13.2	True	22.06	3.76	False	False	False	False	False	False	False	False	
3072036	784	T	S	vus	FBN1_cbEGF7-9_Ca3	723-846	7,8,9	61	98.2	23.7	13.8	True	2.51	0.01	False	True	True	False	False	False	False	False	
3072126	268	S	A		FBN1_cbEGF1-3_Ca3	246-529	1,2,3	22	91.1	55.7	35.9	False	2.73	0.26	False	True	True	False	False	False	False	False	
3072157	2417	E	K		FBN1_cbEGF35-37_Ca3	2247-2443	35,36,37	26	87.3	112.8	50.6	False	12.26	0.03	False	False	False	False	False	False	False	False	
3072215	276	G	E		FBN1_cbEGF1-3_Ca3	246-529	1,2,3	30	95.5	20.1	19.3	True	4.43	0.08	False	False	False	False	False	False	False	False	
3072236	531	I	S		FBN1_cbEGF3-5_Ca3	490-612	3,4,5	41	97.0	47.4	24.0	False	2.3	0.02	False	True	True	False	False	False	False	False	
3072260	2599	H	Q		FBN1_cbEGF41-43_Ca3	2567-2687	41,42,43	32	80.9	46.4	20.7	False	13.57	0.64	False	False	False	False	False	False	False	False	
3073585	755	E	K		FBN1_cbEGF7-9_Ca3	723-846	7,8,9	32	93.6	99.9	44.8	False	8.77	0.03	False	False	False	False	False	False	False	False	
3073606	1181	A	V		FBN1_cbEGF13-15_Ca3	1113-1237	13,14,15	56	98.6	40.1	31.1	False	13.12	0.07	False	False	False	False	False	False	False	False	
3073616	1154	I	V	vus	FBN1_cbEGF13-15_Ca3	1113-1237	13,14,15	41	95.4	72.0	36.6	False	7.38	0.02	False	False	False	False	False	False	False	False	
3073681	2598	Q	P		FBN1_cbEGF41-43_Ca3	2567-2687	41,42,43	31	83.3	84.2	37.4	False	11.87	0.07	False	False	False	False	False	False	False	False	
3073708	1966	P	A		FBN1_cbEGF29-31_Ca3	1930-2054	29,30,31	36	96.9	147.4	92.7	False	14.82	0.15	False	False	False	False	False	False	False	False	
3073724	2529	T	N		FBN1_cbEGF39-41_Ca3	2485-2606	39,40,41	44	93.9	107.4	62.4	False	8.46	0.08	False	False	False	False	False	False	False	False	
3073778	2553	Q	L		FBN1_cbEGF39-41_Ca3	2485-2606	39,40,41	53	90.5	87.4	38.8	False	9.63	0.1	False	False	False	False	False	False	False	False	
3073823	895	I	L		FBN1_cbEGF9-11_Ca3	807-1069	9,10,11	88	94.9	66.5	33.8	False	14.73	0.04	False	False	False	False	False	False	False	False	
3073824	325	G	A	vus	FBN1_cbEGF1-3_Ca3	246-529	1,2,3	79	87.8	3.5	3.3	True	11.43	0.1	False	False	False	False	False	False	False	False	
3073825	2417	E	G		FBN1_cbEGF35-37_Ca3	2247-2443	35,36,37	26	87.3	112.8	50.6	False	12.26	0.03	False	False	False	False	False	False	False	False	
3073830	1929	I	T		FBN1_cbEGF27-29_Ca3	1849-1972	27,28,29	43	97.0	80.5	40.9	False	7.37	0.03	False	False	False	False	False	False	False	False	
3073835	860	G	E		FBN1_cbEGF9-11_Ca3	807-1069	9,10,11	53	92.5	68.9	66.2	False	27.74	0.03	False	False	False	False	False	False	False	False	
3073867	2419	V	I		FBN1_cbEGF35-37_Ca3	2247-2443	35,36,37	24	95.8	47.7	27.4	False	6.46	0.02	False	False	False	False	False	False	False	False	
3073908	934	K	N		FBN1_cbEGF9-11_Ca3	807-1069	9,10,11	127	87.6	114.5	48.5	False	7.4	0.02	False	False	False	False	False	False	False	False	
3073909	976	R	L		FBN1_cbEGF9-11_Ca3	807-1069	9,10,11	93	83.9	51.9	18.9	True	14.13	0.07	False	False	False	False	False	False	False	False	
3073954	2290	V	I		FBN1_cbEGF35-37_Ca3	2247-2443	35,36,37	43	94.5	63.2	36.3	False	7.25	0.02	False	False	False	False	False	False	False	False	
3073974	2172	V	A		FBN1_cbEGF31-33_Ca3	2013-2205	31,32,33	33	81.6	127.5	73.3	False	9.41	0.27	False	False	False	False	False	False	False	False	
3073978	713	S	G	vus	FBN1_cbEGF5-7_Ca3	572-764	5,6,7	51	89.0	51.9	33.5	False	11.2	0.05	False	False	False	False	False	False	False	False	
3073984	1843	S	F		FBN1_cbEGF25-27_Ca3	1766-1890	25,26,27	47	96.7	125.4	80.9	False	16.35	0.12	False	False	False	False	False	False	False	False	
3075326	2312	G	R		FBN1_cbEGF35-37_Ca3	2247-2443	35,36,37	65	96.4	21.0	20.2	False	4.02	0.03	False	False	False	False	False	False	False	False	
3075336	2492	K	R	vus	FBN1_cbEGF37-39_Ca3	2402-2523	37,38,39	31	86.9	174.6	74.0	False	10.34	0.05	False	False	False	False	False	False	False	False	
3075365	1841	F	L		FBN1_cbEGF25-27_Ca3	1766-1890	25,26,27	49	93.5	109.3	45.5	False	12.16	0.09	False	False	False	False	False	False	False	False	
3075377	496	K	E		FBN1_cbEGF1-3_Ca3	246-529	1,2,3	33	83.1	173.9	73.7	False	9.99	0.4	False	False	False	False	False	False	False	False	
3075456	502	G	R		FBN1_cbEGF1-3_Ca3	246-529	1,2,3	27	90.8	15.2	14.6	True	14.9	0.47	False	False	False	False	False	False	False	False	
3075457	2329	D	N		FBN1_cbEGF35-37_Ca3	2247-2443	35,36,37	82	91.4	48.4	25.1	False	10.93	0.09	False	False	False	False	False	False	False	False	
3075471	2244	M	I	vus	FBN1_cbEGF33-35_Ca3	2166-2290	33,34,35	46	92.1	93.2	41.6	False	14.06	0.04	False	False	False	False	False	False	False	False	
3069692	1372	H	Y		FBN1_cbEGF17-19_Ca3	1280-1403	17,18,19	31	97.2	55.9	24.9	False	8.91	0.05	False	False	False	False	False	False	False	False	
3069693	1730	N	S		FBN1_cbEGF23-25_Ca3	1606-1807	23,24,25	77	96.2	25.2	12.9	True	21.53	0.08	False	False	False	False	False	False	False	False	
3069737	2609	N	D		FBN1_cbEGF41-43_Ca3	2567-2687	41,42,43	42	96.2	60.3	30.9	False	4.39	0.01	False	False	False	True	True	False	False	False	
3069750	1317	K	R	vus	FBN1_cbEGF17-19_Ca3	1280-1403	17,18,19	37	85.6	128.6	54.5	False	11.06	1.16	False	False	False	False	False	False	False	False	
3069755	1480	R	T		FBN1_cbEGF21-23_Ca3	1446-1647	21,22,23	34	80.0	236.0	86.1	False	16.1	1.01	False	False	False	False	False	False	False	False	
3069760	1667	V	L		FBN1_cbEGF23-25_Ca3	1606-1807	23,24,25	61	97.4	122.7	70.5	False	4.57	0.02	False	False	False	False	False	False	False	False	
3069777	2257	D	N		FBN1_cbEGF33-35_Ca3	2166-2290	33,34,35	33	91.6	48.0	24.9	False	11.95	0.09	False	False	False	False	False	False	False	False	
3069786	316	P	S	vus	FBN1_cbEGF1-3_Ca3	246-529	1,2,3	70	81.9	30.7	19.3	True	18.76	0.05	False	False	False	False	False	False	False	False	
3069796	578	I	M		FBN1_cbEGF3-5_Ca3	490-612	3,4,5	34	94.5	102.3	51.9	False	9.97	0.32	False	False	False	False	False	False	False	False	
3069799	2061	C	S		FBN1_cbEGF31-33_Ca3	2013-2205	31,32,33	48	97.7	0.3	0.2	True	15.01	0.07	False	False	False	False	False	True	True	False	2083
3069804	870	T	A		FBN1_cbEGF9-11_Ca3	807-1069	9,10,11	63	95.5	2.6	1.5	True	13.77	0.07	False	False	False	False	False	False	False	False	
3069950	2154	P	L		FBN1_cbEGF31-33_Ca3	2013-2205	31,32,33	51	96.0	63.4	39.9	False	9.79	0.08	False	False	False	False	False	False	False	False	
3069962	600	P	A		FBN1_cbEGF5-7_Ca3	572-764	5,6,7	28	97.2	125.6	79.0	False	7.7	0.04	False	False	False	False	False	False	False	False	
3070008	2387	K	R		FBN1_cbEGF35-37_Ca3	2247-2443	35,36,37	56	86.0	132.8	56.3	False	17.86	0.07	False	False	False	False	False	False	False	False	
3070032	1412	L	Q		FBN1_cbEGF19-21_Ca3	1363-1486	19,20,21	49	86.0	142.8	71.0	False	12.67	0.41	False	False	False	False	False	False	False	False	
3071450	1453	P	R		FBN1_cbEGF19-21_Ca3	1363-1486	19,20,21	33	95.3	108.6	68.3	False	12.98	0.16	False	False	False	False	False	False	False	False	
3071486	1041	H	R		FBN1_cbEGF9-11_Ca3	807-1069	9,10,11	28	91.0	104.0	46.4	False	18.39	0.08	False	False	False	False	False	False	False	False	
3071534	2049	S	R	vus	FBN1_cbEGF31-33_Ca3	2013-2205	31,32,33	36	91.9	55.8	36.0	False	13.28	0.1	False	False	False	False	False	False	False	False	
3071548	1850	R	L		FBN1_cbEGF25-27_Ca3	1766-1890	25,26,27	40	91.4	70.3	25.7	False	2.26	0.02	False	True	True	False	False	False	False	False	
3071567	660	T	I	vus	FBN1_cbEGF5-7_Ca3	572-764	5,6,7	88	96.0	40.6	23.6	False	17.62	0.06	False	False	False	False	False	False	False	False	
3071606	1314	K	R	vus	FBN1_cbEGF17-19_Ca3	1280-1403	17,18,19	34	83.3	142.7	60.5	False	12.8	0.82	False	False	False	False	False	False	False	False	
3071695	669	Q	L		FBN1_cbEGF5-7_Ca3	572-764	5,6,7	95	87.5	127.1	56.5	False	24.4	0.16	False	False	False	False	False	False	False	False	
3071741	1275	M	T		FBN1_cbEGF15-17_Ca3	1197-1321	15,16,17	46	92.9	91.6	40.9	False	11.65	0.07	False	False	False	False	False	False	False	False	
3071749	1399	G	D		FBN1_cbEGF19-21_Ca3	1363-1486	19,20,21	36	98.8	0.4	0.4	True	15.26	0.06	False	False	False	False	False	False	False	False	
3071754	1190	P	R	vus	FBN1_cbEGF13-15_Ca3	1113-1237	13,14,15	47	98.1	143.2	90.0	False	16.14	0.07	False	False	False	False	False	False	False	False	
3071788	1175	I	M		FBN1_cbEGF13-15_Ca3	1113-1237	13,14,15	62	95.4	146.1	74.2	False	4.64	0.01	False	False	False	False	False	False	False	False	
3071789	307	T	R		FBN1_cbEGF1-3_Ca3	246-529	1,2,3	61	92.6	58.9	34.2	False	2.5	0.02	False	True	True	False	False	False	False	False	
3073182	1247	N	S	vus	FBN1_cbEGF15-17_Ca3	1197-1321	15,16,17	50	92.3	109.9	56.3	False	14.01	0.04	False	False	False	False	False	False	False	False	
3073186	1092	D	N		FBN1_cbEGF11-13_Ca3	1028-1154	11,12,13	62	95.8	61.8	32.0	False	2.52	0.03	False	True	True	False	False	False	False	False	
3073231	1029	I	V	vus	FBN1_cbEGF9-11_Ca3	807-1069	9,10,11	40	95.6	11.6	5.9	True	2.36	0.02	False	True	True	False	False	False	False	False	
3073267	1939	G	E		FBN1_cbEGF27-29_Ca3	1849-1972	27,28,29	33	87.9	74.3	71.5	False	15.15	0.2	False	False	False	False	False	False	False	False	
3073293	581	M	I		FBN1_cbEGF3-5_Ca3	490-612	3,4,5	31	95.1	41.5	18.5	True	9.2	0.12	False	False	False	False	False	False	False	False	
3073335	989	G	A		FBN1_cbEGF9-11_Ca3	807-1069	9,10,11	80	95.4	2.3	2.2	True	20.74	0.08	False	False	False	False	False	False	False	False	
3073476	701	A	G		FBN1_cbEGF5-7_Ca3	572-764	5,6,7	63	95.1	57.8	44.8	False	19.23	0.17	False	False	False	False	False	False	False	False	
3073516	902	R	G	vus	FBN1_cbEGF9-11_Ca3	807-1069	9,10,11	95	93.6	16.3	6.0	True	12.13	0.05	False	False	False	False	False	False	False	False	
3073567	2391	P	S		FBN1_cbEGF35-37_Ca3	2247-2443	35,36,37	52	94.6	75.8	47.7	False	14.78	0.06	False	False	False	False	False	False	False	False	
3074967	269	F	L		FBN1_cbEGF1-3_Ca3	246-529	1,2,3	23	91.5	54.3	22.6	False	4.73	0.27	False	False	False	True	True	False	False	False	
3074975	2058	M	T		FBN1_cbEGF31-33_Ca3	2013-2205	31,32,33	45	91.8	115.0	51.3	False	16.69	0.12	False	False	False	False	False	False	False	False	
3075000	2311	R	C		FBN1_cbEGF35-37_Ca3	2247-2443	35,36,37	64	82.5	208.5	76.1	False	4.56	0.01	False	False	False	False	False	False	False	True	
3075005	2436	D	N	vus	FBN1_cbEGF37-39_Ca3	2402-2523	37,38,39	34	96.4	40.4	20.9	False	13.33	0.06	False	False	False	False	False	False	False	False	
3075006	492	D	N		FBN1_cbEGF1-3_Ca3	246-529	1,2,3	37	90.5	59.6	30.9	False	4.46	0.12	False	False	False	True	True	False	False	False	
3075011	2037	K	T		FBN1_cbEGF31-33_Ca3	2013-2205	31,32,33	24	85.1	124.6	52.8	False	7.28	0.03	False	False	False	False	False	False	False	False	
3075108	330	D	G	vus	FBN1_cbEGF1-3_Ca3	246-529	1,2,3	84	85.5	10.4	5.4	True	22.05	0.11	False	False	False	False	False	False	False	False	
3075140	1150	I	M	vus	FBN1_cbEGF13-15_Ca3	1113-1237	13,14,15	37	91.1	87.1	44.2	False	15.22	1.56	False	False	False	False	False	False	False	False	
3075148	406	L	I		FBN1_cbEGF1-3_Ca3	246-529	1,2,3	123	36.2	168.4	83.8	False	35.19	8.66	False	False	False	False	False	False	False	False	
3075193	1878	T	I		FBN1_cbEGF27-29_Ca3	1849-1972	27,28,29	29	95.9	135.4	78.7	False	7.88	0.03	False	False	False	False	False	False	False	False	
3075210	408	P	S		FBN1_cbEGF1-3_Ca3	246-529	1,2,3	121	42.0	131.6	82.8	False	38.33	9.56	False	False	False	False	False	False	False	False	
3075228	485	R	H	vus	FBN1_cbEGF1-3_Ca3	246-529	1,2,3	44	54.1	52.8	19.3	True	17.35	0.89	False	False	False	False	False	False	False	False	
3075232	1560	A	P	vus	FBN1_cbEGF21-23_Ca3	1446-1647	21,22,23	87	98.9	8.3	6.5	True	10.77	0.05	False	False	False	False	False	False	False	False	
3075284	266	V	F	vus	FBN1_cbEGF1-3_Ca3	246-529	1,2,3	20	91.1	143.5	82.5	False	4.64	0.22	False	False	False	False	False	False	False	False	
3075766	1431	C	R		FBN1_cbEGF19-21_Ca3	1363-1486	19,20,21	55	98.6	31.2	18.7	True	11.87	0.07	False	False	False	False	False	True	True	False	1444
3230427	262	C	F		FBN1_cbEGF1-3_Ca3	246-529	1,2,3	16	94.6	33.8	20.3	False	8.58	0.1	False	False	False	False	False	True	True	False	250
3230410	810	E	G		FBN1_cbEGF7-9_Ca3	723-846	7,8,9	36	98.2	32.8	14.7	True	2.43	0.03	True	False	True	True	False	False	False	False	
3230414	1288	P	S		FBN1_cbEGF15-17_Ca3	1197-1321	15,16,17	33	92.0	111.1	69.9	False	12.54	0.1	False	False	False	False	False	False	False	False	
3230417	1444	C	F		FBN1_cbEGF19-21_Ca3	1363-1486	19,20,21	42	98.6	15.3	9.1	True	10.57	0.04	False	False	False	False	False	True	True	False	1431
3234950	2130	E	A		FBN1_cbEGF31-33_Ca3	2013-2205	31,32,33	75	94.6	6.7	3.0	True	2.48	0.03	True	False	True	True	False	False	False	False	
3236095	2148	S	P		FBN1_cbEGF31-33_Ca3	2013-2205	31,32,33	57	94.8	54.8	35.4	False	2.48	0.02	False	True	True	False	False	False	False	False	
3237352	2013	D	N		FBN1_cbEGF29-31_Ca3	1930-2054	29,30,31	41	97.8	37.0	19.2	True	2.62	0.02	True	False	True	True	False	False	False	False	
3237522	2448	C	Y	pathogenic	FBN1_cbEGF37-39_Ca3	2402-2523	37,38,39	46	98.5	21.1	12.6	True	6.42	0.02	False	False	False	False	False	True	True	False	2459
3238852	1036	P	R		FBN1_cbEGF9-11_Ca3	807-1069	9,10,11	33	89.0	109.2	68.7	False	12.62	0.06	False	False	False	False	False	False	False	False	
3251279	2052	R	T	vus	FBN1_cbEGF31-33_Ca3	2013-2205	31,32,33	39	83.2	25.5	9.3	True	14.85	0.15	False	False	False	False	False	False	False	False	
3251805	2107	F	S	vus	FBN1_cbEGF31-33_Ca3	2013-2205	31,32,33	94	93.5	13.1	5.5	True	14.03	0.22	False	False	False	False	False	False	False	False	
3253127	2406	C	S		FBN1_cbEGF35-37_Ca3	2247-2443	35,36,37	37	93.2	43.7	26.1	False	6.56	0.03	False	False	False	False	False	True	True	False	2418
3254610	1086	C	S		FBN1_cbEGF11-13_Ca3	1028-1154	11,12,13	58	97.8	24.5	14.7	True	8.2	0.04	False	False	False	False	False	True	True	False	1074
3255130	767	N	Y		FBN1_cbEGF7-9_Ca3	723-846	7,8,9	44	97.6	61.6	31.6	False	4.38	0.02	False	False	False	True	True	False	False	False	
3256597	741	N	K		FBN1_cbEGF5-7_Ca3	572-764	5,6,7	23	98.1	53.1	27.2	False	2.28	0.02	True	False	True	True	False	False	False	False	
3256965	2308	L	F	vus	FBN1_cbEGF35-37_Ca3	2247-2443	35,36,37	61	92.0	63.6	31.6	False	6.52	0.05	False	False	False	False	False	False	False	False	
3277940	2517	Q	R		FBN1_cbEGF39-41_Ca3	2485-2606	39,40,41	32	87.7	68.5	30.5	False	12.22	0.06	False	False	False	False	False	False	False	False	
3277943	1252	G	V	vus	FBN1_cbEGF15-17_Ca3	1197-1321	15,16,17	55	98.3	13.5	13.0	True	12.68	0.07	False	False	False	False	False	False	False	False	
3277945	479	G	R		FBN1_cbEGF1-3_Ca3	246-529	1,2,3	50	93.1	16.3	15.7	True	4.71	0.7	False	False	False	False	False	False	False	False	
3277955	1521	P	A	vus	FBN1_cbEGF21-23_Ca3	1446-1647	21,22,23	75	95.1	109.9	69.1	False	17.25	0.5	False	False	False	False	False	False	False	False	
3277956	2644	G	R		FBN1_cbEGF41-43_Ca3	2567-2687	41,42,43	43	83.2	16.2	15.6	True	17.21	0.71	False	False	False	False	False	False	False	False	
3336387	1483	G	A	vus	FBN1_cbEGF21-23_Ca3	1446-1647	21,22,23	37	95.4	7.4	7.2	True	12.03	0.14	False	False	False	False	False	False	False	False	
3337098	2372	G	D	vus	FBN1_cbEGF35-37_Ca3	2247-2443	35,36,37	71	97.8	4.0	3.8	True	19.63	0.06	False	False	False	False	False	False	False	False	
3337101	821	C	S		FBN1_cbEGF7-9_Ca3	723-846	7,8,9	25	98.6	30.9	18.5	True	8.08	0.07	False	False	False	False	False	True	True	False	811
3338879	1404	D	Y		FBN1_cbEGF19-21_Ca3	1363-1486	19,20,21	41	98.2	48.2	25.0	False	2.61	0.03	True	False	True	True	False	False	False	False	
3340207	754	Y	H	vus	FBN1_cbEGF7-9_Ca3	723-846	7,8,9	31	98.8	33.0	12.6	True	6.84	0.03	False	False	False	False	False	False	False	False	
3340335	1261	Y	N		FBN1_cbEGF15-17_Ca3	1197-1321	15,16,17	60	98.5	26.1	9.9	True	4.64	0.03	False	False	False	True	True	False	False	False	
3340395	1832	R	P		FBN1_cbEGF25-27_Ca3	1766-1890	25,26,27	58	93.7	119.4	43.6	False	7.46	0.03	False	False	False	False	False	False	False	False	
3340917	1458	F	L		FBN1_cbEGF19-21_Ca3	1363-1486	19,20,21	28	96.0	91.1	38.0	False	17.76	0.18	False	False	False	False	False	False	False	False	
3341053	1687	C	S		FBN1_cbEGF23-25_Ca3	1606-1807	23,24,25	81	93.5	1.1	0.6	True	16.04	0.1	False	False	False	False	False	True	True	False	1674
3343596	1179	Q	K	vus	FBN1_cbEGF13-15_Ca3	1113-1237	13,14,15	58	94.9	43.3	19.2	True	7.37	0.02	False	False	False	False	False	False	False	False	
3347020	322	S	F		FBN1_cbEGF1-3_Ca3	246-529	1,2,3	76	79.0	10.9	7.0	True	14.97	0.11	False	False	False	False	False	False	False	False	
3346435	1950	T	I		FBN1_cbEGF27-29_Ca3	1849-1972	27,28,29	22	98.0	43.5	25.3	False	2.44	0.01	False	True	True	False	False	False	False	False	
3347426	293	S	C		FBN1_cbEGF1-3_Ca3	246-529	1,2,3	47	92.3	81.8	52.8	False	8.57	0.06	False	False	False	False	False	False	False	True	
3362270	1408	C	F		FBN1_cbEGF19-21_Ca3	1363-1486	19,20,21	45	97.7	14.7	8.8	True	6.36	0.03	False	False	False	False	False	True	True	False	1420
3362686	2038	C	W		FBN1_cbEGF31-33_Ca3	2013-2205	31,32,33	25	96.7	13.4	8.0	True	10.66	0.05	False	False	False	False	False	True	True	False	2024
3363725	1137	R	G		FBN1_cbEGF13-15_Ca3	1113-1237	13,14,15	24	89.2	129.0	47.1	False	7.34	0.05	False	False	False	False	False	False	False	False	
3364149	953	I	V		FBN1_cbEGF9-11_Ca3	807-1069	9,10,11	116	80.8	90.1	45.7	False	20.05	0.13	False	False	False	False	False	False	False	False	
3365054	266	V	A		FBN1_cbEGF1-3_Ca3	246-529	1,2,3	20	91.1	143.5	82.5	False	4.64	0.22	False	False	False	False	False	False	False	False	
3365104	294	T	I	vus	FBN1_cbEGF1-3_Ca3	246-529	1,2,3	48	90.6	75.0	43.6	False	7.9	0.18	False	False	False	False	False	False	False	False	
3365532	733	I	V		FBN1_cbEGF5-7_Ca3	572-764	5,6,7	31	96.0	29.0	14.7	True	8.94	0.07	False	False	False	False	False	False	False	False	
3366271	2080	K	T		FBN1_cbEGF31-33_Ca3	2013-2205	31,32,33	67	92.9	36.3	15.4	True	15.06	0.1	False	False	False	False	False	False	False	False	
3366301	1252	G	S		FBN1_cbEGF15-17_Ca3	1197-1321	15,16,17	55	98.3	13.5	13.0	True	12.68	0.07	False	False	False	False	False	False	False	False	
3366453	2513	P	R		FBN1_cbEGF39-41_Ca3	2485-2606	39,40,41	28	96.2	123.6	77.7	False	7.52	0.09	False	False	False	False	False	False	False	False	
3366517	2563	S	F	vus	FBN1_cbEGF39-41_Ca3	2485-2606	39,40,41	43	89.9	36.4	23.5	False	12.52	0.29	False	False	False	False	False	False	False	False	
3369313	551	G	D	vus	FBN1_cbEGF3-5_Ca3	490-612	3,4,5	61	97.2	18.1	17.4	True	4.03	0.04	False	False	False	False	False	False	False	False	
3369611	1282	N	K		FBN1_cbEGF15-17_Ca3	1197-1321	15,16,17	39	97.6	51.4	26.4	False	4.36	0.01	False	False	False	True	True	False	False	False	
3369794	1816	P	R		FBN1_cbEGF25-27_Ca3	1766-1890	25,26,27	50	90.9	143.1	90.0	False	13.85	0.17	False	False	False	False	False	False	False	False	
3369921	333	P	R		FBN1_cbEGF1-3_Ca3	246-529	1,2,3	87	80.8	20.4	12.8	True	20.97	5.85	False	False	False	False	False	False	False	False	
3371051	793	P	L		FBN1_cbEGF7-9_Ca3	723-846	7,8,9	53	98.4	60.8	38.2	False	9.58	0.06	False	False	False	False	False	False	False	False	
3371339	1691	R	T		FBN1_cbEGF23-25_Ca3	1606-1807	23,24,25	85	93.0	95.5	34.8	False	19.82	0.12	False	False	False	False	False	False	False	False	
3371966	2653	G	S		FBN1_cbEGF41-43_Ca3	2567-2687	41,42,43	34	88.9	61.5	59.2	False	8.29	0.03	False	False	False	False	False	False	False	False	
3373223	826	G	A		FBN1_cbEGF7-9_Ca3	723-846	7,8,9	20	98.4	21.9	21.1	False	4.02	0.04	False	False	False	False	False	False	False	False	
3375611	1493	D	N		FBN1_cbEGF21-23_Ca3	1446-1647	21,22,23	47	94.4	66.1	34.3	False	10.12	0.05	False	False	False	False	False	False	False	False	
3375811	262	C	W		FBN1_cbEGF1-3_Ca3	246-529	1,2,3	16	94.6	33.8	20.3	False	8.58	0.1	False	False	False	False	False	True	True	False	250
3376406	2153	C	Y	pathogenic	FBN1_cbEGF31-33_Ca3	2013-2205	31,32,33	52	97.6	37.8	22.6	False	12.06	0.1	False	False	False	False	False	True	True	False	2164
3376563	896	C	F		FBN1_cbEGF9-11_Ca3	807-1069	9,10,11	89	97.1	15.4	9.2	True	10.91	0.06	False	False	False	False	False	True	True	False	908
3376597	877	S	Y		FBN1_cbEGF9-11_Ca3	807-1069	9,10,11	70	93.9	5.3	3.4	True	8.54	0.05	False	False	False	False	False	False	False	False	
3376649	908	C	W		FBN1_cbEGF9-11_Ca3	807-1069	9,10,11	101	97.2	55.2	33.1	False	10.57	0.02	False	False	False	False	False	True	True	False	896
3376889	1583	S	F		FBN1_cbEGF21-23_Ca3	1446-1647	21,22,23	64	95.3	74.9	48.3	False	21.52	0.09	False	False	False	False	False	False	False	False	
3381735	1503	V	L		FBN1_cbEGF21-23_Ca3	1446-1647	21,22,23	57	97.8	63.5	36.5	False	6.54	0.03	False	False	False	False	False	False	False	False	
3382176	2442	C	W		FBN1_cbEGF37-39_Ca3	2402-2523	37,38,39	40	98.7	16.5	9.9	True	10.6	0.02	False	False	False	False	False	True	True	False	2429
3382285	1919	G	D		FBN1_cbEGF27-29_Ca3	1849-1972	27,28,29	53	98.5	22.2	21.4	False	4.73	0.01	False	False	False	False	False	False	False	False	
3382365	1310	G	D	pathogenic	FBN1_cbEGF17-19_Ca3	1280-1403	17,18,19	30	98.2	19.2	18.5	True	4.65	0.05	False	False	False	False	False	False	False	False	
3383081	1333	C	G		FBN1_cbEGF17-19_Ca3	1280-1403	17,18,19	53	98.7	20.3	12.2	True	11.08	0.04	False	False	False	False	False	True	True	False	1348
3383131	1513	C	S		FBN1_cbEGF21-23_Ca3	1446-1647	21,22,23	67	98.7	38.3	22.9	False	16.65	0.06	False	False	False	False	False	True	True	False	1526
3384911	1845	G	E	vus	FBN1_cbEGF25-27_Ca3	1766-1890	25,26,27	45	97.0	38.0	36.6	False	16.84	0.06	False	False	False	False	False	False	False	False	
3385056	1486	T	A	vus	FBN1_cbEGF21-23_Ca3	1446-1647	21,22,23	40	95.0	65.3	37.9	False	7.34	0.03	False	False	False	False	False	False	False	False	
3386749	2668	G	S		FBN1_cbEGF41-43_Ca3	2567-2687	41,42,43	19	94.9	29.1	28.0	False	4.11	0.01	False	False	False	False	False	False	False	False	
3386750	2658	P	S		FBN1_cbEGF41-43_Ca3	2567-2687	41,42,43	29	87.2	52.3	32.9	False	9.31	0.09	False	False	False	False	False	False	False	False	
3386751	2657	A	S		FBN1_cbEGF41-43_Ca3	2567-2687	41,42,43	30	81.5	71.2	55.2	False	12.65	0.12	False	False	False	False	False	False	False	False	
3386753	2616	I	N		FBN1_cbEGF41-43_Ca3	2567-2687	41,42,43	49	89.4	60.6	30.8	False	9.37	0.18	False	False	False	False	False	False	False	False	
3386754	2568	V	L		FBN1_cbEGF39-41_Ca3	2485-2606	39,40,41	38	96.5	54.3	31.2	False	2.29	0.02	False	True	True	False	False	False	False	False	
3386757	2492	K	N		FBN1_cbEGF37-39_Ca3	2402-2523	37,38,39	31	86.9	174.6	74.0	False	10.34	0.05	False	False	False	False	False	False	False	False	
3386758	2454	P	S		FBN1_cbEGF37-39_Ca3	2402-2523	37,38,39	52	97.5	25.8	16.2	True	9.16	0.04	False	False	False	False	False	False	False	False	
3386760	2398	T	S		FBN1_cbEGF35-37_Ca3	2247-2443	35,36,37	45	93.0	31.5	18.3	True	12.34	0.03	False	False	False	False	False	False	False	False	
3386761	2373	P	L	vus	FBN1_cbEGF35-37_Ca3	2247-2443	35,36,37	70	95.6	113.2	71.2	False	22.91	0.07	False	False	False	False	False	False	False	False	
3386762	2340	F	L		FBN1_cbEGF35-37_Ca3	2247-2443	35,36,37	93	97.1	15.4	6.4	True	16.65	0.09	False	False	False	False	False	False	False	False	
3386763	2323	T	I		FBN1_cbEGF35-37_Ca3	2247-2443	35,36,37	76	91.7	72.3	42.0	False	19.18	0.06	False	False	False	False	False	False	False	False	
3386765	2300	G	E		FBN1_cbEGF35-37_Ca3	2247-2443	35,36,37	53	92.0	53.0	50.9	False	13.73	0.07	False	False	False	False	False	False	False	False	
3386766	2234	V	L		FBN1_cbEGF33-35_Ca3	2166-2290	33,34,35	56	95.7	149.7	86.0	False	7.99	0.06	False	False	False	False	False	False	False	False	
3386767	2212	Q	R		FBN1_cbEGF33-35_Ca3	2166-2290	33,34,35	46	91.8	119.0	52.9	False	8.55	0.01	False	False	False	False	False	False	False	False	
3386769	2180	T	N		FBN1_cbEGF31-33_Ca3	2013-2205	31,32,33	25	91.2	94.1	54.7	False	12.32	0.04	False	False	False	False	False	False	False	False	
3386770	2158	I	V		FBN1_cbEGF31-33_Ca3	2013-2205	31,32,33	47	89.5	97.5	49.5	False	8.77	0.11	False	False	False	False	False	False	False	False	
3386773	2116	G	R		FBN1_cbEGF31-33_Ca3	2013-2205	31,32,33	89	96.2	4.3	4.1	True	4.71	0.05	False	False	False	False	False	False	False	False	
3386774	2104	D	G		FBN1_cbEGF31-33_Ca3	2013-2205	31,32,33	91	89.2	75.4	39.1	False	21.0	0.25	False	False	False	False	False	False	False	False	
3386775	2076	R	K		FBN1_cbEGF31-33_Ca3	2013-2205	31,32,33	63	80.6	116.1	42.4	False	13.16	1.54	False	False	False	False	False	False	False	False	
3386776	2056	L	S		FBN1_cbEGF31-33_Ca3	2013-2205	31,32,33	43	86.5	104.2	51.8	False	18.5	0.36	False	False	False	False	False	False	False	False	
3386777	2008	N	K		FBN1_cbEGF29-31_Ca3	1930-2054	29,30,31	46	85.3	136.8	70.2	False	15.87	0.3	False	False	False	False	False	False	False	False	
3386779	1911	S	F		FBN1_cbEGF27-29_Ca3	1849-1972	27,28,29	61	96.7	48.8	31.5	False	2.56	0.02	False	True	True	False	False	False	False	False	
3386783	1845	G	A		FBN1_cbEGF25-27_Ca3	1766-1890	25,26,27	45	97.0	38.0	36.6	False	16.84	0.06	False	False	False	False	False	False	False	False	
3386784	1822	A	G		FBN1_cbEGF25-27_Ca3	1766-1890	25,26,27	56	98.4	13.9	10.8	True	14.16	0.08	False	False	False	False	False	False	False	False	
3386785	1816	P	L		FBN1_cbEGF25-27_Ca3	1766-1890	25,26,27	50	90.9	143.1	90.0	False	13.85	0.17	False	False	False	False	False	False	False	False	
3386787	1741	T	I	vus	FBN1_cbEGF23-25_Ca3	1606-1807	23,24,25	66	97.0	52.1	30.3	False	19.05	0.03	False	False	False	False	False	False	False	False	
3386789	1701	A	D		FBN1_cbEGF23-25_Ca3	1606-1807	23,24,25	95	96.4	75.0	58.2	False	26.75	0.17	False	False	False	False	False	False	False	False	
3386790	1698	N	D	vus	FBN1_cbEGF23-25_Ca3	1606-1807	23,24,25	92	95.8	62.4	32.0	False	19.71	0.08	False	False	False	False	False	False	False	False	
3386791	1544	N	S		FBN1_cbEGF21-23_Ca3	1446-1647	21,22,23	98	63.9	139.8	71.7	False	35.32	2.21	False	False	False	False	False	False	False	False	
3386795	1503	V	A	vus	FBN1_cbEGF21-23_Ca3	1446-1647	21,22,23	57	97.8	63.5	36.5	False	6.54	0.03	False	False	False	False	False	False	False	False	
3386797	1478	L	P		FBN1_cbEGF21-23_Ca3	1446-1647	21,22,23	32	95.7	85.7	42.6	False	12.18	0.05	False	False	False	False	False	False	False	False	
3386798	1474	I	V		FBN1_cbEGF21-23_Ca3	1446-1647	21,22,23	28	92.0	170.2	86.4	False	7.73	0.08	False	False	False	False	False	False	False	False	
3386799	1471	E	Q		FBN1_cbEGF21-23_Ca3	1446-1647	21,22,23	25	90.8	81.1	36.4	False	13.35	0.05	False	False	False	False	False	False	False	False	
3386801	1414	L	F	vus	FBN1_cbEGF19-21_Ca3	1363-1486	19,20,21	51	95.8	53.6	26.6	False	8.53	0.1	False	False	False	False	False	False	False	False	
3386802	1399	G	R		FBN1_cbEGF19-21_Ca3	1363-1486	19,20,21	36	98.8	0.4	0.4	True	15.26	0.06	False	False	False	False	False	False	False	False	
3386803	1376	Q	H		FBN1_cbEGF17-19_Ca3	1280-1403	17,18,19	27	90.6	152.8	67.9	False	17.98	0.03	False	False	False	False	False	False	False	False	
3386805	1372	H	R	vus	FBN1_cbEGF17-19_Ca3	1280-1403	17,18,19	31	97.2	55.9	24.9	False	8.91	0.05	False	False	False	False	False	False	False	False	
3386806	1369	N	D	vus	FBN1_cbEGF17-19_Ca3	1280-1403	17,18,19	34	95.6	73.3	37.6	False	8.25	0.19	False	False	False	False	False	False	False	False	
3386807	1365	D	N		FBN1_cbEGF17-19_Ca3	1280-1403	17,18,19	38	98.5	52.9	27.4	False	4.27	0.02	False	False	False	True	True	False	False	False	
3386808	1357	D	V		FBN1_cbEGF17-19_Ca3	1280-1403	17,18,19	46	97.5	100.4	52.0	False	15.35	0.04	False	False	False	False	False	False	False	False	
3386809	1355	I	T		FBN1_cbEGF17-19_Ca3	1280-1403	17,18,19	48	92.8	88.3	44.8	False	8.51	0.04	False	False	False	False	False	False	False	False	
3386810	1355	I	N		FBN1_cbEGF17-19_Ca3	1280-1403	17,18,19	48	92.8	88.3	44.8	False	8.51	0.04	False	False	False	False	False	False	False	False	
3386811	1321	T	A		FBN1_cbEGF17-19_Ca3	1280-1403	17,18,19	41	95.7	92.0	53.5	False	7.32	0.04	False	False	False	False	False	False	False	False	
3386812	1209	E	G		FBN1_cbEGF13-15_Ca3	1113-1237	13,14,15	28	97.4	111.1	49.8	False	15.73	0.02	False	False	False	False	False	False	False	False	
3386813	1207	G	A		FBN1_cbEGF13-15_Ca3	1113-1237	13,14,15	30	98.6	38.3	36.9	False	11.78	0.03	False	False	False	False	False	False	False	False	
3386814	1190	P	A		FBN1_cbEGF13-15_Ca3	1113-1237	13,14,15	47	98.1	143.2	90.0	False	16.14	0.07	False	False	False	False	False	False	False	False	
3386815	1156	I	N		FBN1_cbEGF13-15_Ca3	1113-1237	13,14,15	43	97.6	39.7	20.1	False	2.32	0.01	False	True	True	False	False	False	False	False	
3386816	1149	N	T	vus	FBN1_cbEGF13-15_Ca3	1113-1237	13,14,15	36	88.9	131.4	67.4	False	17.2	1.13	False	False	False	False	False	False	False	False	
3386817	1128	V	I		FBN1_cbEGF11-13_Ca3	1028-1154	11,12,13	26	96.5	81.6	46.9	False	12.35	0.03	False	False	False	False	False	False	False	False	
3386820	1069	T	I	vus	FBN1_cbEGF11-13_Ca3	1028-1154	11,12,13	41	94.9	70.0	40.7	False	7.27	0.02	False	False	False	False	False	False	False	False	
3386821	1057	S	N	vus	FBN1_cbEGF11-13_Ca3	1028-1154	11,12,13	29	96.6	104.7	67.6	False	7.46	0.08	False	False	False	False	False	False	False	False	
3386825	998	M	I		FBN1_cbEGF9-11_Ca3	807-1069	9,10,11	71	87.7	129.3	57.7	False	18.41	0.12	False	False	False	False	False	False	False	False	
3386826	994	E	A		FBN1_cbEGF9-11_Ca3	807-1069	9,10,11	75	84.2	109.1	48.9	False	20.99	0.1	False	False	False	False	False	False	False	False	
3386828	951	L	V		FBN1_cbEGF9-11_Ca3	807-1069	9,10,11	118	80.5	27.1	13.5	True	19.18	0.31	False	False	False	False	False	False	False	False	
3386829	949	I	T		FBN1_cbEGF9-11_Ca3	807-1069	9,10,11	120	81.5	14.9	7.5	True	16.65	0.07	False	False	False	False	False	False	False	False	
3386831	939	S	G		FBN1_cbEGF9-11_Ca3	807-1069	9,10,11	130	81.5	119.0	76.8	False	22.6	0.14	False	False	False	False	False	False	False	False	
3386832	911	I	T	vus	FBN1_cbEGF9-11_Ca3	807-1069	9,10,11	104	95.7	7.6	3.8	True	2.32	0.02	False	True	True	False	False	False	False	False	
3386835	872	K	R		FBN1_cbEGF9-11_Ca3	807-1069	9,10,11	65	93.2	52.3	22.1	False	14.38	0.05	False	False	False	False	False	False	False	False	
3386836	869	A	D		FBN1_cbEGF9-11_Ca3	807-1069	9,10,11	62	96.5	56.6	43.9	False	16.4	0.09	False	False	False	False	False	False	False	False	
3386837	863	E	A	vus	FBN1_cbEGF9-11_Ca3	807-1069	9,10,11	56	86.9	52.4	23.5	False	20.54	0.08	False	False	False	False	False	False	False	False	
3386839	820	V	I		FBN1_cbEGF7-9_Ca3	723-846	7,8,9	26	97.8	87.7	50.4	False	12.31	0.04	False	False	False	False	False	False	False	False	
3386840	751	N	H	vus	FBN1_cbEGF7-9_Ca3	723-846	7,8,9	28	97.7	67.1	34.4	False	9.57	0.04	False	False	False	False	False	False	False	False	
3386842	713	S	N		FBN1_cbEGF5-7_Ca3	572-764	5,6,7	51	89.0	51.9	33.5	False	11.2	0.05	False	False	False	False	False	False	False	False	
3386844	671	I	L		FBN1_cbEGF5-7_Ca3	572-764	5,6,7	93	92.7	78.2	39.7	False	19.62	0.17	False	False	False	False	False	False	False	False	
3386845	573	M	I		FBN1_cbEGF3-5_Ca3	490-612	3,4,5	39	93.3	76.7	34.2	False	2.35	0.02	False	True	True	False	False	False	False	False	
3386846	560	G	A		FBN1_cbEGF3-5_Ca3	490-612	3,4,5	52	98.1	17.7	17.0	True	4.7	0.08	False	False	False	False	False	False	False	False	
3386850	501	G	C		FBN1_cbEGF1-3_Ca3	246-529	1,2,3	28	84.4	25.0	24.0	False	17.55	0.43	False	False	False	False	False	False	False	True	
3386852	468	T	I	vus	FBN1_cbEGF1-3_Ca3	246-529	1,2,3	61	68.1	37.3	21.7	False	25.82	0.68	False	False	False	False	False	False	False	False	
3386853	456	V	I		FBN1_cbEGF1-3_Ca3	246-529	1,2,3	73	57.3	3.8	2.2	True	22.97	0.49	False	False	False	False	False	False	False	False	
3386855	423	P	L	vus	FBN1_cbEGF1-3_Ca3	246-529	1,2,3	106	44.3	125.9	79.2	False	58.13	16.31	False	False	False	False	False	False	False	False	
3386856	410	P	L		FBN1_cbEGF1-3_Ca3	246-529	1,2,3	119	42.2	103.2	64.9	False	41.02	9.73	False	False	False	False	False	False	False	False	
3386859	339	A	P		FBN1_cbEGF1-3_Ca3	246-529	1,2,3	93	92.4	32.2	24.9	False	32.57	7.01	False	False	False	False	False	False	False	False	
3386860	338	T	R		FBN1_cbEGF1-3_Ca3	246-529	1,2,3	92	90.1	38.7	22.5	False	29.45	5.88	False	False	False	False	False	False	False	False	
3386863	290	D	V	vus	FBN1_cbEGF1-3_Ca3	246-529	1,2,3	44	95.8	52.2	27.1	False	4.35	0.06	False	False	False	True	True	False	False	False	
3389815	663	G	D		FBN1_cbEGF5-7_Ca3	572-764	5,6,7	91	97.8	21.9	21.0	False	16.03	0.16	False	False	False	False	False	False	False	False	
3390654	937	C	G		FBN1_cbEGF9-11_Ca3	807-1069	9,10,11	130	93.6	34.0	20.4	False	16.67	0.07	False	False	False	False	False	True	True	False	950
3390980	937	C	F		FBN1_cbEGF9-11_Ca3	807-1069	9,10,11	130	93.6	34.0	20.4	False	16.67	0.07	False	False	False	False	False	True	True	False	950
3513517	534	C	R		FBN1_cbEGF3-5_Ca3	490-612	3,4,5	44	97.4	41.1	24.6	False	6.39	0.01	False	False	False	False	False	True	True	False	546
3513518	1175	I	T		FBN1_cbEGF13-15_Ca3	1113-1237	13,14,15	62	95.4	146.1	74.2	False	4.64	0.01	False	False	False	False	False	False	False	False	
3513520	1265	C	G		FBN1_cbEGF15-17_Ca3	1197-1321	15,16,17	56	98.5	38.3	22.9	False	11.99	0.08	False	False	False	False	False	True	True	False	1278
3513521	1806	C	S		FBN1_cbEGF25-27_Ca3	1766-1890	25,26,27	40	98.8	0.1	0.0	True	10.69	0.03	False	False	False	False	False	True	True	False	1793
3513526	2069	K	R	vus	FBN1_cbEGF31-33_Ca3	2013-2205	31,32,33	56	84.6	152.3	64.5	False	26.24	0.15	False	False	False	False	False	False	False	False	
3513531	2527	E	K	vus	FBN1_cbEGF39-41_Ca3	2485-2606	39,40,41	42	96.1	32.6	14.6	True	2.51	0.03	True	False	True	True	False	False	False	False	
3513532	1879	G	S		FBN1_cbEGF27-29_Ca3	1849-1972	27,28,29	30	98.2	10.9	10.5	True	4.63	0.02	False	False	False	False	False	False	False	False	
3513534	2530	S	A		FBN1_cbEGF39-41_Ca3	2485-2606	39,40,41	45	91.7	98.5	63.6	False	8.4	0.09	False	False	False	False	False	False	False	False	
3513536	1569	A	T		FBN1_cbEGF21-23_Ca3	1446-1647	21,22,23	78	97.9	0.0	0.0	True	17.32	0.04	False	False	False	False	False	False	False	False	
3513547	2231	K	R		FBN1_cbEGF33-35_Ca3	2166-2290	33,34,35	59	92.0	86.6	36.7	False	13.13	0.25	False	False	False	False	False	False	False	False	
3513548	594	F	L		FBN1_cbEGF5-7_Ca3	572-764	5,6,7	22	96.4	40.9	17.0	True	4.67	0.03	False	False	False	True	True	False	False	False	
3513579	1226	G	R		FBN1_cbEGF15-17_Ca3	1197-1321	15,16,17	29	98.5	19.5	18.8	True	4.64	0.02	False	False	False	False	False	False	False	False	
3513580	2576	R	G		FBN1_cbEGF39-41_Ca3	2485-2606	39,40,41	30	76.7	169.7	61.9	False	11.64	0.78	False	False	False	False	False	False	False	False	
3513581	1303	F	C		FBN1_cbEGF17-19_Ca3	1280-1403	17,18,19	23	96.4	15.9	6.6	True	4.64	0.05	False	False	False	True	True	False	False	True	
3572463	1733	C	F		FBN1_cbEGF23-25_Ca3	1606-1807	23,24,25	74	96.7	27.5	16.5	True	24.27	0.08	False	False	False	False	False	True	True	False	
3572773	402	P	S		FBN1_cbEGF1-3_Ca3	246-529	1,2,3	127	33.1	104.5	65.7	False	29.64	7.38	False	False	False	False	False	False	False	False	
3572939	2677	G	C		FBN1_cbEGF41-43_Ca3	2567-2687	41,42,43	10	89.3	79.4	76.3	False	24.75	0.2	False	False	False	False	False	False	False	True	
3573861	1393	E	V		FBN1_cbEGF19-21_Ca3	1363-1486	19,20,21	30	90.7	168.1	75.4	False	7.77	0.11	False	False	False	False	False	False	False	False	
3573906	1655	P	S		FBN1_cbEGF23-25_Ca3	1606-1807	23,24,25	49	85.4	127.5	80.2	False	13.35	0.04	False	False	False	False	False	False	False	False	
3600233	848	T	A		FBN1_cbEGF9-11_Ca3	807-1069	9,10,11	41	90.0	88.6	51.5	False	21.18	0.18	False	False	False	False	False	False	False	False	
3600234	876	C	S		FBN1_cbEGF9-11_Ca3	807-1069	9,10,11	69	96.7	7.2	4.3	True	12.3	0.04	False	False	False	False	False	True	True	False	890
3600235	1127	G	C		FBN1_cbEGF11-13_Ca3	1028-1154	11,12,13	27	95.8	28.5	27.4	False	15.74	0.03	False	False	False	False	False	False	False	True	
3600236	1217	G	V		FBN1_cbEGF13-15_Ca3	1113-1237	13,14,15	20	98.5	23.3	22.4	False	4.1	0.01	False	False	False	False	False	False	False	False	
3600238	1298	N	H		FBN1_cbEGF15-17_Ca3	1197-1321	15,16,17	23	97.8	53.6	27.5	False	2.32	0.01	True	False	True	True	False	False	False	False	
3600239	1449	E	K		FBN1_cbEGF19-21_Ca3	1363-1486	19,20,21	37	97.7	19.9	8.9	True	2.44	0.05	False	False	False	True	True	False	False	False	
3600240	1463	N	T		FBN1_cbEGF19-21_Ca3	1363-1486	19,20,21	23	98.4	63.2	32.4	False	2.32	0.03	True	False	True	True	False	False	False	False	
3600242	1661	G	E		FBN1_cbEGF23-25_Ca3	1606-1807	23,24,25	55	93.4	17.7	17.1	True	15.19	0.07	False	False	False	False	False	False	False	False	
3600244	1808	D	N		FBN1_cbEGF25-27_Ca3	1766-1890	25,26,27	42	98.4	40.1	20.8	False	2.61	0.02	True	False	True	True	False	False	False	False	
3600245	1879	G	V		FBN1_cbEGF27-29_Ca3	1849-1972	27,28,29	30	98.2	10.9	10.5	True	4.63	0.02	False	False	False	False	False	False	False	False	
3600246	1919	G	V		FBN1_cbEGF27-29_Ca3	1849-1972	27,28,29	53	98.5	22.2	21.4	False	4.73	0.01	False	False	False	False	False	False	False	False	
3600247	2031	N	I		FBN1_cbEGF29-31_Ca3	1930-2054	29,30,31	23	97.7	58.8	30.1	False	2.32	0.01	True	False	True	True	False	False	False	False	
3600249	2111	C	F		FBN1_cbEGF31-33_Ca3	2013-2205	31,32,33	94	94.7	3.6	2.1	True	13.71	0.19	False	False	False	False	False	True	True	False	2085
3600250	2130	E	V		FBN1_cbEGF31-33_Ca3	2013-2205	31,32,33	75	94.6	6.7	3.0	True	2.48	0.03	True	False	True	True	False	False	False	False	
3600251	2164	C	R		FBN1_cbEGF31-33_Ca3	2013-2205	31,32,33	41	97.1	2.6	1.6	True	10.67	0.02	False	False	False	False	False	True	True	False	2153
3600252	2223	N	K		FBN1_cbEGF33-35_Ca3	2166-2290	33,34,35	57	97.9	54.1	27.8	False	2.33	0.02	True	False	True	True	False	False	False	False	
3600253	2235	G	V		FBN1_cbEGF33-35_Ca3	2166-2290	33,34,35	55	98.0	8.5	8.2	True	4.54	0.04	False	False	False	False	False	False	False	False	
3600254	515	C	G		FBN1_cbEGF3-5_Ca3	490-612	3,4,5	25	98.5	37.9	22.7	False	12.0	0.05	False	False	False	False	False	True	True	False	528
3600255	2339	C	G		FBN1_cbEGF35-37_Ca3	2247-2443	35,36,37	92	97.2	0.7	0.4	True	13.36	0.07	False	False	False	False	False	True	True	False	
3600256	2427	C	G		FBN1_cbEGF37-39_Ca3	2402-2523	37,38,39	25	98.6	5.6	3.3	True	10.84	0.02	False	False	False	False	False	True	True	False	2413
3600257	2544	T	P		FBN1_cbEGF39-41_Ca3	2485-2606	39,40,41	59	97.0	40.0	23.2	False	2.52	0.01	False	True	True	False	False	False	False	False	
3600258	2549	T	P		FBN1_cbEGF39-41_Ca3	2485-2606	39,40,41	57	93.4	65.7	38.2	False	7.48	0.05	False	False	False	False	False	False	False	False	
3600260	2607	D	V		FBN1_cbEGF41-43_Ca3	2567-2687	41,42,43	40	95.7	35.0	18.1	True	2.61	0.02	True	False	True	True	False	False	False	False	
3600261	2674	C	S		FBN1_cbEGF41-43_Ca3	2567-2687	41,42,43	13	90.1	26.1	15.7	True	16.97	0.08	False	False	False	False	False	True	True	False	2686
3600266	603	Q	P		FBN1_cbEGF5-7_Ca3	572-764	5,6,7	31	92.1	80.1	35.6	False	8.57	0.15	False	False	False	False	False	False	False	False	
3600267	835	E	V		FBN1_cbEGF9-11_Ca3	807-1069	9,10,11	28	85.4	18.9	8.5	True	22.01	0.21	False	False	False	False	False	False	False	False	
3600505	1326	C	W		FBN1_cbEGF17-19_Ca3	1280-1403	17,18,19	46	98.7	30.5	18.3	True	6.4	0.01	False	False	False	False	False	True	True	False	1339
3600760	1725	I	T		FBN1_cbEGF23-25_Ca3	1606-1807	23,24,25	82	96.9	0.6	0.3	True	9.52	0.07	False	False	False	False	False	False	False	False	
3602745	1865	C	G		FBN1_cbEGF25-27_Ca3	1766-1890	25,26,27	25	98.5	34.1	20.4	False	7.92	0.07	False	False	False	False	False	True	True	False	1853
3603137	629	V	F		FBN1_cbEGF5-7_Ca3	572-764	5,6,7	57	94.7	31.6	18.1	True	6.59	0.02	False	False	False	False	False	False	False	False	
3629605	2518	H	Q	vus	FBN1_cbEGF39-41_Ca3	2485-2606	39,40,41	33	84.0	91.3	40.8	False	14.09	0.91	False	False	False	False	False	False	False	False	
3730842	1860	C	F		FBN1_cbEGF25-27_Ca3	1766-1890	25,26,27	30	97.7	7.3	4.4	True	11.01	0.02	False	False	False	False	False	True	True	False	1874
3747905	651	V	A		FBN1_cbEGF5-7_Ca3	572-764	5,6,7	79	80.4	48.0	27.6	False	16.33	0.16	False	False	False	False	False	False	False	False	
3748169	675	F	L		FBN1_cbEGF5-7_Ca3	572-764	5,6,7	89	88.2	145.2	60.5	False	13.94	0.06	False	False	False	False	False	False	False	False	
3751440	1515	P	R		FBN1_cbEGF21-23_Ca3	1446-1647	21,22,23	69	97.5	118.4	74.4	False	22.96	0.06	False	False	False	False	False	False	False	False	
3751467	2244	M	V		FBN1_cbEGF33-35_Ca3	2166-2290	33,34,35	46	92.1	93.2	41.6	False	14.06	0.04	False	False	False	False	False	False	False	False	
3751643	305	T	I		FBN1_cbEGF1-3_Ca3	246-529	1,2,3	59	93.4	72.0	41.8	False	6.66	0.04	False	False	False	False	False	False	False	False	
3751651	1610	C	Y		FBN1_cbEGF21-23_Ca3	1446-1647	21,22,23	37	98.8	31.0	18.6	True	6.43	0.01	False	False	False	False	False	True	True	False	1622
3751676	900	Y	C		FBN1_cbEGF9-11_Ca3	807-1069	9,10,11	93	97.2	51.2	19.5	True	6.76	0.04	False	False	False	False	False	False	False	True	
3753278	2275	I	F		FBN1_cbEGF35-37_Ca3	2247-2443	35,36,37	28	93.3	54.0	27.4	False	12.72	0.12	False	False	False	False	False	False	False	False	
3753286	327	R	S		FBN1_cbEGF1-3_Ca3	246-529	1,2,3	81	77.4	89.2	32.5	False	13.09	0.09	False	False	False	False	False	False	False	False	
3753362	2620	A	T		FBN1_cbEGF41-43_Ca3	2567-2687	41,42,43	53	91.8	14.2	11.0	True	14.63	0.15	False	False	False	False	False	False	False	False	
3756857	1974	I	V	vus	FBN1_cbEGF29-31_Ca3	1930-2054	29,30,31	44	97.6	40.6	20.6	False	2.33	0.02	False	True	True	False	False	False	False	False	
3758241	514	Q	H		FBN1_cbEGF3-5_Ca3	490-612	3,4,5	24	91.3	88.4	39.3	False	13.52	0.06	False	False	False	False	False	False	False	False	
3749198	1148	P	L		FBN1_cbEGF13-15_Ca3	1113-1237	13,14,15	35	92.5	106.7	67.1	False	15.55	0.44	False	False	False	False	False	False	False	False	
3749422	846	I	V	vus	FBN1_cbEGF9-11_Ca3	807-1069	9,10,11	39	94.1	87.5	44.4	False	20.89	0.1	False	False	False	False	False	False	False	False	
3751311	2279	G	A		FBN1_cbEGF35-37_Ca3	2247-2443	35,36,37	32	96.2	17.6	17.0	True	4.37	0.05	False	False	False	False	False	False	False	False	
3752616	2434	T	S		FBN1_cbEGF37-39_Ca3	2402-2523	37,38,39	32	96.9	47.3	27.5	False	8.32	0.05	False	False	False	False	False	False	False	False	
3752796	2073	P	S		FBN1_cbEGF31-33_Ca3	2013-2205	31,32,33	60	95.3	81.0	50.9	False	19.56	0.1	False	False	False	False	False	False	False	False	
3756045	2524	D	G		FBN1_cbEGF39-41_Ca3	2485-2606	39,40,41	39	97.1	40.3	20.9	False	2.66	0.03	True	False	True	True	False	False	False	False	
3757940	617	C	L		FBN1_cbEGF5-7_Ca3	572-764	5,6,7	45	96.4	42.7	25.6	False	6.44	0.02	False	False	False	False	False	True	True	False	628
3758152	666	K	E	vus	FBN1_cbEGF5-7_Ca3	572-764	5,6,7	94	85.7	136.5	57.8	False	24.09	0.7	False	False	False	False	False	False	False	False	
3759271	2365	C	R		FBN1_cbEGF35-37_Ca3	2247-2443	35,36,37	78	97.2	0.4	0.2	True	9.15	0.06	False	False	False	False	False	True	True	False	
3759273	2136	V	D		FBN1_cbEGF31-33_Ca3	2013-2205	31,32,33	69	88.9	25.9	14.9	True	9.89	0.18	False	False	False	False	False	False	False	False	
3759275	1928	C	S		FBN1_cbEGF27-29_Ca3	1849-1972	27,28,29	44	98.7	7.8	4.7	True	10.71	0.01	False	False	False	False	False	True	True	False	1916
3759277	1827	T	P		FBN1_cbEGF25-27_Ca3	1766-1890	25,26,27	61	98.0	45.0	26.1	False	2.51	0.02	False	True	True	False	False	False	False	False	
3759278	1820	R	C		FBN1_cbEGF25-27_Ca3	1766-1890	25,26,27	54	87.4	204.2	74.5	False	13.27	0.44	False	False	False	False	False	False	False	True	
3759281	1631	C	G		FBN1_cbEGF23-25_Ca3	1606-1807	23,24,25	25	98.0	29.0	17.4	True	10.76	0.04	False	False	False	False	False	True	True	False	1617
3759283	1470	C	R		FBN1_cbEGF21-23_Ca3	1446-1647	21,22,23	24	97.8	6.7	4.0	True	10.47	0.03	False	False	False	False	False	True	True	False	1456
3759285	1389	C	R		FBN1_cbEGF19-21_Ca3	1363-1486	19,20,21	26	98.6	10.7	6.4	True	10.69	0.04	False	False	False	False	False	True	True	False	1374
3759288	1254	C	R		FBN1_cbEGF15-17_Ca3	1197-1321	15,16,17	57	98.5	31.8	19.0	True	8.1	0.07	False	False	False	False	False	True	True	False	1242
3759290	1173	N	K		FBN1_cbEGF13-15_Ca3	1113-1237	13,14,15	60	98.3	53.5	27.5	False	2.31	0.01	True	False	True	True	False	False	False	False	
3759293	1031	E	D		FBN1_cbEGF9-11_Ca3	807-1069	9,10,11	38	94.9	3.3	1.5	True	2.43	0.03	True	False	True	True	False	False	False	False	
3760796	2030	S	G		FBN1_cbEGF29-31_Ca3	1930-2054	29,30,31	24	95.7	44.9	29.0	False	6.54	0.02	False	False	False	False	False	False	False	False	
3760859	2553	Q	R		FBN1_cbEGF39-41_Ca3	2485-2606	39,40,41	53	90.5	87.4	38.8	False	9.63	0.1	False	False	False	False	False	False	False	False	
3760923	1234	R	K		FBN1_cbEGF15-17_Ca3	1197-1321	15,16,17	37	89.1	104.7	38.2	False	11.64	0.41	False	False	False	False	False	False	False	False	
3760955	1006	E	G		FBN1_cbEGF9-11_Ca3	807-1069	9,10,11	63	74.9	92.6	41.5	False	18.24	0.13	False	False	False	False	False	False	False	False	
3761082	879	L	R		FBN1_cbEGF9-11_Ca3	807-1069	9,10,11	72	92.7	24.2	12.0	True	9.05	0.05	False	False	False	False	False	False	False	False	
3749062	1606	D	G		FBN1_cbEGF21-23_Ca3	1446-1647	21,22,23	41	98.7	30.0	15.6	True	2.61	0.01	True	False	True	True	False	False	False	False	
3750490	2318	C	F		FBN1_cbEGF35-37_Ca3	2247-2443	35,36,37	71	97.7	36.8	22.0	False	16.66	0.05	False	False	False	False	False	True	True	False	2331
3750840	940	G	V	vus	FBN1_cbEGF9-11_Ca3	807-1069	9,10,11	129	79.9	33.6	32.3	False	24.46	0.18	False	False	False	False	False	False	False	False	
3750882	1776	V	I		FBN1_cbEGF23-25_Ca3	1606-1807	23,24,25	31	95.4	3.6	2.0	True	9.48	0.09	False	False	False	False	False	False	False	False	
3752348	1676	P	T		FBN1_cbEGF23-25_Ca3	1606-1807	23,24,25	70	95.3	118.9	74.8	False	23.25	0.08	False	False	False	False	False	False	False	False	
3752368	2580	G	A		FBN1_cbEGF39-41_Ca3	2485-2606	39,40,41	26	93.0	27.2	26.2	False	12.6	0.08	False	False	False	False	False	False	False	False	
3752500	1323	I	M		FBN1_cbEGF17-19_Ca3	1280-1403	17,18,19	43	97.9	53.0	26.9	False	2.35	0.02	False	True	True	False	False	False	False	False	
3754036	2677	G	V		FBN1_cbEGF41-43_Ca3	2567-2687	41,42,43	10	89.3	79.4	76.3	False	24.75	0.2	False	False	False	False	False	False	False	False	
3754037	2676	P	R		FBN1_cbEGF41-43_Ca3	2567-2687	41,42,43	11	89.0	121.7	76.5	False	22.89	0.13	False	False	False	False	False	False	False	False	
3754038	2661	Y	D		FBN1_cbEGF41-43_Ca3	2567-2687	41,42,43	26	84.2	122.6	46.6	False	15.81	0.15	False	False	False	False	False	False	False	False	
3754039	2633	C	F		FBN1_cbEGF41-43_Ca3	2567-2687	41,42,43	54	95.9	30.1	18.0	True	11.83	0.09	False	False	False	False	False	True	True	False	2646
3754040	2509	C	R		FBN1_cbEGF39-41_Ca3	2485-2606	39,40,41	24	94.3	22.5	13.5	True	10.7	0.07	False	False	False	False	False	True	True	False	2496
3754041	2487	D	Y		FBN1_cbEGF37-39_Ca3	2402-2523	37,38,39	36	98.0	53.6	27.8	False	4.29	0.02	False	False	False	True	True	False	False	False	
3754042	2442	C	R		FBN1_cbEGF37-39_Ca3	2402-2523	37,38,39	40	98.7	16.5	9.9	True	10.6	0.02	False	False	False	False	False	True	True	False	2429
3754043	2406	C	W		FBN1_cbEGF35-37_Ca3	2247-2443	35,36,37	37	93.2	43.7	26.1	False	6.56	0.03	False	False	False	False	False	True	True	False	2418
3754044	2363	C	S	pathogenic	FBN1_cbEGF35-37_Ca3	2247-2443	35,36,37	80	97.4	0.0	0.0	True	11.26	0.05	False	False	False	False	False	True	True	False	
3754045	2348	C	Y	pathogenic	FBN1_cbEGF35-37_Ca3	2247-2443	35,36,37	95	97.9	25.5	15.3	True	21.95	0.09	False	False	False	False	False	True	True	False	
3754046	2331	C	R		FBN1_cbEGF35-37_Ca3	2247-2443	35,36,37	84	95.1	17.2	10.3	True	16.15	0.03	False	False	False	False	False	True	True	False	2318
3754047	2307	C	W		FBN1_cbEGF35-37_Ca3	2247-2443	35,36,37	60	98.0	32.9	19.7	True	7.99	0.06	False	False	False	False	False	True	True	False	2295
3754048	2230	C	S		FBN1_cbEGF33-35_Ca3	2166-2290	33,34,35	60	98.0	3.5	2.1	True	10.71	0.04	False	False	False	False	False	True	True	False	2217
3754049	2208	N	T		FBN1_cbEGF33-35_Ca3	2166-2290	33,34,35	42	97.3	66.8	34.2	False	4.38	0.01	False	False	False	True	True	False	False	False	
3754050	2177	G	E		FBN1_cbEGF31-33_Ca3	2013-2205	31,32,33	28	92.1	47.5	45.7	False	14.84	0.15	False	False	False	False	False	False	False	False	
3754051	2119	V	L		FBN1_cbEGF31-33_Ca3	2013-2205	31,32,33	86	92.9	6.9	4.0	True	12.1	0.1	False	False	False	False	False	False	False	False	
3754052	2100	P	R	vus	FBN1_cbEGF31-33_Ca3	2013-2205	31,32,33	87	94.9	23.5	14.7	True	17.67	0.19	False	False	False	False	False	False	False	False	
3754053	2097	E	D		FBN1_cbEGF31-33_Ca3	2013-2205	31,32,33	84	88.0	60.3	27.1	False	21.99	0.14	False	False	False	False	False	False	False	False	
3754054	2083	C	Y		FBN1_cbEGF31-33_Ca3	2013-2205	31,32,33	70	97.4	0.0	0.0	True	12.65	0.05	False	False	False	False	False	True	True	False	2061
3754055	2062	Y	D	vus	FBN1_cbEGF31-33_Ca3	2013-2205	31,32,33	49	97.2	31.6	12.0	True	18.08	0.09	False	False	False	False	False	False	False	False	
3754056	2061	C	Y	pathogenic	FBN1_cbEGF31-33_Ca3	2013-2205	31,32,33	48	97.7	0.3	0.2	True	15.01	0.07	False	False	False	False	False	True	True	False	2083
3754057	2030	S	C		FBN1_cbEGF29-31_Ca3	1930-2054	29,30,31	24	95.7	44.9	29.0	False	6.54	0.02	False	False	False	False	False	False	False	True	
3754058	2028	T	I		FBN1_cbEGF29-31_Ca3	1930-2054	29,30,31	26	94.0	87.6	50.9	False	12.32	0.05	False	False	False	False	False	False	False	False	
3754059	1958	C	R		FBN1_cbEGF29-31_Ca3	1930-2054	29,30,31	28	98.7	28.9	17.3	True	11.87	0.08	False	False	False	False	False	True	True	False	1971
3754060	1949	N	S		FBN1_cbEGF27-29_Ca3	1849-1972	27,28,29	23	97.9	58.9	30.2	False	2.35	0.01	True	False	True	True	False	False	False	False	
3754061	1895	C	W		FBN1_cbEGF27-29_Ca3	1849-1972	27,28,29	46	97.8	35.3	21.1	False	6.46	0.02	False	False	False	False	False	True	True	False	1905
3754062	1810	D	N		FBN1_cbEGF25-27_Ca3	1766-1890	25,26,27	44	97.9	52.3	27.1	False	4.4	0.01	False	False	False	True	True	False	False	False	
3754063	1793	C	F		FBN1_cbEGF25-27_Ca3	1766-1890	25,26,27	27	98.9	39.4	23.6	False	12.04	0.04	False	False	False	False	False	True	True	False	1806
3754064	1747	L	P		FBN1_cbEGF23-25_Ca3	1606-1807	23,24,25	60	93.2	11.1	5.5	True	14.98	0.11	False	False	False	False	False	False	False	False	
3754065	1660	P	A		FBN1_cbEGF23-25_Ca3	1606-1807	23,24,25	54	88.9	47.1	29.6	False	18.07	0.04	False	False	False	False	False	False	False	False	
3754066	1591	G	R		FBN1_cbEGF21-23_Ca3	1446-1647	21,22,23	56	97.8	27.9	26.9	False	11.48	0.06	False	False	False	False	False	False	False	False	
3754067	1566	L	P		FBN1_cbEGF21-23_Ca3	1446-1647	21,22,23	81	97.0	67.3	33.5	False	9.8	0.04	False	False	False	False	False	False	False	False	
3754068	1485	C	S		FBN1_cbEGF21-23_Ca3	1446-1647	21,22,23	39	97.7	9.7	5.8	True	10.57	0.06	False	False	False	False	False	True	True	False	1472
3754069	1475	G	A		FBN1_cbEGF21-23_Ca3	1446-1647	21,22,23	29	98.1	16.5	15.8	True	4.62	0.02	False	False	False	False	False	False	False	False	
3754070	1470	C	S		FBN1_cbEGF21-23_Ca3	1446-1647	21,22,23	24	97.8	6.7	4.0	True	10.47	0.03	False	False	False	False	False	True	True	False	1456
3754071	1463	N	K		FBN1_cbEGF19-21_Ca3	1363-1486	19,20,21	23	98.4	63.2	32.4	False	2.32	0.03	True	False	True	True	False	False	False	False	
3754072	1451	S	P		FBN1_cbEGF19-21_Ca3	1363-1486	19,20,21	35	96.2	85.4	55.1	False	8.45	0.03	False	False	False	False	False	False	False	False	
3754073	1438	S	T		FBN1_cbEGF19-21_Ca3	1363-1486	19,20,21	48	97.1	20.4	13.1	True	13.85	0.06	False	False	False	False	False	False	False	False	
3754074	1418	G	S		FBN1_cbEGF19-21_Ca3	1363-1486	19,20,21	55	98.1	17.4	16.7	True	13.56	0.07	False	False	False	False	False	False	False	False	
3754075	1383	T	S		FBN1_cbEGF17-19_Ca3	1280-1403	17,18,19	20	98.5	44.9	26.1	False	2.54	0.01	False	True	True	False	False	False	False	False	
3754076	1333	C	R		FBN1_cbEGF17-19_Ca3	1280-1403	17,18,19	53	98.7	20.3	12.2	True	11.08	0.04	False	False	False	False	False	True	True	False	1348
3754077	1296	C	Y		FBN1_cbEGF15-17_Ca3	1197-1321	15,16,17	25	97.3	35.9	21.5	False	7.93	0.05	False	False	False	False	False	True	True	False	1284
3754078	1193	L	I		FBN1_cbEGF13-15_Ca3	1113-1237	13,14,15	44	97.1	55.9	27.8	False	9.94	0.19	False	False	False	False	False	False	False	False	
3754079	1176	G	E		FBN1_cbEGF13-15_Ca3	1113-1237	13,14,15	61	98.2	22.7	21.8	False	4.1	0.02	False	False	False	False	False	False	False	False	
3754080	1116	E	V		FBN1_cbEGF11-13_Ca3	1028-1154	11,12,13	38	97.3	28.2	12.6	True	2.49	0.03	True	False	True	True	False	False	False	False	
3754081	1049	G	A		FBN1_cbEGF11-13_Ca3	1028-1154	11,12,13	21	96.6	67.4	64.8	False	4.06	0.05	False	False	False	False	False	False	False	False	
3754082	896	C	S		FBN1_cbEGF9-11_Ca3	807-1069	9,10,11	89	97.1	15.4	9.2	True	10.91	0.06	False	False	False	False	False	True	True	False	908
3754083	891	Q	H		FBN1_cbEGF9-11_Ca3	807-1069	9,10,11	84	84.1	156.3	69.5	False	15.64	0.07	False	False	False	False	False	False	False	False	
3754084	832	C	S		FBN1_cbEGF9-11_Ca3	807-1069	9,10,11	25	96.6	40.2	24.1	False	16.94	0.17	False	False	False	False	False	True	True	False	845
3754085	825	P	T		FBN1_cbEGF7-9_Ca3	723-846	7,8,9	21	98.2	113.9	71.7	False	4.58	0.01	False	False	False	False	False	False	False	False	
3754086	781	C	F		FBN1_cbEGF7-9_Ca3	723-846	7,8,9	58	98.2	35.4	21.2	False	8.33	0.04	False	False	False	False	False	True	True	False	769
3754087	646	G	S		FBN1_cbEGF5-7_Ca3	572-764	5,6,7	74	77.6	20.0	19.2	True	17.76	0.27	False	False	False	False	False	False	False	False	
3754088	631	T	A		FBN1_cbEGF5-7_Ca3	572-764	5,6,7	59	96.6	45.7	26.6	False	2.51	0.03	False	True	True	False	False	False	False	False	
3754089	546	C	G		FBN1_cbEGF3-5_Ca3	490-612	3,4,5	56	98.0	33.7	20.2	False	7.88	0.07	False	False	False	False	False	True	True	False	534
3754090	471	S	C		FBN1_cbEGF1-3_Ca3	246-529	1,2,3	58	66.5	17.2	11.1	True	25.85	0.68	False	False	False	False	False	False	False	True	
3754091	405	P	L		FBN1_cbEGF1-3_Ca3	246-529	1,2,3	124	34.7	123.1	77.4	False	32.2	8.62	False	False	False	False	False	False	False	False	
3754092	396	P	T		FBN1_cbEGF1-3_Ca3	246-529	1,2,3	133	37.3	80.6	50.7	False	25.27	5.09	False	False	False	False	False	False	False	False	
3754093	299	C	Y	pathogenic	FBN1_cbEGF1-3_Ca3	246-529	1,2,3	53	92.8	3.8	2.3	True	11.23	0.03	False	False	False	False	False	True	True	False	313
3761828	1466	G	A		FBN1_cbEGF19-21_Ca3	1363-1486	19,20,21	20	97.8	21.6	20.8	False	4.16	0.03	False	False	False	False	False	False	False	False	
3748365	1510	I	V		FBN1_cbEGF21-23_Ca3	1446-1647	21,22,23	64	95.9	84.9	43.1	False	7.35	0.03	False	False	False	False	False	False	False	False	
3748485	1924	H	Y		FBN1_cbEGF27-29_Ca3	1849-1972	27,28,29	48	91.3	193.2	86.2	False	15.17	0.2	False	False	False	False	False	False	False	False	
3748673	851	G	A	vus	FBN1_cbEGF9-11_Ca3	807-1069	9,10,11	44	97.6	12.5	12.0	True	18.16	0.07	False	False	False	False	False	False	False	False	
3750079	919	G	V		FBN1_cbEGF9-11_Ca3	807-1069	9,10,11	112	89.3	63.4	60.9	False	13.95	0.06	False	False	False	False	False	False	False	False	
3750421	1685	N	S		FBN1_cbEGF23-25_Ca3	1606-1807	23,24,25	79	92.4	29.5	15.1	True	8.9	0.15	False	False	False	False	False	False	False	False	
3752004	634	S	F		FBN1_cbEGF5-7_Ca3	572-764	5,6,7	62	95.2	54.5	35.2	False	2.53	0.02	False	True	True	False	False	False	False	False	
3752082	1411	N	K		FBN1_cbEGF19-21_Ca3	1363-1486	19,20,21	48	91.4	69.2	35.5	False	10.91	0.11	False	False	False	False	False	False	False	False	
3757095	530	D	Y		FBN1_cbEGF3-5_Ca3	490-612	3,4,5	40	97.6	50.2	26.0	False	2.51	0.04	True	False	True	True	False	False	False	False	
3758628	989	G	D		FBN1_cbEGF9-11_Ca3	807-1069	9,10,11	80	95.4	2.3	2.2	True	20.74	0.08	False	False	False	False	False	False	False	False	
3758950	1848	N	S		FBN1_cbEGF25-27_Ca3	1766-1890	25,26,27	42	94.8	66.5	34.1	False	7.44	0.03	False	False	False	False	False	False	False	False	
3760101	2114	G	L		FBN1_cbEGF31-33_Ca3	2013-2205	31,32,33	91	94.9	21.0	20.2	False	10.14	0.15	False	False	False	False	False	False	False	False	
3762723	2447	E	D		FBN1_cbEGF37-39_Ca3	2402-2523	37,38,39	45	98.2	12.8	5.8	True	2.42	0.04	True	False	True	True	False	False	False	False	
3762297	1373	M	I		FBN1_cbEGF17-19_Ca3	1280-1403	17,18,19	30	94.6	144.0	64.3	False	11.11	0.07	False	False	False	False	False	False	False	False	
3763910	1324	N	S	vus	FBN1_cbEGF17-19_Ca3	1280-1403	17,18,19	44	97.9	42.0	21.6	False	4.37	0.03	False	False	False	True	True	False	False	False	
3763945	858	I	T		FBN1_cbEGF9-11_Ca3	807-1069	9,10,11	51	87.8	70.8	36.0	False	24.88	0.12	False	False	False	False	False	False	False	False	
3763971	2635	A	S		FBN1_cbEGF41-43_Ca3	2567-2687	41,42,43	52	95.9	97.0	75.2	False	7.71	0.07	False	False	False	False	False	False	False	False	
3763327	1952	G	W		FBN1_cbEGF29-31_Ca3	1930-2054	29,30,31	22	95.7	66.4	63.8	False	4.05	0.01	False	False	False	False	False	False	False	False	
3763338	2499	L	Q		FBN1_cbEGF37-39_Ca3	2402-2523	37,38,39	24	90.2	104.0	51.7	False	12.47	0.03	False	False	False	False	False	False	False	False	
3763387	1042	G	R		FBN1_cbEGF9-11_Ca3	807-1069	9,10,11	27	96.1	20.7	19.9	True	15.53	0.08	False	False	False	False	False	False	False	False	
3763443	1324	N	D		FBN1_cbEGF17-19_Ca3	1280-1403	17,18,19	44	97.9	42.0	21.6	False	4.37	0.03	False	False	False	True	True	False	False	False	
3763745	2143	I	F		FBN1_cbEGF31-33_Ca3	2013-2205	31,32,33	62	95.7	54.4	27.6	False	6.55	0.03	False	False	False	False	False	False	False	False	
3761207	1707	D	N		FBN1_cbEGF23-25_Ca3	1606-1807	23,24,25	100	96.4	60.8	31.5	False	21.63	0.09	False	False	False	False	False	False	False	False	
3761394	379	I	V		FBN1_cbEGF1-3_Ca3	246-529	1,2,3	133	85.6	133.9	68.0	False	27.78	4.05	False	False	False	False	False	False	False	False	
3761461	1884	D	N	vus	FBN1_cbEGF27-29_Ca3	1849-1972	27,28,29	35	95.3	155.9	80.8	False	16.22	0.15	False	False	False	False	False	False	False	False	
3762926	763	C	Y	pathogenic	FBN1_cbEGF7-9_Ca3	723-846	7,8,9	40	98.8	18.5	11.1	True	10.54	0.03	False	False	False	False	False	True	True	False	750
3762994	2284	P	A	vus	FBN1_cbEGF35-37_Ca3	2247-2443	35,36,37	37	90.0	146.2	92.0	False	14.79	0.22	False	False	False	False	False	False	False	False	
3763132	2113	Y	C		FBN1_cbEGF31-33_Ca3	2013-2205	31,32,33	92	94.1	100.0	38.0	False	11.13	0.16	False	False	False	False	False	False	False	True	
3763296	1106	M	V		FBN1_cbEGF11-13_Ca3	1028-1154	11,12,13	48	81.2	150.4	67.1	False	15.56	0.84	False	False	False	False	False	False	False	False	
3764244	1649	V	M		FBN1_cbEGF23-25_Ca3	1606-1807	23,24,25	43	98.2	48.6	27.9	False	2.32	0.02	False	True	True	False	False	False	False	False	
3766278	1552	E	K		FBN1_cbEGF21-23_Ca3	1446-1647	21,22,23	95	95.4	82.1	36.8	False	17.21	0.02	False	False	False	False	False	False	False	False	
3766654	2543	N	T	vus	FBN1_cbEGF39-41_Ca3	2485-2606	39,40,41	58	97.4	63.0	32.3	False	2.31	0.02	True	False	True	True	False	False	False	False	
3767154	1748	C	S		FBN1_cbEGF23-25_Ca3	1606-1807	23,24,25	59	94.5	0.0	0.0	True	12.03	0.11	False	False	False	False	False	True	True	False	
3769049	1112	M	I	vus	FBN1_cbEGF11-13_Ca3	1028-1154	11,12,13	42	92.8	85.9	38.4	False	7.3	0.03	False	False	False	False	False	False	False	False	
3769758	1621	K	R		FBN1_cbEGF21-23_Ca3	1446-1647	21,22,23	26	91.0	137.5	58.2	False	12.3	0.05	False	False	False	False	False	False	False	False	
3772132	1577	C	Y	pathogenic	FBN1_cbEGF21-23_Ca3	1446-1647	21,22,23	70	98.1	17.5	10.5	True	16.04	0.06	False	False	False	False	False	True	True	False	1563
3772196	1090	P	L		FBN1_cbEGF11-13_Ca3	1028-1154	11,12,13	62	97.8	115.1	72.4	False	4.63	0.03	False	False	False	False	False	False	False	False	
3772348	2110	I	T		FBN1_cbEGF31-33_Ca3	2013-2205	31,32,33	95	88.7	10.5	5.3	True	15.1	0.16	False	False	False	False	False	False	False	False	
3772540	1027	K	R		FBN1_cbEGF9-11_Ca3	807-1069	9,10,11	42	81.4	119.0	50.4	False	7.49	0.02	False	False	False	False	False	False	False	False	
3773776	2273	M	T		FBN1_cbEGF35-37_Ca3	2247-2443	35,36,37	26	89.7	84.2	37.6	False	7.34	0.04	False	False	False	False	False	False	False	False	
3773843	360	C	W		FBN1_cbEGF1-3_Ca3	246-529	1,2,3	114	88.0	34.2	20.5	False	26.96	2.07	False	False	False	False	False	True	True	False	
3774282	2058	M	L		FBN1_cbEGF31-33_Ca3	2013-2205	31,32,33	45	91.8	115.0	51.3	False	16.69	0.12	False	False	False	False	False	False	False	False	
3775198	1470	C	W		FBN1_cbEGF21-23_Ca3	1446-1647	21,22,23	24	97.8	6.7	4.0	True	10.47	0.03	False	False	False	False	False	True	True	False	1456
3775330	476	C	S		FBN1_cbEGF1-3_Ca3	246-529	1,2,3	53	91.3	37.1	22.2	False	11.73	0.72	False	False	False	False	False	True	True	False	488
3775542	499	C	F		FBN1_cbEGF1-3_Ca3	246-529	1,2,3	30	89.8	7.3	4.4	True	10.46	0.42	False	False	False	False	False	True	True	False	513
3776764	2027	G	D		FBN1_cbEGF29-31_Ca3	1930-2054	29,30,31	27	95.4	20.3	19.5	True	15.36	0.07	False	False	False	False	False	False	False	False	
3781115	2108	R	L	vus	FBN1_cbEGF31-33_Ca3	2013-2205	31,32,33	95	79.5	110.7	40.4	False	18.25	0.17	False	False	False	False	False	False	False	False	
3849175	1766	D	N		FBN1_cbEGF23-25_Ca3	1606-1807	23,24,25	41	98.5	42.5	22.0	False	2.63	0.04	True	False	True	True	False	False	False	False	
3849176	1768	D	Y	vus	FBN1_cbEGF23-25_Ca3	1606-1807	23,24,25	39	98.3	34.9	18.1	True	4.28	0.01	False	False	False	True	True	False	False	False	
3849180	2569	D	N		FBN1_cbEGF39-41_Ca3	2485-2606	39,40,41	37	96.7	62.8	32.5	False	4.37	0.02	False	False	False	True	True	False	False	False	
3849164	2077	N	T		FBN1_cbEGF31-33_Ca3	2013-2205	31,32,33	64	93.9	73.4	37.7	False	16.02	0.09	False	False	False	False	False	False	False	False	
3849165	1986	P	L	vus	FBN1_cbEGF29-31_Ca3	1930-2054	29,30,31	56	96.0	76.4	48.1	False	10.54	0.06	False	False	False	False	False	False	False	False	
3849166	1537	D	N		FBN1_cbEGF21-23_Ca3	1446-1647	21,22,23	91	89.5	56.3	29.2	False	19.74	0.09	False	False	False	False	False	False	False	False	
3891895	1232	D	E		FBN1_cbEGF15-17_Ca3	1197-1321	15,16,17	35	98.0	76.3	39.5	False	15.58	0.21	False	False	False	False	False	False	False	False	
3893738	1019	I	M		FBN1_cbEGF9-11_Ca3	807-1069	9,10,11	50	59.8	30.7	15.6	True	19.35	0.08	False	False	False	False	False	False	False	False	
3893802	957	T	A		FBN1_cbEGF9-11_Ca3	807-1069	9,10,11	112	96.5	22.6	13.2	True	18.49	0.07	False	False	False	False	False	False	False	False	
3893810	521	S	T		FBN1_cbEGF3-5_Ca3	490-612	3,4,5	31	95.5	45.8	29.6	False	12.13	0.06	False	False	False	False	False	False	False	False	
3893941	2304	N	K		FBN1_cbEGF35-37_Ca3	2247-2443	35,36,37	57	91.1	54.5	27.9	False	18.12	0.27	False	False	False	False	False	False	False	False	
3894060	749	I	M	vus	FBN1_cbEGF7-9_Ca3	723-846	7,8,9	26	96.9	85.1	43.2	False	13.24	0.04	False	False	False	False	False	False	False	False	
3894089	2475	I	V		FBN1_cbEGF37-39_Ca3	2402-2523	37,38,39	48	93.9	68.1	34.6	False	8.51	0.07	False	False	False	False	False	False	False	False	
3894123	1282	N	D		FBN1_cbEGF15-17_Ca3	1197-1321	15,16,17	39	97.6	51.4	26.4	False	4.36	0.01	False	False	False	True	True	False	False	False	
3894170	2667	E	A		FBN1_cbEGF41-43_Ca3	2567-2687	41,42,43	20	90.3	147.6	66.2	False	4.7	0.03	False	False	False	False	False	False	False	False	
3894173	2022	E	K		FBN1_cbEGF29-31_Ca3	1930-2054	29,30,31	32	86.3	141.3	63.4	False	13.77	0.11	False	False	False	False	False	False	False	False	
3894179	1495	T	S		FBN1_cbEGF21-23_Ca3	1446-1647	21,22,23	49	91.4	89.3	51.9	False	13.53	0.1	False	False	False	False	False	False	False	False	
3894184	426	P	A		FBN1_cbEGF1-3_Ca3	246-529	1,2,3	103	42.5	116.2	73.1	False	56.42	17.44	False	False	False	False	False	False	False	False	
3894238	1849	D	G		FBN1_cbEGF25-27_Ca3	1766-1890	25,26,27	41	97.9	38.5	20.0	True	2.6	0.03	True	False	True	True	False	False	False	False	
3894245	1306	H	Q	vus	FBN1_cbEGF17-19_Ca3	1280-1403	17,18,19	26	95.8	90.6	40.4	False	12.18	0.11	False	False	False	False	False	False	False	False	
3894357	2008	N	S		FBN1_cbEGF29-31_Ca3	1930-2054	29,30,31	46	85.3	136.8	70.2	False	15.87	0.3	False	False	False	False	False	False	False	False	
3894407	2155	F	C		FBN1_cbEGF31-33_Ca3	2013-2205	31,32,33	50	86.6	195.5	81.5	False	7.93	0.09	False	False	False	False	False	False	False	True	
3894408	1926	N	S		FBN1_cbEGF27-29_Ca3	1849-1972	27,28,29	46	91.8	64.9	33.3	False	10.19	0.51	False	False	False	False	False	False	False	False	
3894427	473	R	L		FBN1_cbEGF1-3_Ca3	246-529	1,2,3	56	70.9	127.5	46.5	False	20.09	0.63	False	False	False	False	False	False	False	False	
3894505	1216	E	K		FBN1_cbEGF13-15_Ca3	1113-1237	13,14,15	21	94.7	123.8	55.5	False	4.69	0.02	False	False	False	False	False	False	False	False	
3894658	515	C	Y		FBN1_cbEGF3-5_Ca3	490-612	3,4,5	25	98.5	37.9	22.7	False	12.0	0.05	False	False	False	False	False	True	True	False	528
3895763	1589	C	Y		FBN1_cbEGF21-23_Ca3	1446-1647	21,22,23	58	98.7	3.0	1.8	True	13.17	0.05	False	False	False	False	False	True	True	False	1564
3896284	1781	V	M		FBN1_cbEGF23-25_Ca3	1606-1807	23,24,25	26	98.1	97.9	56.2	False	12.22	0.02	False	False	False	False	False	False	False	False	
3896490	1651	E	G	vus	FBN1_cbEGF23-25_Ca3	1606-1807	23,24,25	45	96.8	23.4	10.5	True	2.49	0.03	False	False	False	True	True	False	False	False	
3897155	693	G	A		FBN1_cbEGF5-7_Ca3	572-764	5,6,7	71	93.8	6.8	6.6	True	19.96	0.06	False	False	False	False	False	False	False	False	
3900131	2133	E	K		FBN1_cbEGF31-33_Ca3	2013-2205	31,32,33	72	88.1	13.9	6.2	True	10.0	0.12	False	False	False	False	False	False	False	False	
3900377	962	Y	C		FBN1_cbEGF9-11_Ca3	807-1069	9,10,11	107	95.3	60.1	22.9	False	20.74	0.13	False	False	False	False	False	False	False	True	
3900718	1683	G	R		FBN1_cbEGF23-25_Ca3	1606-1807	23,24,25	77	94.0	87.0	83.7	False	12.36	0.08	False	False	False	False	False	False	False	False	
3900970	2584	I	F		FBN1_cbEGF39-41_Ca3	2485-2606	39,40,41	22	94.3	79.8	40.5	False	2.5	0.02	False	True	True	False	False	False	False	False	
3901629	772	N	H	vus	FBN1_cbEGF7-9_Ca3	723-846	7,8,9	49	92.0	70.9	36.4	False	10.52	0.02	False	False	False	False	False	False	False	False	
3902317	379	I	S	vus	FBN1_cbEGF1-3_Ca3	246-529	1,2,3	133	85.6	133.9	68.0	False	27.78	4.05	False	False	False	False	False	False	False	False	
3902731	1866	I	L	vus	FBN1_cbEGF25-27_Ca3	1766-1890	25,26,27	24	97.1	59.4	30.1	False	6.52	0.02	False	False	False	False	False	False	False	False	
3902826	2496	C	S		FBN1_cbEGF37-39_Ca3	2402-2523	37,38,39	27	96.1	15.2	9.1	True	10.85	0.04	False	False	False	False	False	True	True	False	2509
3902828	1158	E	K		FBN1_cbEGF13-15_Ca3	1113-1237	13,14,15	45	98.0	25.3	11.4	True	2.44	0.04	True	False	True	True	False	False	False	False	
3903233	524	T	R	vus	FBN1_cbEGF3-5_Ca3	490-612	3,4,5	34	95.3	101.2	58.8	False	12.23	0.1	False	False	False	False	False	False	False	False	
3903411	467	P	S		FBN1_cbEGF1-3_Ca3	246-529	1,2,3	62	74.1	64.3	40.5	False	25.2	0.6	False	False	False	False	False	False	False	False	
3906469	1960	E	Q		FBN1_cbEGF29-31_Ca3	1930-2054	29,30,31	30	91.7	170.4	76.4	False	7.89	0.07	False	False	False	False	False	False	False	False	
3906696	1342	T	R		FBN1_cbEGF17-19_Ca3	1280-1403	17,18,19	61	98.1	49.5	28.8	False	2.57	0.01	False	True	True	False	False	False	False	False	
3907154	1784	N	I		FBN1_cbEGF23-25_Ca3	1606-1807	23,24,25	23	98.6	57.3	29.4	False	2.31	0.01	True	False	True	True	False	False	False	False	
3907915	2673	G	D		FBN1_cbEGF41-43_Ca3	2567-2687	41,42,43	14	90.6	29.6	28.5	False	13.45	0.04	False	False	False	False	False	False	False	False	
3911909	721	G	D		FBN1_cbEGF5-7_Ca3	572-764	5,6,7	43	88.1	27.1	26.0	False	10.23	0.05	False	False	False	False	False	False	False	False	
4023417	2330	E	G	vus	FBN1_cbEGF35-37_Ca3	2247-2443	35,36,37	83	87.4	79.2	35.5	False	13.35	0.09	False	False	False	False	False	False	False	False	
4023418	689	E	K		FBN1_cbEGF5-7_Ca3	572-764	5,6,7	75	90.2	135.5	60.8	False	15.55	0.15	False	False	False	False	False	False	False	False	
4023422	1193	L	V		FBN1_cbEGF13-15_Ca3	1113-1237	13,14,15	44	97.1	55.9	27.8	False	9.94	0.19	False	False	False	False	False	False	False	False	
4023431	1829	G	D		FBN1_cbEGF25-27_Ca3	1766-1890	25,26,27	61	98.4	20.8	20.0	True	4.02	0.02	False	False	False	False	False	False	False	False	
4023434	2442	C	S		FBN1_cbEGF37-39_Ca3	2402-2523	37,38,39	40	98.7	16.5	9.9	True	10.6	0.02	False	False	False	False	False	True	True	False	2429
4055844	2415	N	S		FBN1_cbEGF35-37_Ca3	2247-2443	35,36,37	28	89.7	46.8	24.0	False	18.17	0.19	False	False	False	False	False	False	False	False	
4055950	694	E	D		FBN1_cbEGF5-7_Ca3	572-764	5,6,7	70	81.6	141.4	63.4	False	23.29	0.11	False	False	False	False	False	False	False	False	
4070645	670	C	S		FBN1_cbEGF5-7_Ca3	572-764	5,6,7	94	96.3	27.3	16.3	True	22.41	0.26	False	False	False	False	False	True	True	False	
4071607	2052	R	S		FBN1_cbEGF31-33_Ca3	2013-2205	31,32,33	39	83.2	25.5	9.3	True	14.85	0.15	False	False	False	False	False	False	False	False	
4071667	624	M	K		FBN1_cbEGF5-7_Ca3	572-764	5,6,7	52	75.7	104.6	46.7	False	15.64	0.13	False	False	False	False	False	False	False	False	
4074613	806	E	G		FBN1_cbEGF7-9_Ca3	723-846	7,8,9	40	91.8	63.3	28.4	False	7.39	0.04	False	False	False	False	False	False	False	False	
4074622	2561	T	I		FBN1_cbEGF39-41_Ca3	2485-2606	39,40,41	45	89.5	97.9	56.9	False	14.24	0.86	False	False	False	False	False	False	False	False	
4075316	601	G	V		FBN1_cbEGF5-7_Ca3	572-764	5,6,7	29	98.0	19.5	18.7	True	4.55	0.03	False	False	False	False	False	False	False	False	
4075372	1526	C	G		FBN1_cbEGF21-23_Ca3	1446-1647	21,22,23	80	98.7	1.5	0.9	True	16.94	0.09	False	False	False	False	False	True	True	False	1513
4075613	957	T	S		FBN1_cbEGF9-11_Ca3	807-1069	9,10,11	112	96.5	22.6	13.2	True	18.49	0.07	False	False	False	False	False	False	False	False	
4076417	2600	Y	H		FBN1_cbEGF41-43_Ca3	2567-2687	41,42,43	33	76.7	191.3	72.7	False	15.9	1.16	False	False	False	False	False	False	False	False	
4076605	1417	N	K		FBN1_cbEGF19-21_Ca3	1363-1486	19,20,21	54	95.3	78.5	40.3	False	10.09	0.13	False	False	False	False	False	False	False	False	
4076823	2671	L	Q		FBN1_cbEGF41-43_Ca3	2567-2687	41,42,43	16	86.4	84.5	42.1	False	7.39	0.03	False	False	False	False	False	False	False	False	
4077160	958	C	Y	pathogenic	FBN1_cbEGF9-11_Ca3	807-1069	9,10,11	111	97.5	0.0	0.0	True	13.93	0.08	False	False	False	False	False	True	True	False	
4082079	1039	C	W		FBN1_cbEGF9-11_Ca3	807-1069	9,10,11	30	94.0	10.6	6.3	True	12.27	0.1	False	False	False	False	False	True	True	False	1053
4086332	2263	M	I		FBN1_cbEGF33-35_Ca3	2166-2290	33,34,35	27	94.0	14.3	6.4	True	15.12	0.1	False	False	False	False	False	False	False	False	
4086463	1906	R	W	vus	FBN1_cbEGF27-29_Ca3	1849-1972	27,28,29	57	88.5	171.1	62.4	False	6.66	0.02	False	False	False	False	False	False	False	False	
4086554	1922	L	H		FBN1_cbEGF27-29_Ca3	1849-1972	27,28,29	50	96.4	91.2	45.4	False	12.18	0.04	False	False	False	False	False	False	False	False	
4087696	876	C	G		FBN1_cbEGF9-11_Ca3	807-1069	9,10,11	69	96.7	7.2	4.3	True	12.3	0.04	False	False	False	False	False	True	True	False	890
4088053	1537	D	G		FBN1_cbEGF21-23_Ca3	1446-1647	21,22,23	91	89.5	56.3	29.2	False	19.74	0.09	False	False	False	False	False	False	False	False	
4088121	2597	L	H	vus	FBN1_cbEGF41-43_Ca3	2567-2687	41,42,43	30	91.9	94.2	46.9	False	8.4	0.06	False	False	False	False	False	False	False	False	
4255446	1663	C	Y		FBN1_cbEGF23-25_Ca3	1606-1807	23,24,25	57	97.9	31.0	18.6	True	7.88	0.03	False	False	False	False	False	True	True	False	1652
4255458	2567	D	H		FBN1_cbEGF39-41_Ca3	2485-2606	39,40,41	39	96.4	40.0	20.7	False	2.65	0.03	True	False	True	True	False	False	False	False	
4255462	516	R	L		FBN1_cbEGF3-5_Ca3	490-612	3,4,5	26	89.3	132.4	48.3	False	9.64	0.07	False	False	False	False	False	False	False	False	
4255465	1076	I	V		FBN1_cbEGF11-13_Ca3	1028-1154	11,12,13	48	95.3	116.6	59.2	False	8.3	0.17	False	False	False	False	False	False	False	False	
4255466	1391	C	W		FBN1_cbEGF19-21_Ca3	1363-1486	19,20,21	28	98.8	31.3	18.7	True	12.02	0.06	False	False	False	False	False	True	True	False	1402
4277258	313	C	Y		FBN1_cbEGF1-3_Ca3	246-529	1,2,3	67	92.6	0.2	0.1	True	10.74	0.04	False	False	False	False	False	True	True	False	299
4277387	2624	N	D		FBN1_cbEGF41-43_Ca3	2567-2687	41,42,43	57	96.8	63.8	32.7	False	2.32	0.01	True	False	True	True	False	False	False	False	
4277528	899	G	W		FBN1_cbEGF9-11_Ca3	807-1069	9,10,11	92	97.3	2.2	2.1	True	4.57	0.04	False	False	False	False	False	False	False	False	
4281920	1257	I	N	vus	FBN1_cbEGF15-17_Ca3	1197-1321	15,16,17	60	95.8	57.3	29.1	False	2.56	0.04	False	True	True	False	False	False	False	False	
4291954	1341	N	K		FBN1_cbEGF17-19_Ca3	1280-1403	17,18,19	61	98.5	53.1	27.2	False	2.32	0.01	True	False	True	True	False	False	False	False	
4292785	2120	G	E		FBN1_cbEGF31-33_Ca3	2013-2205	31,32,33	85	93.2	4.1	4.0	True	13.63	0.07	False	False	False	False	False	False	False	False	
4292903	1758	D	A		FBN1_cbEGF23-25_Ca3	1606-1807	23,24,25	49	87.8	37.9	19.6	True	13.45	0.08	False	False	False	False	False	False	False	False	
4293036	1456	C	S		FBN1_cbEGF19-21_Ca3	1363-1486	19,20,21	30	98.3	6.1	3.7	True	12.1	0.12	False	False	False	False	False	True	True	False	1470
4293666	2459	C	S		FBN1_cbEGF37-39_Ca3	2402-2523	37,38,39	57	98.7	38.8	23.3	False	8.25	0.02	False	False	False	False	False	True	True	False	2448
4294425	1046	N	T		FBN1_cbEGF9-11_Ca3	807-1069	9,10,11	23	96.9	47.8	24.5	False	2.3	0.02	True	False	True	True	False	False	False	False	
4403235	1339	C	F		FBN1_cbEGF17-19_Ca3	1280-1403	17,18,19	59	98.9	31.3	18.8	True	8.2	0.06	False	False	False	False	False	True	True	False	1326
4403242	418	G	V		FBN1_cbEGF1-3_Ca3	246-529	1,2,3	111	44.4	60.0	57.7	False	61.24	11.57	False	False	False	False	False	False	False	False	
4527996	920	V	L		FBN1_cbEGF9-11_Ca3	807-1069	9,10,11	113	92.2	21.9	12.6	True	10.08	0.05	False	False	False	False	False	False	False	False	
4528264	2544	T	N		FBN1_cbEGF39-41_Ca3	2485-2606	39,40,41	59	97.0	40.0	23.2	False	2.52	0.01	False	True	True	False	False	False	False	False	
4529993	498	P	L		FBN1_cbEGF1-3_Ca3	246-529	1,2,3	31	92.3	37.8	23.8	False	8.89	0.32	False	False	False	False	False	False	False	False	
4530959	1506	P	R		FBN1_cbEGF21-23_Ca3	1446-1647	21,22,23	60	97.6	113.1	71.1	False	4.6	0.02	False	False	False	False	False	False	False	False	
4531015	648	D	G		FBN1_cbEGF5-7_Ca3	572-764	5,6,7	76	73.7	90.1	46.7	False	14.25	0.18	False	False	False	False	False	False	False	False	
4531092	1738	I	F		FBN1_cbEGF23-25_Ca3	1606-1807	23,24,25	69	95.9	104.6	53.1	False	17.67	0.05	False	False	False	False	False	False	False	False	
4531199	570	C	L		FBN1_cbEGF3-5_Ca3	490-612	3,4,5	42	98.4	7.5	4.5	True	10.68	0.02	False	False	False	False	False	True	True	False	557
4536316	1845	G	R		FBN1_cbEGF25-27_Ca3	1766-1890	25,26,27	45	97.0	38.0	36.6	False	16.84	0.06	False	False	False	False	False	False	False	False	
4536405	354	T	I	vus	FBN1_cbEGF1-3_Ca3	246-529	1,2,3	108	86.2	1.3	0.8	True	23.64	3.11	False	False	False	False	False	False	False	False	
4536438	1040	T	I		FBN1_cbEGF9-11_Ca3	807-1069	9,10,11	29	88.2	57.6	33.5	False	15.59	0.09	False	False	False	False	False	False	False	False	
4536445	1520	N	K		FBN1_cbEGF21-23_Ca3	1446-1647	21,22,23	74	96.7	4.7	2.4	True	17.01	0.26	False	False	False	False	False	False	False	False	
4536581	1400	F	L		FBN1_cbEGF19-21_Ca3	1363-1486	19,20,21	37	97.3	103.6	43.1	False	11.71	0.1	False	False	False	False	False	False	False	False	
4536660	1695	C	W	pathogenic	FBN1_cbEGF23-25_Ca3	1606-1807	23,24,25	89	98.4	0.0	0.0	True	15.32	0.08	False	False	False	False	False	True	True	False	
4537534	2392	H	L		FBN1_cbEGF35-37_Ca3	2247-2443	35,36,37	51	93.4	104.0	46.4	False	11.25	0.06	False	False	False	False	False	False	False	False	
4537778	1264	L	W		FBN1_cbEGF15-17_Ca3	1197-1321	15,16,17	57	94.5	107.0	53.2	False	13.57	0.05	False	False	False	False	False	False	False	False	
4537953	538	G	D		FBN1_cbEGF3-5_Ca3	490-612	3,4,5	48	83.7	55.7	53.6	False	14.6	0.31	False	False	False	False	False	False	False	False	
4538111	630	N	D		FBN1_cbEGF5-7_Ca3	572-764	5,6,7	58	97.6	58.3	29.9	False	2.35	0.04	True	False	True	True	False	False	False	False	
4538502	2528	C	W	pathogenic	FBN1_cbEGF39-41_Ca3	2485-2606	39,40,41	43	96.4	27.9	16.7	True	6.47	0.03	False	False	False	False	False	True	True	False	2541
4538771	1856	I	N		FBN1_cbEGF25-27_Ca3	1766-1890	25,26,27	34	95.3	66.1	33.6	False	9.51	0.24	False	False	False	False	False	False	False	False	
4538829	1486	T	K		FBN1_cbEGF21-23_Ca3	1446-1647	21,22,23	40	95.0	65.3	37.9	False	7.34	0.03	False	False	False	False	False	False	False	False	
4538834	1222	S	G		FBN1_cbEGF15-17_Ca3	1197-1321	15,16,17	25	98.5	46.0	29.7	False	13.56	0.05	False	False	False	False	False	False	False	False	
4538988	1267	D	N		FBN1_cbEGF15-17_Ca3	1197-1321	15,16,17	54	93.4	141.5	73.3	False	7.83	0.07	False	False	False	False	False	False	False	False	
4541945	1312	S	A		FBN1_cbEGF17-19_Ca3	1280-1403	17,18,19	32	96.0	52.8	34.0	False	8.85	0.07	False	False	False	False	False	False	False	False	
4635358	460	C	S		FBN1_cbEGF1-3_Ca3	246-529	1,2,3	69	77.0	4.0	2.4	True	15.49	0.43	False	False	False	False	False	True	True	False	474
4635360	2641	Q	R		FBN1_cbEGF41-43_Ca3	2567-2687	41,42,43	46	78.5	154.5	68.7	False	16.18	0.48	False	False	False	False	False	False	False	False	
4635364	2373	P	R		FBN1_cbEGF35-37_Ca3	2247-2443	35,36,37	70	95.6	113.2	71.2	False	22.91	0.07	False	False	False	False	False	False	False	False	
4635367	975	H	R		FBN1_cbEGF9-11_Ca3	807-1069	9,10,11	94	93.1	27.1	12.1	True	13.04	0.05	False	False	False	False	False	False	False	False	
4635371	1285	D	A	vus	FBN1_cbEGF15-17_Ca3	1197-1321	15,16,17	36	95.0	106.4	55.1	False	8.26	0.03	False	False	False	False	False	False	False	False	
4635372	460	C	W		FBN1_cbEGF1-3_Ca3	246-529	1,2,3	69	77.0	4.0	2.4	True	15.49	0.43	False	False	False	False	False	True	True	False	474
4682138	900	Y	F		FBN1_cbEGF9-11_Ca3	807-1069	9,10,11	93	97.2	51.2	19.5	True	6.76	0.04	False	False	False	False	False	False	False	False	
4685136	1702	D	V		FBN1_cbEGF23-25_Ca3	1606-1807	23,24,25	96	91.0	132.6	68.7	False	29.5	0.18	False	False	False	False	False	False	False	False	
4685602	1280	D	G		FBN1_cbEGF15-17_Ca3	1197-1321	15,16,17	41	97.8	39.6	20.5	False	2.66	0.04	True	False	True	True	False	False	False	False	
4685813	877	S	P		FBN1_cbEGF9-11_Ca3	807-1069	9,10,11	70	93.9	5.3	3.4	True	8.54	0.05	False	False	False	False	False	False	False	False	
4687179	723	D	H		FBN1_cbEGF5-7_Ca3	572-764	5,6,7	41	97.9	44.0	22.8	False	2.65	0.06	True	False	True	True	False	False	False	False	
4688009	1113	D	V		FBN1_cbEGF11-13_Ca3	1028-1154	11,12,13	41	97.6	40.5	21.0	False	2.61	0.01	True	False	True	True	False	False	False	False	
4688488	1619	G	A		FBN1_cbEGF21-23_Ca3	1446-1647	21,22,23	28	98.3	60.2	57.9	False	17.59	0.04	False	False	False	False	False	False	False	False	
4689951	2256	H	Q		FBN1_cbEGF33-35_Ca3	2166-2290	33,34,35	34	94.6	43.1	19.2	True	9.36	0.07	False	False	False	False	False	False	False	False	
4690167	2360	K	I		FBN1_cbEGF35-37_Ca3	2247-2443	35,36,37	83	95.3	36.8	15.6	True	13.86	0.06	False	False	False	False	False	False	False	False	
4755981	1025	F	S		FBN1_cbEGF9-11_Ca3	807-1069	9,10,11	44	71.2	112.9	47.0	False	13.07	0.12	False	False	False	False	False	False	False	False	
4756154	2069	K	E		FBN1_cbEGF31-33_Ca3	2013-2205	31,32,33	56	84.6	152.3	64.5	False	26.24	0.15	False	False	False	False	False	False	False	False	
4756157	1883	N	S		FBN1_cbEGF27-29_Ca3	1849-1972	27,28,29	34	97.6	29.4	15.1	True	14.08	0.08	False	False	False	False	False	False	False	False	
4756160	1738	I	V		FBN1_cbEGF23-25_Ca3	1606-1807	23,24,25	69	95.9	104.6	53.1	False	17.67	0.05	False	False	False	False	False	False	False	False	
4756288	2431	T	S		FBN1_cbEGF37-39_Ca3	2402-2523	37,38,39	29	95.9	135.5	78.8	False	7.96	0.02	False	False	False	False	False	False	False	False	
4756313	730	D	E		FBN1_cbEGF5-7_Ca3	572-764	5,6,7	34	96.3	9.3	4.8	True	10.4	0.03	False	False	False	False	False	False	False	False	
4756324	2124	S	L		FBN1_cbEGF31-33_Ca3	2013-2205	31,32,33	81	92.8	48.2	31.1	False	13.16	0.06	False	False	False	False	False	False	False	False	
4756389	1409	S	P		FBN1_cbEGF19-21_Ca3	1363-1486	19,20,21	46	94.7	81.8	52.8	False	8.3	0.05	False	False	False	False	False	False	False	False	
4756390	1385	G	R		FBN1_cbEGF19-21_Ca3	1363-1486	19,20,21	22	96.9	71.4	68.6	False	4.17	0.07	False	False	False	False	False	False	False	False	
4756398	506	N	K		FBN1_cbEGF1-3_Ca3	246-529	1,2,3	23	91.5	58.8	30.2	False	2.09	0.85	True	False	True	True	False	False	False	False	
4756400	316	P	A		FBN1_cbEGF1-3_Ca3	246-529	1,2,3	70	81.9	30.7	19.3	True	18.76	0.05	False	False	False	False	False	False	False	False	
4756559	2615	H	Q		FBN1_cbEGF41-43_Ca3	2567-2687	41,42,43	48	76.8	159.0	71.0	False	13.89	0.26	False	False	False	False	False	False	False	False	
4756562	2200	P	R		FBN1_cbEGF33-35_Ca3	2166-2290	33,34,35	34	92.1	127.9	80.4	False	14.65	0.22	False	False	False	False	False	False	False	False	
4756594	867	N	T		FBN1_cbEGF9-11_Ca3	807-1069	9,10,11	60	95.3	33.9	17.4	True	14.19	0.07	False	False	False	False	False	False	False	False	
4756595	829	I	V		FBN1_cbEGF9-11_Ca3	807-1069	9,10,11	22	91.5	99.8	50.6	False	7.36	0.17	False	False	False	False	False	False	False	False	
4756637	2460	K	E		FBN1_cbEGF37-39_Ca3	2402-2523	37,38,39	58	92.0	134.4	57.0	False	6.51	0.01	False	False	False	False	False	False	False	False	
4756645	468	T	P		FBN1_cbEGF1-3_Ca3	246-529	1,2,3	61	68.1	37.3	21.7	False	25.82	0.68	False	False	False	False	False	False	False	False	
4756671	1634	P	A		FBN1_cbEGF23-25_Ca3	1606-1807	23,24,25	28	98.3	63.7	40.1	False	9.63	0.03	False	False	False	False	False	False	False	False	
4756673	1559	K	E		FBN1_cbEGF21-23_Ca3	1446-1647	21,22,23	88	97.5	30.2	12.8	True	13.9	0.04	False	False	False	False	False	False	False	False	
4756787	2313	S	N		FBN1_cbEGF35-37_Ca3	2247-2443	35,36,37	66	96.4	52.8	34.1	False	2.52	0.02	False	True	True	False	False	False	False	False	
4756831	1653	E	K		FBN1_cbEGF23-25_Ca3	1606-1807	23,24,25	47	93.2	135.6	60.8	False	8.6	0.04	False	False	False	False	False	False	False	False	
4756894	1854	Q	R		FBN1_cbEGF25-27_Ca3	1766-1890	25,26,27	36	92.3	147.8	65.7	False	8.2	0.04	False	False	False	False	False	False	False	False	
4756895	1797	F	L		FBN1_cbEGF25-27_Ca3	1766-1890	25,26,27	31	98.8	40.9	17.0	True	6.86	0.06	False	False	False	False	False	False	False	False	
4756896	1746	T	I		FBN1_cbEGF23-25_Ca3	1606-1807	23,24,25	61	86.7	69.6	40.5	False	17.95	0.13	False	False	False	False	False	False	False	False	
4756904	1669	N	S		FBN1_cbEGF23-25_Ca3	1606-1807	23,24,25	63	95.6	72.4	37.1	False	2.53	0.03	False	True	True	False	False	False	False	False	
4756905	1641	E	K		FBN1_cbEGF23-25_Ca3	1606-1807	23,24,25	35	90.5	120.5	54.0	False	15.0	0.24	False	False	False	False	False	False	False	False	
4756913	1357	D	E		FBN1_cbEGF17-19_Ca3	1280-1403	17,18,19	46	97.5	100.4	52.0	False	15.35	0.04	False	False	False	False	False	False	False	False	
4756918	1279	V	A		FBN1_cbEGF15-17_Ca3	1197-1321	15,16,17	42	96.2	78.6	45.2	False	7.36	0.03	False	False	False	False	False	False	False	False	
4756920	1150	I	V		FBN1_cbEGF13-15_Ca3	1113-1237	13,14,15	37	91.1	87.1	44.2	False	15.22	1.56	False	False	False	False	False	False	False	False	
4756931	586	M	I		FBN1_cbEGF3-5_Ca3	490-612	3,4,5	26	93.5	117.2	52.3	False	12.25	0.04	False	False	False	False	False	False	False	False	
4756933	405	P	H		FBN1_cbEGF1-3_Ca3	246-529	1,2,3	124	34.7	123.1	77.4	False	32.2	8.62	False	False	False	False	False	False	False	False	
4756934	390	S	T		FBN1_cbEGF1-3_Ca3	246-529	1,2,3	139	76.2	72.1	46.5	False	20.83	0.99	False	False	False	False	False	False	False	False	
4757278	2381	Q	R		FBN1_cbEGF35-37_Ca3	2247-2443	35,36,37	62	87.8	108.7	48.3	False	13.82	0.45	False	False	False	False	False	False	False	False	
4757279	2345	Q	R		FBN1_cbEGF35-37_Ca3	2247-2443	35,36,37	98	88.6	174.7	77.6	False	27.98	0.16	False	False	False	False	False	False	False	False	
4757280	2341	T	S		FBN1_cbEGF35-37_Ca3	2247-2443	35,36,37	94	93.0	37.1	21.5	False	14.43	0.13	False	False	False	False	False	False	False	False	
4757281	2288	G	D		FBN1_cbEGF35-37_Ca3	2247-2443	35,36,37	41	94.6	3.7	3.6	True	14.01	0.05	False	False	False	False	False	False	False	False	
4757350	751	N	S		FBN1_cbEGF7-9_Ca3	723-846	7,8,9	28	97.7	67.1	34.4	False	9.57	0.04	False	False	False	False	False	False	False	False	
4757399	1665	N	S		FBN1_cbEGF23-25_Ca3	1606-1807	23,24,25	59	98.5	52.2	26.8	False	2.33	0.02	True	False	True	True	False	False	False	False	
4757410	1331	H	Q		FBN1_cbEGF17-19_Ca3	1280-1403	17,18,19	51	97.0	64.0	28.6	False	9.2	0.04	False	False	False	False	False	False	False	False	
4757412	1024	P	A		FBN1_cbEGF9-11_Ca3	807-1069	9,10,11	45	71.0	40.4	25.4	False	16.59	0.08	False	False	False	False	False	False	False	False	
4757422	444	V	L		FBN1_cbEGF1-3_Ca3	246-529	1,2,3	85	31.1	116.2	66.8	False	34.89	9.5	False	False	False	False	False	False	False	False	
4757618	2531	D	H		FBN1_cbEGF39-41_Ca3	2485-2606	39,40,41	46	89.2	62.4	32.3	False	10.53	0.1	False	False	False	False	False	False	False	False	
4757619	2529	T	I		FBN1_cbEGF39-41_Ca3	2485-2606	39,40,41	44	93.9	107.4	62.4	False	8.46	0.08	False	False	False	False	False	False	False	False	
4757670	1524	V	L		FBN1_cbEGF21-23_Ca3	1446-1647	21,22,23	78	92.4	50.0	28.7	False	14.21	0.26	False	False	False	False	False	False	False	False	
4757671	1499	S	N		FBN1_cbEGF21-23_Ca3	1446-1647	21,22,23	53	98.0	19.6	12.7	True	17.58	0.12	False	False	False	False	False	False	False	False	
4757679	407	G	S		FBN1_cbEGF1-3_Ca3	246-529	1,2,3	122	37.9	49.2	47.3	False	35.67	9.17	False	False	False	False	False	False	False	False	
4757782	1512	D	V		FBN1_cbEGF21-23_Ca3	1446-1647	21,22,23	66	94.2	71.7	37.2	False	13.28	0.04	False	False	False	False	False	False	False	False	
4757812	1929	I	V		FBN1_cbEGF27-29_Ca3	1849-1972	27,28,29	43	97.0	80.5	40.9	False	7.37	0.03	False	False	False	False	False	False	False	False	
4757826	1173	N	D		FBN1_cbEGF13-15_Ca3	1113-1237	13,14,15	60	98.3	53.5	27.5	False	2.31	0.01	True	False	True	True	False	False	False	False	
4757828	1125	R	G		FBN1_cbEGF11-13_Ca3	1028-1154	11,12,13	29	81.3	162.8	59.4	False	15.46	0.06	False	False	False	False	False	False	False	False	
4757833	543	N	D		FBN1_cbEGF3-5_Ca3	490-612	3,4,5	53	95.0	66.7	34.2	False	10.44	0.09	False	False	False	False	False	False	False	False	
4758033	2356	N	D		FBN1_cbEGF35-37_Ca3	2247-2443	35,36,37	87	86.5	78.8	40.4	False	14.77	0.59	False	False	False	False	False	False	False	False	
4758034	2272	Y	H		FBN1_cbEGF35-37_Ca3	2247-2443	35,36,37	25	96.2	65.4	24.9	False	4.64	0.04	False	False	False	True	True	False	False	False	
4758126	2174	N	S		FBN1_cbEGF31-33_Ca3	2013-2205	31,32,33	31	88.8	76.7	39.3	False	12.36	0.14	False	False	False	False	False	False	False	False	
4758143	1700	Y	H		FBN1_cbEGF23-25_Ca3	1606-1807	23,24,25	94	96.7	95.0	36.1	False	25.04	0.12	False	False	False	False	False	False	False	False	
4758147	1423	A	V		FBN1_cbEGF19-21_Ca3	1363-1486	19,20,21	60	97.6	28.7	22.3	False	2.55	0.03	False	True	True	False	False	False	False	False	
4758149	1299	T	R		FBN1_cbEGF15-17_Ca3	1197-1321	15,16,17	22	97.6	33.1	19.3	True	2.5	0.02	False	True	True	False	False	False	False	False	
4758157	467	P	L		FBN1_cbEGF1-3_Ca3	246-529	1,2,3	62	74.1	64.3	40.5	False	25.2	0.6	False	False	False	False	False	False	False	False	
4758159	265	T	A		FBN1_cbEGF1-3_Ca3	246-529	1,2,3	19	92.7	52.4	30.5	False	2.65	0.24	False	True	True	False	False	False	False	False	
4758303	1047	T	A		FBN1_cbEGF9-11_Ca3	807-1069	9,10,11	22	96.3	39.5	23.0	False	2.53	0.04	False	True	True	False	False	False	False	False	
4758317	894	P	H		FBN1_cbEGF9-11_Ca3	807-1069	9,10,11	87	94.8	102.5	64.5	False	16.52	0.08	False	False	False	False	False	False	False	False	
4758414	2067	G	E		FBN1_cbEGF31-33_Ca3	2013-2205	31,32,33	54	90.7	77.8	74.8	False	29.1	0.17	False	False	False	False	False	False	False	False	
4758417	897	G	D		FBN1_cbEGF9-11_Ca3	807-1069	9,10,11	90	96.8	25.8	24.8	False	10.14	0.05	False	False	False	False	False	False	False	False	
4758420	372	V	A		FBN1_cbEGF1-3_Ca3	246-529	1,2,3	126	86.9	72.9	41.9	False	25.43	4.47	False	False	False	False	False	False	False	False	
4758421	266	V	L		FBN1_cbEGF1-3_Ca3	246-529	1,2,3	20	91.1	143.5	82.5	False	4.64	0.22	False	False	False	False	False	False	False	False	
4758451	380	R	K		FBN1_cbEGF1-3_Ca3	246-529	1,2,3	134	73.2	155.0	56.6	False	29.09	3.65	False	False	False	False	False	False	False	False	
4758460	1623	I	V		FBN1_cbEGF21-23_Ca3	1446-1647	21,22,23	24	96.7	55.6	28.2	False	6.57	0.03	False	False	False	False	False	False	False	False	
4758462	1892	I	M		FBN1_cbEGF27-29_Ca3	1849-1972	27,28,29	43	97.8	57.7	29.3	False	2.29	0.02	False	True	True	False	False	False	False	False	
4758532	1887	T	I		FBN1_cbEGF27-29_Ca3	1849-1972	27,28,29	38	97.3	33.3	19.3	True	10.31	0.05	False	False	False	False	False	False	False	False	
4758557	1239	I	V		FBN1_cbEGF15-17_Ca3	1197-1321	15,16,17	42	98.1	55.9	28.4	False	2.32	0.03	False	True	True	False	False	False	False	False	
4758567	1933	E	D		FBN1_cbEGF27-29_Ca3	1849-1972	27,28,29	39	97.4	32.3	14.5	True	2.48	0.02	True	False	True	True	False	False	False	False	
4758600	324	D	N		FBN1_cbEGF1-3_Ca3	246-529	1,2,3	78	81.2	96.0	49.7	False	11.85	0.16	False	False	False	False	False	False	False	False	
4758614	1217	G	S	vus	FBN1_cbEGF13-15_Ca3	1113-1237	13,14,15	20	98.5	23.3	22.4	False	4.1	0.01	False	False	False	False	False	False	False	False	
4758682	1690	M	I	vus	FBN1_cbEGF23-25_Ca3	1606-1807	23,24,25	84	88.5	95.8	42.8	False	20.39	0.35	False	False	False	False	False	False	False	False	
4758752	2521	S	F		FBN1_cbEGF39-41_Ca3	2485-2606	39,40,41	36	91.2	41.3	26.7	False	13.76	0.07	False	False	False	False	False	False	False	False	
4758775	2030	S	T		FBN1_cbEGF29-31_Ca3	1930-2054	29,30,31	24	95.7	44.9	29.0	False	6.54	0.02	False	False	False	False	False	False	False	False	
4758777	1573	P	S		FBN1_cbEGF21-23_Ca3	1446-1647	21,22,23	74	91.9	103.7	65.2	False	24.67	0.09	False	False	False	False	False	False	False	False	
4758778	1270	M	I		FBN1_cbEGF15-17_Ca3	1197-1321	15,16,17	51	91.5	116.6	52.1	False	8.76	0.08	False	False	False	False	False	False	False	False	
4758781	662	Y	C		FBN1_cbEGF5-7_Ca3	572-764	5,6,7	90	97.9	32.0	12.2	True	16.03	0.12	False	False	False	False	False	False	False	True	
4758835	2191	T	I		FBN1_cbEGF33-35_Ca3	2166-2290	33,34,35	25	95.6	97.5	56.7	False	13.72	0.06	False	False	False	False	False	False	False	False	
4758841	2476	L	V	vus	FBN1_cbEGF37-39_Ca3	2402-2523	37,38,39	47	98.1	71.4	35.5	False	11.97	0.07	False	False	False	False	False	False	False	False	
4758867	1888	M	V		FBN1_cbEGF27-29_Ca3	1849-1972	27,28,29	39	94.3	97.9	43.7	False	13.65	0.06	False	False	False	False	False	False	False	False	
4758872	1495	T	A		FBN1_cbEGF21-23_Ca3	1446-1647	21,22,23	49	91.4	89.3	51.9	False	13.53	0.1	False	False	False	False	False	False	False	False	
4758887	1612	E	A		FBN1_cbEGF21-23_Ca3	1446-1647	21,22,23	35	96.1	38.8	17.4	True	8.39	0.33	False	False	False	False	False	False	False	False	
4758994	957	T	P		FBN1_cbEGF9-11_Ca3	807-1069	9,10,11	112	96.5	22.6	13.2	True	18.49	0.07	False	False	False	False	False	False	False	False	
4758997	256	L	F		FBN1_cbEGF1-3_Ca3	246-529	1,2,3	10	91.4	20.2	10.1	True	8.45	0.13	False	False	False	False	False	False	False	False	
4759125	732	D	G		FBN1_cbEGF5-7_Ca3	572-764	5,6,7	32	92.5	108.8	56.4	False	13.84	0.05	False	False	False	False	False	False	False	False	
4759172	1122	L	F		FBN1_cbEGF11-13_Ca3	1028-1154	11,12,13	32	90.8	120.2	59.8	False	14.24	0.06	False	False	False	False	False	False	False	False	
4782936	279	L	F		FBN1_cbEGF1-3_Ca3	246-529	1,2,3	33	93.1	60.1	29.9	False	12.03	0.07	False	False	False	False	False	False	False	False	
4783174	1422	N	T		FBN1_cbEGF19-21_Ca3	1363-1486	19,20,21	59	97.6	69.0	35.4	False	2.3	0.01	True	False	True	True	False	False	False	False	
4787932	1921	I	N		FBN1_cbEGF27-29_Ca3	1849-1972	27,28,29	51	95.6	95.9	48.7	False	8.81	0.03	False	False	False	False	False	False	False	False	
4788269	2326	P	S		FBN1_cbEGF35-37_Ca3	2247-2443	35,36,37	79	91.8	132.8	83.5	False	15.89	0.11	False	False	False	False	False	False	False	False	
4789243	1936	S	T		FBN1_cbEGF27-29_Ca3	1849-1972	27,28,29	36	85.4	74.7	48.2	False	8.94	0.57	False	False	False	False	False	False	False	False	
4784463	1322	D	V		FBN1_cbEGF17-19_Ca3	1280-1403	17,18,19	42	98.2	45.5	23.6	False	2.58	0.02	True	False	True	True	False	False	False	False	
4786144	1280	D	H		FBN1_cbEGF15-17_Ca3	1197-1321	15,16,17	41	97.8	39.6	20.5	False	2.66	0.04	True	False	True	True	False	False	False	False	
4787560	1031	E	D		FBN1_cbEGF9-11_Ca3	807-1069	9,10,11	38	94.9	3.3	1.5	True	2.43	0.03	True	False	True	True	False	False	False	False	
4787580	1712	F	L	vus	FBN1_cbEGF23-25_Ca3	1606-1807	23,24,25	95	85.6	57.2	23.8	False	14.14	0.23	False	False	False	False	False	False	False	False	
4787601	2640	E	A	vus	FBN1_cbEGF41-43_Ca3	2567-2687	41,42,43	47	82.2	63.4	28.4	False	13.66	0.45	False	False	False	False	False	False	False	False	
4787712	2553	Q	H		FBN1_cbEGF39-41_Ca3	2485-2606	39,40,41	53	90.5	87.4	38.8	False	9.63	0.1	False	False	False	False	False	False	False	False	
4787730	452	Y	H		FBN1_cbEGF1-3_Ca3	246-529	1,2,3	77	57.0	15.1	5.7	True	25.43	1.71	False	False	False	False	False	False	False	False	
4787763	1917	N	S		FBN1_cbEGF27-29_Ca3	1849-1972	27,28,29	55	97.9	72.2	37.0	False	9.7	0.03	False	False	False	False	False	False	False	False	
4783785	2611	C	R		FBN1_cbEGF41-43_Ca3	2567-2687	41,42,43	44	95.8	36.9	22.1	False	6.37	0.06	False	False	False	False	False	True	True	False	2622
4783786	2522	C	S		FBN1_cbEGF39-41_Ca3	2485-2606	39,40,41	37	95.9	14.5	8.7	True	10.31	0.11	False	False	False	False	False	True	True	False	2511
4783787	2522	C	Y	pathogenic	FBN1_cbEGF39-41_Ca3	2485-2606	39,40,41	37	95.9	14.5	8.7	True	10.31	0.11	False	False	False	False	False	True	True	False	2511
4783788	2363	C	R		FBN1_cbEGF35-37_Ca3	2247-2443	35,36,37	80	97.4	0.0	0.0	True	11.26	0.05	False	False	False	False	False	True	True	False	
4783791	1987	G	V		FBN1_cbEGF29-31_Ca3	1930-2054	29,30,31	57	97.6	14.7	14.2	True	13.65	0.06	False	False	False	False	False	False	False	False	
4783796	1475	G	D		FBN1_cbEGF21-23_Ca3	1446-1647	21,22,23	29	98.1	16.5	15.8	True	4.62	0.02	False	False	False	False	False	False	False	False	
4783798	1382	N	S		FBN1_cbEGF17-19_Ca3	1280-1403	17,18,19	21	98.7	59.1	30.3	False	2.28	0.02	True	False	True	True	False	False	False	False	
4783800	1320	C	Y	pathogenic	FBN1_cbEGF17-19_Ca3	1280-1403	17,18,19	40	97.7	5.3	3.1	True	10.37	0.18	False	False	False	False	False	True	True	False	1307
4783802	1100	G	S		FBN1_cbEGF11-13_Ca3	1028-1154	11,12,13	54	98.4	12.5	12.0	True	4.73	0.04	False	False	False	False	False	False	False	False	
4783803	980	C	Y		FBN1_cbEGF9-11_Ca3	807-1069	9,10,11	89	97.1	0.0	0.0	True	11.31	0.08	False	False	False	False	False	True	True	False	
4783805	683	C	S		FBN1_cbEGF5-7_Ca3	572-764	5,6,7	81	97.2	0.0	0.0	True	11.14	0.05	False	False	False	False	False	True	True	False	
4783806	499	C	S		FBN1_cbEGF1-3_Ca3	246-529	1,2,3	30	89.8	7.3	4.4	True	10.46	0.42	False	False	False	False	False	True	True	False	513
4785387	2608	E	K		FBN1_cbEGF41-43_Ca3	2567-2687	41,42,43	41	91.2	58.2	26.1	False	2.32	0.02	False	True	True	False	False	False	False	False	
4789020	1328	I	F		FBN1_cbEGF17-19_Ca3	1280-1403	17,18,19	48	96.7	118.4	60.1	False	8.44	0.05	False	False	False	False	False	False	False	False	
4789070	2532	I	S		FBN1_cbEGF39-41_Ca3	2485-2606	39,40,41	47	85.3	157.1	79.8	False	13.01	0.19	False	False	False	False	False	False	False	False	
4789088	290	D	N		FBN1_cbEGF1-3_Ca3	246-529	1,2,3	44	95.8	52.2	27.1	False	4.35	0.06	False	False	False	True	True	False	False	False	
4790191	1544	N	Y		FBN1_cbEGF21-23_Ca3	1446-1647	21,22,23	98	63.9	139.8	71.7	False	35.32	2.21	False	False	False	False	False	False	False	False	
4784972	870	T	P		FBN1_cbEGF9-11_Ca3	807-1069	9,10,11	63	95.5	2.6	1.5	True	13.77	0.07	False	False	False	False	False	False	False	False	
4785209	1322	D	E		FBN1_cbEGF17-19_Ca3	1280-1403	17,18,19	42	98.2	45.5	23.6	False	2.58	0.02	True	False	True	True	False	False	False	False	
4786587	1930	D	V		FBN1_cbEGF27-29_Ca3	1849-1972	27,28,29	42	98.2	41.9	21.7	False	2.6	0.02	True	False	True	True	False	False	False	False	
4786675	1487	D	H		FBN1_cbEGF21-23_Ca3	1446-1647	21,22,23	41	97.9	46.2	24.0	False	2.6	0.03	True	False	True	True	False	False	False	False	
4788301	2287	E	D		FBN1_cbEGF35-37_Ca3	2247-2443	35,36,37	40	80.6	88.5	39.7	False	17.35	0.33	False	False	False	False	False	False	False	False	
4788328	843	T	S		FBN1_cbEGF9-11_Ca3	807-1069	9,10,11	36	96.0	39.2	22.8	False	12.7	0.2	False	False	False	False	False	False	False	False	
4788363	478	K	R		FBN1_cbEGF1-3_Ca3	246-529	1,2,3	51	83.2	200.2	84.8	False	7.86	0.59	False	False	False	False	False	False	False	False	
4789626	2651	E	K		FBN1_cbEGF41-43_Ca3	2567-2687	41,42,43	36	94.0	29.8	13.4	True	2.55	0.04	True	False	True	True	False	False	False	False	
4789627	2631	C	S		FBN1_cbEGF41-43_Ca3	2567-2687	41,42,43	56	93.8	29.0	17.4	True	10.74	0.07	False	False	False	False	False	True	True	False	2617
4789628	2605	C	R		FBN1_cbEGF41-43_Ca3	2567-2687	41,42,43	38	92.9	22.3	13.3	True	10.8	0.16	False	False	False	False	False	True	True	False	2592
4789629	2571	C	S		FBN1_cbEGF39-41_Ca3	2485-2606	39,40,41	35	95.9	26.0	15.6	True	6.43	0.03	False	False	False	False	False	True	True	False	2581
4789630	2556	F	C		FBN1_cbEGF39-41_Ca3	2485-2606	39,40,41	50	97.4	26.2	10.9	True	6.87	0.07	False	False	False	False	False	False	False	True	
4789631	2552	C	S		FBN1_cbEGF39-41_Ca3	2485-2606	39,40,41	54	97.4	35.9	21.5	False	11.88	0.13	False	False	False	False	False	True	True	False	2565
4789632	2543	N	K		FBN1_cbEGF39-41_Ca3	2485-2606	39,40,41	58	97.4	63.0	32.3	False	2.31	0.02	True	False	True	True	False	False	False	False	
4789633	2522	C	R		FBN1_cbEGF39-41_Ca3	2485-2606	39,40,41	37	95.9	14.5	8.7	True	10.31	0.11	False	False	False	False	False	True	True	False	2511
4789634	2468	C	W		FBN1_cbEGF37-39_Ca3	2402-2523	37,38,39	55	98.5	10.8	6.5	True	10.6	0.05	False	False	False	False	False	True	True	False	2455
4789635	2427	C	F		FBN1_cbEGF37-39_Ca3	2402-2523	37,38,39	25	98.6	5.6	3.3	True	10.84	0.02	False	False	False	False	False	True	True	False	2413
4789636	2314	Y	N		FBN1_cbEGF35-37_Ca3	2247-2443	35,36,37	67	97.6	28.5	10.8	True	4.68	0.05	False	False	False	True	True	False	False	False	
4789637	2268	L	P		FBN1_cbEGF33-35_Ca3	2166-2290	33,34,35	22	97.0	65.1	32.4	False	2.45	0.02	False	True	True	False	False	False	False	False	
4789638	2180	T	A		FBN1_cbEGF31-33_Ca3	2013-2205	31,32,33	25	91.2	94.1	54.7	False	12.32	0.04	False	False	False	False	False	False	False	False	
4789639	2096	C	R		FBN1_cbEGF31-33_Ca3	2013-2205	31,32,33	83	91.9	44.1	26.4	False	24.65	0.36	False	False	False	False	False	True	True	False	2070
4789640	2091	G	V		FBN1_cbEGF31-33_Ca3	2013-2205	31,32,33	78	97.9	0.0	0.0	True	18.85	0.08	False	False	False	False	False	False	False	False	
4789641	1967	D	E		FBN1_cbEGF29-31_Ca3	1930-2054	29,30,31	37	93.6	87.7	45.4	False	13.54	0.23	False	False	False	False	False	False	False	False	
4789642	1910	G	R		FBN1_cbEGF27-29_Ca3	1849-1972	27,28,29	61	97.7	21.5	20.7	False	3.99	0.02	False	False	False	False	False	False	False	False	
4789643	1906	R	P		FBN1_cbEGF27-29_Ca3	1849-1972	27,28,29	57	88.5	171.1	62.4	False	6.66	0.02	False	False	False	False	False	False	False	False	
4789644	1905	C	W		FBN1_cbEGF27-29_Ca3	1849-1972	27,28,29	56	98.3	41.5	24.9	False	8.0	0.03	False	False	False	False	False	True	True	False	1895
4789645	1852	E	K		FBN1_cbEGF25-27_Ca3	1766-1890	25,26,27	38	98.0	8.6	3.8	True	2.52	0.04	True	False	True	True	False	False	False	False	
4789646	1831	Y	N		FBN1_cbEGF25-27_Ca3	1766-1890	25,26,27	59	97.6	87.2	33.2	False	4.68	0.03	False	False	False	True	True	False	False	False	
4789647	1786	V	A		FBN1_cbEGF23-25_Ca3	1606-1807	23,24,25	21	98.0	125.0	71.8	False	4.61	0.01	False	False	False	False	False	False	False	False	
4789648	1770	C	R		FBN1_cbEGF23-25_Ca3	1606-1807	23,24,25	37	98.3	37.0	22.2	False	6.23	0.01	False	False	False	False	False	True	True	False	1782
4789649	1719	C	F		FBN1_cbEGF23-25_Ca3	1606-1807	23,24,25	88	98.5	0.0	0.0	True	12.47	0.05	False	False	False	False	False	True	True	False	
4789650	1513	C	S		FBN1_cbEGF21-23_Ca3	1446-1647	21,22,23	67	98.7	38.3	22.9	False	16.65	0.06	False	False	False	False	False	True	True	False	1526
4789651	1374	C	F		FBN1_cbEGF17-19_Ca3	1280-1403	17,18,19	29	98.9	17.1	10.3	True	10.81	0.04	False	False	False	False	False	True	True	False	1389
4789652	1331	H	R		FBN1_cbEGF17-19_Ca3	1280-1403	17,18,19	51	97.0	64.0	28.6	False	9.2	0.04	False	False	False	False	False	False	False	False	
4789653	1329	G	V		FBN1_cbEGF17-19_Ca3	1280-1403	17,18,19	49	97.9	49.5	47.6	False	10.44	0.06	False	False	False	False	False	False	False	False	
4789654	1326	C	S		FBN1_cbEGF17-19_Ca3	1280-1403	17,18,19	46	98.7	30.5	18.3	True	6.4	0.01	False	False	False	False	False	True	True	False	1339
4789655	1295	T	S		FBN1_cbEGF15-17_Ca3	1197-1321	15,16,17	26	93.2	90.8	52.8	False	12.28	0.03	False	False	False	False	False	False	False	False	
4789656	1291	C	S		FBN1_cbEGF15-17_Ca3	1197-1321	15,16,17	30	94.7	2.5	1.5	True	11.25	0.04	False	False	False	False	False	True	True	False	1305
4789657	1146	L	P		FBN1_cbEGF13-15_Ca3	1113-1237	13,14,15	33	96.8	74.7	37.2	False	12.16	0.07	False	False	False	False	False	False	False	False	
4789658	1000	N	D		FBN1_cbEGF9-11_Ca3	807-1069	9,10,11	69	89.7	142.5	73.1	False	18.14	0.24	False	False	False	False	False	False	False	False	
4789659	987	A	G		FBN1_cbEGF9-11_Ca3	807-1069	9,10,11	82	98.0	0.0	0.0	True	17.51	0.09	False	False	False	False	False	False	False	False	
4789660	985	G	R		FBN1_cbEGF9-11_Ca3	807-1069	9,10,11	84	96.3	12.3	11.8	True	11.83	0.1	False	False	False	False	False	False	False	False	
4789661	945	A	T		FBN1_cbEGF9-11_Ca3	807-1069	9,10,11	124	80.6	117.9	91.4	False	18.11	0.19	False	False	False	False	False	False	False	False	
4789662	888	T	I		FBN1_cbEGF9-11_Ca3	807-1069	9,10,11	81	92.0	68.2	39.6	False	20.74	0.05	False	False	False	False	False	False	False	False	
4789663	883	W	L		FBN1_cbEGF9-11_Ca3	807-1069	9,10,11	76	97.4	18.0	6.3	True	17.15	0.08	False	False	False	False	False	False	False	False	
4789664	853	C	F		FBN1_cbEGF9-11_Ca3	807-1069	9,10,11	46	97.6	0.0	0.0	True	13.98	0.06	False	False	False	False	False	True	True	False	875
4789665	828	F	L		FBN1_cbEGF9-11_Ca3	807-1069	9,10,11	21	97.4	56.4	23.5	False	4.61	0.18	False	False	False	True	True	False	False	False	
4789666	740	E	D		FBN1_cbEGF5-7_Ca3	572-764	5,6,7	24	91.7	64.8	29.1	False	6.46	0.02	False	False	False	False	False	False	False	False	
4789667	680	K	N		FBN1_cbEGF5-7_Ca3	572-764	5,6,7	84	90.7	28.9	12.3	True	13.87	0.07	False	False	False	False	False	False	False	False	
4789668	669	Q	H		FBN1_cbEGF5-7_Ca3	572-764	5,6,7	95	87.5	127.1	56.5	False	24.4	0.16	False	False	False	False	False	False	False	False	
4789669	548	N	S		FBN1_cbEGF3-5_Ca3	490-612	3,4,5	58	97.8	55.1	28.3	False	2.28	0.02	True	False	True	True	False	False	False	False	
4789670	544	G	E		FBN1_cbEGF3-5_Ca3	490-612	3,4,5	54	97.9	23.2	22.3	False	13.74	0.05	False	False	False	False	False	False	False	False	
4789671	493	E	D		FBN1_cbEGF1-3_Ca3	246-529	1,2,3	36	91.6	30.6	13.7	True	2.26	0.42	True	False	True	True	False	False	False	False	
4789672	488	C	S		FBN1_cbEGF1-3_Ca3	246-529	1,2,3	41	81.6	8.7	5.2	True	10.77	0.41	False	False	False	False	False	True	True	False	476
4789673	415	V	A		FBN1_cbEGF1-3_Ca3	246-529	1,2,3	114	45.3	128.2	73.7	False	52.94	10.29	False	False	False	False	False	False	False	False	
4790947	710	L	H		FBN1_cbEGF5-7_Ca3	572-764	5,6,7	54	87.5	2.9	1.4	True	14.33	0.16	False	False	False	False	False	False	False	False	
4790984	2344	L	V		FBN1_cbEGF35-37_Ca3	2247-2443	35,36,37	97	93.1	98.0	48.7	False	25.19	0.15	False	False	False	False	False	False	False	False	
4792617	640	F	S		FBN1_cbEGF5-7_Ca3	572-764	5,6,7	68	71.4	55.7	23.2	False	19.26	0.35	False	False	False	False	False	False	False	False	
4792746	2218	A	V		FBN1_cbEGF33-35_Ca3	2166-2290	33,34,35	52	95.8	70.6	54.7	False	15.94	0.06	False	False	False	False	False	False	False	False	
4794184	497	N	K		FBN1_cbEGF1-3_Ca3	246-529	1,2,3	32	84.0	118.3	60.7	False	11.22	0.27	False	False	False	False	False	False	False	False	
4794288	715	P	S		FBN1_cbEGF5-7_Ca3	572-764	5,6,7	49	95.0	87.6	55.1	False	7.57	0.06	False	False	False	False	False	False	False	False	
4794352	1379	D	E		FBN1_cbEGF17-19_Ca3	1280-1403	17,18,19	24	97.5	67.7	35.1	False	12.24	0.04	False	False	False	False	False	False	False	False	
4794471	2077	N	S		FBN1_cbEGF31-33_Ca3	2013-2205	31,32,33	64	93.9	73.4	37.7	False	16.02	0.09	False	False	False	False	False	False	False	False	
4790512	1248	I	V		FBN1_cbEGF15-17_Ca3	1197-1321	15,16,17	51	97.4	34.9	17.7	True	9.02	0.07	False	False	False	False	False	False	False	False	
4791944	758	S	L		FBN1_cbEGF7-9_Ca3	723-846	7,8,9	35	97.1	125.1	80.7	False	16.24	0.12	False	False	False	False	False	False	False	False	
4791951	2659	C	Y		FBN1_cbEGF41-43_Ca3	2567-2687	41,42,43	28	89.8	19.6	11.7	True	10.79	0.12	False	False	False	False	False	True	True	False	2672
4792148	670	C	R		FBN1_cbEGF5-7_Ca3	572-764	5,6,7	94	96.3	27.3	16.3	True	22.41	0.26	False	False	False	False	False	True	True	False	
4792311	2525	N	D		FBN1_cbEGF39-41_Ca3	2485-2606	39,40,41	40	96.1	52.2	26.7	False	2.25	0.02	False	True	True	False	False	False	False	False	
4792313	1904	T	N		FBN1_cbEGF27-29_Ca3	1849-1972	27,28,29	55	97.0	72.4	42.1	False	12.5	0.02	False	False	False	False	False	False	False	False	
4793699	1939	G	R		FBN1_cbEGF27-29_Ca3	1849-1972	27,28,29	33	87.9	74.3	71.5	False	15.15	0.2	False	False	False	False	False	False	False	False	
4793833	1457	V	I		FBN1_cbEGF19-21_Ca3	1363-1486	19,20,21	29	94.9	82.8	47.6	False	15.32	0.11	False	False	False	False	False	False	False	False	
4793252	1781	V	L		FBN1_cbEGF23-25_Ca3	1606-1807	23,24,25	26	98.1	97.9	56.2	False	12.22	0.02	False	False	False	False	False	False	False	False	
4793298	1147	S	T		FBN1_cbEGF13-15_Ca3	1113-1237	13,14,15	34	95.7	15.4	9.9	True	13.74	0.12	False	False	False	False	False	False	False	False	
4793301	1915	R	L		FBN1_cbEGF27-29_Ca3	1849-1972	27,28,29	57	88.1	180.3	65.8	False	13.73	0.03	False	False	False	False	False	False	False	False	
4791085	259	G	R		FBN1_cbEGF1-3_Ca3	246-529	1,2,3	13	94.4	54.2	52.1	False	12.56	0.21	False	False	False	False	False	False	False	False	
4792872	2553	Q	H		FBN1_cbEGF39-41_Ca3	2485-2606	39,40,41	53	90.5	87.4	38.8	False	9.63	0.1	False	False	False	False	False	False	False	False	
4792919	1084	G	D		FBN1_cbEGF11-13_Ca3	1028-1154	11,12,13	56	98.1	20.3	19.5	True	13.82	0.04	False	False	False	False	False	False	False	False	
4793032	343	G	R		FBN1_cbEGF1-3_Ca3	246-529	1,2,3	97	86.4	63.4	60.9	False	36.74	8.53	False	False	False	False	False	False	False	False	
4793103	878	S	F		FBN1_cbEGF9-11_Ca3	807-1069	9,10,11	71	93.5	2.8	1.8	True	7.38	0.24	False	False	False	False	False	False	False	False	
4794669	2276	C	F		FBN1_cbEGF35-37_Ca3	2247-2443	35,36,37	29	95.8	25.7	15.4	True	11.65	0.16	False	False	False	False	False	True	True	False	2289
4794809	1164	H	Y		FBN1_cbEGF13-15_Ca3	1113-1237	13,14,15	51	88.8	153.6	68.6	False	14.33	0.05	False	False	False	False	False	False	False	False	
4795157	533	E	D		FBN1_cbEGF3-5_Ca3	490-612	3,4,5	43	96.6	21.8	9.8	True	2.48	0.02	True	False	True	True	False	False	False	False	
4796683	1238	D	E		FBN1_cbEGF15-17_Ca3	1197-1321	15,16,17	41	98.4	40.0	20.7	False	2.6	0.03	True	False	True	True	False	False	False	False	
4796684	1238	D	A		FBN1_cbEGF15-17_Ca3	1197-1321	15,16,17	41	98.4	40.0	20.7	False	2.6	0.03	True	False	True	True	False	False	False	False	
4814129	2153	C	R		FBN1_cbEGF31-33_Ca3	2013-2205	31,32,33	52	97.6	37.8	22.6	False	12.06	0.1	False	False	False	False	False	True	True	False	2164
4818866	1189	T	I		FBN1_cbEGF13-15_Ca3	1113-1237	13,14,15	48	97.9	31.3	18.2	True	14.24	0.07	False	False	False	False	False	False	False	False	
4820498	2633	C	Y		FBN1_cbEGF41-43_Ca3	2567-2687	41,42,43	54	95.9	30.1	18.0	True	11.83	0.09	False	False	False	False	False	True	True	False	2646
4822288	2248	E	G		FBN1_cbEGF33-35_Ca3	2166-2290	33,34,35	42	94.8	18.9	8.5	True	2.29	0.04	False	True	True	False	False	False	False	False	
4827545	1688	M	K		FBN1_cbEGF23-25_Ca3	1606-1807	23,24,25	82	85.8	39.0	17.4	True	16.09	0.22	False	False	False	False	False	False	False	False	
4831222	620	P	L		FBN1_cbEGF5-7_Ca3	572-764	5,6,7	48	90.1	128.8	81.0	False	13.23	0.07	False	False	False	False	False	False	False	False	
4825419	2160	A	S		FBN1_cbEGF31-33_Ca3	2013-2205	31,32,33	45	94.0	52.1	40.4	False	13.4	0.22	False	False	False	False	False	False	False	False	
4825424	251	Q	P		FBN1_cbEGF1-3_Ca3	246-529	1,2,3	5	85.4	152.5	67.8	False	8.53	0.19	False	False	False	False	False	False	False	False	
4832269	1237	T	P		FBN1_cbEGF15-17_Ca3	1197-1321	15,16,17	40	97.3	59.4	34.5	False	7.34	0.02	False	False	False	False	False	False	False	False	
4832298	1354	W	G		FBN1_cbEGF17-19_Ca3	1280-1403	17,18,19	49	98.8	38.7	13.6	True	6.79	0.04	False	False	False	False	False	False	False	False	
4829929	1126	G	D		FBN1_cbEGF11-13_Ca3	1028-1154	11,12,13	28	94.0	55.9	53.8	False	18.21	0.06	False	False	False	False	False	False	False	False	
4834926	2443	V	L		FBN1_cbEGF37-39_Ca3	2402-2523	37,38,39	41	97.2	68.1	39.1	False	7.23	0.01	False	False	False	False	False	False	False	False	
4839486	1554	G	R		FBN1_cbEGF21-23_Ca3	1446-1647	21,22,23	93	98.7	2.5	2.4	True	14.17	0.04	False	False	False	False	False	False	False	False	
4839572	1676	P	L		FBN1_cbEGF23-25_Ca3	1606-1807	23,24,25	70	95.3	118.9	74.8	False	23.25	0.08	False	False	False	False	False	False	False	False	
4839712	2301	I	S		FBN1_cbEGF35-37_Ca3	2247-2443	35,36,37	54	92.6	45.0	22.9	False	9.44	0.26	False	False	False	False	False	False	False	False	
4838978	1551	N	D		FBN1_cbEGF21-23_Ca3	1446-1647	21,22,23	96	92.1	70.7	36.3	False	18.04	0.06	False	False	False	False	False	False	False	False	
4840798	1304	I	V		FBN1_cbEGF17-19_Ca3	1280-1403	17,18,19	24	95.0	60.5	30.7	False	7.31	0.07	False	False	False	False	False	False	False	False	
4840936	417	P	R		FBN1_cbEGF1-3_Ca3	246-529	1,2,3	112	49.4	139.9	88.0	False	59.1	11.0	False	False	False	False	False	False	False	False	
4843835	1234	R	T		FBN1_cbEGF15-17_Ca3	1197-1321	15,16,17	37	89.1	104.7	38.2	False	11.64	0.41	False	False	False	False	False	False	False	False	
4843838	1666	T	A		FBN1_cbEGF23-25_Ca3	1606-1807	23,24,25	60	98.1	47.7	27.7	False	2.45	0.02	False	True	True	False	False	False	False	False	
4843840	362	A	S		FBN1_cbEGF1-3_Ca3	246-529	1,2,3	116	85.6	64.9	50.3	False	27.03	4.79	False	False	False	False	False	False	False	False	
4845398	2461	N	T		FBN1_cbEGF37-39_Ca3	2402-2523	37,38,39	59	98.5	52.8	27.1	False	2.3	0.01	True	False	True	True	False	False	False	False	
4847161	2082	E	K		FBN1_cbEGF31-33_Ca3	2013-2205	31,32,33	69	94.8	38.2	17.1	True	10.52	0.05	False	False	False	False	False	False	False	False	
4847167	2502	N	Y		FBN1_cbEGF37-39_Ca3	2402-2523	37,38,39	21	98.1	55.1	28.2	False	2.27	0.01	True	False	True	True	False	False	False	False	
4847221	459	L	V		FBN1_cbEGF1-3_Ca3	246-529	1,2,3	70	65.2	16.2	8.1	True	18.32	0.43	False	False	False	False	False	False	False	False	
4847535	1078	P	R		FBN1_cbEGF11-13_Ca3	1028-1154	11,12,13	50	92.9	111.6	70.2	False	12.47	0.09	False	False	False	False	False	False	False	False	
4848185	1433	M	V		FBN1_cbEGF19-21_Ca3	1363-1486	19,20,21	53	92.6	181.2	80.9	False	7.75	0.08	False	False	False	False	False	False	False	False	
4849735	1913	N	D		FBN1_cbEGF27-29_Ca3	1849-1972	27,28,29	59	93.3	84.9	43.6	False	7.42	0.03	False	False	False	False	False	False	False	False	
4852311	2587	G	C		FBN1_cbEGF41-43_Ca3	2567-2687	41,42,43	20	93.6	15.7	15.1	True	2.47	0.03	False	True	True	False	False	False	False	True	
4852459	776	C	S		FBN1_cbEGF7-9_Ca3	723-846	7,8,9	53	98.5	3.6	2.2	True	12.16	0.07	False	False	False	False	False	True	True	False	790
4853330	710	L	P		FBN1_cbEGF5-7_Ca3	572-764	5,6,7	54	87.5	2.9	1.4	True	14.33	0.16	False	False	False	False	False	False	False	False	
4854603	1874	C	Y		FBN1_cbEGF27-29_Ca3	1849-1972	27,28,29	25	98.7	1.8	1.1	True	10.86	0.04	False	False	False	False	False	True	True	False	1860
4854724	2136	V	F		FBN1_cbEGF31-33_Ca3	2013-2205	31,32,33	69	88.9	25.9	14.9	True	9.89	0.18	False	False	False	False	False	False	False	False	
4857235	1782	C	G		FBN1_cbEGF23-25_Ca3	1606-1807	23,24,25	25	98.6	36.9	22.1	False	8.19	0.02	False	False	False	False	False	True	True	False	1770
4871216	1474	I	M		FBN1_cbEGF21-23_Ca3	1446-1647	21,22,23	28	92.0	170.2	86.4	False	7.73	0.08	False	False	False	False	False	False	False	False	
4871217	907	Q	R		FBN1_cbEGF9-11_Ca3	807-1069	9,10,11	100	89.6	118.3	52.6	False	13.9	0.03	False	False	False	False	False	False	False	False	
4871220	2291	D	V		FBN1_cbEGF35-37_Ca3	2247-2443	35,36,37	44	97.1	44.2	22.9	False	2.59	0.03	True	False	True	True	False	False	False	False	
4871224	841	T	R		FBN1_cbEGF9-11_Ca3	807-1069	9,10,11	34	95.4	91.0	52.9	False	14.29	0.22	False	False	False	False	False	False	False	False	
4871225	2513	P	A		FBN1_cbEGF39-41_Ca3	2485-2606	39,40,41	28	96.2	123.6	77.7	False	7.52	0.09	False	False	False	False	False	False	False	False	
4871228	1141	P	S		FBN1_cbEGF13-15_Ca3	1113-1237	13,14,15	28	98.4	49.9	31.4	False	9.61	0.04	False	False	False	False	False	False	False	False	
4871232	682	E	K		FBN1_cbEGF5-7_Ca3	572-764	5,6,7	82	90.6	39.8	17.9	True	9.14	0.04	False	False	False	False	False	False	False	False	
4871233	1878	T	S		FBN1_cbEGF27-29_Ca3	1849-1972	27,28,29	29	95.9	135.4	78.7	False	7.88	0.03	False	False	False	False	False	False	False	False	
4871234	659	S	N		FBN1_cbEGF5-7_Ca3	572-764	5,6,7	87	94.6	22.2	14.3	True	17.15	0.09	False	False	False	False	False	False	False	False	
4871867	2274	C	Y		FBN1_cbEGF35-37_Ca3	2247-2443	35,36,37	27	95.4	13.8	8.3	True	10.75	0.06	False	False	False	False	False	True	True	False	2258
