path	bytes	sha256	source
.gitignore	3537	ef2b86f4b31c7bdef598645a5bd38508ef3cd85accb6b92da15fd55ec7133310	git
LEGALLY_BINDING_TERMS_OF_USE.txt	520	ec3d38e8ca47402b364d10c415b6295ea3ef72f4b625add3bc518652a67b3350	git
LICENSE	1070	3cd1ed6e41f704ccfc07f07d5e0ff16056864427fa5f5908c40d2c46c687bc0e	git
NOTICE	4397	82510dc46348039cb75f49dbbfa3d3917d134bf4fda6bc06243e5de4997bee58	git
README.md	4002	b32c1ce7f00014f9e1d63b6ab088da51261d3435c17ac0e32eff8aa7ef69899e	git
data/interim/.gitkeep	0	e3b0c44298fc1c149afbf4c8996fb92427ae41e4649b934ca495991b7852b855	git
data/interim/cbegf_sites.tsv	3276	b4e5e2f7d980578a28b017923015711bc00325aaa83f3ecb1de6b3cadeb86117	git
data/interim/disulfide_pairing.tsv	4303	4aa073eae12e97e1a3fc0bbf617cb2704531eba37d7db55211cefbfdc5997b54	git
data/interim/excluded_from_structural.tsv	1542011	592939f0969337dfc2735af34a171aa1c50f890cb4828a7f1d41210e9b03d5f1	git
data/interim/manuscript_flattened.md	49417	90ff814db7b4182258ea2a9587c252214ff0802deb741e5dd9b07a48e52e6ce9	git
data/interim/reference_candidates.tsv	1916	7a7af99daf661f3646047a28a7f1baa5c8a04d958034b834fbfad84c489e8a54	git
data/interim/reference_candidates_verified.tsv	4844	efa1573f910f2ce52ac81a9eb935ee528e4a928f9a1e4355466f576452123f40	git
data/interim/uniprot_disulfides.tsv	5411	39657630a5415ce462fefce8daa5831afebcaeaef516d0223c97c9106566e188	git
data/interim/uniprot_domains.tsv	5095	23ad77a905f204a2e581aab04145be7029ada8a483b25f9c47ad914e62ac9ddc	git
data/interim/unparsed.tsv	12601	dd27eb97d1088ae8843a9af6959b54ef07f26c8c62ab0e14f9194bc949900ae8	git
data/interim/variants_normalized.tsv	1595620	e136948599c744925984bfa8f321bf9dedd04d8f3beca807c56d3bb69a3368ae	git
data/interim/wt_mismatch.tsv	0	e3b0c44298fc1c149afbf4c8996fb92427ae41e4649b934ca495991b7852b855	git
data/processed/.gitkeep	0	e3b0c44298fc1c149afbf4c8996fb92427ae41e4649b934ca495991b7852b855	git
data/processed/af3_batch4_geometry.tsv	40859	549470916310616d7f789478ff1d39e33d164f30d1e4b4add10d809e9ae6f6d9	git
data/processed/af3_ca_ligands.tsv	23194	f09c8c683e6a7de883ac12c695be392283a1aea9b0ab914e2326713b0d64e881	git
data/processed/af3_ca_sites.tsv	6464	aa2bfaca52d5a882a5fc53f817eca51eb9ba962322a88a1f23a9b6ca1cf8481e	git
data/processed/af3_mutant_geometry.tsv	2795	e4738f581ba7c494cbb308b467860480aaec28b3bd7f9b17b90d4b78454edb01	git
data/processed/af3_site_qc.tsv	9200	e0511ca85f991e4cd1d6e60afc32cde2df573e36508a908f31782b486736c76b	git
data/processed/batch4_rate.tsv	13021	9f8edfe904b6104fd286ae872533d69afe64d898f1f8f7b3a7bc8ccb65ce61fa	git
data/processed/bvs_vs_cmm.tsv	855	12220eeca92db1346f548967eef00934da31f4dff0bc30d48e6c1090b36777b3	git
data/processed/cmm_sites.tsv	3334	5a4af41e638f88737f08c454434f240819d4e6acf91180341f650da980bf90f4	git
data/processed/enrichment_v2.tsv	1168	cd89d65f301aa95bfc1b68bb42cb9c105a83fd833a2c63f2abe8d16ce5786eb3	git
data/processed/foldx_ddg.tsv	327054	978ed0d2c738d0d42d429965d499ada3d862ab49f26b9d59bd91918a3e1da17c	git
data/processed/foldx_ion_ablation.tsv	323460	c9537826df7d5d6f664f3cb25f8f29ab4641251b49233513095c91f23822e216	git
data/processed/metal_geometry.tsv	336559	c593deddf66dd579e4fbbf3ca59d0d908084f01a50b0c6b6892c9b3a25409931	git
data/processed/population_set.tsv	211852	d3d3f814dca9b05f3d771280e6168d75646c548474b0e16d75ddd1968b749f98	git
data/processed/references.tsv	26865	e9272c200a4ac8154f8023215d7de3a82575b151b55a460b7893d0a2bd8f8a8e	git
data/processed/references_final.tsv	12133	679d85502a49d44e46e82cc98d2b2a499f8f6974236a7bc0a54630076da3401e	git
data/processed/references_verified.tsv	10536	788c21e7d2f2acd1366b7c770f2b1a896b6a220c885101de0dee1567a41a1627	git
data/processed/rosetta_ddg.tsv	159391	22bd36eccc10064ff6368d7ce73f2e2c530ee7b0930830764572796d685b0b11	git
data/processed/structural_metrics.tsv	336685	9062fe8dda06b68d1af934c9c8319790b4daf5b6ce906f9063eaa7819e0c0405	git
data/processed/structural_metrics_af3.tsv	533476	dfbe1603366d4bcd9b7dc058246754a338024098b467f65f7fd42bd3cfffe43e	git
data/processed/variant_annotated.tsv	2129330	541cc63b4c81f2f72aa4c3b62f92beff22137c742ed9ea28540fc34f317c646f	git
data/processed/variant_master.tsv	1595620	e136948599c744925984bfa8f321bf9dedd04d8f3beca807c56d3bb69a3368ae	git
data/processed/variant_master_dictionary.md	5124	54b97f559ccdabb1b53526259b1f2ca368463a647ae9db57efaff341c15a7182	git
figures/.gitkeep	0	e3b0c44298fc1c149afbf4c8996fb92427ae41e4649b934ca495991b7852b855	git
figures/fig1_module.numbers.json	821	b496a35e3c3e9ccbe526818d77618eb8eef187864c4e6dad1034396cc0ac7ef6	git
figures/fig1_module.pdf	157595	5ea4ef9407e3d280d9529923158153783167cbac2fb31accf52435abd7635350	git
figures/fig1_module.png	542206	470646df3d6f24261312a566a274ce11b9ed66b7113596cc16f8bad7327d1fef	git
figures/fig2_stability.numbers.json	1812	e3947fc1a31d9b2bf4743b46f175a2f82fd3f1c0d2ac27708daefb294d940343	git
figures/fig2_stability.pdf	211711	3af28bec81b4ae341e12bf48948e0373e0a2b6abfe6d6d2280d5b58aca2c260a	git
figures/fig2_stability.png	894646	40e473d1bad51e2c31500b92f9de00f3297a094f4f84aa88244baa49bb0a47ed	git
figures/fig3_coordination.numbers.json	1454	82df9b3c93e42ba1faefe63cf8ef66c2616a16e9dd608101280d34660cce88ee	git
figures/fig3_coordination.pdf	49664	c26db2cd3af8533bb81ad8c0f605c45c7a472bf7b00410facfc390c0e3d7dd26	git
figures/fig3_coordination.png	607589	bb2d3046e56880635b821fd5b58c06b6fecd1c7ab2f80f83e7600084aabaeee4	git
figures/fig4_interpretation.numbers.json	597	4da0c7c45a50f85f5b8dee995c7cc81f7832b5218d101beb8dcdd11e0d25dfa3	git
figures/fig4_interpretation.pdf	39395	e90dc613c5129d58c149d2378a10c1bf50ab63a8786a103b32d88e53de3b910b	git
figures/fig4_interpretation.png	485006	5658af6f5cb25a6e268532c1062adb56b23a71614ba35125395a8ed8a99f0afd	git
figures/figS1_validation.numbers.json	397	e79316bbeddc9b6c193ca90be68a4f3e9c91812706b8162f397fa062d530d09d	git
figures/figS1_validation.pdf	31568	95dc8387178ef5f069ed061a70717bd20c34131a55d5db9e15bde85cf990178a	git
figures/figS1_validation.png	402320	997e435ae186bc1b1d5a8948f4e1c40cac0cbe8eaacfd70f87a81976a59e9a77	git
figures/figS2_structure.numbers.json	289	9097141d2de0fff838a3fdb95134ad0268abffd36ddf04e6a6db4e1b084e0f03	git
figures/figS2_structure.pdf	325642	c7271641915cd49fa625bb116c58d72729e8f4a56c8c118b700ad63c0742d774	git
figures/figS2_structure.png	646337	b5eff4f639c1e7e6376f650ffaaea90d262023be67942bbae32538e5655a6152	git
figures/pml/fig4_A_fragment.pml	1814	f3c47e630101207981d01a6f9643906625776725ad046006c258ace3ba13c44a	git
figures/pml/fig4_B_casite.pml	2270	dcc37cbed459060d982699fe372656011aae1b02b5a0d91750c8983cbfcd842d	git
figures/pml/fig4_C_af3_overlay.pml	2142	f83431be491aaf8eb593cc39391689ffc1c16cd33647d03fbcb4ff4a3870d7a0	git
figures/pml/fig4_D_variants.pml	1779	f8427e73fa83c7aa49d17f88616597e418f4ee1f0d81fb550202647bc304ad59	git
figures/pml/v2_fig8_structure_a_fragment.pml	2026	452cecf965947e6c7b21382c95ac445201fd179f315e04e23c4018b36dbae5b8	git
figures/pml/v2_fig8_structure_b_casite.pml	2670	228f769192d103af64224ab3fb4dbe90231742705d097a4efed87245f9b81b0c	git
figures/pml/v2_fig8_structure_c_variants.pml	1932	1fa4f963f740e23bf8e0cba567cef54e5de75bac1cfd8eeef474b44e47015aeb	git
handoff/cmm/INSTRUCTIONS.md	3263	5f8309bf919a1b5eca7f79b350cfbaa221f4b5f83cc7113b7b5bfbc8085fd44e	git
handoff/cmm/README.md	306	adae6995f29c85eb75bfc32fa1a742316b5d3198505774eeb38836cffa391589	git
handoff/cmm/inbox/.gitkeep	0	e3b0c44298fc1c149afbf4c8996fb92427ae41e4649b934ca495991b7852b855	git
handoff/cmm/inbox/AF3_cbEGF12-13_model0.pdb	53065	1ee0c2f645041ccc843dba1706744a708e5a9e929cf77c65fe1161deb7624642	git
handoff/cmm/inbox/AF3_cbEGF22-TB4-cbEGF23_model0.pdb	97291	676aa882af28427798893ddb060930066e2dbfa5f2f30b84e273ee75c254978c	git
handoff/cmm/inbox/AF3_cbEGF32-33_model0.pdb	47395	275923af37c32213f47682b5672c94c9556482150f7500c34351206eaaac60ae	git
handoff/cmm/inbox/AF3_cbEGF9-hyb2-cbEGF10_model0.pdb	85870	7ab7a3ddb25fdfdf593c42e7dfe8950cef82fb8fd23ba733b66ba88dcc081f1a	git
handoff/cmm/inbox/EXP_1EMN_cbEGF32-33.pdb	48689	836e416ea65f688c3464d59c54f807aa7736ffaa18c2a0dbdcec94de08bf531d	git
handoff/cmm/inbox/EXP_1LMJ_cbEGF12-13.pdb	52901	f67fcbb7f8f1399beca7f3aea6f591b95c6b1e08a5ceb24f1d23451191d4be5d	git
handoff/cmm/inbox/EXP_1UZJ_cbEGF22-TB4-cbEGF23.pdb	97046	9552af3cd6ca728e3c5c276683ee8eebfdefc4644cf97cc4782616cd1dff5a8b	git
handoff/cmm/inbox/EXP_2W86_cbEGF9-hyb2-cbEGF10.pdb	90809	2761f645a8d8c70c36628f82dedb0ad07039e9256439500d8b1ad8caad413d22	git
handoff/cmm/inbox/manifest.csv	1729	f042196cac8ade8c5d67eb121fe528f73664f56bc59ddab127757f3b3fdbc6a3	git
handoff/cmm/outbox/.gitkeep	0	e3b0c44298fc1c149afbf4c8996fb92427ae41e4649b934ca495991b7852b855	git
handoff/cmm/outbox/AF3_cbEGF12-13_model0.json	696	14b2e8d0b276956e2b7853354ad2fad4804ed0cbc27612928992680d3907c023	git
handoff/cmm/outbox/AF3_cbEGF22-TB4-cbEGF23_model0.json	696	b57eb58eb48cc1809a171f34a6362989b1ff393d324bb8e85b68e64fc0b0c4f8	git
handoff/cmm/outbox/AF3_cbEGF32-33_model0.json	698	1d926b757de30f59e1d3a8288b0be0864a6a32e4161ce52cba1fea5124e46796	git
handoff/cmm/outbox/AF3_cbEGF9-hyb2-cbEGF10_model0.json	684	d50d54b01e6483685c198b23e842d6fea9722926027fdc9477f5d05696a54871	git
handoff/cmm/outbox/EXP_1EMN_cbEGF32-33.json	696	375ccd08d2c55a06799b002be84dc14ff8861fe27abd8253b75efb690a261238	git
handoff/cmm/outbox/EXP_1LMJ_cbEGF12-13.json	688	ff4669f9febcfd466ceb9872718af3b8f3e31121b71f6fb7738d258b2b9895c4	git
handoff/cmm/outbox/EXP_1UZJ_cbEGF22-TB4-cbEGF23.json	690	3210cccf349dffa8d56482228f2e2330813c9296351772dc902291e7da7bddcc	git
handoff/cmm/outbox/EXP_2W86_cbEGF9-hyb2-cbEGF10.json	690	90e73bf189d77bfd93a5895a0105ce17d1a6591a23b2978358d8ea1932d5ae7c	git
handoff/structures/.gitkeep	0	e3b0c44298fc1c149afbf4c8996fb92427ae41e4649b934ca495991b7852b855	git
handoff/structures/REQUESTS.md	14677	661c740fc0d1a71cdac6f5030307abc99f9e4027b8010fb073d0b71b83d62b46	git
handoff/structures/inbox/af3_batch_all.json	1812	46f21f08b4ebb5563ae866cbc178515f728fb5f6dad280846fcee74bcc13cff9	git
handoff/structures/inbox/af3_jobs/FBN1_cbEGF12-13_Ca2.json	418	ce116e33b7abc0e62e9ee79b4f8cc9f610c1c10012e29cf4b391a445621fb174	git
handoff/structures/inbox/af3_jobs/FBN1_cbEGF22-TB4-cbEGF23_Ca2.json	503	0e047fd0675100a93b78361637a5cdc7eab7046cc19720ca3dfa96a574ca6a91	git
handoff/structures/inbox/af3_jobs/FBN1_cbEGF32-33_Ca2.json	411	3673cb1c2eaeb90bac777ecc3434efc3f77a9acea59255d49278d336e304e2d9	git
handoff/structures/inbox/af3_jobs/FBN1_cbEGF9-hyb2-cbEGF10_Ca2.json	486	d961349d2880cbac62e20603dc87620dbad4fb6b31a6a611b62bc55dea92cfe3	git
handoff/structures/inbox/batch2_domains/af3_batch2_all.json	10193	9f509219326ee7a8375da72357eba92b6e3a598ed4ec1181163542cd5cef657d	git
handoff/structures/inbox/batch2_domains/af3_jobs/FBN1_cbEGF1-3_Ca3.json	614	99d772c3a8bedd728781e5bf8e2738ac89bae5026c55d3ba5e5b28dd9ef89217	git
handoff/structures/inbox/batch2_domains/af3_jobs/FBN1_cbEGF11-13_Ca3.json	459	0124abafcdb473fe99a1ddc8a1f046930a618a62df945092374a71e49e6098a6	git
handoff/structures/inbox/batch2_domains/af3_jobs/FBN1_cbEGF13-15_Ca3.json	457	f402789e620b45ae835e21844baf9a8058b4a7c5b0e6736f3bd75fb95fedbada	git
handoff/structures/inbox/batch2_domains/af3_jobs/FBN1_cbEGF15-17_Ca3.json	457	45eefb61001ca54f16711674fdd32504a156a304d883138f4cf60827e18257ae	git
handoff/structures/inbox/batch2_domains/af3_jobs/FBN1_cbEGF17-19_Ca3.json	456	82c6c2170eee8db76c5c36b5f4c87f4ba158100ba152cfe8d4d78ddf06340642	git
handoff/structures/inbox/batch2_domains/af3_jobs/FBN1_cbEGF19-21_Ca3.json	456	f7e9fb3e3224335572aaa75a9c2087ba0ad03d3f53fd5a96d1392293abf79f16	git
handoff/structures/inbox/batch2_domains/af3_jobs/FBN1_cbEGF21-23_Ca3.json	534	8863d6694e28034f156da5d9fade818dcc7a435b902659c32937535a4d260bff	git
handoff/structures/inbox/batch2_domains/af3_jobs/FBN1_cbEGF23-25_Ca3.json	534	5920f982283bf70ad5dd35366597b9320802323e1f3b12dee4a1dfbe6972fd31	git
handoff/structures/inbox/batch2_domains/af3_jobs/FBN1_cbEGF25-27_Ca3.json	457	4ee4781366e80d3b8513826ed161585d8dbea6c9f357fafe3183a4fba80dbb70	git
handoff/structures/inbox/batch2_domains/af3_jobs/FBN1_cbEGF27-29_Ca3.json	456	84e1fc5055aca791368a48d57b5f79d1799cea54b11f2cc0c03065b492c58322	git
handoff/structures/inbox/batch2_domains/af3_jobs/FBN1_cbEGF29-31_Ca3.json	457	542565dd195374ae86cc51bc1eb6ae8d7511e4272287ec9e553c3157c2a26af2	git
handoff/structures/inbox/batch2_domains/af3_jobs/FBN1_cbEGF3-5_Ca3.json	453	d93f637799d9c7fa2c2f8a8cde7ff37fcc69522039dec52096079a029cbbb653	git
handoff/structures/inbox/batch2_domains/af3_jobs/FBN1_cbEGF31-33_Ca3.json	525	037ca1ffd48b8737ab1ed34d2a97b4a193080441c0d1abc6d16ce9afe59b2a11	git
handoff/structures/inbox/batch2_domains/af3_jobs/FBN1_cbEGF33-35_Ca3.json	457	d5af88b8d42a0614b86f291008ef8aac7a3169d696da5aa094f502dc9cccd9c3	git
handoff/structures/inbox/batch2_domains/af3_jobs/FBN1_cbEGF35-37_Ca3.json	529	7ffa6df621f5c3718125db7d7572d82cf30e36a06bef7d26393b765f01ab2cd3	git
handoff/structures/inbox/batch2_domains/af3_jobs/FBN1_cbEGF37-39_Ca3.json	454	55db2bd08d1f03e4471d5cd300561a86b47e21c9be84bc60fcb1ba973a557723	git
handoff/structures/inbox/batch2_domains/af3_jobs/FBN1_cbEGF39-41_Ca3.json	454	8f038c06b853a34ef319dfb23d3e4057f2d06db301dad6bf0482971534baa5ac	git
handoff/structures/inbox/batch2_domains/af3_jobs/FBN1_cbEGF41-43_Ca3.json	453	d54df0ce516c0ede137516924aaddeeaaf5e06b0958f9d73c281aa50b2bac067	git
handoff/structures/inbox/batch2_domains/af3_jobs/FBN1_cbEGF5-7_Ca3.json	523	7e49881dec3ee1fab36ce6d650e9cb0692c2b7306308a9697eec25206da61780	git
handoff/structures/inbox/batch2_domains/af3_jobs/FBN1_cbEGF7-9_Ca3.json	454	a672192a76de38c8c2148d6717c71daab11a76b57435ecd113cfb6318e33b5f1	git
handoff/structures/inbox/batch2_domains/af3_jobs/FBN1_cbEGF9-11_Ca3.json	594	c74c0fe4ea8e78638dbaeba60062876d5bf99c52e39a9492a9b173b8c9e5d182	git
handoff/structures/inbox/batch2_domains/constructs.fasta	4248	11aac11c9c2388c6249a3507eab1d24925e3f7ccddefe31cf7170f8f888a13b0	git
handoff/structures/inbox/batch2_domains/manifest.csv	5907	b179bd4e934eab5bcf73b798f98d1f223ddd26995311310d9a726aa2d7da765a	git
handoff/structures/inbox/batch3_mutants/af3_batch3_all.json	3940	912146ca63bde52daab43cdbfd3a7355c58feb338019e464fdba4174172afd3d	git
handoff/structures/inbox/batch3_mutants/af3_jobs/FBN1_cbEGF12-13_C1138F_Ca2.json	425	88ac81cc9f395adb80addcb22e803b11ad4cd83623587147243576a38f4d93a1	git
handoff/structures/inbox/batch3_mutants/af3_jobs/FBN1_cbEGF12-13_D1113G_Ca2.json	425	dcfa4a19bd4ad8ec3151756b264e8a704a404589500d620d5989983b4f26554f	git
handoff/structures/inbox/batch3_mutants/af3_jobs/FBN1_cbEGF12-13_E1073K_Ca2.json	425	d391388040252d15572e83de662d1c14cb080a28f4dca6aee73425ca3a9f0223	git
handoff/structures/inbox/batch3_mutants/af3_jobs/FBN1_cbEGF12-13_P1141L_Ca2.json	425	0452cc37ea19b7a8d66386fe2838d1f6d1544f6d5061ecfff493beb280f4bd09	git
handoff/structures/inbox/batch3_mutants/af3_jobs/FBN1_cbEGF22-TB4-cbEGF23_D1487G_Ca2.json	510	ccc82e26bb9bb82abd4377f3d7ae1672be19b463e5b923a3d88a1e592c4a958d	git
handoff/structures/inbox/batch3_mutants/af3_jobs/FBN1_cbEGF32-33_E2130K_Ca2.json	418	899cc0cfe31076655dcb11fd2ee3bc2479573ab6a77ea72b00c07169b27c402f	git
handoff/structures/inbox/batch3_mutants/af3_jobs/FBN1_cbEGF32-33_N2144S_Ca2.json	418	82adbf4c72e55a67ebaf51a8d1c8e2dd2f7f547051b81e861627d883f72b3b94	git
handoff/structures/inbox/batch3_mutants/af3_jobs/FBN1_cbEGF32-33_N2183S_Ca2.json	418	9255d7693fc9b3ace6d25108458173eada4cbe43910114ed1d6faa6484e35fb5	git
handoff/structures/inbox/batch3_mutants/af3_jobs/FBN1_cbEGF9-hyb2-cbEGF10_E913K_Ca2.json	492	b451464a5963009fd469212f26ae3b94e4f24f29d5d850908456b45aee5eaaf0	git
handoff/structures/inbox/batch3_mutants/constructs.fasta	1471	756bbd01c7b52a918ebaec21f56fe4145044b1750c3ca5d3bb3aae7bc83e2201	git
handoff/structures/inbox/batch3_mutants/manifest.csv	3011	e3b6fc631d0f6f14aedff3a673865a4a69711b6c668e59a0b9208adbfbaa41e3	git
handoff/structures/inbox/batch4_mutants/INSTRUCTIONS.md	2518	63c01416b8fd26b69094418dc7a70fdb27eabb735a0dff22bc18f1395363d315	git
handoff/structures/inbox/batch4_mutants/af3_batch4_all.json	29837	487e483052b158a5b705cf30c05813b6f639e5eea9581f477f82c3003d5071ab	git
handoff/structures/inbox/batch4_mutants/af3_batch4_day1.json	14931	24784b39109db536a6b7f1799c59e83f1a291a198cc050976b92d3461c263347	git
handoff/structures/inbox/batch4_mutants/af3_batch4_day2.json	14909	d943b1227d04f9944e0f2f3fbe0cad116d0969e213d98b8c137b0c5b0260f5c7	git
handoff/structures/inbox/batch4_mutants/af3_jobs/FBN1_cbEGF1-3_D490Y_Ca3.json	621	7477be4f73be7501ccf05c42164d1ab0d0e4ee42f1621a881f6ba186d01065ef	git
handoff/structures/inbox/batch4_mutants/af3_jobs/FBN1_cbEGF1-3_E487A_Ca3.json	621	4531ace279f524bd7dccd83607dfdcbc526c76f401388bb5a4099612dc05c95d	git
handoff/structures/inbox/batch4_mutants/af3_jobs/FBN1_cbEGF1-3_N261S_Ca3.json	621	4a5e82e3526e2cc8e25eeac25e14a0952a0c6245c9ba6e6a7c5d19880a5eeaba	git
handoff/structures/inbox/batch4_mutants/af3_jobs/FBN1_cbEGF1-3_T382S_Ca3.json	621	c555cf8f9684bfa693aebca9ca4215af5ce35e8aadac90425dc5eb887bcf52fe	git
handoff/structures/inbox/batch4_mutants/af3_jobs/FBN1_cbEGF13-15_D1155N_Ca3.json	465	99f1f8facb20d2602c44a97b594e5138818f24b9cda0a67012e18a8e70e5cfb9	git
handoff/structures/inbox/batch4_mutants/af3_jobs/FBN1_cbEGF13-15_D1197N_Ca3.json	465	975a09e47aa7b7ef7d2fa2e923b22f6c5786eda5b637f1c36536b9041ff38703	git
handoff/structures/inbox/batch4_mutants/af3_jobs/FBN1_cbEGF13-15_N1173T_Ca3.json	465	653b515bdeb0f486ab9ded74de825f1eb721390f8fda228f307260827986dfb1	git
handoff/structures/inbox/batch4_mutants/af3_jobs/FBN1_cbEGF13-15_V1172M_Ca3.json	465	6a82ddd996c64b0d7f97e9f23299299fd40dd9ea65936c1a15a791126f2cf58f	git
handoff/structures/inbox/batch4_mutants/af3_jobs/FBN1_cbEGF15-17_D1238N_Ca3.json	465	db773d788307dbb185e7e721aa452b276d9a12809380258064f52b3a07e85c0c	git
handoff/structures/inbox/batch4_mutants/af3_jobs/FBN1_cbEGF15-17_D1250Y_Ca3.json	465	68e6e46035e75d931f33814e5c7641d07a04787536891afccf6b76a11f20a415	git
handoff/structures/inbox/batch4_mutants/af3_jobs/FBN1_cbEGF15-17_D1280N_Ca3.json	465	26cb7428b93471eeb9d0d5bbb52344771af58ddaef62e96db1d8ec45f7b644b0	git
handoff/structures/inbox/batch4_mutants/af3_jobs/FBN1_cbEGF15-17_Q1253P_Ca3.json	465	c4021673ba2876051012b1261c9daee2fd14e46d0b7631a9327d788111ae81b0	git
handoff/structures/inbox/batch4_mutants/af3_jobs/FBN1_cbEGF17-19_A1337P_Ca3.json	464	5cacf3d5f939af99fd9c8daa7b183de7315251276e6ef1696e4f4cb8d1fcaf75	git
handoff/structures/inbox/batch4_mutants/af3_jobs/FBN1_cbEGF17-19_D1322N_Ca3.json	464	04f1c119377596e9f41de7a637e5f1135b42e69a16205f0596b8a4ffe4e6dce5	git
handoff/structures/inbox/batch4_mutants/af3_jobs/FBN1_cbEGF17-19_E1366Q_Ca3.json	464	c245cb9c21e0e4ee6bb108414cf3859449adaa90956fe8f7332154b55677df06	git
handoff/structures/inbox/batch4_mutants/af3_jobs/FBN1_cbEGF19-21_D1446N_Ca3.json	464	1ee054ee3c7bb17244adc4961bc852f37d93e0f40d443d19a22a19e71f98a9dd	git
handoff/structures/inbox/batch4_mutants/af3_jobs/FBN1_cbEGF19-21_G1418S_Ca3.json	464	dd7af27669aea05979729f307985ca8f10394f75a274cce37aa62a474fa6db39	git
handoff/structures/inbox/batch4_mutants/af3_jobs/FBN1_cbEGF21-23_D1487N_Ca3.json	542	61e020c63e7fdc1063bd9a1a3425951625e563563cf85cdf86034c5c8ac122ab	git
handoff/structures/inbox/batch4_mutants/af3_jobs/FBN1_cbEGF21-23_D1512V_Ca3.json	542	65ac8f6778e53a226d0fcf4950d1ef27d16d74edae5b6d8ce7f83962066447c1	git
handoff/structures/inbox/batch4_mutants/af3_jobs/FBN1_cbEGF21-23_E1490K_Ca3.json	542	3b149dd3d2ecdd4051734d93e23a3c839efea5cc346ddf0e9a6a09966ee42d3e	git
handoff/structures/inbox/batch4_mutants/af3_jobs/FBN1_cbEGF21-23_L1536W_Ca3.json	542	3766a18b67bcda91a2ad599187d7c0fcb5a99b434493b01fba99fe66aa93c1b3	git
handoff/structures/inbox/batch4_mutants/af3_jobs/FBN1_cbEGF23-25_D1648N_Ca3.json	542	4fb9c8a4f9d34f728b5fd6d8cc45ab8cd0408dccd0d8d7201085a0fbd453232a	git
handoff/structures/inbox/batch4_mutants/af3_jobs/FBN1_cbEGF23-25_E1653K_Ca3.json	542	f2803ada3d5814f27c1dacf20921f9bedea4e04ec88575f9e189081e8980180f	git
handoff/structures/inbox/batch4_mutants/af3_jobs/FBN1_cbEGF23-25_L1710S_Ca3.json	542	0715af749a55d3f87e576f707101f69b0faf4b7da6db9235a15c8cf522a4cfb8	git
handoff/structures/inbox/batch4_mutants/af3_jobs/FBN1_cbEGF25-27_E1811K_Ca3.json	465	1751706660885f3b1e53c2cfa122a1b94c5a8933fa3dcb73cb5bc0ed375b6a54	git
handoff/structures/inbox/batch4_mutants/af3_jobs/FBN1_cbEGF25-27_N1858T_Ca3.json	465	46efdca4599ac833d18d5a221bae84dca5c9f11861561677d7b433d4a80f437f	git
handoff/structures/inbox/batch4_mutants/af3_jobs/FBN1_cbEGF25-27_R1832S_Ca3.json	465	773c47a988ffa3dc5074736c3ab7f58088c03ef8bd5a62815287d77ae68e519b	git
handoff/structures/inbox/batch4_mutants/af3_jobs/FBN1_cbEGF27-29_D1891H_Ca3.json	464	459f69fdacdea9d89e6f2bf50df809b2c42328e5511570f65880e30b433a535a	git
handoff/structures/inbox/batch4_mutants/af3_jobs/FBN1_cbEGF27-29_D1891N_Ca3.json	464	1a2a48d15dae2d2e3c0232b0e821424417f5d4a83170a0fd4f9e6e28f73d7209	git
handoff/structures/inbox/batch4_mutants/af3_jobs/FBN1_cbEGF27-29_D1930G_Ca3.json	464	29cd5b4742d4523f40b96366f17edf127b1ec9625cbe4964d034b8fa9472a31b	git
handoff/structures/inbox/batch4_mutants/af3_jobs/FBN1_cbEGF27-29_D1930N_Ca3.json	464	0434cc7de3da5fdd45f1bb47d1fb96c2120d694b08b1304ffd4d4c5082d76c0a	git
handoff/structures/inbox/batch4_mutants/af3_jobs/FBN1_cbEGF27-29_E1894K_Ca3.json	464	9495bad265958a93055b260a98dff02ffc5ba452ad0a31a77a908eee925092fc	git
handoff/structures/inbox/batch4_mutants/af3_jobs/FBN1_cbEGF27-29_N1907D_Ca3.json	464	49b8406b79deab7bb89fe104c43764a1b51b2c8c95f621a6a507dfd3fef932e5	git
handoff/structures/inbox/batch4_mutants/af3_jobs/FBN1_cbEGF27-29_R1915L_Ca3.json	464	ec20eb7ec48304b7426cca8a810e50aedb7f7903a1b54bfd84b879f0a1522f75	git
handoff/structures/inbox/batch4_mutants/af3_jobs/FBN1_cbEGF29-31_D1993N_Ca3.json	465	1e7b6976355e79c5450902c6f2305e69dafac5e4e9afb26d4f5a45dd224c4bf5	git
handoff/structures/inbox/batch4_mutants/af3_jobs/FBN1_cbEGF29-31_E1976A_Ca3.json	465	c772ee639d5733404cfeb139b2268a1919891f976aa2021d96e7966d4391792a	git
handoff/structures/inbox/batch4_mutants/af3_jobs/FBN1_cbEGF29-31_G1994V_Ca3.json	465	270773653d967acfa7615848cfc2907233b27e78e69afa8e61321d69b037bbe7	git
handoff/structures/inbox/batch4_mutants/af3_jobs/FBN1_cbEGF3-5_I547T_Ca3.json	460	0ee89dffd7f9746b748c386996dc0a665cd5cd57c8cc0af3f2d0dd5a4c926e03	git
handoff/structures/inbox/batch4_mutants/af3_jobs/FBN1_cbEGF3-5_N548I_Ca3.json	460	948a3bc35dc5fa0e0c612eef27fa9e9560a930a265e87e694911e67b303eecd9	git
handoff/structures/inbox/batch4_mutants/af3_jobs/FBN1_cbEGF3-5_N589S_Ca3.json	460	eddb9967aacc42bf7d6db5d7ce072e474c3754eb36558b1db73525ff3b3a3678	git
handoff/structures/inbox/batch4_mutants/af3_jobs/FBN1_cbEGF31-33_D2104G_Ca3.json	533	cf4df5d9701ac2c924ec80295af63dba1fb90675138b2115b644cb804ee68d1b	git
handoff/structures/inbox/batch4_mutants/af3_jobs/FBN1_cbEGF31-33_I2110T_Ca3.json	533	186dbd8c712f0dafa19a1ed154abae3f617a705bb413346c1b92dcb0ad8aea07	git
handoff/structures/inbox/batch4_mutants/af3_jobs/FBN1_cbEGF31-33_N2144H_Ca3.json	533	27f9213472533fa33e997a306f782a94570133ef0181610ff6608aedb91f15c1	git
handoff/structures/inbox/batch4_mutants/af3_jobs/FBN1_cbEGF37-39_D2485G_Ca3.json	462	828b87c1e76f14fb85aca7423f8e8e861b926a5da40f05ef25d8cd588f967194	git
handoff/structures/inbox/batch4_mutants/af3_jobs/FBN1_cbEGF37-39_D2487G_Ca3.json	462	b099385661ee119784e2c1df61def8661c8a0301237aa57190c7f93e3ccdf867	git
handoff/structures/inbox/batch4_mutants/af3_jobs/FBN1_cbEGF37-39_E2447K_Ca3.json	462	667abab833ab6ea354886a9e684a54b48369b24c629698c0792ea94de068c48d	git
handoff/structures/inbox/batch4_mutants/af3_jobs/FBN1_cbEGF37-39_S2469L_Ca3.json	462	58f4fc181bff40505739eecdeb613619a80f6976cc04420a9d2612401318d42c	git
handoff/structures/inbox/batch4_mutants/af3_jobs/FBN1_cbEGF39-41_E2570K_Ca3.json	462	eabbb815aa2db05a774674571030db168ec1f605a3d373f7b1656ed81198dbb3	git
handoff/structures/inbox/batch4_mutants/af3_jobs/FBN1_cbEGF39-41_T2549P_Ca3.json	462	6816b934fc9141b1d4a63bf68c8dcac7c7e4fc1707efa7cbc9eb1191053a8ff3	git
handoff/structures/inbox/batch4_mutants/af3_jobs/FBN1_cbEGF41-43_D2607N_Ca3.json	461	f80035ce89a352e03e0ea666adfe7765c812bbaa64b9a03e3ce3af6d9789fe24	git
handoff/structures/inbox/batch4_mutants/af3_jobs/FBN1_cbEGF41-43_N2624S_Ca3.json	461	a8731067a29ac736a1b34dd7fdb761d510e2a7f4e6af9726ac4b54e314780dbf	git
handoff/structures/inbox/batch4_mutants/af3_jobs/FBN1_cbEGF5-7_D613N_Ca3.json	530	5f93ce59987d9a9c2c7aecf3cdbab572685ff29b0e24abe8fb4f2905d89e2521	git
handoff/structures/inbox/batch4_mutants/af3_jobs/FBN1_cbEGF5-7_D723A_Ca3.json	530	72cb95f74caa12f82e4f5bcc9ba9fe1054b24a6e74685d90910116f39b7a9424	git
handoff/structures/inbox/batch4_mutants/af3_jobs/FBN1_cbEGF5-7_D723G_Ca3.json	530	56e11a1a31b0f75c4091248be1bc5e30f0553625bd69a795c1d4f8a3d10152dd	git
handoff/structures/inbox/batch4_mutants/af3_jobs/FBN1_cbEGF5-7_E638K_Ca3.json	530	eccf3224666a93e105b7f9c3113b9a7ef4420a16616bfb89ca1b0e096daf921c	git
handoff/structures/inbox/batch4_mutants/af3_jobs/FBN1_cbEGF5-7_E726G_Ca3.json	530	5e65d9731f35dc2d5a99d66559f7b2b31f3f66a24fd79be83f7928c2e63769e2	git
handoff/structures/inbox/batch4_mutants/af3_jobs/FBN1_cbEGF5-7_N741K_Ca3.json	530	3945f71ff9c0fad638c5a58ddc35d1ace5474743f855f582d3310550aff1e3df	git
handoff/structures/inbox/batch4_mutants/af3_jobs/FBN1_cbEGF9-11_D1028G_Ca3.json	602	5d3b8508f2599c2f98f130e7e35794ef0701fd3524a097cc70caaec197a3236f	git
handoff/structures/inbox/batch4_mutants/af3_jobs/FBN1_cbEGF9-11_N1046S_Ca3.json	602	36cf6ed62673eb244eac045e01f3f2bfe600676592c1214c30a2268f12a2c7f8	git
handoff/structures/inbox/batch4_mutants/af3_jobs/FBN1_cbEGF9-11_N867K_Ca3.json	601	544a7663ab7763218b2314106188c485cdf00be2c011903a85657eaa55506e4f	git
handoff/structures/inbox/batch4_mutants/manifest.csv	9645	70cb4339cf5103f9b2c95ca712b1bdc1969080f0fafb470bb0ba7d29a43da709	git
handoff/structures/inbox/constructs.fasta	708	ef1b1f0cd0f958264fb1875ab46506b4696775163f337dfe08c2819be4a0f278	git
handoff/structures/inbox/manifest.csv	1467	3548ce296998135cff6e7799f7fc18d053bd1c8fc9e0e8eec44af724f016face	git
install_skills.sh	25472	23d4a877358800e6228a4368d32117b153bf7c99db649fb17be784a34c166582	git
logs/.gitkeep	0	e3b0c44298fc1c149afbf4c8996fb92427ae41e4649b934ca495991b7852b855	git
logs/00_env_check_20260802T161214Z.log	4483	1bc458bb8a7d6ee503e30f5fb53ba8058cba6fb2c0fac892d27eea0dd60f56cb	git
logs/00_env_check_20260802T161546Z.log	5067	4f1fdfdaa163b29993c711021e56fffb0333ad6116ce60740231c52b7a550f0a	git
logs/00_env_check_20260802T161626Z.log	5399	fe3ec08b96e3936b56e2ef9cca5223ef821f9dd83a76931b0d1d9f082de30530	git
logs/00_env_check_20260802T162346Z.log	5320	78c2c2cd59d79ee85989aac5d390a6d6d9103400502830c5c896f0dda60b8180	git
logs/00_env_check_20260802T162557Z.log	5320	65015d3fef89fa143d69d4bf4c9e4d8693bf9a859e1052a1f16be7b86bd46633	git
logs/00_env_check_20260802T162953Z.log	5320	f37024900f499a9e83fb7af210db8c9c13f8066dfce4863d52f1555ea81eab95	git
logs/00_env_check_20260802T163131Z.log	5320	eaf3773027476b0552d0e34deb74f2cc1384f5876441ddf2becb03dadcfa3104	git
logs/00_env_check_20260802T170803Z.log	5335	a72fa62794d79f4d3b601bedc79bcac6de2bbcdc55753b50429ddfd34d32d8dc	git
logs/00_env_check_20260830T050335Z.log	5417	0725faaac2a9089be66aca41f5db313c30792758451d1050be7b3b91cff7371c	git
logs/00_env_check_latest.json	10255	f67999a1528a8c74dd1ed2593e6a27ac60b6210acbeedb54a1715daa45552650	git
logs/05_normalize_20260802T172238Z.log	1198	30acf3f8267d2cd8b48f9ffc1d1391509c6adc76a203afbaed0a0be0f0053ee7	git
logs/06_annotate_20260802T173521Z.log	1548	70508a4b777f4900215fedf96ae8b488f29c615f62a80eac16b6bd961e42e1e8	git
logs/07_calibrate_20260802T175804Z.log	2745	4bcb2e9ea1f8275bdf198ab544d837b68ea2aaf1cf367f838569f2949c14eb71	git
logs/07_calibrate_20260802T175904Z.log	3452	78f33bb06a17593a8309d4c403a196a3653e5b430a4b7b51ce1f915dfffb856b	git
logs/09_ingest_cmm_20260802T181918Z.log	671	88d58786de479ba1e0a5bfb1ee006ad5849cd5a84bb6b28076080cb6b6a7bc94	git
logs/10_structural_20260802T182104Z.log	554	c43c18c9eb2813cac7f33b9ca7bf22dba21a234e8a2fc93db37d50b95d6e84b9	git
logs/11_foldx_20260802T182231Z.log	519	d2c3b616267524a222d50b19820257ebe7d6df96985269e388935d0f4a73b3bc	git
logs/12_statistics_20260802T185210Z.log	4219	3d611c11989d5c0b8c6bd08310b02ac2deebf21bdb47339018cfe1be208a1475	git
logs/12_statistics_20260802T185226Z.log	4219	bfb9146073f0b9d62f2a7bc44f4c0fb47d8e88b4309249c2882e0e07f4d240c9	git
logs/12_statistics_20260802T185308Z.log	4217	6a05f4a43441e2b100bc0fe07f230590ba89b2053989085e8dfa7fbcf5cdc65b	git
logs/12_statistics_20260802T185324Z.log	4217	5208d7dae4febfdb48768e514bf4d44a8ad538e0afb15069ef66849ea5e9ded8	git
logs/12_statistics_20260802T185454Z.log	5477	5032e8b65ccdb6f54099da264c59d827824141a8a3826e3631ab1f55e6a66e39	git
logs/12_statistics_20260802T185504Z.log	5477	76d5de2a6633f297ab6dc61867ef971ea2c7d9194c5729c9af7eec3ed89772cb	git
logs/12_statistics_20260802T185623Z.log	5477	1bd4b0e035f512302705fd0f15ead64bccd930bce70a790b600b77e2c3b9341c	git
logs/12_statistics_20260802T185828Z.log	5477	42e4d975b9abc93ae1551be7f3805a0c18a70685ecbecdb3cdc8ef084ae5990a	git
logs/12_statistics_20260809T035640Z.log	5477	9e5f226a6102b6c5b1d7f4366a0bbdef77a31f98acfbb10fbe4cfe941c9644af	git
logs/12_statistics_20260809T035700Z.log	5477	5c83435ea11a5b912a9518d70b9bd8a8912b25c4d7a3ac119db6536a3580e94a	git
logs/12_statistics_20260809T044755Z.log	5477	3b327da49b32f1e5060f4d5a99780896e487445c820ad69b456cf69e782a935d	git
logs/12_statistics_20260809T044905Z.log	5477	e64208198b5412d65b95a4c102c47b238c4170de5e6cd1c6017abb90bec811ec	git
logs/12_statistics_20260830T050230Z.log	5477	7829f1201959dbbfe8c2aad4f358c11dedb084542c42210d0c24962769330c94	git
logs/12_statistics_20260830T055741Z.log	5477	40aa418b257248c7a44a1151563fb5301ce5c56b1c99afe30b0b81acfb2ef5ab	git
logs/13_fig1_20260809T035008Z.log	427	d314f234f8902f55ea4eba0276b0a9d7b525d72b63932e05c35e250e0c05a455	git
logs/13_fig1_20260809T035107Z.log	427	d314f234f8902f55ea4eba0276b0a9d7b525d72b63932e05c35e250e0c05a455	git
logs/13_fig1_20260809T035134Z.log	427	d314f234f8902f55ea4eba0276b0a9d7b525d72b63932e05c35e250e0c05a455	git
logs/13_fig1_20260809T044058Z.log	427	d314f234f8902f55ea4eba0276b0a9d7b525d72b63932e05c35e250e0c05a455	git
logs/13_fig1_20260809T044325Z.log	427	d314f234f8902f55ea4eba0276b0a9d7b525d72b63932e05c35e250e0c05a455	git
logs/13_fig1_20260809T044822Z.log	427	d314f234f8902f55ea4eba0276b0a9d7b525d72b63932e05c35e250e0c05a455	git
logs/13_fig1_20260809T044931Z.log	427	d314f234f8902f55ea4eba0276b0a9d7b525d72b63932e05c35e250e0c05a455	git
logs/13_fig1_20260809T050617Z.log	427	d314f234f8902f55ea4eba0276b0a9d7b525d72b63932e05c35e250e0c05a455	git
logs/13_fig1_20260830T050240Z.log	427	d314f234f8902f55ea4eba0276b0a9d7b525d72b63932e05c35e250e0c05a455	git
logs/13_fig1_20260830T055751Z.log	427	d314f234f8902f55ea4eba0276b0a9d7b525d72b63932e05c35e250e0c05a455	git
logs/14_fig2_20260809T035349Z.log	373	fd024e12e94c75f127212587bfc36fed02636aba28f2c70761cf81fc579a5f65	git
logs/14_fig2_20260809T035516Z.log	373	fd024e12e94c75f127212587bfc36fed02636aba28f2c70761cf81fc579a5f65	git
logs/14_fig2_20260809T044101Z.log	373	fd024e12e94c75f127212587bfc36fed02636aba28f2c70761cf81fc579a5f65	git
logs/14_fig2_20260809T044329Z.log	373	fd024e12e94c75f127212587bfc36fed02636aba28f2c70761cf81fc579a5f65	git
logs/14_fig2_20260809T044825Z.log	373	fd024e12e94c75f127212587bfc36fed02636aba28f2c70761cf81fc579a5f65	git
logs/14_fig2_20260809T044935Z.log	373	fd024e12e94c75f127212587bfc36fed02636aba28f2c70761cf81fc579a5f65	git
logs/14_fig2_20260809T050621Z.log	373	fd024e12e94c75f127212587bfc36fed02636aba28f2c70761cf81fc579a5f65	git
logs/14_fig2_20260830T050242Z.log	373	fd024e12e94c75f127212587bfc36fed02636aba28f2c70761cf81fc579a5f65	git
logs/14_fig2_20260830T055754Z.log	373	fd024e12e94c75f127212587bfc36fed02636aba28f2c70761cf81fc579a5f65	git
logs/15_fig3_20260809T035832Z.log	614	fd64f1e2ad9dc779d44c6a756de84f7803b4cca2fcdbe39a4b5b8e54ad39d701	git
logs/15_fig3_20260809T035854Z.log	614	fd64f1e2ad9dc779d44c6a756de84f7803b4cca2fcdbe39a4b5b8e54ad39d701	git
logs/15_fig3_20260809T035925Z.log	614	fd64f1e2ad9dc779d44c6a756de84f7803b4cca2fcdbe39a4b5b8e54ad39d701	git
logs/15_fig3_20260809T044105Z.log	614	fd64f1e2ad9dc779d44c6a756de84f7803b4cca2fcdbe39a4b5b8e54ad39d701	git
logs/15_fig3_20260809T044332Z.log	614	fd64f1e2ad9dc779d44c6a756de84f7803b4cca2fcdbe39a4b5b8e54ad39d701	git
logs/15_fig3_20260809T044829Z.log	614	fd64f1e2ad9dc779d44c6a756de84f7803b4cca2fcdbe39a4b5b8e54ad39d701	git
logs/15_fig3_20260809T044938Z.log	614	fd64f1e2ad9dc779d44c6a756de84f7803b4cca2fcdbe39a4b5b8e54ad39d701	git
logs/15_fig3_20260809T050625Z.log	614	fd64f1e2ad9dc779d44c6a756de84f7803b4cca2fcdbe39a4b5b8e54ad39d701	git
logs/15_fig3_20260830T050244Z.log	614	fd64f1e2ad9dc779d44c6a756de84f7803b4cca2fcdbe39a4b5b8e54ad39d701	git
logs/15_fig3_20260830T055755Z.log	614	fd64f1e2ad9dc779d44c6a756de84f7803b4cca2fcdbe39a4b5b8e54ad39d701	git
logs/16_fig4_20260809T040246Z.log	21529	70d4845d55bef5907300d60c9fd14679316095d0fd5eb478511982c8e1258e79	git
logs/16_fig4_20260809T040446Z.log	21636	0b560641c805ffea7fa9a78bf80079d7c9dc27578f777366694261de2cd31ece	git
logs/16_fig4_20260809T040552Z.log	21636	9adeb382495a8826fa0c6a657a71ff1629026981767f8cfbcd7cdbfd7813c5d5	git
logs/16_fig4_20260809T040623Z.log	21886	48e47a9b61779318e5cf9856910bc0123cb1874772ba1617246add63ca9baa11	git
logs/16_fig4_20260809T044117Z.log	21886	013cf0384864b95e3bb4d811c8cc9adecf736de15b4f6c57a435c12006c23fa4	git
logs/16_fig4_20260809T044319Z.log	22418	40140e7dd0e6427c7fb546bb637dcfcb462ee1065263ec03d917a146a9de0099	git
logs/16_fig4_20260809T044344Z.log	22418	1514d7d4b7d1f2514f679f13fb6372ecb1edc9f8fbe962bc4d802a6467807489	git
logs/16_fig4_20260809T044841Z.log	22418	5241c50fb553a02b9efd99300e7f94be7f79beb1ba3ba4ca67748d0718b3b7c0	git
logs/16_fig4_20260809T044950Z.log	22418	e8be60b169bf21c793ee151504c924267cc6aeb560a20acf74b9b5f3618eac01	git
logs/16_fig4_20260809T050639Z.log	22418	09219dd6565dcf81c46f9e8adcbfa3485d3db7de72cc9ffeac520d717fa60d3a	git
logs/16_fig4_20260830T050251Z.log	22422	223af5783baa7fced8c11e8fa7fc797646013026e9a2a709aee79565ab68c8cf	git
logs/16_fig4_20260830T055802Z.log	22420	0ef9673f4114c28a83d0149c6e86dc33974a3e76d6251f08ad54e3b439c65f9c	git
logs/17_fig5_20260809T040758Z.log	544	40752b4e897c1c77c56b5d647c0897f7a4b19d765ab3b9e204150be65324b702	git
logs/17_fig5_20260809T040820Z.log	544	40752b4e897c1c77c56b5d647c0897f7a4b19d765ab3b9e204150be65324b702	git
logs/17_fig5_20260809T044120Z.log	544	40752b4e897c1c77c56b5d647c0897f7a4b19d765ab3b9e204150be65324b702	git
logs/17_fig5_20260809T044307Z.log	544	40752b4e897c1c77c56b5d647c0897f7a4b19d765ab3b9e204150be65324b702	git
logs/17_fig5_20260809T044347Z.log	544	40752b4e897c1c77c56b5d647c0897f7a4b19d765ab3b9e204150be65324b702	git
logs/17_fig5_20260809T044844Z.log	544	40752b4e897c1c77c56b5d647c0897f7a4b19d765ab3b9e204150be65324b702	git
logs/17_fig5_20260809T044953Z.log	544	40752b4e897c1c77c56b5d647c0897f7a4b19d765ab3b9e204150be65324b702	git
logs/17_fig5_20260809T050642Z.log	544	40752b4e897c1c77c56b5d647c0897f7a4b19d765ab3b9e204150be65324b702	git
logs/17_fig5_20260830T050253Z.log	544	40752b4e897c1c77c56b5d647c0897f7a4b19d765ab3b9e204150be65324b702	git
logs/17_fig5_20260830T055804Z.log	544	40752b4e897c1c77c56b5d647c0897f7a4b19d765ab3b9e204150be65324b702	git
logs/18_fig6_20260809T041929Z.log	508	373d4f07e9f1a20783a958e9b43b9cb6ce74ed3cc397745d415b020b192cb16f	git
logs/18_fig6_20260809T044123Z.log	508	373d4f07e9f1a20783a958e9b43b9cb6ce74ed3cc397745d415b020b192cb16f	git
logs/18_fig6_20260809T044350Z.log	508	373d4f07e9f1a20783a958e9b43b9cb6ce74ed3cc397745d415b020b192cb16f	git
logs/18_fig6_20260809T044848Z.log	508	373d4f07e9f1a20783a958e9b43b9cb6ce74ed3cc397745d415b020b192cb16f	git
logs/18_fig6_20260809T044956Z.log	508	373d4f07e9f1a20783a958e9b43b9cb6ce74ed3cc397745d415b020b192cb16f	git
logs/18_fig6_20260809T050646Z.log	508	373d4f07e9f1a20783a958e9b43b9cb6ce74ed3cc397745d415b020b192cb16f	git
logs/18_fig6_20260830T050254Z.log	508	373d4f07e9f1a20783a958e9b43b9cb6ce74ed3cc397745d415b020b192cb16f	git
logs/18_fig6_20260830T055805Z.log	508	373d4f07e9f1a20783a958e9b43b9cb6ce74ed3cc397745d415b020b192cb16f	git
logs/19_supplementary_20260809T042046Z.log	439	6a72a0baa69f246e5a8dc15cbc15d7a2da638bdd555d123b2a709c73945ff392	git
logs/19_supplementary_20260809T042217Z.log	439	5f25d494aedb104e6498eac4ca79f026168236365d79321b3d78b8f3a2a9d9f6	git
logs/20_manuscript_20260809T050408Z.log	285	9b98646585ebb8bd26611bdad7c451e779ee0c71c629f507f24128323d78c09a	git
logs/20_manuscript_20260809T050547Z.log	285	9b98646585ebb8bd26611bdad7c451e779ee0c71c629f507f24128323d78c09a	git
logs/21_af3_requests_20260809T055633Z.log	2483	ae1f04be5c75e80ac869398ff6f80c650f045dfb932bc75a3ce7527518baabef	git
logs/22_foldx_ablation_20260809T055843Z.log	1555	23d7d289e8e8bf43664f2fcd7f12ecedb7fb94aff1c5a4712feb785149fb0785	git
logs/23_metal_geometry_20260809T060112Z.log	939	71f9ac75ccb79d3276dbfa861fe77b947972390d2c6793e4a10a9b305db4576e	git
logs/23_metal_geometry_20260816T054230Z.log	988	dd78ffc0799c49fb750ea21cc2eb8025011435e24ee9bce6c5b0bcfe7d271369	git
logs/25_af3_mutant_geometry_20260809T161337Z.log	4769	54703284b7a6b60a101016dbe0243f7d8efc587540cc8d0f5db1a89127c86ab2	git
logs/26_af3_batch2_sites_20260809T163428Z.log	2387	a35b6513003dc2f12f2bb018b2bd033f99082718e0792d651480a0c7cecb5eab	git
logs/27_structural_metrics_af3_20260809T164311Z.log	1787	ff49c259777c6e22c82ff1050ad738b5dc10530e9ae9ba16e7011bb062b16aee	git
logs/28_statistics_v2_20260809T164444Z.log	2494	ac66887cd1faaace2ea7e3a53d7240e52bed858db7fde50e523a3c9c494c5cfa	git
logs/29_rosetta_ddg_20260809T164633Z.log	1121	8499c45cf519c490284d39f134338728674d6aead1c0bff837e74c32a2e7137f	git
logs/29_rosetta_ddg_20260809T165046Z.log	1251	d5df048c3a339ba0ea1f9a610dca477b6801c517df337a4f89a262dd118c01b3	git
logs/29_rosetta_ddg_20260816T045535Z.log	1277	ffec5f9aea58185ad91861a685810974744a8b1b4627bdec38614f852061dc0d	git
logs/29_rosetta_ddg_20260816T045826Z.log	1194	76e06a4358967494f444ffaacf59d48f0d79e86dc6b377cd12a60c6902fa469a	git
logs/29_rosetta_ddg_20260816T045924Z.log	8393	41e2be907ef286a0cbe4ed2283e260b13053dafe9d0edc97c160c66191f68b16	git
logs/29_rosetta_ddg_20260816T061511Z.log	1293	3e099e72a33322e60c73985c1e153402edd52ca8c490e9186b67233d63b43cba	git
logs/29_rosetta_ddg_20260816T061819Z.log	8484	cd5c22a029cf053bb6d41ee19c09acb74d4f67097df75caa2139b9cb78da869e	git
logs/30_population_set_20260809T170506Z.log	1462	5c9a08c96cb5dd0449d836efbe95f62bd7006fa66305c0bfb583ae26a5a848fe	git
logs/30_population_set_20260816T054230Z.log	1511	e16056e04bcfe4ff04951de5a77af5c0d6770eeadb1bae451a5689184a397b5f	git
logs/31_boltz_setup_20260809T170859Z.log	575	06df4dc9e61ee249f4ed2668715c9644ec2c9b383b296e9698ccf4ea4507f4c2	git
logs/31_boltz_setup_20260809T180004Z.log	2339	b8f864dcfa9962491960548578b4ea7fab64d8a582389a6e0518e062b9082200	git
logs/31_boltz_setup_20260809T180358Z.log	588	5d902c2a8fe9d383017b8a330db223f9c710556f964ea518e7daa244620fa8f1	git
logs/31_boltz_setup_20260809T180620Z.log	2509	9c4e3027611d56ce6ba898cd9da6758fc7b57665462e836901b60174581fafec	git
logs/31_boltz_setup_20260809T181918Z.log	588	975a4d12fc1ca1bfb0f57ebd28e1f3746b38ca2d1e6e0082633f75146b9a16e7	git
logs/32_v2fig1_stability_20260816T050928Z.log	790	b59eb65b77aebf925c2ecf6d46f17e6f5847a9686e9a8cc2b9a3e20b127b0473	git
logs/32_v2fig1_stability_20260816T051018Z.log	938	f06991b7a7dce9b803ff0024e667d49e90ea351178de4f6fc258646a543850ab	git
logs/32_v2fig1_stability_20260816T051117Z.log	949	c0293300427f4e9d6f3b944f57e3428fa244288580305c7216e10aaff2a75d14	git
logs/32_v2fig1_stability_20260816T051202Z.log	1139	0dc8e41d3342a70e380a650ad01992189cf0d9461569e853fd3259078e942cd1	git
logs/32_v2fig1_stability_20260816T051224Z.log	1139	0dc8e41d3342a70e380a650ad01992189cf0d9461569e853fd3259078e942cd1	git
logs/32_v2fig1_stability_20260816T051755Z.log	1139	0dc8e41d3342a70e380a650ad01992189cf0d9461569e853fd3259078e942cd1	git
logs/32_v2fig1_stability_20260816T054417Z.log	1122	c815677c5ff7047cfa731686f0f9fe199527ef604640aab4a2df163fb27230a7	git
logs/32_v2fig1_stability_20260816T054439Z.log	1122	c815677c5ff7047cfa731686f0f9fe199527ef604640aab4a2df163fb27230a7	git
logs/32_v2fig1_stability_20260816T055414Z.log	1122	c815677c5ff7047cfa731686f0f9fe199527ef604640aab4a2df163fb27230a7	git
logs/32_v2fig1_stability_20260816T063448Z.log	1122	b9f8e93a225feacf1a14badf9d306f0ef856b428c2cac303b2122a9765da75d5	git
logs/32_v2fig1_stability_20260816T063536Z.log	1122	b9f8e93a225feacf1a14badf9d306f0ef856b428c2cac303b2122a9765da75d5	git
logs/32_v2fig1_stability_20260816T063615Z.log	1122	b9f8e93a225feacf1a14badf9d306f0ef856b428c2cac303b2122a9765da75d5	git
logs/32_v2fig1_stability_20260816T063638Z.log	1122	8ea8cc1d36016b4beb4f035d63bf11954bf39c61f91c3ce0bca1c722cc4d99de	git
logs/32_v2fig1_stability_20260816T063701Z.log	1123	cc60efca13a2a81dc3cb120c7e51b473c4b4bce86fb719555f705e63781adca9	git
logs/32_v2fig1_stability_20260816T063724Z.log	1122	b9f8e93a225feacf1a14badf9d306f0ef856b428c2cac303b2122a9765da75d5	git
logs/32_v2fig1_stability_20260816T063746Z.log	1122	b9f8e93a225feacf1a14badf9d306f0ef856b428c2cac303b2122a9765da75d5	git
logs/32_v2fig1_stability_20260816T064133Z.log	1122	b9f8e93a225feacf1a14badf9d306f0ef856b428c2cac303b2122a9765da75d5	git
logs/32_v2fig1_stability_20260830T045300Z.log	1122	b9f8e93a225feacf1a14badf9d306f0ef856b428c2cac303b2122a9765da75d5	git
logs/32_v2fig1_stability_20260830T045856Z.log	1122	b9f8e93a225feacf1a14badf9d306f0ef856b428c2cac303b2122a9765da75d5	git
logs/32_v2fig1_stability_20260830T045921Z.log	1122	b9f8e93a225feacf1a14badf9d306f0ef856b428c2cac303b2122a9765da75d5	git
logs/32_v2fig1_stability_20260830T050216Z.log	1122	b9f8e93a225feacf1a14badf9d306f0ef856b428c2cac303b2122a9765da75d5	git
logs/33_v2fig2_geometry_20260816T051325Z.log	160	6620176c7dc51e2be50c12f1cec16bb965411c780cc43b82242ac71f21c85756	git
logs/33_v2fig2_geometry_20260816T051359Z.log	160	6620176c7dc51e2be50c12f1cec16bb965411c780cc43b82242ac71f21c85756	git
logs/33_v2fig2_geometry_20260816T051757Z.log	160	6620176c7dc51e2be50c12f1cec16bb965411c780cc43b82242ac71f21c85756	git
logs/33_v2fig2_geometry_20260816T054614Z.log	143	b92aedc1e8a13320c021a3fffb237462d33c85ba46ce2c95203e0ccd299aa243	git
logs/33_v2fig2_geometry_20260816T055009Z.log	143	b92aedc1e8a13320c021a3fffb237462d33c85ba46ce2c95203e0ccd299aa243	git
logs/33_v2fig2_geometry_20260816T055417Z.log	143	b92aedc1e8a13320c021a3fffb237462d33c85ba46ce2c95203e0ccd299aa243	git
logs/33_v2fig2_geometry_20260816T063452Z.log	143	b92aedc1e8a13320c021a3fffb237462d33c85ba46ce2c95203e0ccd299aa243	git
logs/33_v2fig2_geometry_20260816T063539Z.log	143	b92aedc1e8a13320c021a3fffb237462d33c85ba46ce2c95203e0ccd299aa243	git
logs/33_v2fig2_geometry_20260816T063619Z.log	143	b92aedc1e8a13320c021a3fffb237462d33c85ba46ce2c95203e0ccd299aa243	git
logs/33_v2fig2_geometry_20260816T063641Z.log	143	b92aedc1e8a13320c021a3fffb237462d33c85ba46ce2c95203e0ccd299aa243	git
logs/33_v2fig2_geometry_20260816T063704Z.log	143	b92aedc1e8a13320c021a3fffb237462d33c85ba46ce2c95203e0ccd299aa243	git
logs/33_v2fig2_geometry_20260816T063726Z.log	143	b92aedc1e8a13320c021a3fffb237462d33c85ba46ce2c95203e0ccd299aa243	git
logs/33_v2fig2_geometry_20260816T063748Z.log	143	b92aedc1e8a13320c021a3fffb237462d33c85ba46ce2c95203e0ccd299aa243	git
logs/33_v2fig2_geometry_20260816T064134Z.log	143	b92aedc1e8a13320c021a3fffb237462d33c85ba46ce2c95203e0ccd299aa243	git
logs/33_v2fig2_geometry_20260830T045301Z.log	143	b92aedc1e8a13320c021a3fffb237462d33c85ba46ce2c95203e0ccd299aa243	git
logs/33_v2fig2_geometry_20260830T045857Z.log	143	b92aedc1e8a13320c021a3fffb237462d33c85ba46ce2c95203e0ccd299aa243	git
logs/33_v2fig2_geometry_20260830T045922Z.log	143	b92aedc1e8a13320c021a3fffb237462d33c85ba46ce2c95203e0ccd299aa243	git
logs/33_v2fig2_geometry_20260830T050218Z.log	143	b92aedc1e8a13320c021a3fffb237462d33c85ba46ce2c95203e0ccd299aa243	git
logs/34_v2fig3_landscape_20260816T051451Z.log	284	01c481a3a5bccf93215460d63540e17ba8213cd9b94ac5ccdb876d362ac8f429	git
logs/34_v2fig3_landscape_20260816T051528Z.log	284	01c481a3a5bccf93215460d63540e17ba8213cd9b94ac5ccdb876d362ac8f429	git
logs/34_v2fig3_landscape_20260816T051759Z.log	284	01c481a3a5bccf93215460d63540e17ba8213cd9b94ac5ccdb876d362ac8f429	git
logs/34_v2fig3_landscape_20260816T054918Z.log	284	01c481a3a5bccf93215460d63540e17ba8213cd9b94ac5ccdb876d362ac8f429	git
logs/34_v2fig3_landscape_20260816T055420Z.log	284	01c481a3a5bccf93215460d63540e17ba8213cd9b94ac5ccdb876d362ac8f429	git
logs/34_v2fig3_landscape_20260816T063455Z.log	284	01c481a3a5bccf93215460d63540e17ba8213cd9b94ac5ccdb876d362ac8f429	git
logs/34_v2fig3_landscape_20260816T063542Z.log	284	01c481a3a5bccf93215460d63540e17ba8213cd9b94ac5ccdb876d362ac8f429	git
logs/34_v2fig3_landscape_20260816T063622Z.log	284	01c481a3a5bccf93215460d63540e17ba8213cd9b94ac5ccdb876d362ac8f429	git
logs/34_v2fig3_landscape_20260816T063645Z.log	284	01c481a3a5bccf93215460d63540e17ba8213cd9b94ac5ccdb876d362ac8f429	git
logs/34_v2fig3_landscape_20260816T063705Z.log	284	01c481a3a5bccf93215460d63540e17ba8213cd9b94ac5ccdb876d362ac8f429	git
logs/34_v2fig3_landscape_20260816T063727Z.log	284	01c481a3a5bccf93215460d63540e17ba8213cd9b94ac5ccdb876d362ac8f429	git
logs/34_v2fig3_landscape_20260816T063749Z.log	284	01c481a3a5bccf93215460d63540e17ba8213cd9b94ac5ccdb876d362ac8f429	git
logs/34_v2fig3_landscape_20260816T064136Z.log	284	01c481a3a5bccf93215460d63540e17ba8213cd9b94ac5ccdb876d362ac8f429	git
logs/34_v2fig3_landscape_20260830T045302Z.log	284	01c481a3a5bccf93215460d63540e17ba8213cd9b94ac5ccdb876d362ac8f429	git
logs/34_v2fig3_landscape_20260830T045858Z.log	284	01c481a3a5bccf93215460d63540e17ba8213cd9b94ac5ccdb876d362ac8f429	git
logs/34_v2fig3_landscape_20260830T045923Z.log	284	01c481a3a5bccf93215460d63540e17ba8213cd9b94ac5ccdb876d362ac8f429	git
logs/34_v2fig3_landscape_20260830T050219Z.log	284	01c481a3a5bccf93215460d63540e17ba8213cd9b94ac5ccdb876d362ac8f429	git
logs/35_v2fig4_burial_20260816T054617Z.log	669	74682095c872304f0b5a04428ce7126bdfc1a592844acf6eca9fafd16b8f41db	git
logs/35_v2fig4_burial_20260816T054652Z.log	692	c5a2bac4cbf95b69d99c6ebda3e0fc887f416d3f0a84fadd36a2b224f0ea4b22	git
logs/35_v2fig4_burial_20260816T055423Z.log	692	c5a2bac4cbf95b69d99c6ebda3e0fc887f416d3f0a84fadd36a2b224f0ea4b22	git
logs/35_v2fig4_burial_20260816T063459Z.log	692	3803937b02e11626a7e889b71e4830728f379ae5f40dd72ad5c553b4035d3ad8	git
logs/35_v2fig4_burial_20260816T063546Z.log	692	3803937b02e11626a7e889b71e4830728f379ae5f40dd72ad5c553b4035d3ad8	git
logs/35_v2fig4_burial_20260816T063625Z.log	692	3803937b02e11626a7e889b71e4830728f379ae5f40dd72ad5c553b4035d3ad8	git
logs/35_v2fig4_burial_20260816T063648Z.log	692	107edd9a02bd7c73cfd4357dc9ed234db582212a2eea0e80476201c25b2000b8	git
logs/35_v2fig4_burial_20260816T063707Z.log	691	abf05c0237a64ff1e1497e4836465fdd72112b253456691e81095189335316a3	git
logs/35_v2fig4_burial_20260816T063728Z.log	692	3803937b02e11626a7e889b71e4830728f379ae5f40dd72ad5c553b4035d3ad8	git
logs/35_v2fig4_burial_20260816T063751Z.log	692	3803937b02e11626a7e889b71e4830728f379ae5f40dd72ad5c553b4035d3ad8	git
logs/35_v2fig4_burial_20260816T064137Z.log	692	3803937b02e11626a7e889b71e4830728f379ae5f40dd72ad5c553b4035d3ad8	git
logs/35_v2fig4_burial_20260830T045303Z.log	692	3803937b02e11626a7e889b71e4830728f379ae5f40dd72ad5c553b4035d3ad8	git
logs/35_v2fig4_burial_20260830T045859Z.log	692	3803937b02e11626a7e889b71e4830728f379ae5f40dd72ad5c553b4035d3ad8	git
logs/35_v2fig4_burial_20260830T045924Z.log	692	3803937b02e11626a7e889b71e4830728f379ae5f40dd72ad5c553b4035d3ad8	git
logs/35_v2fig4_burial_20260830T050220Z.log	692	3803937b02e11626a7e889b71e4830728f379ae5f40dd72ad5c553b4035d3ad8	git
logs/36_v2fig5_validation_20260816T054808Z.log	271	d31df05d2b6a6dd5f7a07667f663434602f9c550c0b175db19d8e141dfdb41cd	git
logs/36_v2fig5_validation_20260816T054847Z.log	271	d31df05d2b6a6dd5f7a07667f663434602f9c550c0b175db19d8e141dfdb41cd	git
logs/36_v2fig5_validation_20260816T055426Z.log	271	d31df05d2b6a6dd5f7a07667f663434602f9c550c0b175db19d8e141dfdb41cd	git
logs/36_v2fig5_validation_20260816T063502Z.log	271	d31df05d2b6a6dd5f7a07667f663434602f9c550c0b175db19d8e141dfdb41cd	git
logs/36_v2fig5_validation_20260816T063549Z.log	271	d31df05d2b6a6dd5f7a07667f663434602f9c550c0b175db19d8e141dfdb41cd	git
logs/36_v2fig5_validation_20260816T063628Z.log	271	d31df05d2b6a6dd5f7a07667f663434602f9c550c0b175db19d8e141dfdb41cd	git
logs/36_v2fig5_validation_20260816T063651Z.log	271	d31df05d2b6a6dd5f7a07667f663434602f9c550c0b175db19d8e141dfdb41cd	git
logs/36_v2fig5_validation_20260816T063708Z.log	271	d31df05d2b6a6dd5f7a07667f663434602f9c550c0b175db19d8e141dfdb41cd	git
logs/36_v2fig5_validation_20260816T063730Z.log	271	d31df05d2b6a6dd5f7a07667f663434602f9c550c0b175db19d8e141dfdb41cd	git
logs/36_v2fig5_validation_20260816T063752Z.log	271	d31df05d2b6a6dd5f7a07667f663434602f9c550c0b175db19d8e141dfdb41cd	git
logs/36_v2fig5_validation_20260816T064138Z.log	271	d31df05d2b6a6dd5f7a07667f663434602f9c550c0b175db19d8e141dfdb41cd	git
logs/36_v2fig5_validation_20260830T045305Z.log	271	d31df05d2b6a6dd5f7a07667f663434602f9c550c0b175db19d8e141dfdb41cd	git
logs/36_v2fig5_validation_20260830T045900Z.log	271	d31df05d2b6a6dd5f7a07667f663434602f9c550c0b175db19d8e141dfdb41cd	git
logs/36_v2fig5_validation_20260830T045925Z.log	271	d31df05d2b6a6dd5f7a07667f663434602f9c550c0b175db19d8e141dfdb41cd	git
logs/36_v2fig5_validation_20260830T050221Z.log	271	d31df05d2b6a6dd5f7a07667f663434602f9c550c0b175db19d8e141dfdb41cd	git
logs/37_v2fig6_enrichment_20260816T054811Z.log	836	40a48bc2e864c27850b9bceb2bcd8bed8dcb882a7c0117e832448ca67e791bce	git
logs/37_v2fig6_enrichment_20260816T055006Z.log	836	40a48bc2e864c27850b9bceb2bcd8bed8dcb882a7c0117e832448ca67e791bce	git
logs/37_v2fig6_enrichment_20260816T055429Z.log	836	40a48bc2e864c27850b9bceb2bcd8bed8dcb882a7c0117e832448ca67e791bce	git
logs/37_v2fig6_enrichment_20260816T063505Z.log	836	40a48bc2e864c27850b9bceb2bcd8bed8dcb882a7c0117e832448ca67e791bce	git
logs/37_v2fig6_enrichment_20260816T063552Z.log	836	40a48bc2e864c27850b9bceb2bcd8bed8dcb882a7c0117e832448ca67e791bce	git
logs/37_v2fig6_enrichment_20260816T063632Z.log	836	40a48bc2e864c27850b9bceb2bcd8bed8dcb882a7c0117e832448ca67e791bce	git
logs/37_v2fig6_enrichment_20260816T063655Z.log	836	40a48bc2e864c27850b9bceb2bcd8bed8dcb882a7c0117e832448ca67e791bce	git
logs/37_v2fig6_enrichment_20260816T063710Z.log	836	40a48bc2e864c27850b9bceb2bcd8bed8dcb882a7c0117e832448ca67e791bce	git
logs/37_v2fig6_enrichment_20260816T063731Z.log	836	40a48bc2e864c27850b9bceb2bcd8bed8dcb882a7c0117e832448ca67e791bce	git
logs/37_v2fig6_enrichment_20260816T063753Z.log	836	40a48bc2e864c27850b9bceb2bcd8bed8dcb882a7c0117e832448ca67e791bce	git
logs/37_v2fig6_enrichment_20260816T064140Z.log	836	40a48bc2e864c27850b9bceb2bcd8bed8dcb882a7c0117e832448ca67e791bce	git
logs/37_v2fig6_enrichment_20260830T045306Z.log	836	40a48bc2e864c27850b9bceb2bcd8bed8dcb882a7c0117e832448ca67e791bce	git
logs/37_v2fig6_enrichment_20260830T045902Z.log	836	40a48bc2e864c27850b9bceb2bcd8bed8dcb882a7c0117e832448ca67e791bce	git
logs/37_v2fig6_enrichment_20260830T045927Z.log	836	40a48bc2e864c27850b9bceb2bcd8bed8dcb882a7c0117e832448ca67e791bce	git
logs/37_v2fig6_enrichment_20260830T050222Z.log	836	40a48bc2e864c27850b9bceb2bcd8bed8dcb882a7c0117e832448ca67e791bce	git
logs/40_af3_batch4_geometry_20260830T043030Z.log	20088	4c5b8825c33e4cb5ad4c35aa18b736526239d876652a0793cbe3dc9402322b6e	git
logs/40_af3_batch4_geometry_20260830T043700Z.log	24201	805449130e8f28489e36bcc17863431ca9dd27d019834348e3fc30f016017229	git
logs/40_af3_batch4_geometry_20260830T043715Z.log	24201	30ad04378205456dd84d8d722a1028a05d7e228211ef3a6ba126e2ddcc409951	git
logs/40_af3_batch4_geometry_20260830T050152Z.log	24201	0dafc0d2882c9b593d1e0553e8a275f321f702c07f02f6a00f57c6ef91230c0b	git
logs/40_af3_batch4_geometry_20260830T055659Z.log	24201	e94ba73c8d2e48a17802f4fa4a36a572841193deda6de93df7aa653b59c19813	git
logs/41_batch4_rate_20260830T044016Z.log	3181	68800f989a103add9e392372f050c981b0d98a2216857dd5023c31077fdcaf09	git
logs/41_batch4_rate_20260830T050154Z.log	3181	8a08d9bf3d8d2f8b99db2c83420d1208824a1b6cc1e14365c40c7aeccff7a873	git
logs/41_batch4_rate_20260830T055229Z.log	3936	8923ffd084fa6d371d1b41ea10abf71b6f459aefbbade4d62ab2483e088770f3	git
logs/41_batch4_rate_20260830T055701Z.log	3936	403a8faba73534483ca1b65753c42d55a14298a421527c10a473a3b78336f464	git
logs/43_supplementary_v2_20260830T044545Z.log	943	4ad25f76f394947202c36ed27509af88d84c7e0bc86cfd9a598c5db58cbc8f36	git
logs/43_supplementary_v2_20260830T044625Z.log	568	75e746bc09c2e41fd7bdc0e933116e152d8132971fab518d3def3bd7bdc8b5bf	git
logs/43_supplementary_v2_20260830T050202Z.log	568	d720a2796332e6ef40b40f3dce934f18c6da99f60eabc97031f6d7b0351f81fe	git
logs/43_supplementary_v2_20260830T055644Z.log	568	198e8a55d09c993b84d1c3fa94be2e95bc09ec7ed3f8c974a4d79f3c1a0cff8d	git
logs/43_supplementary_v2_20260830T055659Z.log	568	ee107f69761974e5ee4c55313ec52ed0588863272bb334456f2c9024d08447f6	git
logs/43_supplementary_v2_20260830T055718Z.log	568	65f95f1ec7a9426ba646f9763cff5a4c068d15a8202523596b3d7c025430cf4f	git
logs/43_supplementary_v2_20260830T062526Z.log	568	16a3ae52366dcce2a4307de427e37cffebb67a2675112cf7f6f1a76005801f0c	git
logs/43_supplementary_v2_20260906T223439Z.log	612	d20e0553c8b5ff60c60acea334b26e9c04f329ec46478048ad97e65d724361e8	git
logs/43_supplementary_v2_20260906T224629Z.log	612	d68ac887b6e16b1524bf7d386336d7cb0af87cdefe432b0fc89fd154fc5be73d	git
logs/44_statistics_final_20260830T044759Z.log	3891	cb039c8f8a648363c776000beea1967f975bf53543ea3664dd5423fbca5c97b9	git
logs/44_statistics_final_20260830T050155Z.log	3891	8eca5ad11280e7d8d3188c96289640da9a9f0999f0f3395b2883a9b51b3818f9	git
logs/44_statistics_final_20260830T055351Z.log	4283	a22de06e442c0553f9da331e40c6f927ecb2407248d6876a18ee90b58304f148	git
logs/44_statistics_final_20260830T055702Z.log	4283	e75b067bca2f4b3dcc6bb5d08b14db23aeb55a5af73bb9d24be3744d560379c2	git
logs/46_v2fig8_structure_20260830T045702Z.log	16464	a616078acae05c0aeeaee4be2cc0697fbd1a3c45e05181a8c66f0fba2a348bfe	git
logs/46_v2fig8_structure_20260830T045748Z.log	17317	661d8137ef044ee582cde1b1177eba3f90e58a1f8b6691d8963de41d021ffe03	git
logs/46_v2fig8_structure_20260830T045810Z.log	17505	207729333cb269f93ce42eddd1ae1475ae6336392b023f03a59cab6f264fb021	git
logs/46_v2fig8_structure_20260830T045830Z.log	17939	b67f94e7f2fd8cb9c31f8e5409f8cf457f297bdef4c5f0cdde41641c88c3a12b	git
logs/46_v2fig8_structure_20260830T045908Z.log	17940	194dc35e465154aa7c2f384da1c2422fa85eb9e8ccba05061b79d9c98767b80b	git
logs/46_v2fig8_structure_20260830T045933Z.log	17940	4e9b6698accb28136c7c26ba68050e32d621284b809c657ee383041a7f6c0686	git
logs/46_v2fig8_structure_20260830T050206Z.log	17941	34f50491ef3b90bcfdae106e121c1598601d54e61738203aa8b761086721d1a3	git
logs/46_v2fig8_structure_20260830T050229Z.log	17939	0c583b6258d9241f6b6cbb16d2e495dec547482891a74570cedcd94da48762bb	git
logs/46_v2fig8_structure_20260830T061309Z.log	17939	0381202f467b9a406450aee9b6deff7abd10daec0366951607cf274bf45a209f	git
logs/46_v2fig8_structure_20260902T065210Z.log	17939	886362d5de7a80b540e37f6f27730eac5144ad2b9033f3d84f2aeb9367907ca0	git
logs/50_fig1_module_20260830T052907Z.log	167	a5c60a52edd01878ff26d77ec2988fdd1c5b8b2a70a347157225749ca3137da3	git
logs/50_fig1_module_20260830T052924Z.log	196	9687172e82c65efde46f35983983f95d4682bb0db0a018b0436fa7c935406ddb	git
logs/50_fig1_module_20260830T053009Z.log	196	9687172e82c65efde46f35983983f95d4682bb0db0a018b0436fa7c935406ddb	git
logs/50_fig1_module_20260830T053037Z.log	196	9687172e82c65efde46f35983983f95d4682bb0db0a018b0436fa7c935406ddb	git
logs/50_fig1_module_20260830T054928Z.log	196	9687172e82c65efde46f35983983f95d4682bb0db0a018b0436fa7c935406ddb	git
logs/50_fig1_module_20260830T054952Z.log	196	9687172e82c65efde46f35983983f95d4682bb0db0a018b0436fa7c935406ddb	git
logs/50_fig1_module_20260830T055415Z.log	196	9687172e82c65efde46f35983983f95d4682bb0db0a018b0436fa7c935406ddb	git
logs/50_fig1_module_20260830T055707Z.log	196	9687172e82c65efde46f35983983f95d4682bb0db0a018b0436fa7c935406ddb	git
logs/50_fig1_module_20260830T055729Z.log	196	9687172e82c65efde46f35983983f95d4682bb0db0a018b0436fa7c935406ddb	git
logs/50_fig1_module_20260830T060834Z.log	196	9687172e82c65efde46f35983983f95d4682bb0db0a018b0436fa7c935406ddb	git
logs/50_fig1_module_20260830T061313Z.log	196	9687172e82c65efde46f35983983f95d4682bb0db0a018b0436fa7c935406ddb	git
logs/50_fig1_module_20260830T062245Z.log	196	9687172e82c65efde46f35983983f95d4682bb0db0a018b0436fa7c935406ddb	git
logs/50_fig1_module_20260830T062511Z.log	196	9687172e82c65efde46f35983983f95d4682bb0db0a018b0436fa7c935406ddb	git
logs/50_fig1_module_20260830T062529Z.log	196	9687172e82c65efde46f35983983f95d4682bb0db0a018b0436fa7c935406ddb	git
logs/50_fig1_module_20260902T063906Z.log	196	9687172e82c65efde46f35983983f95d4682bb0db0a018b0436fa7c935406ddb	git
logs/50_fig1_module_20260902T065221Z.log	196	9687172e82c65efde46f35983983f95d4682bb0db0a018b0436fa7c935406ddb	git
logs/50_fig1_module_20260902T071037Z.log	196	9687172e82c65efde46f35983983f95d4682bb0db0a018b0436fa7c935406ddb	git
logs/50_fig1_module_20260902T071645Z.log	196	9687172e82c65efde46f35983983f95d4682bb0db0a018b0436fa7c935406ddb	git
logs/50_fig1_module_20260906T041617Z.log	196	9687172e82c65efde46f35983983f95d4682bb0db0a018b0436fa7c935406ddb	git
logs/50_fig1_module_20260906T043056Z.log	196	9687172e82c65efde46f35983983f95d4682bb0db0a018b0436fa7c935406ddb	git
logs/50_fig1_module_20260906T043435Z.log	196	9687172e82c65efde46f35983983f95d4682bb0db0a018b0436fa7c935406ddb	git
logs/50_fig1_module_20260906T043801Z.log	196	9687172e82c65efde46f35983983f95d4682bb0db0a018b0436fa7c935406ddb	git
logs/50_fig1_module_20260906T052054Z.log	196	9687172e82c65efde46f35983983f95d4682bb0db0a018b0436fa7c935406ddb	git
logs/50_fig1_module_20260906T052212Z.log	196	9687172e82c65efde46f35983983f95d4682bb0db0a018b0436fa7c935406ddb	git
logs/50_fig1_module_20260906T052315Z.log	196	9687172e82c65efde46f35983983f95d4682bb0db0a018b0436fa7c935406ddb	git
logs/50_fig1_module_20260906T222617Z.log	196	9687172e82c65efde46f35983983f95d4682bb0db0a018b0436fa7c935406ddb	git
logs/50_fig1_module_20260906T224148Z.log	196	9687172e82c65efde46f35983983f95d4682bb0db0a018b0436fa7c935406ddb	git
logs/50_fig1_module_20260906T224239Z.log	196	9687172e82c65efde46f35983983f95d4682bb0db0a018b0436fa7c935406ddb	git
logs/50_fig1_module_20260906T224429Z.log	196	9687172e82c65efde46f35983983f95d4682bb0db0a018b0436fa7c935406ddb	git
logs/50_fig1_module_20260906T224619Z.log	196	9687172e82c65efde46f35983983f95d4682bb0db0a018b0436fa7c935406ddb	git
logs/50_fig1_module_20260906T224638Z.log	196	9687172e82c65efde46f35983983f95d4682bb0db0a018b0436fa7c935406ddb	git
logs/50_fig1_module_20260906T224743Z.log	196	9687172e82c65efde46f35983983f95d4682bb0db0a018b0436fa7c935406ddb	git
logs/50_fig1_module_20260906T230539Z.log	196	9687172e82c65efde46f35983983f95d4682bb0db0a018b0436fa7c935406ddb	git
logs/50_fig1_module_20260906T233808Z.log	196	9687172e82c65efde46f35983983f95d4682bb0db0a018b0436fa7c935406ddb	git
logs/50_fig1_module_20260906T233953Z.log	196	9687172e82c65efde46f35983983f95d4682bb0db0a018b0436fa7c935406ddb	git
logs/50_fig1_module_20260907T022805Z.log	196	9687172e82c65efde46f35983983f95d4682bb0db0a018b0436fa7c935406ddb	git
logs/50_fig1_module_20260907T023953Z.log	196	9687172e82c65efde46f35983983f95d4682bb0db0a018b0436fa7c935406ddb	git
logs/50_fig1_module_20260907T024640Z.log	196	9687172e82c65efde46f35983983f95d4682bb0db0a018b0436fa7c935406ddb	git
logs/50_fig1_module_20260907T031952Z.log	196	9687172e82c65efde46f35983983f95d4682bb0db0a018b0436fa7c935406ddb	git
logs/50_fig1_module_20260907T033059Z.log	196	9687172e82c65efde46f35983983f95d4682bb0db0a018b0436fa7c935406ddb	git
logs/50_fig1_module_20260907T040338Z.log	196	9687172e82c65efde46f35983983f95d4682bb0db0a018b0436fa7c935406ddb	git
logs/51_fig2_stability_20260830T053121Z.log	230	cdbfd969d76e94a5f83dc181a67a97a2bfa76eac68de9140a14441f000b59e5e	git
logs/51_fig2_stability_20260830T053153Z.log	230	cdbfd969d76e94a5f83dc181a67a97a2bfa76eac68de9140a14441f000b59e5e	git
logs/51_fig2_stability_20260830T053221Z.log	230	cdbfd969d76e94a5f83dc181a67a97a2bfa76eac68de9140a14441f000b59e5e	git
logs/51_fig2_stability_20260830T053329Z.log	230	cdbfd969d76e94a5f83dc181a67a97a2bfa76eac68de9140a14441f000b59e5e	git
logs/51_fig2_stability_20260830T054930Z.log	230	cdbfd969d76e94a5f83dc181a67a97a2bfa76eac68de9140a14441f000b59e5e	git
logs/51_fig2_stability_20260830T054954Z.log	230	cdbfd969d76e94a5f83dc181a67a97a2bfa76eac68de9140a14441f000b59e5e	git
logs/51_fig2_stability_20260830T055417Z.log	230	cdbfd969d76e94a5f83dc181a67a97a2bfa76eac68de9140a14441f000b59e5e	git
logs/51_fig2_stability_20260830T055709Z.log	230	cdbfd969d76e94a5f83dc181a67a97a2bfa76eac68de9140a14441f000b59e5e	git
logs/51_fig2_stability_20260830T055731Z.log	230	cdbfd969d76e94a5f83dc181a67a97a2bfa76eac68de9140a14441f000b59e5e	git
logs/51_fig2_stability_20260830T060836Z.log	271	671ac0a4d704cf31bede89ee4d8d9da1f084c1d644f6ef3a8fc51eca79bce5e6	git
logs/51_fig2_stability_20260830T061000Z.log	271	671ac0a4d704cf31bede89ee4d8d9da1f084c1d644f6ef3a8fc51eca79bce5e6	git
logs/51_fig2_stability_20260830T061034Z.log	271	671ac0a4d704cf31bede89ee4d8d9da1f084c1d644f6ef3a8fc51eca79bce5e6	git
logs/51_fig2_stability_20260830T061105Z.log	271	671ac0a4d704cf31bede89ee4d8d9da1f084c1d644f6ef3a8fc51eca79bce5e6	git
logs/51_fig2_stability_20260830T061154Z.log	271	671ac0a4d704cf31bede89ee4d8d9da1f084c1d644f6ef3a8fc51eca79bce5e6	git
logs/51_fig2_stability_20260830T062247Z.log	271	671ac0a4d704cf31bede89ee4d8d9da1f084c1d644f6ef3a8fc51eca79bce5e6	git
logs/51_fig2_stability_20260830T062513Z.log	271	671ac0a4d704cf31bede89ee4d8d9da1f084c1d644f6ef3a8fc51eca79bce5e6	git
logs/51_fig2_stability_20260830T062531Z.log	271	671ac0a4d704cf31bede89ee4d8d9da1f084c1d644f6ef3a8fc51eca79bce5e6	git
logs/51_fig2_stability_20260902T063908Z.log	271	671ac0a4d704cf31bede89ee4d8d9da1f084c1d644f6ef3a8fc51eca79bce5e6	git
logs/51_fig2_stability_20260902T065224Z.log	271	671ac0a4d704cf31bede89ee4d8d9da1f084c1d644f6ef3a8fc51eca79bce5e6	git
logs/51_fig2_stability_20260902T071039Z.log	271	671ac0a4d704cf31bede89ee4d8d9da1f084c1d644f6ef3a8fc51eca79bce5e6	git
logs/51_fig2_stability_20260902T071647Z.log	271	671ac0a4d704cf31bede89ee4d8d9da1f084c1d644f6ef3a8fc51eca79bce5e6	git
logs/51_fig2_stability_20260906T041618Z.log	269	b7501807367fb76c1a91a0424ab003eb46cc67501a0852bea0f2eb4df63db1a7	git
logs/51_fig2_stability_20260906T042938Z.log	269	b7501807367fb76c1a91a0424ab003eb46cc67501a0852bea0f2eb4df63db1a7	git
logs/51_fig2_stability_20260906T043059Z.log	269	b7501807367fb76c1a91a0424ab003eb46cc67501a0852bea0f2eb4df63db1a7	git
logs/51_fig2_stability_20260906T043437Z.log	269	b7501807367fb76c1a91a0424ab003eb46cc67501a0852bea0f2eb4df63db1a7	git
logs/51_fig2_stability_20260906T043802Z.log	269	b7501807367fb76c1a91a0424ab003eb46cc67501a0852bea0f2eb4df63db1a7	git
logs/51_fig2_stability_20260906T052214Z.log	269	b7501807367fb76c1a91a0424ab003eb46cc67501a0852bea0f2eb4df63db1a7	git
logs/51_fig2_stability_20260906T052317Z.log	269	b7501807367fb76c1a91a0424ab003eb46cc67501a0852bea0f2eb4df63db1a7	git
logs/51_fig2_stability_20260906T222618Z.log	269	b7501807367fb76c1a91a0424ab003eb46cc67501a0852bea0f2eb4df63db1a7	git
logs/51_fig2_stability_20260906T222925Z.log	322	0415044bc44c580f5701ab44526498f118dc0a14dcbee2e289f0a48b0b1f5096	git
logs/51_fig2_stability_20260906T223004Z.log	322	0415044bc44c580f5701ab44526498f118dc0a14dcbee2e289f0a48b0b1f5096	git
logs/51_fig2_stability_20260906T224150Z.log	322	0415044bc44c580f5701ab44526498f118dc0a14dcbee2e289f0a48b0b1f5096	git
logs/51_fig2_stability_20260906T224241Z.log	322	0415044bc44c580f5701ab44526498f118dc0a14dcbee2e289f0a48b0b1f5096	git
logs/51_fig2_stability_20260906T224431Z.log	322	0415044bc44c580f5701ab44526498f118dc0a14dcbee2e289f0a48b0b1f5096	git
logs/51_fig2_stability_20260906T224621Z.log	322	0415044bc44c580f5701ab44526498f118dc0a14dcbee2e289f0a48b0b1f5096	git
logs/51_fig2_stability_20260906T224640Z.log	322	0415044bc44c580f5701ab44526498f118dc0a14dcbee2e289f0a48b0b1f5096	git
logs/51_fig2_stability_20260906T224724Z.log	322	0415044bc44c580f5701ab44526498f118dc0a14dcbee2e289f0a48b0b1f5096	git
logs/51_fig2_stability_20260906T224745Z.log	322	0415044bc44c580f5701ab44526498f118dc0a14dcbee2e289f0a48b0b1f5096	git
logs/51_fig2_stability_20260906T230542Z.log	322	0415044bc44c580f5701ab44526498f118dc0a14dcbee2e289f0a48b0b1f5096	git
logs/51_fig2_stability_20260906T233811Z.log	322	0415044bc44c580f5701ab44526498f118dc0a14dcbee2e289f0a48b0b1f5096	git
logs/51_fig2_stability_20260906T233955Z.log	322	0415044bc44c580f5701ab44526498f118dc0a14dcbee2e289f0a48b0b1f5096	git
logs/51_fig2_stability_20260907T022807Z.log	322	0415044bc44c580f5701ab44526498f118dc0a14dcbee2e289f0a48b0b1f5096	git
logs/51_fig2_stability_20260907T023955Z.log	322	0415044bc44c580f5701ab44526498f118dc0a14dcbee2e289f0a48b0b1f5096	git
logs/51_fig2_stability_20260907T024642Z.log	322	0415044bc44c580f5701ab44526498f118dc0a14dcbee2e289f0a48b0b1f5096	git
logs/51_fig2_stability_20260907T031954Z.log	322	0415044bc44c580f5701ab44526498f118dc0a14dcbee2e289f0a48b0b1f5096	git
logs/51_fig2_stability_20260907T033101Z.log	322	0415044bc44c580f5701ab44526498f118dc0a14dcbee2e289f0a48b0b1f5096	git
logs/51_fig2_stability_20260907T040340Z.log	322	0415044bc44c580f5701ab44526498f118dc0a14dcbee2e289f0a48b0b1f5096	git
logs/52_fig3_coordination_20260830T053332Z.log	31	e4f272bdb6141656f011e51ef6d4e24653b29c3fb5a4fd1e9dd20cb43d3cd0ea	git
logs/52_fig3_coordination_20260830T053405Z.log	31	e4f272bdb6141656f011e51ef6d4e24653b29c3fb5a4fd1e9dd20cb43d3cd0ea	git
logs/52_fig3_coordination_20260830T053501Z.log	31	e4f272bdb6141656f011e51ef6d4e24653b29c3fb5a4fd1e9dd20cb43d3cd0ea	git
logs/52_fig3_coordination_20260830T054932Z.log	31	e4f272bdb6141656f011e51ef6d4e24653b29c3fb5a4fd1e9dd20cb43d3cd0ea	git
logs/52_fig3_coordination_20260830T054956Z.log	31	e4f272bdb6141656f011e51ef6d4e24653b29c3fb5a4fd1e9dd20cb43d3cd0ea	git
logs/52_fig3_coordination_20260830T055311Z.log	31	e4f272bdb6141656f011e51ef6d4e24653b29c3fb5a4fd1e9dd20cb43d3cd0ea	git
logs/52_fig3_coordination_20260830T055332Z.log	31	e4f272bdb6141656f011e51ef6d4e24653b29c3fb5a4fd1e9dd20cb43d3cd0ea	git
logs/52_fig3_coordination_20260830T055419Z.log	31	e4f272bdb6141656f011e51ef6d4e24653b29c3fb5a4fd1e9dd20cb43d3cd0ea	git
logs/52_fig3_coordination_20260830T055711Z.log	31	e4f272bdb6141656f011e51ef6d4e24653b29c3fb5a4fd1e9dd20cb43d3cd0ea	git
logs/52_fig3_coordination_20260830T055733Z.log	31	e4f272bdb6141656f011e51ef6d4e24653b29c3fb5a4fd1e9dd20cb43d3cd0ea	git
logs/52_fig3_coordination_20260830T061156Z.log	31	e4f272bdb6141656f011e51ef6d4e24653b29c3fb5a4fd1e9dd20cb43d3cd0ea	git
logs/52_fig3_coordination_20260830T061228Z.log	31	e4f272bdb6141656f011e51ef6d4e24653b29c3fb5a4fd1e9dd20cb43d3cd0ea	git
logs/52_fig3_coordination_20260830T062250Z.log	31	e4f272bdb6141656f011e51ef6d4e24653b29c3fb5a4fd1e9dd20cb43d3cd0ea	git
logs/52_fig3_coordination_20260830T062359Z.log	31	e4f272bdb6141656f011e51ef6d4e24653b29c3fb5a4fd1e9dd20cb43d3cd0ea	git
logs/52_fig3_coordination_20260830T062444Z.log	31	e4f272bdb6141656f011e51ef6d4e24653b29c3fb5a4fd1e9dd20cb43d3cd0ea	git
logs/52_fig3_coordination_20260830T062515Z.log	31	e4f272bdb6141656f011e51ef6d4e24653b29c3fb5a4fd1e9dd20cb43d3cd0ea	git
logs/52_fig3_coordination_20260830T062533Z.log	31	e4f272bdb6141656f011e51ef6d4e24653b29c3fb5a4fd1e9dd20cb43d3cd0ea	git
logs/52_fig3_coordination_20260902T063911Z.log	31	e4f272bdb6141656f011e51ef6d4e24653b29c3fb5a4fd1e9dd20cb43d3cd0ea	git
logs/52_fig3_coordination_20260902T065227Z.log	31	e4f272bdb6141656f011e51ef6d4e24653b29c3fb5a4fd1e9dd20cb43d3cd0ea	git
logs/52_fig3_coordination_20260902T065412Z.log	31	e4f272bdb6141656f011e51ef6d4e24653b29c3fb5a4fd1e9dd20cb43d3cd0ea	git
logs/52_fig3_coordination_20260902T071042Z.log	31	e4f272bdb6141656f011e51ef6d4e24653b29c3fb5a4fd1e9dd20cb43d3cd0ea	git
logs/52_fig3_coordination_20260902T071650Z.log	31	e4f272bdb6141656f011e51ef6d4e24653b29c3fb5a4fd1e9dd20cb43d3cd0ea	git
logs/52_fig3_coordination_20260906T041621Z.log	31	e4f272bdb6141656f011e51ef6d4e24653b29c3fb5a4fd1e9dd20cb43d3cd0ea	git
logs/52_fig3_coordination_20260906T041746Z.log	31	e4f272bdb6141656f011e51ef6d4e24653b29c3fb5a4fd1e9dd20cb43d3cd0ea	git
logs/52_fig3_coordination_20260906T043102Z.log	31	e4f272bdb6141656f011e51ef6d4e24653b29c3fb5a4fd1e9dd20cb43d3cd0ea	git
logs/52_fig3_coordination_20260906T043439Z.log	31	e4f272bdb6141656f011e51ef6d4e24653b29c3fb5a4fd1e9dd20cb43d3cd0ea	git
logs/52_fig3_coordination_20260906T043805Z.log	31	e4f272bdb6141656f011e51ef6d4e24653b29c3fb5a4fd1e9dd20cb43d3cd0ea	git
logs/52_fig3_coordination_20260906T052057Z.log	31	e4f272bdb6141656f011e51ef6d4e24653b29c3fb5a4fd1e9dd20cb43d3cd0ea	git
logs/52_fig3_coordination_20260906T052216Z.log	31	e4f272bdb6141656f011e51ef6d4e24653b29c3fb5a4fd1e9dd20cb43d3cd0ea	git
logs/52_fig3_coordination_20260906T052319Z.log	31	e4f272bdb6141656f011e51ef6d4e24653b29c3fb5a4fd1e9dd20cb43d3cd0ea	git
logs/52_fig3_coordination_20260906T222621Z.log	31	e4f272bdb6141656f011e51ef6d4e24653b29c3fb5a4fd1e9dd20cb43d3cd0ea	git
logs/52_fig3_coordination_20260906T223016Z.log	31	e4f272bdb6141656f011e51ef6d4e24653b29c3fb5a4fd1e9dd20cb43d3cd0ea	git
logs/52_fig3_coordination_20260906T224151Z.log	31	e4f272bdb6141656f011e51ef6d4e24653b29c3fb5a4fd1e9dd20cb43d3cd0ea	git
logs/52_fig3_coordination_20260906T224243Z.log	31	e4f272bdb6141656f011e51ef6d4e24653b29c3fb5a4fd1e9dd20cb43d3cd0ea	git
logs/52_fig3_coordination_20260906T224433Z.log	31	e4f272bdb6141656f011e51ef6d4e24653b29c3fb5a4fd1e9dd20cb43d3cd0ea	git
logs/52_fig3_coordination_20260906T224623Z.log	31	e4f272bdb6141656f011e51ef6d4e24653b29c3fb5a4fd1e9dd20cb43d3cd0ea	git
logs/52_fig3_coordination_20260906T224642Z.log	31	e4f272bdb6141656f011e51ef6d4e24653b29c3fb5a4fd1e9dd20cb43d3cd0ea	git
logs/52_fig3_coordination_20260906T224747Z.log	31	e4f272bdb6141656f011e51ef6d4e24653b29c3fb5a4fd1e9dd20cb43d3cd0ea	git
logs/52_fig3_coordination_20260906T230545Z.log	31	e4f272bdb6141656f011e51ef6d4e24653b29c3fb5a4fd1e9dd20cb43d3cd0ea	git
logs/52_fig3_coordination_20260906T233814Z.log	31	e4f272bdb6141656f011e51ef6d4e24653b29c3fb5a4fd1e9dd20cb43d3cd0ea	git
logs/52_fig3_coordination_20260906T233958Z.log	31	e4f272bdb6141656f011e51ef6d4e24653b29c3fb5a4fd1e9dd20cb43d3cd0ea	git
logs/52_fig3_coordination_20260907T022810Z.log	31	e4f272bdb6141656f011e51ef6d4e24653b29c3fb5a4fd1e9dd20cb43d3cd0ea	git
logs/52_fig3_coordination_20260907T023958Z.log	31	e4f272bdb6141656f011e51ef6d4e24653b29c3fb5a4fd1e9dd20cb43d3cd0ea	git
logs/52_fig3_coordination_20260907T024644Z.log	31	e4f272bdb6141656f011e51ef6d4e24653b29c3fb5a4fd1e9dd20cb43d3cd0ea	git
logs/52_fig3_coordination_20260907T031957Z.log	31	e4f272bdb6141656f011e51ef6d4e24653b29c3fb5a4fd1e9dd20cb43d3cd0ea	git
logs/52_fig3_coordination_20260907T033104Z.log	31	e4f272bdb6141656f011e51ef6d4e24653b29c3fb5a4fd1e9dd20cb43d3cd0ea	git
logs/52_fig3_coordination_20260907T040343Z.log	31	e4f272bdb6141656f011e51ef6d4e24653b29c3fb5a4fd1e9dd20cb43d3cd0ea	git
logs/53_fig4_interpretation_20260830T053503Z.log	62	eb181c5e6f430d05c53bc28ef6b8e3529555236b5733aded49566484d3f145e4	git
logs/53_fig4_interpretation_20260830T053532Z.log	62	eb181c5e6f430d05c53bc28ef6b8e3529555236b5733aded49566484d3f145e4	git
logs/53_fig4_interpretation_20260830T053552Z.log	62	eb181c5e6f430d05c53bc28ef6b8e3529555236b5733aded49566484d3f145e4	git
logs/53_fig4_interpretation_20260830T054934Z.log	62	eb181c5e6f430d05c53bc28ef6b8e3529555236b5733aded49566484d3f145e4	git
logs/53_fig4_interpretation_20260830T054958Z.log	62	eb181c5e6f430d05c53bc28ef6b8e3529555236b5733aded49566484d3f145e4	git
logs/53_fig4_interpretation_20260830T055421Z.log	62	eb181c5e6f430d05c53bc28ef6b8e3529555236b5733aded49566484d3f145e4	git
logs/53_fig4_interpretation_20260830T055712Z.log	62	eb181c5e6f430d05c53bc28ef6b8e3529555236b5733aded49566484d3f145e4	git
logs/53_fig4_interpretation_20260830T055735Z.log	62	eb181c5e6f430d05c53bc28ef6b8e3529555236b5733aded49566484d3f145e4	git
logs/53_fig4_interpretation_20260830T061159Z.log	62	eb181c5e6f430d05c53bc28ef6b8e3529555236b5733aded49566484d3f145e4	git
logs/53_fig4_interpretation_20260830T062252Z.log	62	eb181c5e6f430d05c53bc28ef6b8e3529555236b5733aded49566484d3f145e4	git
logs/53_fig4_interpretation_20260830T062518Z.log	62	eb181c5e6f430d05c53bc28ef6b8e3529555236b5733aded49566484d3f145e4	git
logs/53_fig4_interpretation_20260830T062535Z.log	62	eb181c5e6f430d05c53bc28ef6b8e3529555236b5733aded49566484d3f145e4	git
logs/53_fig4_interpretation_20260902T063913Z.log	62	eb181c5e6f430d05c53bc28ef6b8e3529555236b5733aded49566484d3f145e4	git
logs/53_fig4_interpretation_20260902T065230Z.log	62	eb181c5e6f430d05c53bc28ef6b8e3529555236b5733aded49566484d3f145e4	git
logs/53_fig4_interpretation_20260902T071044Z.log	62	eb181c5e6f430d05c53bc28ef6b8e3529555236b5733aded49566484d3f145e4	git
logs/53_fig4_interpretation_20260902T071652Z.log	62	eb181c5e6f430d05c53bc28ef6b8e3529555236b5733aded49566484d3f145e4	git
logs/53_fig4_interpretation_20260906T041623Z.log	62	eb181c5e6f430d05c53bc28ef6b8e3529555236b5733aded49566484d3f145e4	git
logs/53_fig4_interpretation_20260906T041825Z.log	62	eb181c5e6f430d05c53bc28ef6b8e3529555236b5733aded49566484d3f145e4	git
logs/53_fig4_interpretation_20260906T043104Z.log	62	eb181c5e6f430d05c53bc28ef6b8e3529555236b5733aded49566484d3f145e4	git
logs/53_fig4_interpretation_20260906T043441Z.log	62	eb181c5e6f430d05c53bc28ef6b8e3529555236b5733aded49566484d3f145e4	git
logs/53_fig4_interpretation_20260906T043807Z.log	62	eb181c5e6f430d05c53bc28ef6b8e3529555236b5733aded49566484d3f145e4	git
logs/53_fig4_interpretation_20260906T052059Z.log	62	eb181c5e6f430d05c53bc28ef6b8e3529555236b5733aded49566484d3f145e4	git
logs/53_fig4_interpretation_20260906T052218Z.log	62	eb181c5e6f430d05c53bc28ef6b8e3529555236b5733aded49566484d3f145e4	git
logs/53_fig4_interpretation_20260906T052321Z.log	62	eb181c5e6f430d05c53bc28ef6b8e3529555236b5733aded49566484d3f145e4	git
logs/53_fig4_interpretation_20260906T222622Z.log	62	eb181c5e6f430d05c53bc28ef6b8e3529555236b5733aded49566484d3f145e4	git
logs/53_fig4_interpretation_20260906T223042Z.log	62	eb181c5e6f430d05c53bc28ef6b8e3529555236b5733aded49566484d3f145e4	git
logs/53_fig4_interpretation_20260906T223102Z.log	62	eb181c5e6f430d05c53bc28ef6b8e3529555236b5733aded49566484d3f145e4	git
logs/53_fig4_interpretation_20260906T223125Z.log	62	eb181c5e6f430d05c53bc28ef6b8e3529555236b5733aded49566484d3f145e4	git
logs/53_fig4_interpretation_20260906T223140Z.log	62	eb181c5e6f430d05c53bc28ef6b8e3529555236b5733aded49566484d3f145e4	git
logs/53_fig4_interpretation_20260906T224153Z.log	62	eb181c5e6f430d05c53bc28ef6b8e3529555236b5733aded49566484d3f145e4	git
logs/53_fig4_interpretation_20260906T224245Z.log	62	eb181c5e6f430d05c53bc28ef6b8e3529555236b5733aded49566484d3f145e4	git
logs/53_fig4_interpretation_20260906T224435Z.log	62	eb181c5e6f430d05c53bc28ef6b8e3529555236b5733aded49566484d3f145e4	git
logs/53_fig4_interpretation_20260906T224624Z.log	62	eb181c5e6f430d05c53bc28ef6b8e3529555236b5733aded49566484d3f145e4	git
logs/53_fig4_interpretation_20260906T224644Z.log	62	eb181c5e6f430d05c53bc28ef6b8e3529555236b5733aded49566484d3f145e4	git
logs/53_fig4_interpretation_20260906T224749Z.log	62	eb181c5e6f430d05c53bc28ef6b8e3529555236b5733aded49566484d3f145e4	git
logs/53_fig4_interpretation_20260906T230547Z.log	62	eb181c5e6f430d05c53bc28ef6b8e3529555236b5733aded49566484d3f145e4	git
logs/53_fig4_interpretation_20260906T233816Z.log	62	eb181c5e6f430d05c53bc28ef6b8e3529555236b5733aded49566484d3f145e4	git
logs/53_fig4_interpretation_20260906T234000Z.log	62	eb181c5e6f430d05c53bc28ef6b8e3529555236b5733aded49566484d3f145e4	git
logs/53_fig4_interpretation_20260907T022812Z.log	62	eb181c5e6f430d05c53bc28ef6b8e3529555236b5733aded49566484d3f145e4	git
logs/53_fig4_interpretation_20260907T024000Z.log	62	eb181c5e6f430d05c53bc28ef6b8e3529555236b5733aded49566484d3f145e4	git
logs/53_fig4_interpretation_20260907T024647Z.log	62	eb181c5e6f430d05c53bc28ef6b8e3529555236b5733aded49566484d3f145e4	git
logs/53_fig4_interpretation_20260907T031959Z.log	62	eb181c5e6f430d05c53bc28ef6b8e3529555236b5733aded49566484d3f145e4	git
logs/53_fig4_interpretation_20260907T033106Z.log	62	eb181c5e6f430d05c53bc28ef6b8e3529555236b5733aded49566484d3f145e4	git
logs/53_fig4_interpretation_20260907T040345Z.log	62	eb181c5e6f430d05c53bc28ef6b8e3529555236b5733aded49566484d3f145e4	git
logs/54_figS1_validation_20260830T053638Z.log	94	cb276aa166add68fd8aa062bd43256bc8673867932420a9f5d5f65b297f378d1	git
logs/54_figS1_validation_20260830T053722Z.log	94	cb276aa166add68fd8aa062bd43256bc8673867932420a9f5d5f65b297f378d1	git
logs/54_figS1_validation_20260830T054935Z.log	94	cb276aa166add68fd8aa062bd43256bc8673867932420a9f5d5f65b297f378d1	git
logs/54_figS1_validation_20260830T054959Z.log	94	cb276aa166add68fd8aa062bd43256bc8673867932420a9f5d5f65b297f378d1	git
logs/54_figS1_validation_20260830T055422Z.log	94	cb276aa166add68fd8aa062bd43256bc8673867932420a9f5d5f65b297f378d1	git
logs/54_figS1_validation_20260830T055714Z.log	94	cb276aa166add68fd8aa062bd43256bc8673867932420a9f5d5f65b297f378d1	git
logs/54_figS1_validation_20260830T055736Z.log	94	cb276aa166add68fd8aa062bd43256bc8673867932420a9f5d5f65b297f378d1	git
logs/54_figS1_validation_20260830T061200Z.log	94	cb276aa166add68fd8aa062bd43256bc8673867932420a9f5d5f65b297f378d1	git
logs/54_figS1_validation_20260830T062253Z.log	94	cb276aa166add68fd8aa062bd43256bc8673867932420a9f5d5f65b297f378d1	git
logs/54_figS1_validation_20260830T062519Z.log	94	cb276aa166add68fd8aa062bd43256bc8673867932420a9f5d5f65b297f378d1	git
logs/54_figS1_validation_20260830T062537Z.log	94	cb276aa166add68fd8aa062bd43256bc8673867932420a9f5d5f65b297f378d1	git
logs/54_figS1_validation_20260902T063915Z.log	94	cb276aa166add68fd8aa062bd43256bc8673867932420a9f5d5f65b297f378d1	git
logs/54_figS1_validation_20260902T065231Z.log	94	cb276aa166add68fd8aa062bd43256bc8673867932420a9f5d5f65b297f378d1	git
logs/54_figS1_validation_20260902T071046Z.log	94	cb276aa166add68fd8aa062bd43256bc8673867932420a9f5d5f65b297f378d1	git
logs/54_figS1_validation_20260902T071653Z.log	94	cb276aa166add68fd8aa062bd43256bc8673867932420a9f5d5f65b297f378d1	git
logs/54_figS1_validation_20260906T041624Z.log	94	cb276aa166add68fd8aa062bd43256bc8673867932420a9f5d5f65b297f378d1	git
logs/54_figS1_validation_20260906T043105Z.log	94	cb276aa166add68fd8aa062bd43256bc8673867932420a9f5d5f65b297f378d1	git
logs/54_figS1_validation_20260906T043442Z.log	94	cb276aa166add68fd8aa062bd43256bc8673867932420a9f5d5f65b297f378d1	git
logs/54_figS1_validation_20260906T043809Z.log	94	cb276aa166add68fd8aa062bd43256bc8673867932420a9f5d5f65b297f378d1	git
logs/54_figS1_validation_20260906T052219Z.log	94	cb276aa166add68fd8aa062bd43256bc8673867932420a9f5d5f65b297f378d1	git
logs/54_figS1_validation_20260906T052323Z.log	94	cb276aa166add68fd8aa062bd43256bc8673867932420a9f5d5f65b297f378d1	git
logs/54_figS1_validation_20260906T222624Z.log	94	cb276aa166add68fd8aa062bd43256bc8673867932420a9f5d5f65b297f378d1	git
logs/54_figS1_validation_20260906T224154Z.log	94	cb276aa166add68fd8aa062bd43256bc8673867932420a9f5d5f65b297f378d1	git
logs/54_figS1_validation_20260906T224246Z.log	94	cb276aa166add68fd8aa062bd43256bc8673867932420a9f5d5f65b297f378d1	git
logs/54_figS1_validation_20260906T224436Z.log	94	cb276aa166add68fd8aa062bd43256bc8673867932420a9f5d5f65b297f378d1	git
logs/54_figS1_validation_20260906T224626Z.log	94	cb276aa166add68fd8aa062bd43256bc8673867932420a9f5d5f65b297f378d1	git
logs/54_figS1_validation_20260906T224645Z.log	94	cb276aa166add68fd8aa062bd43256bc8673867932420a9f5d5f65b297f378d1	git
logs/54_figS1_validation_20260906T224750Z.log	94	cb276aa166add68fd8aa062bd43256bc8673867932420a9f5d5f65b297f378d1	git
logs/54_figS1_validation_20260906T230549Z.log	94	cb276aa166add68fd8aa062bd43256bc8673867932420a9f5d5f65b297f378d1	git
logs/54_figS1_validation_20260906T233818Z.log	94	cb276aa166add68fd8aa062bd43256bc8673867932420a9f5d5f65b297f378d1	git
logs/54_figS1_validation_20260906T234002Z.log	94	cb276aa166add68fd8aa062bd43256bc8673867932420a9f5d5f65b297f378d1	git
logs/54_figS1_validation_20260907T022814Z.log	94	cb276aa166add68fd8aa062bd43256bc8673867932420a9f5d5f65b297f378d1	git
logs/54_figS1_validation_20260907T023916Z.log	94	cb276aa166add68fd8aa062bd43256bc8673867932420a9f5d5f65b297f378d1	git
logs/54_figS1_validation_20260907T024002Z.log	94	cb276aa166add68fd8aa062bd43256bc8673867932420a9f5d5f65b297f378d1	git
logs/54_figS1_validation_20260907T024648Z.log	94	cb276aa166add68fd8aa062bd43256bc8673867932420a9f5d5f65b297f378d1	git
logs/54_figS1_validation_20260907T032001Z.log	94	cb276aa166add68fd8aa062bd43256bc8673867932420a9f5d5f65b297f378d1	git
logs/54_figS1_validation_20260907T033107Z.log	94	cb276aa166add68fd8aa062bd43256bc8673867932420a9f5d5f65b297f378d1	git
logs/54_figS1_validation_20260907T040346Z.log	94	cb276aa166add68fd8aa062bd43256bc8673867932420a9f5d5f65b297f378d1	git
logs/55_figS2_structure_20260830T053723Z.log	114	82199efbe0a23b39df7450bf4a5e85b7ef240f582357c03d4e49a2bafe5a1c13	git
logs/55_figS2_structure_20260830T053807Z.log	114	82199efbe0a23b39df7450bf4a5e85b7ef240f582357c03d4e49a2bafe5a1c13	git
logs/55_figS2_structure_20260830T054937Z.log	114	82199efbe0a23b39df7450bf4a5e85b7ef240f582357c03d4e49a2bafe5a1c13	git
logs/55_figS2_structure_20260830T055000Z.log	114	82199efbe0a23b39df7450bf4a5e85b7ef240f582357c03d4e49a2bafe5a1c13	git
logs/55_figS2_structure_20260830T055424Z.log	114	82199efbe0a23b39df7450bf4a5e85b7ef240f582357c03d4e49a2bafe5a1c13	git
logs/55_figS2_structure_20260830T055715Z.log	114	82199efbe0a23b39df7450bf4a5e85b7ef240f582357c03d4e49a2bafe5a1c13	git
logs/55_figS2_structure_20260830T055738Z.log	114	82199efbe0a23b39df7450bf4a5e85b7ef240f582357c03d4e49a2bafe5a1c13	git
logs/55_figS2_structure_20260830T061311Z.log	114	82199efbe0a23b39df7450bf4a5e85b7ef240f582357c03d4e49a2bafe5a1c13	git
logs/55_figS2_structure_20260830T062255Z.log	114	82199efbe0a23b39df7450bf4a5e85b7ef240f582357c03d4e49a2bafe5a1c13	git
logs/55_figS2_structure_20260830T062521Z.log	114	82199efbe0a23b39df7450bf4a5e85b7ef240f582357c03d4e49a2bafe5a1c13	git
logs/55_figS2_structure_20260830T062539Z.log	114	82199efbe0a23b39df7450bf4a5e85b7ef240f582357c03d4e49a2bafe5a1c13	git
logs/55_figS2_structure_20260902T063917Z.log	114	82199efbe0a23b39df7450bf4a5e85b7ef240f582357c03d4e49a2bafe5a1c13	git
logs/55_figS2_structure_20260902T065233Z.log	114	82199efbe0a23b39df7450bf4a5e85b7ef240f582357c03d4e49a2bafe5a1c13	git
logs/55_figS2_structure_20260902T071047Z.log	114	82199efbe0a23b39df7450bf4a5e85b7ef240f582357c03d4e49a2bafe5a1c13	git
logs/55_figS2_structure_20260902T071655Z.log	114	82199efbe0a23b39df7450bf4a5e85b7ef240f582357c03d4e49a2bafe5a1c13	git
logs/55_figS2_structure_20260906T043107Z.log	114	82199efbe0a23b39df7450bf4a5e85b7ef240f582357c03d4e49a2bafe5a1c13	git
logs/55_figS2_structure_20260906T043444Z.log	114	82199efbe0a23b39df7450bf4a5e85b7ef240f582357c03d4e49a2bafe5a1c13	git
logs/55_figS2_structure_20260906T043810Z.log	114	82199efbe0a23b39df7450bf4a5e85b7ef240f582357c03d4e49a2bafe5a1c13	git
logs/55_figS2_structure_20260906T052221Z.log	114	82199efbe0a23b39df7450bf4a5e85b7ef240f582357c03d4e49a2bafe5a1c13	git
logs/55_figS2_structure_20260906T052325Z.log	114	82199efbe0a23b39df7450bf4a5e85b7ef240f582357c03d4e49a2bafe5a1c13	git
logs/55_figS2_structure_20260906T222625Z.log	114	82199efbe0a23b39df7450bf4a5e85b7ef240f582357c03d4e49a2bafe5a1c13	git
logs/55_figS2_structure_20260906T224156Z.log	114	82199efbe0a23b39df7450bf4a5e85b7ef240f582357c03d4e49a2bafe5a1c13	git
logs/55_figS2_structure_20260906T224247Z.log	114	82199efbe0a23b39df7450bf4a5e85b7ef240f582357c03d4e49a2bafe5a1c13	git
logs/55_figS2_structure_20260906T224438Z.log	114	82199efbe0a23b39df7450bf4a5e85b7ef240f582357c03d4e49a2bafe5a1c13	git
logs/55_figS2_structure_20260906T224646Z.log	114	82199efbe0a23b39df7450bf4a5e85b7ef240f582357c03d4e49a2bafe5a1c13	git
logs/55_figS2_structure_20260906T224751Z.log	114	82199efbe0a23b39df7450bf4a5e85b7ef240f582357c03d4e49a2bafe5a1c13	git
logs/55_figS2_structure_20260906T230551Z.log	114	82199efbe0a23b39df7450bf4a5e85b7ef240f582357c03d4e49a2bafe5a1c13	git
logs/55_figS2_structure_20260906T233820Z.log	114	82199efbe0a23b39df7450bf4a5e85b7ef240f582357c03d4e49a2bafe5a1c13	git
logs/55_figS2_structure_20260906T234003Z.log	114	82199efbe0a23b39df7450bf4a5e85b7ef240f582357c03d4e49a2bafe5a1c13	git
logs/55_figS2_structure_20260907T022815Z.log	114	82199efbe0a23b39df7450bf4a5e85b7ef240f582357c03d4e49a2bafe5a1c13	git
logs/55_figS2_structure_20260907T024004Z.log	114	82199efbe0a23b39df7450bf4a5e85b7ef240f582357c03d4e49a2bafe5a1c13	git
logs/55_figS2_structure_20260907T024650Z.log	114	82199efbe0a23b39df7450bf4a5e85b7ef240f582357c03d4e49a2bafe5a1c13	git
logs/55_figS2_structure_20260907T032002Z.log	114	82199efbe0a23b39df7450bf4a5e85b7ef240f582357c03d4e49a2bafe5a1c13	git
logs/55_figS2_structure_20260907T033109Z.log	114	82199efbe0a23b39df7450bf4a5e85b7ef240f582357c03d4e49a2bafe5a1c13	git
logs/55_figS2_structure_20260907T040348Z.log	114	82199efbe0a23b39df7450bf4a5e85b7ef240f582357c03d4e49a2bafe5a1c13	git
logs/56_typeset_20260830T061918Z.log	485	aa652db2acfdec7e4d9bdf7f0f12d725316793b560b3d52b00f9ef92aab28c73	git
logs/56_typeset_20260830T062044Z.log	485	e30ff0a2eb070a3a912a2ddb71eb8e77cb0c35a43e85e0ddd4fad089fd9acbb4	git
logs/56_typeset_20260830T062112Z.log	485	c78520ecf74ae77e56fc610722d4be067079d6390b3f13cddb0deb414d3d545c	git
logs/56_typeset_20260830T062200Z.log	485	f03e950efb4ced3df73e53f9aa8cf882d5c133f6d20ec1c662f8c48b2d84a84c	git
logs/56_typeset_20260830T062218Z.log	485	830a6682f984585503a3c660879d57ff7acafb24c3a815eb592ee97e3bc07d34	git
logs/56_typeset_20260830T062401Z.log	485	cbf2390999ea6a1afcff04a9bfd74fecbea201943f009f2c0e6eb6f2a8a4dab1	git
logs/56_typeset_20260830T062523Z.log	485	1300acdba25a649356e343db003318f2374ee82e6d0bdc101a5bf26e97209a68	git
logs/56_typeset_20260902T070659Z.log	479	753bee976d1bb2df22deb4e34d1dd4dd7c549f8d0766c5034938ce742cbd6820	git
logs/56_typeset_20260902T070901Z.log	479	ea3f263e062b47cf6a10e1e40c17c3839644e26a242f2b0f09519574477b1ca6	git
logs/56_typeset_20260902T070934Z.log	479	2befd1029109b2f6769202a55132ee7ae34979116d4d234ae32fb96d6d2efc79	git
logs/56_typeset_20260902T071033Z.log	479	c2b73e53cd61ad74892f8af6ac5cb94d08d84f3bb81a377e7b386ea69114dc6c	git
logs/56_typeset_20260902T071433Z.log	479	e5eda1f8d3c73819b1aad030c87e1364b42f294df3012dd4b2884577d0a5b7b3	git
logs/56_typeset_20260906T042635Z.log	482	7b2bfe334c40ea27136bc8929b3f749ed70dd14250bfd60d42b3996ea7407b86	git
logs/56_typeset_20260906T042752Z.log	482	3028cc7b5a20c8b58b04ce04426399005ccfc38f9c6bbbb4b56e6638515197b0	git
logs/56_typeset_20260906T043036Z.log	482	2f03300ee03c2ff1dbc56f0694e90073c6a3135cd4746ed2b746343e398eb1d8	git
logs/56_typeset_20260906T043151Z.log	479	3ea8808541f898ab570b1095ee9d46021a93a18bbf35b872824cf5c2314f10b7	git
logs/56_typeset_20260906T043348Z.log	607	476352657dde541ffeb7d5ee3a97722e4200d92302c1353270427f4054933ca8	git
logs/56_typeset_20260906T043350Z.log	604	0a364032f66e43890573609926da9dc04c340b6d85432cdfe7244490bbe7b671	git
logs/56_typeset_20260906T043637Z.log	607	f188c121b6597dc67056534e5cc7ed0fee5dda6a92420a25cce8b3de1af98f1f	git
logs/56_typeset_20260906T043749Z.log	607	725466d33d05fbac5c3fea9b2234e754e896fac639e847a8ce06ff1f3a169b19	git
logs/56_typeset_20260906T052127Z.log	607	7df67bea3dcff077d12318379177bb8dd477b71673db104c7ebb4fb1820e3f68	git
logs/56_typeset_20260906T224135Z.log	607	8ed23dc0ca8e5e6e58e52d1ba43cc6f62ba67cd400f07fcb240ca5749ce6e6ae	git
logs/56_typeset_20260906T224418Z.log	607	5636277c5189cb7c16cdc921830136e5e6d27a1f7fedadfa98c8d15ac551e3c9	git
logs/56_typeset_20260906T224501Z.log	607	490767223e65eb84ede96916d605eae3bb8dc88e5fecd7a21e267d42c8325103	git
logs/56_typeset_20260906T224631Z.log	607	707116d3f6ae83b245dff32de79a7969790cd520c7604528a1ae6deaea45676c	git
logs/56_typeset_20260906T224741Z.log	607	2a4996844bce8df4f5eb3aebce2ac1ea38b9c0531dd25cd98693e6bcee1feed4	git
logs/56_typeset_20260906T230440Z.log	607	a6128d3536ff052c1ee79664df9a7461cca34764563819de15fde023a3fd2aa0	git
logs/56_typeset_20260906T233737Z.log	607	19f66418ac4f1d7ad0f8b8334a0f3849b0c733f6d935e227baf63af9c38bfbc7	git
logs/56_typeset_20260906T233950Z.log	607	0b0670161cf0fce8238ca529c12f9071ccbec09fd5ce292e06350d032d86b2c4	git
logs/56_typeset_20260907T022732Z.log	607	78a4d5b78a0e8308001b5997b24b08e1719e2fc957835ac5f877ad24c31d0c29	git
logs/56_typeset_20260907T022800Z.log	607	e4d94715fab311eb312e5b5e991c902140184349532ee5b2dfcc7a283e36d6af	git
logs/56_typeset_20260907T023942Z.log	607	d82f2d64737a1b21f13e4d5696a54c0d4db0c2aa21c49242a2d0995b5b15d8d0	git
logs/56_typeset_20260907T024628Z.log	607	734a38a7e6fbd962684842e0ea1333e87807d0976d7f27cf3c34a9558678d69c	git
logs/56_typeset_20260907T031947Z.log	607	c9f3974e0d33efec61cd50c6e0c895aa739b6d6aafff6a3f6188669ebce843ae	git
logs/56_typeset_20260907T040333Z.log	607	d53f1300bc17248b2d8bb48b6f39ef5e310ed9818ddb08e0177cb5076525e799	git
logs/57_references_20260902T064555Z.log	1595	7b9cb6de0bb8495073d56f83414683485d93f5a529dca72bcc762917a0955fc9	git
logs/59_typeset_docx_20260902T070436Z.log	456	4e08a57aade9b3df6da78356bd3aa3b62840e5077f3c060d654b7373b6d9b762	git
logs/59_typeset_docx_20260902T070544Z.log	456	1c2b066a6637e4fa8cf2a7f7c2f3f0daf798181d0fc216938c0fb0874ab162f1	git
logs/59_typeset_docx_20260902T070859Z.log	456	98c2db8ae8a94c1732f29e1dc6965585e188d3d0ae53f1d2c74acffa0da447e8	git
logs/59_typeset_docx_20260902T071031Z.log	456	7b234c72f89d3b5e699cecbc5cda63f7e1ec07c523627de069f50f7299ed73f0	git
logs/59_typeset_docx_20260902T071134Z.log	456	375130e6679315389e5c64f8ecdc1657c4b1ff79e4aca6f3ee965234c11d69e4	git
logs/59_typeset_docx_20260902T071431Z.log	456	22078dd94cc94bc6ab8fb3ec755f814a9b8f5e83f583880b60d726aefc0966c1	git
logs/59_typeset_docx_20260906T042536Z.log	227	0462f307fdf2366ec0698ff3787aa6de3a902e8714bd1962a1909a5e9face8f8	git
logs/59_typeset_docx_20260906T042547Z.log	227	c7fe9f7b9278b1de03ba07bc3449e217467b668b0480caf0027375468a4f1645	git
logs/59_typeset_docx_20260906T042633Z.log	227	142c71466323f8cba522fad1b9396a0f01f4989ac877cb5f8f3096247e4844c8	git
logs/59_typeset_docx_20260906T042750Z.log	227	99e3751c45b551fa37de184e1bb8b11fc25905531535f9941df9227daae008b4	git
logs/59_typeset_docx_20260906T043034Z.log	227	3d92180ada787f9f962377e52b6b0bf751724925c0d987db881aeb9ed859e744	git
logs/59_typeset_docx_20260906T043346Z.log	227	e919782c3b1f4b3d26230aec48b75997721a9782edc28638f201fa9a3de18196	git
logs/59_typeset_docx_20260906T043510Z.log	227	7b961ef1645b6b64bbe472b1885b20c962e9086a130f9a13d30c3e4483d55f95	git
logs/59_typeset_docx_20260906T043635Z.log	448	ffa82c71fb1c98b7adcc4288f55567d82c68000b81c06575383d916f8ef0e0c7	git
logs/59_typeset_docx_20260906T043711Z.log	456	89f27fde6405e0ccd253d45097622a05fe7af6278ca4bfc74b4c460fc0aace95	git
logs/59_typeset_docx_20260906T043746Z.log	448	1eaff024bad4e75a1744b2b1164fd8e000417b0b4a3bde4402b801db0924d380	git
logs/59_typeset_docx_20260906T052125Z.log	448	6fa278bfb977c93cf34fea78488bdecce759c8a761ce5fb80540c2ce5b55328c	git
logs/59_typeset_docx_20260906T224133Z.log	448	3dd3162a7041dcf3e6c03919c4b0fc0d3ce7f059f514621c972ff57dd0a46e6c	git
logs/59_typeset_docx_20260906T224416Z.log	448	c43f7e5c1ea425de42df0fad6e40596ced7e72542a30270896eb22ee7cf24c87	git
logs/59_typeset_docx_20260906T224459Z.log	448	163a2339580d9522580052aa294aebfb9cd6ea39dbc67e8d61625cf7ad94badc	git
logs/59_typeset_docx_20260906T224629Z.log	448	edfcdbe04344d1c96097e2d13135a5aeed8b596e4c433831e7af2e6d1fe0865b	git
logs/59_typeset_docx_20260906T224739Z.log	448	2f4d190ed3143ccabaf84f8ca51674fc3fa0d93e76deb77a7d59968509c42d9e	git
logs/59_typeset_docx_20260906T230438Z.log	448	dab0ba0f13807739e17d8ec22c5428c4a76b90a662695377efae6fbcbde8469c	git
logs/59_typeset_docx_20260906T233735Z.log	448	808454b7fb28f6b1c4b36cee109109984a8dbc07f4c51f46f5d5980af54c7925	git
logs/59_typeset_docx_20260906T233947Z.log	448	cff1054c88a03762b35a5b4e606371c29ead6a750985f8edff39fa4561a1dcec	git
logs/59_typeset_docx_20260907T022730Z.log	448	3bd98d0ec9713a3e41994b68d46721cd45cf481dc113745b51f8574c801efc70	git
logs/59_typeset_docx_20260907T022758Z.log	448	d12191e604677e1d1d76f0e12bda8c33a9774dc396fb58cea8feec9a73b1bf8a	git
logs/59_typeset_docx_20260907T023939Z.log	448	90722a826164f9246983bb53c3aa6e73bfc38f3b7fb90722f7c3df121159b2f2	git
logs/59_typeset_docx_20260907T024625Z.log	448	ab4439734c8c5135aa9cb5460ac0c07983a35741c5032bea7b354974f892edca	git
logs/59_typeset_docx_20260907T031945Z.log	448	bda7269d4741049f880efd52bead1487c8258f73a709db908a8c49ffa7051a97	git
logs/59_typeset_docx_20260907T040331Z.log	448	b7f238fc9cb7a837cdee93f11d9ed5279854820f191a43d081e0ce9aacd39426	git
logs/64_site_qc_20260906T223351Z.log	754	06549e921a6cb8088e83030245425886b71ceb5e2ff1923d4ae9d1159e8e157c	git
logs/64_site_qc_20260906T224627Z.log	754	6642ce764ca336f837ae02bc93c903cc4537619ebbcc1015e5d2e334d1197b98	git
manifest/.gitkeep	0	e3b0c44298fc1c149afbf4c8996fb92427ae41e4649b934ca495991b7852b855	git
manifest/af3_requests.md	1784	c571661b6d623bdc7a1c220dcc3b1f1a557e4039caec059b9454e11abeeb5292	git
manifest/af3_requests_batch2_3.md	2430	f0015966e95eaab358681f7eeec115832376da9c6771e1104de0db6d78a41a34	git
manifest/af3_requests_batch4.md	10908	8d43a7007cf122ec777e9cd01333ff0c08cd1ad257be3a89b21927fdd456605e	git
manifest/alphamissense.md	1768	a79f15459f434aac3bf71bd5afcf63c5d01d345357475930360cf2c2bb3cc731	git
manifest/clinvar.md	781	4cfa5f6a7ded6196fd9682c1b3bea419ae2d2fa474d9feecf1583700238f51cb	git
manifest/gnomad.md	1579	1c2bdc0948038e47598fd3d53948d53608c44d1ea41e93a4534728dcd608254a	git
manifest/tools.md	4675	68b172fa2ffa91abd253b031b53f8cf8356f0482dd2d15fe7e7104252d78c34b	git
manifest/uniprot.md	1822	49283deb0b7f5f91733cb8c04cf1bd7c0af26ce072997565e4920c5f33b919db	git
requirements.md	9554	13c34130f7c593686e96da354f9da9a131adaf018addab158e0c38166daf4a3f	git
requirements.txt	601	5885c1742f82aed9cb2b7ced9d19bc502b5363d820bcd6d96e3847e3e7d566e4	git
resources/reference/.gitkeep	0	e3b0c44298fc1c149afbf4c8996fb92427ae41e4649b934ca495991b7852b855	git
resources/reference/inclusion_criteria.md	4402	b9dce7338ed9c2a5470455bb52ef36f561618e9f7654f007acaac1e54d5443ec	git
resources/reference/lit_notes.md	37694	40d067faecc0db7d7b775b77a520d22131aae7cc2578607f131f539f963975c2	git
resources/reference/structures.md	4746	8ed6539d0a7eaaffeca6f70e5c56b107b205b30502d33156025947576023283f	git
results/.gitkeep	0	e3b0c44298fc1c149afbf4c8996fb92427ae41e4649b934ca495991b7852b855	git
results/.manuscript_v4.build.json	238	1860a4f8aa3427af6b206670afaf17a50c7f9333184100358b2c6244a63b910d	git
results/FBN1_manuscript_v4.docx	3132068	9cb9c05d4bc2443ee90e4ad7af56cdfdfb8c63ba7c8a88281a5ec539ca19ddf9	git
results/FBN1_manuscript_v4.pdf	3819416	515e5f058e0ca03a10734c7a07619db5ef5e739b8a2769d61c15b49e68ba299a	git
results/FULL_PROJECT_REPORT.md	23304	af8bf298b22054f3eb9d861c17004999b0e9a72ff437c8263c4639370b33df63	git
results/INTERN_BRIEFING.md	10477	79e1225e33c9bdf7e6b34d49386d5978d8940cbbadd8f14811cfafdd42dbf092	git
results/LIMITATIONS.md	15782	73e303d70c6d3639367548e333e14ea70cc6d7ab27b2b17f937ae73b1e963e86	git
results/PROJECT_OVERVIEW.md	8997	134103565aae9b236f049c401ccc84bf876706a2bc6883ca5fb55b2c43396a7f	git
results/PUBLISHING.md	9279	e5ec9047365891c1e0c44982b33580045fa8dd3c5d9fed2e220c7d07d55ab08e	git
results/SESSION_CONTEXT.md	34926	9bbde3a5a9908e87bb1f42362e039f9ba260bd32510c0c6db0c1286a0c80b57e	git
results/figure_captions.md	10501	55c45e687ca4d8e9c9b012e29ae6b58a10244894efd4521e091c6b29b82de32c	git
results/manuscript_final.md	45505	7e736a0d318e105934d548d41d6bf1e90b76ad94afa5394b0322b4fe8ac1c67e	git
results/manuscript_paper.md	38579	906d6f0b1fac7ea018bade32119a3ada5f0a1711c72609d25a8293c17f5a162e	git
results/manuscript_v4.md	45808	288b271754aa9a35f50568ef19032a0ba60b42d5c4a4bfb65f0e0bc650d8bc7c	git
results/phase0_report.md	13792	26fe01a620d6c2a5d98a38b7fde861939ca6755e0b7635783f1607af3e552821	git
results/phase1_report.md	7550	51fa667b5678285a0f5e50981cebf73820443223614683d9ff2cec53dd40e1fa	git
results/phase2_report.md	6445	3066999daf4bd98580f1e23063cd502ced1185407c5373206103eb69a9f248bd	git
results/phase3_crosstab.md	1693	e224723bc385958f4bfb7bd885ce84ce7e4c8dcb1e041a9c61c4efcb678b3084	git
results/phase3_report.md	7957	dfa594cb9f4e897827ecdd464dcf893f40ab159f56a212fe96fbd93735aed2f6	git
results/phase4_calibration.tsv	3556	34116068c5de6b4ab8b857545fdf82dcc7a0b4bde6bfb60f0cf69bb38c521d02	git
results/phase4_report.md	7599	3bc3057c142b10c93b1603f50a8a703fe38208c7c5c4fdad3d32f712fce9c9e0	git
results/phase4_transplant_loo.tsv	2354	0e3efedeb48e909141339b0182f9d93b7b9216e5c1c2064e9ff2dd4b98c510d5	git
results/phase5_af3_batch2.md	5597	f41814569fb1538079dff48678bbd241cb90b40290e354779c4b8fc1941acb5a	git
results/phase5_af3_mutants.md	3251	6a030a26605ea01b35d3461973b3adcf76238201ac07eb103a264aae5e1b952b	git
results/phase5_batch4_geometry.md	7877	b7770bad94c7c7e118dc384f33c5ffdd9eed4d5e1245216345d7dcea817fff8c	git
results/phase5_batch4_rate.md	2797	8d41d338f6b533f140585f1f44fd5ae73e0850eb988df22765f547e066d98b71	git
results/phase5_bvs_validation.md	1909	313045a38a86ac5e91d9b2446404bf81bbad1118504242032294d4734a23a99e	git
results/phase5_cmm_calibration.md	2692	7d760e921db61d3b81d64c4711149bc73319c282bab2efd05fbec5858b1e765f	git
results/phase5_enrichment_v2.md	1992	7b8e7fe2e0068053a2351f3169b08a55e09abd5050baf2e25e93755f7d95d3fd	git
results/phase5_report.md	8727	b1a63e383fbb1512da4be3a58b7688eb749116d196f4c236b01cdfda5af38b32	git
results/phase5_statistics.md	3798	8283739bba5827cf7ec120c5246c3d6a95d4d9450ae6b059d919c23bfd876c7c	git
results/phase5_statistics.tsv	4270	2a5f8244eeb3fe665efc581e288749b48c4b42d06f85ac1031412ba63d1b8c85	git
results/phase5_statistics_v2.md	3571	98fc19f744da50e6876c4b24f6dc6c6ab2d702aca8f7434475924057bd836edd	git
results/phase5_statistics_v2.tsv	2173	92576c767927e7e2a43f75176bacf57d2491c7a9714683b8e7e141320caf8d8e	git
results/phase5_structural_af3.md	931	cb3ad142d2007b6ac9a7475759629a783f8b77ad2f1ebf09245cda36c1446342	git
results/phase6_final_report.md	5585	e09f612ddc1ca8cf0bc0c9ce6fa4d97573e47d4407e65c98be3568d14ee5e936	git
results/phase6_report.md	10109	394bbb1d63a7c87d02a79e8508342d1077fa2320e0a9f26f39fd3be81625b784	git
results/project_proposal.md	4004	a57545ff8ba5581ed2d16901631f756f4e1d9dce5971b6bd0ce8f2501e099124	git
results/prose_diagnostic.md	7820	f309c3a2c60527f26ad0621ea07963c680ce3387ea055ea6275c20de5bc9b6a9	git
results/reference_verification.md	11060	1c1cfdd130cfeebbf6a0a72bb768b254d2e71c65a699d8c7d579c60b8f06ba00	git
results/sentence_shape.md	5758	498634c761854376af0cd33c50949aedafa1d1d09e3226dfb576c009402993ea	git
results/site_qc.md	6029	66cf0b74e6a4be0dc688e7f72d58baa276e2eec248d5909e6aef77d0f90d97bb	git
results/statistics_final.md	5572	dbad85f577c5a888014ad03b51512406ff0310096a5357d6f1b09e12d7f20fa4	git
results/statistics_final.tsv	6943	8aa7b9dcec4b3b2bcf4d12baf5db791811b44dd2cbf0d64d08d5c7b42432358a	git
results/style_extraction.md	3120	6402dcb3d04a99e3ab21c43e1f6986740893018a09b0039b1a3646a3d702dac3	git
results/style_reference.md	12602	7cd60b6b58acb8512e2bbc3a088ca2525360fdde9d639bb422ffc66d70306234	git
results/supplementary_tables_v3.xlsx	1088449	cd6026c254adc92ef5be5b40241a045e97424404850191486580965c5e5821fe	git
results/v2_figure_captions.md	13941	a364c16b10c4687222b1e626d8aed474cea359f185c61be8aa186e2e8927b88c	git
results/~$N1_manuscript_v4.docx	162	9e7f57cd2da4e6eb8d12266aafd7d8bac89cd8187e0af871892627559b246978	git
scaffold.sh	2727	da74b2ebd4031b48a888c4b1518bf384c2474266d4c30db76dcb999ac24b3951	git
scripts/.gitkeep	0	e3b0c44298fc1c149afbf4c8996fb92427ae41e4649b934ca495991b7852b855	git
scripts/00_env_check.py	30985	ad335f2847effdc5ff82adc2992c8f71ca222e6ac2e210a9fb043b116d20da29	git
scripts/01_fetch_clinvar.py	10638	75e4fa28b75202bee9c032f3f45ca6b05ba8605cd834835e522f1118e4748b09	git
scripts/02_fetch_uniprot.py	8148	a4c1a63bd29221d48c4ce4cbfb8d4872293188b94f361c68311ad752983422c2	git
scripts/03_fetch_gnomad.py	8618	4498ef0ce316a81ee693999feeb48a25075c997f15f49d51b8cdd6a977842526	git
scripts/04_prepare_af3_requests.py	9336	352e1c69b6629a082d574f3c0b2772601f9bcf567f548c452461acbddde1c9ca	git
scripts/05_normalize_variants.py	16530	1a8ddb4891c8d339183728c379b39e2de26d6ff6111eddbc8f170e6a39a246ff	git
scripts/06_annotate_domains.py	14895	1c809dc22ac325f38dc9ce910d2fd3ea856852f590d0e42616aa59a81ebf593c	git
scripts/07_calibrate_af3.py	13595	5443abbd272675b65ab2c2b74463b0dfbcdb2317566a28b7e841974498ddd8eb	git
scripts/08_build_cmm_packet.py	8917	eca44bb68125020741801fdf27904497612ce90d252161f37e5626b0c59d6ebd	git
scripts/09_ingest_cmm.py	9416	c1b8b075edb8e0b0b2c5e9b6521a7aaba4e96c8d6899b13a166cc20116e3bf78	git
scripts/10_structural_metrics.py	9963	f9582784c64cccc3305046bf1a40bc4aef97508718ce3699db9819d8c3ef1c4a	git
scripts/11_foldx_ddg.py	8105	9e77b421c01f756fdcff2d34fd465a2bc4a14f2b5dd508617f735a77f01c6c86	git
scripts/12_statistics.py	19116	d15526b00b5f428114db55e47a28c7bea86aa30669edfacaa5d906792092d400	git
scripts/13_fig1_landscape.py	8989	d02d0c398c8261f9aa8ed11c712f5b7ce8b71cf0762752260c368e3b483924af	git
scripts/14_fig2_mechanism.py	9361	501732994d0f32ae2550d8b120c39a6dac99d9836b07e5cf6e124a2bdc3f6138	git
scripts/15_fig3_burial.py	9592	0fe668252d11cbc045e4d510ef499149ac32f6a819f3e5b16b473d0955e1f07e	git
scripts/16_fig4_structure.py	15827	10c0837875be9904d172eb181e00ab7fdaf156177104959d5bb4f6c54e8accfa	git
scripts/17_fig5_calibration.py	9662	c452c1e92399cd64a2d58041d30b0cd0bab161571e98b8a4888e5cf30b360901	git
scripts/18_fig6_enrichment.py	7995	ebb227dcca80998b407be4c1a0afe6f8b970f68c9acefdc5b6bbf1d6dadbe0bb	git
scripts/19_supplementary_tables.py	17049	0f0ca98f91e494c1d0f409a9826508f6c182922525a02a27da23f4b3578a1751	git
scripts/20_manuscript.py	63785	8d84d1abc91cc96882238e35bcacdeb6469ea511ae6aab922d6de069c0274708	git
scripts/21_expand_af3_requests.py	13908	6b1ff78e7000d187d400515b0ef20fddd3330caceb33a3e501a8617f62ad4ef6	git
scripts/22_foldx_ion_ablation.py	12280	2b450b30e421d3f195648eafb82394ef20a9df2edade8d409e31aa5d1ce838a1	git
scripts/23_metal_geometry.py	13469	661cc54afdb3c639b03d046ce234339a86932635b620550d65349b931ffbff1b	git
scripts/24_allmetal3d.py	13505	ebf4315fb691ca679c1146340610623633433b8feb55d4ff15b4a5efa6ac296a	git
scripts/25_af3_mutant_geometry.py	19267	f0ccfb16159a441a4cb846ce1c7028c688d157a7e160a2e7989dd0de3b0bad14	git
scripts/26_af3_batch2_sites.py	14026	fc3a60989f404f3c5119145101f5be7528b1aacc438f687463bc63388b247bed	git
scripts/27_structural_metrics_af3.py	14500	ea92ebf0ff1a16c22aed77c4f4bbf1dd9baae67f4a9dabf6b7c26d48a7fd0194	git
scripts/28_statistics_v2.py	15924	7ec76b656de16ad855c1fa820ef3bc2498f79bc27543093d5294c550172a8630	git
scripts/29_rosetta_ddg.py	25565	12d8fddfc3b03b3a95e1ca93868e4dfef2b9f2f522b43166ef434537a98a1fbd	git
scripts/30_population_set.py	12529	300c1a4e8f5bb0f73df779bb5df7303465c029f794135ff5d7e649f108c6306c	git
scripts/31_boltz_setup.py	8507	6873eb4f13e29197ee7e06067f02d32db5271d0ae1127f61a19ec0ac3e424de2	git
scripts/32_v2fig1_stability.py	7371	487d8fe4937c3e4e5de3b2f83755a813b733bff7922568eb5c86b0c51448b0ef	git
scripts/33_v2fig2_geometry.py	7526	68a47e2050e431b464e2fbe1da5fdf250fe8430411f9ec4ff2dd77abcfc80a5d	git
scripts/34_v2fig3_landscape.py	6493	f94014e19e6b75e8fa5e710cba5c00e16db0d2d91f1a63508d829a6134e2ddba	git
scripts/35_v2fig4_burial.py	7640	fbc3073b5d9bfc665520366c29fde04f8607778d3b4bb77e01764e8af86e8421	git
scripts/36_v2fig5_validation.py	6654	f26b14ccb77db398f3f7bd7c2290986ac43c270867b5b59ddc2cdd22e366f765	git
scripts/37_v2fig6_enrichment.py	6780	c78d82bc366b2b6fcddfd2a977dc7fb10f6f9a79851275005af385cb2c396838	git
scripts/38_af3_batch4_mutants.py	16655	d4bcf82737383b5ed36ebc91fd5bf5517c59397efbdfbb6582bf6263de85af89	git
scripts/39_manuscript_v2_docx.py	10062	170196bff0ea2b011341a92080e86a2155777944b470814676147848d3ab8ad4	git
scripts/40_af3_batch4_geometry.py	25048	2a20d7b941b6d883e4fee1ff4ca0efcc4f593c315ed88d05e3517b3347cc5af4	git
scripts/41_batch4_rate.py	20062	e771ee930466641223a546450ab818219f70de359647a04b6812d64a7ccf5f6e	git
scripts/42_v2fig7_rate.py	9117	6e4813a20367b9686bc0eb481a7fa8bb77f5a6f396f59f43df7dbef467a499c1	git
scripts/43_supplementary_v2.py	21612	750fc30f2f4d140eb6bc305d20db83d931f4dfc9efa97954d224784d586e2258	git
scripts/44_statistics_final.py	13522	9d564e0382afcac451ff594171566cbb8d42fbc9c7d57aee2b292cf99775fffa	git
scripts/45_manuscript_final_docx.py	1547	3464dde6f857c62b094f083762c4d5d6b163c5b977c57f7a294d61a00532a74f	git
scripts/46_v2fig8_structure.py	9862	54d30d7ac9635e694da141d619cf3c654197d17b7120b4e17fa042b14a1b5038	git
scripts/50_fig1_module.py	12299	f20459ccb5123b6c7a526e91a51c3ee67f8f40f50150a1b427eebd39669b7da8	git
scripts/51_fig2_stability.py	7276	4094d3b6859351340f541b8ca065f77c5cf6f9b0cc7167ca588116a8933caf70	git
scripts/52_fig3_coordination.py	13109	fa3a6869cca7f3c4f5fba35b3c7e0890c04656f385226b2c8d0c2b28d598061c	git
scripts/53_fig4_interpretation.py	8038	3e3c4720d194c33eff2cc9002d2519fb149dcfa14484312525e43dc633a11c69	git
scripts/54_figS1_validation.py	7675	8cf9d59144990fd6b4d165d6ebdf3d6924e67fa089f271483961a216f1441681	git
scripts/55_figS2_structure.py	4650	4abf6fb10ac1e7aa2abe1a4e4d1547a8f5bc719160ccd038aca2186d897c5a3a	git
scripts/56_typeset.py	18838	dbda5d8af87e6a04194b116abfd8bdd1b6b5b41df061805ab5f0537e031cb104	git
scripts/57_references.py	12857	0b59fd60c737894e5de88b09d88ee0cdc1b9c795b040e5736c6d88d9b4eccedc	git
scripts/58_manuscript_source.py	15670	e93dbd614407bdcba6ed942b1093552a890247d95b9bae7c46e464f556da4d9c	git
scripts/59_typeset_docx.py	19289	47fcc28ad8c8940baa48c3c6929a0f6ad298072c4458a3d82aa433162311ca9d	git
scripts/60_typeset_pdf.py	4225	12e63faf3aa1381eeae5da32943e22c8801b2678b6348cc5525d1441d948e897	git
scripts/61_typeset_v3.py	6221	7ea95ef39f252bea4013a62ef323be16d5f4b58d01ac68fef713a4bd4df20168	git
scripts/62_prose_diagnostic.py	7889	bb06d238b456bb3e0ca10e95275a80718975b5772462dc6f3beccca0d264f254	git
scripts/63_style_extract.py	11590	69206c489865d59a2d5785cd602c40f7e4b0dbecb839bf2b57a891acab372290	git
scripts/64_site_qc.py	9255	06b7a99e7a7ccb32e96ce7ef1b96118618bf04e94724104491962261be069ba5	git
scripts/65_sentence_shape.py	11918	273584aa24538d5aed6256efa29faf7910b63ef3855e61e5fd7e87b9a3069a9e	git
scripts/66_release_bundle.py	11240	5fc0cdf5477386c2d5ec43f033ed6870943a166f487ddbf1305a3e119367ce93	git
scripts/67_restore_alphamissense.py	6151	386e87c47c002b991ef2aacda0ce6c4b013e07b6f95aadd70a2de8e8fa0151da	git
scripts/figstyle.py	20769	adc2e0624f16c45b0e9cffe8462557a16ff14b194652b41af8cff00eb5cbc087	git
scripts/paperstyle.py	20799	032f9076da23fcac464ae005f7ad14aea3616385dd1687c40034f88be5688b39	git
structures/alphafold/.gitkeep	0	e3b0c44298fc1c149afbf4c8996fb92427ae41e4649b934ca495991b7852b855	git
structures/alphafold/batch4/fbn1_cbegf13_15_d1155n_ca3/fold_fbn1_cbegf13_15_d1155n_ca3_job_request.json	431	a4cde0f2dabe024b30e94d76b9160dc7a8aa9f31088486eda60d8bb5751ac9ab	git
structures/alphafold/batch4/fbn1_cbegf13_15_d1155n_ca3/fold_fbn1_cbegf13_15_d1155n_ca3_summary_confidences_0.json	1525	a3be3b638e939e1077b5a86f816bb328d15a93aad6eab74b55f2b34dc2cb51a7	git
structures/alphafold/batch4/fbn1_cbegf13_15_d1155n_ca3/fold_fbn1_cbegf13_15_d1155n_ca3_summary_confidences_1.json	1526	24f91ea9f37c4ffdbd4f8ec6aa90092e8336a18ef5f8cd63921b7e464355d6de	git
structures/alphafold/batch4/fbn1_cbegf13_15_d1155n_ca3/fold_fbn1_cbegf13_15_d1155n_ca3_summary_confidences_2.json	1526	a9f29a08ddc16709888d8ad63b9354f30a926b947f29bf3d0bf02f86094f77ad	git
structures/alphafold/batch4/fbn1_cbegf13_15_d1155n_ca3/fold_fbn1_cbegf13_15_d1155n_ca3_summary_confidences_3.json	1526	6904cc9d0c89bf31f87383b5932fb6b44bdceeb65d2526b0bbaf45340b580e3c	git
structures/alphafold/batch4/fbn1_cbegf13_15_d1155n_ca3/fold_fbn1_cbegf13_15_d1155n_ca3_summary_confidences_4.json	1526	ed983f394bddaed50f3954407ea49b3e16083cb0dfa807abc2e1ff6588914355	git
structures/alphafold/batch4/fbn1_cbegf13_15_d1155n_ca3/templates/fold_fbn1_cbegf13_15_d1155n_ca3_template_hits_chains_a_query_to_hit.json	5139	0e33aa20270acc9c510c817941e6fdea5d8a17eef9b8452f14d2ad572b784c07	git
structures/alphafold/batch4/fbn1_cbegf13_15_d1197n_ca3/fold_fbn1_cbegf13_15_d1197n_ca3_job_request.json	432	9fa0cd8f009ea3318a3cc0a91e937355f5d1d612de8b0250299a87c95102ad46	git
structures/alphafold/batch4/fbn1_cbegf13_15_d1197n_ca3/fold_fbn1_cbegf13_15_d1197n_ca3_summary_confidences_0.json	1525	12ac89ca66f542f85e62709f24a6576ab416e5ff936c372a61b3b3d83c34c46a	git
structures/alphafold/batch4/fbn1_cbegf13_15_d1197n_ca3/fold_fbn1_cbegf13_15_d1197n_ca3_summary_confidences_1.json	1526	d2f55fb2ec3d1839678d8234b25f4c04276dff039be0bca696acf3982020c8a0	git
structures/alphafold/batch4/fbn1_cbegf13_15_d1197n_ca3/fold_fbn1_cbegf13_15_d1197n_ca3_summary_confidences_2.json	1526	7a8ddd0ca17c65a89517db65927cd98d37921514e7f31462b2b71b55897fd92a	git
structures/alphafold/batch4/fbn1_cbegf13_15_d1197n_ca3/fold_fbn1_cbegf13_15_d1197n_ca3_summary_confidences_3.json	1526	ec984630053cabc03bf74e4011efa01c817d122b9c8dd07130785ca028fdab73	git
structures/alphafold/batch4/fbn1_cbegf13_15_d1197n_ca3/fold_fbn1_cbegf13_15_d1197n_ca3_summary_confidences_4.json	1526	6f20302af049593730c65ff96ed75bdbee253fc4812bfdd80dc0b62d30326992	git
structures/alphafold/batch4/fbn1_cbegf13_15_d1197n_ca3/templates/fold_fbn1_cbegf13_15_d1197n_ca3_template_hits_chains_a_query_to_hit.json	5198	ff2c7ff85d6c5314960c874a86884109f2526296b9aa536159011005f31bc4a3	git
structures/alphafold/batch4/fbn1_cbegf13_15_n1173t_ca3/fold_fbn1_cbegf13_15_n1173t_ca3_job_request.json	431	241970a2f7c4eca3f58a25c7027bfb6a1ae90bc9af34e7cff640c8618f19bf81	git
structures/alphafold/batch4/fbn1_cbegf13_15_n1173t_ca3/fold_fbn1_cbegf13_15_n1173t_ca3_summary_confidences_0.json	1525	ecc6b380f2785a18919c84822bd98bb6588ee849773251985e486f930f3f2cec	git
structures/alphafold/batch4/fbn1_cbegf13_15_n1173t_ca3/fold_fbn1_cbegf13_15_n1173t_ca3_summary_confidences_1.json	1526	130e8550819d724649257eafc359e25df6a72498f44d9ec74c72420bd95b0f7f	git
structures/alphafold/batch4/fbn1_cbegf13_15_n1173t_ca3/fold_fbn1_cbegf13_15_n1173t_ca3_summary_confidences_2.json	1526	cbe3b25781597b78876d3c4b32052908fc9308309b2e277b4d74e121c7ab7c1b	git
structures/alphafold/batch4/fbn1_cbegf13_15_n1173t_ca3/fold_fbn1_cbegf13_15_n1173t_ca3_summary_confidences_3.json	1526	fa4e30cb4cd9ec6dfedc0013d9f974d5c2f4069bc5572de9f2fbf5ed295d8597	git
structures/alphafold/batch4/fbn1_cbegf13_15_n1173t_ca3/fold_fbn1_cbegf13_15_n1173t_ca3_summary_confidences_4.json	1526	fa0d7367d69e7ccfe733c02880e3477476e492d586149c5124a87fec0febf951	git
structures/alphafold/batch4/fbn1_cbegf13_15_n1173t_ca3/templates/fold_fbn1_cbegf13_15_n1173t_ca3_template_hits_chains_a_query_to_hit.json	5054	57452d4f2b503c8653d17cb77582c102b9789ce4641c77481f1fb7f6ac04f560	git
structures/alphafold/batch4/fbn1_cbegf13_15_v1172m_ca3/fold_fbn1_cbegf13_15_v1172m_ca3_job_request.json	432	9fc69c48c4d971483a8ad0a4b04ae8fc8c022a39c4c25e0f4b8268fe656249a8	git
structures/alphafold/batch4/fbn1_cbegf13_15_v1172m_ca3/fold_fbn1_cbegf13_15_v1172m_ca3_summary_confidences_0.json	1526	0d8ddcf2dfbed1783b3836416c8595ec88bfa86631df234bcb3c2682576fbc56	git
structures/alphafold/batch4/fbn1_cbegf13_15_v1172m_ca3/fold_fbn1_cbegf13_15_v1172m_ca3_summary_confidences_1.json	1525	8692616628170670ae61e13856d1792fce20d287fcc13dbda8b50b22de6a829a	git
structures/alphafold/batch4/fbn1_cbegf13_15_v1172m_ca3/fold_fbn1_cbegf13_15_v1172m_ca3_summary_confidences_2.json	1526	8bd4fb5c101b329f3130bcbfc3c96730f63106bdea356b788d3dfa770e2bfca0	git
structures/alphafold/batch4/fbn1_cbegf13_15_v1172m_ca3/fold_fbn1_cbegf13_15_v1172m_ca3_summary_confidences_3.json	1526	9c73705156b7e5bb8c4f8ed0df62583b422226b3f850cbbfc93ec90089f8ddf0	git
structures/alphafold/batch4/fbn1_cbegf13_15_v1172m_ca3/fold_fbn1_cbegf13_15_v1172m_ca3_summary_confidences_4.json	1526	2faa9121ce695bf31c9433612cfae26972ab069d9d6793d25ecff6010edd4cb3	git
structures/alphafold/batch4/fbn1_cbegf13_15_v1172m_ca3/templates/fold_fbn1_cbegf13_15_v1172m_ca3_template_hits_chains_a_query_to_hit.json	5540	244f01d6025dac615d3fce42a641d82713a058656f2a5c41b3fd19af1f2cd437	git
structures/alphafold/batch4/fbn1_cbegf15_17_d1238n_ca3/fold_fbn1_cbegf15_17_d1238n_ca3_job_request.json	432	295ef9bfef422126293edcb3bbc0b40c9428cafce0e2574c284e9f0a7c8db248	git
structures/alphafold/batch4/fbn1_cbegf15_17_d1238n_ca3/fold_fbn1_cbegf15_17_d1238n_ca3_summary_confidences_0.json	1526	c4fc328060bf0d2a1b2fb48a73099623c99b798a21d0c6d39f73ee1f630c62da	git
structures/alphafold/batch4/fbn1_cbegf15_17_d1238n_ca3/fold_fbn1_cbegf15_17_d1238n_ca3_summary_confidences_1.json	1527	8a8fad1f2d62eb0dc900db9d7648a7acc3ee1a6147e2575ebd489b4addc3358f	git
structures/alphafold/batch4/fbn1_cbegf15_17_d1238n_ca3/fold_fbn1_cbegf15_17_d1238n_ca3_summary_confidences_2.json	1527	54b8376c672a4b56a06121512495f90489f68b32012ca2759687f0d8d2cf3cce	git
structures/alphafold/batch4/fbn1_cbegf15_17_d1238n_ca3/fold_fbn1_cbegf15_17_d1238n_ca3_summary_confidences_3.json	1527	c76797e54f1fa07ba9785cfac3c6e60e2b3e5073e6f14425f1f519d7b0d62ac0	git
structures/alphafold/batch4/fbn1_cbegf15_17_d1238n_ca3/fold_fbn1_cbegf15_17_d1238n_ca3_summary_confidences_4.json	1527	c4db91942888ca8c2a3f4c3894f3eb86d13cc0330fe6dc7c2d6cfc13c82c5403	git
structures/alphafold/batch4/fbn1_cbegf15_17_d1238n_ca3/templates/fold_fbn1_cbegf15_17_d1238n_ca3_template_hits_chains_a_query_to_hit.json	5746	56e92f64f122f6b63b72e9bd459c8074a38c6fbbd5ffe8a977de920af515031b	git
structures/alphafold/batch4/fbn1_cbegf15_17_d1250y_ca3/fold_fbn1_cbegf15_17_d1250y_ca3_job_request.json	431	8e409a4fe80ba744ce96f655bb16e32518ea357fc75a7e0b1a685b6069d9e810	git
structures/alphafold/batch4/fbn1_cbegf15_17_d1250y_ca3/fold_fbn1_cbegf15_17_d1250y_ca3_summary_confidences_0.json	1526	d1be63ed15cbb14c5d46b3bf5a83931d80f7719e9fc009eeecd8919139ab9d0e	git
structures/alphafold/batch4/fbn1_cbegf15_17_d1250y_ca3/fold_fbn1_cbegf15_17_d1250y_ca3_summary_confidences_1.json	1527	e2536c24a58ce8464fed5d60661b210e634026bf3f77b1d6ce4239119136b240	git
structures/alphafold/batch4/fbn1_cbegf15_17_d1250y_ca3/fold_fbn1_cbegf15_17_d1250y_ca3_summary_confidences_2.json	1527	429b59740e1fc3179531ef2ded403d7217ad9c42b5213ea82d54cd621e9bd6ca	git
structures/alphafold/batch4/fbn1_cbegf15_17_d1250y_ca3/fold_fbn1_cbegf15_17_d1250y_ca3_summary_confidences_3.json	1526	ba04b5a157324e68c1b692e949822bd987b7a33f61efac0dde990b1d761308bf	git
structures/alphafold/batch4/fbn1_cbegf15_17_d1250y_ca3/fold_fbn1_cbegf15_17_d1250y_ca3_summary_confidences_4.json	1525	a77ff18ff59b08ae961a07cd2c1da74c8f010eef23f3aa0330e1bc62aeaf200b	git
structures/alphafold/batch4/fbn1_cbegf15_17_d1250y_ca3/templates/fold_fbn1_cbegf15_17_d1250y_ca3_template_hits_chains_a_query_to_hit.json	5128	2047a6b99fbaccc4e722d3eb43224382aaeaa6ad822d3ae4fdac42b9a7e3f9ce	git
structures/alphafold/batch4/fbn1_cbegf15_17_d1280n_ca3/fold_fbn1_cbegf15_17_d1280n_ca3_job_request.json	431	ff4a4f7f8ad50c1e6cacef7d0bf0ca35b7943a24698b1a94726fe60acf4c7e89	git
structures/alphafold/batch4/fbn1_cbegf15_17_d1280n_ca3/fold_fbn1_cbegf15_17_d1280n_ca3_summary_confidences_0.json	1526	c4449c5bbe6133689d4a2971da26f7c0a51e3997e46c4407d874a92a4acf93d5	git
structures/alphafold/batch4/fbn1_cbegf15_17_d1280n_ca3/fold_fbn1_cbegf15_17_d1280n_ca3_summary_confidences_1.json	1526	e96ddfd477909211ef03491698696c75631a28b067bc707f59960033e12989f1	git
structures/alphafold/batch4/fbn1_cbegf15_17_d1280n_ca3/fold_fbn1_cbegf15_17_d1280n_ca3_summary_confidences_2.json	1527	a289e5d847952633510ad6ade8182c18ebabeed786b63aa117850014d510cc7b	git
structures/alphafold/batch4/fbn1_cbegf15_17_d1280n_ca3/fold_fbn1_cbegf15_17_d1280n_ca3_summary_confidences_3.json	1526	bd862ac0f8b3151ab7b5adbf3c5994f5e6db3e0e82b1f6f97dcda2954b9f2eaf	git
structures/alphafold/batch4/fbn1_cbegf15_17_d1280n_ca3/fold_fbn1_cbegf15_17_d1280n_ca3_summary_confidences_4.json	1525	066af5f11f5b853a8f9b79e73f35beb30f1895f0ab4608d5951637adc3316a9a	git
structures/alphafold/batch4/fbn1_cbegf15_17_d1280n_ca3/templates/fold_fbn1_cbegf15_17_d1280n_ca3_template_hits_chains_a_query_to_hit.json	5731	ecc489733a1ebe5548e9a8b7578838fc4827ec74808a79cede2f9e4d8994f3f0	git
structures/alphafold/batch4/fbn1_cbegf15_17_q1253p_ca3/fold_fbn1_cbegf15_17_q1253p_ca3_job_request.json	431	237dbccfd869d21951e20da7946d28c33807220e1c8ce78444f492fb950e78ee	git
structures/alphafold/batch4/fbn1_cbegf15_17_q1253p_ca3/fold_fbn1_cbegf15_17_q1253p_ca3_summary_confidences_0.json	1527	cc6cf42d4ef7ebf47c114cb43fde1b180ce947ed48ac725bb3fd4ab111618aa0	git
structures/alphafold/batch4/fbn1_cbegf15_17_q1253p_ca3/fold_fbn1_cbegf15_17_q1253p_ca3_summary_confidences_1.json	1527	b544868cefc885aced3ac74a1feb939a5e22d23ac2d9872f557c0342589ecd5c	git
structures/alphafold/batch4/fbn1_cbegf15_17_q1253p_ca3/fold_fbn1_cbegf15_17_q1253p_ca3_summary_confidences_2.json	1527	96d36ec1797515660bc19c3f622fce259d293889eaceb85f3cb6a8b169623a83	git
structures/alphafold/batch4/fbn1_cbegf15_17_q1253p_ca3/fold_fbn1_cbegf15_17_q1253p_ca3_summary_confidences_3.json	1526	b3cbe80648a206c897c8a5a46fafc0703710e007c0fc8296c9f28fabdbcf21e9	git
structures/alphafold/batch4/fbn1_cbegf15_17_q1253p_ca3/fold_fbn1_cbegf15_17_q1253p_ca3_summary_confidences_4.json	1527	6f678ce5c8b8912e7ea7d6991358fc2dd03a12eb75e30229a06ff69508203e18	git
structures/alphafold/batch4/fbn1_cbegf15_17_q1253p_ca3/templates/fold_fbn1_cbegf15_17_q1253p_ca3_template_hits_chains_a_query_to_hit.json	5141	84b997613ce764d5013c7747eb1dc4721579a667571ddc7af042810a906dbd89	git
structures/alphafold/batch4/fbn1_cbegf17_19_a1337p_ca3/fold_fbn1_cbegf17_19_a1337p_ca3_job_request.json	431	2e47140a15c96f1c260f93ffa1587741781a7a65653978c593c2cc7875396def	git
structures/alphafold/batch4/fbn1_cbegf17_19_a1337p_ca3/fold_fbn1_cbegf17_19_a1337p_ca3_summary_confidences_0.json	1518	06851b74f9f1f62057e026a06be7023f062140952b174a53a0ca74a2068fe8c9	git
structures/alphafold/batch4/fbn1_cbegf17_19_a1337p_ca3/fold_fbn1_cbegf17_19_a1337p_ca3_summary_confidences_1.json	1518	6f4e57ff21bf1580f8edd0db731deedf25e73740c7545aec4200cc2fb36b2822	git
structures/alphafold/batch4/fbn1_cbegf17_19_a1337p_ca3/fold_fbn1_cbegf17_19_a1337p_ca3_summary_confidences_2.json	1518	18e7101c872c844977d9b46193eb3bb24dcb872f2d6ee1ba541e4dcd802c3fad	git
structures/alphafold/batch4/fbn1_cbegf17_19_a1337p_ca3/fold_fbn1_cbegf17_19_a1337p_ca3_summary_confidences_3.json	1518	9db6c3f50160c41f44370d7aa63dd347c4873b831683db3a29e72f28bd2ffc91	git
structures/alphafold/batch4/fbn1_cbegf17_19_a1337p_ca3/fold_fbn1_cbegf17_19_a1337p_ca3_summary_confidences_4.json	1519	e2e4601bd63eda41f549508631f802fa09d975a09edb0267cf040e189d9da8da	git
structures/alphafold/batch4/fbn1_cbegf17_19_a1337p_ca3/templates/fold_fbn1_cbegf17_19_a1337p_ca3_template_hits_chains_a_query_to_hit.json	4742	2d5c46e0cb9c9c06fd7d20838ce9b75be2935d700a1d8aae298c5386262b449e	git
structures/alphafold/batch4/fbn1_cbegf17_19_d1322n_ca3/fold_fbn1_cbegf17_19_d1322n_ca3_job_request.json	430	c39e4f4f2920cd7b23ea26a91983948ad283a26d4d6934f16d5df45aa24908c8	git
structures/alphafold/batch4/fbn1_cbegf17_19_d1322n_ca3/fold_fbn1_cbegf17_19_d1322n_ca3_summary_confidences_0.json	1518	cd9379f1e6c84c1f8d2b3d10f20f1ff199a92b6b5690fe43d2da96833c7c7127	git
structures/alphafold/batch4/fbn1_cbegf17_19_d1322n_ca3/fold_fbn1_cbegf17_19_d1322n_ca3_summary_confidences_1.json	1518	e4820a5f6c653d2bfb387fd983022b1cd841c3f8cd8ffb0970ef3d0cd911bb7e	git
structures/alphafold/batch4/fbn1_cbegf17_19_d1322n_ca3/fold_fbn1_cbegf17_19_d1322n_ca3_summary_confidences_2.json	1518	1ece7c12dd13fca07dac7689c70c71170acbcd073fee5005b46e40acb20011cf	git
structures/alphafold/batch4/fbn1_cbegf17_19_d1322n_ca3/fold_fbn1_cbegf17_19_d1322n_ca3_summary_confidences_3.json	1518	caef6a3e980919f2cd4730880a677b689f67c28390ff4cd7a122d216dc0c142b	git
structures/alphafold/batch4/fbn1_cbegf17_19_d1322n_ca3/fold_fbn1_cbegf17_19_d1322n_ca3_summary_confidences_4.json	1519	c483d713b535e2df60e240ac716e4bfc62ae623978257f73a537c97080ecd3d6	git
structures/alphafold/batch4/fbn1_cbegf17_19_d1322n_ca3/templates/fold_fbn1_cbegf17_19_d1322n_ca3_template_hits_chains_a_query_to_hit.json	5130	34398d0dc3d88e27395a41e97670464c868cfe7a4ba6ecab053dff396c143835	git
structures/alphafold/batch4/fbn1_cbegf17_19_e1366q_ca3/fold_fbn1_cbegf17_19_e1366q_ca3_job_request.json	431	6be558fb7d2674a8d32d7f992fe8bef2b960278ba1f15fcfb4296f80e55b44bf	git
structures/alphafold/batch4/fbn1_cbegf17_19_e1366q_ca3/fold_fbn1_cbegf17_19_e1366q_ca3_summary_confidences_0.json	1518	59bef4df57a5ea78aa7d15d158598527052cea4b1014f16405f42c4f71ef706a	git
structures/alphafold/batch4/fbn1_cbegf17_19_e1366q_ca3/fold_fbn1_cbegf17_19_e1366q_ca3_summary_confidences_1.json	1519	745975c44af9f269d67e1e3fc2c67da028b0b4a6cac23637c86f6e433b6f52cf	git
structures/alphafold/batch4/fbn1_cbegf17_19_e1366q_ca3/fold_fbn1_cbegf17_19_e1366q_ca3_summary_confidences_2.json	1519	61944e5a6d0e29ccf6d035144f376029af75bace8dda2f95b6099827e3f8c710	git
structures/alphafold/batch4/fbn1_cbegf17_19_e1366q_ca3/fold_fbn1_cbegf17_19_e1366q_ca3_summary_confidences_3.json	1519	7998592065fd1c2bc688f1144c7db9c4f7e89e9ec799ca7a9903e1e6d43dc785	git
structures/alphafold/batch4/fbn1_cbegf17_19_e1366q_ca3/fold_fbn1_cbegf17_19_e1366q_ca3_summary_confidences_4.json	1519	87cec5068eea710fe899407d04473978aa6271e8d27d6092ea2d33b2cea1e2e4	git
structures/alphafold/batch4/fbn1_cbegf17_19_e1366q_ca3/templates/fold_fbn1_cbegf17_19_e1366q_ca3_template_hits_chains_a_query_to_hit.json	5143	15ff36334d6c0a90b76aa8f5cda5f12a4e50b82a70112a78481b2f743573b74d	git
structures/alphafold/batch4/fbn1_cbegf19_21_d1446n_ca3/fold_fbn1_cbegf19_21_d1446n_ca3_job_request.json	431	48bf1491c7ebafee104db9e013e0380902f04acd503583487b154a6522053dbf	git
structures/alphafold/batch4/fbn1_cbegf19_21_d1446n_ca3/fold_fbn1_cbegf19_21_d1446n_ca3_summary_confidences_0.json	1519	9982d943a0cdea8f7eef6a73e8069c518d4dad0b682cff36142366c3bd1262be	git
structures/alphafold/batch4/fbn1_cbegf19_21_d1446n_ca3/fold_fbn1_cbegf19_21_d1446n_ca3_summary_confidences_1.json	1518	8a384a6cd1a5feed86ac51124bd84d04fc05a04771d3ee3b28e0d46d7fce97d9	git
structures/alphafold/batch4/fbn1_cbegf19_21_d1446n_ca3/fold_fbn1_cbegf19_21_d1446n_ca3_summary_confidences_2.json	1519	9e2865c55c79a5a70e1fa141e52b9d877bb796eae2ec0dcf88b0a7eec6e5e6c8	git
structures/alphafold/batch4/fbn1_cbegf19_21_d1446n_ca3/fold_fbn1_cbegf19_21_d1446n_ca3_summary_confidences_3.json	1518	f49a21ee50b7d1e408e51e37e426246938d19090ab77b42092439f149e3a726f	git
structures/alphafold/batch4/fbn1_cbegf19_21_d1446n_ca3/fold_fbn1_cbegf19_21_d1446n_ca3_summary_confidences_4.json	1518	bd3bea8999fad4d0852ad9b89313a4e1c4c0f6d633626ac2b328cdf55b1d6582	git
structures/alphafold/batch4/fbn1_cbegf19_21_d1446n_ca3/templates/fold_fbn1_cbegf19_21_d1446n_ca3_template_hits_chains_a_query_to_hit.json	4610	abe89317f39866fc8452d3203067deb4e66f6e31b3b56e19f12dbee74b10534a	git
structures/alphafold/batch4/fbn1_cbegf19_21_g1418s_ca3/fold_fbn1_cbegf19_21_g1418s_ca3_job_request.json	431	b7788c4227ebdf1c9870db122211deee17219bc942624e3752a96b4dd858d823	git
structures/alphafold/batch4/fbn1_cbegf19_21_g1418s_ca3/fold_fbn1_cbegf19_21_g1418s_ca3_summary_confidences_0.json	1518	e156d93040d5a58cf765b16c78b802f107dee2e7a8c95bbb53039fb297046e6e	git
structures/alphafold/batch4/fbn1_cbegf19_21_g1418s_ca3/fold_fbn1_cbegf19_21_g1418s_ca3_summary_confidences_1.json	1518	99a2fe6b833dd845785af409e22bdb4bd7bcc29412be2e310b3d3687eddfefe4	git
structures/alphafold/batch4/fbn1_cbegf19_21_g1418s_ca3/fold_fbn1_cbegf19_21_g1418s_ca3_summary_confidences_2.json	1518	5b254a4b1fa5a4d0be1a0e0300cc1cba4bbd66ee1ad42376fd18bfccfa4ee317	git
structures/alphafold/batch4/fbn1_cbegf19_21_g1418s_ca3/fold_fbn1_cbegf19_21_g1418s_ca3_summary_confidences_3.json	1519	4bea3880d4a2af880029c33e3ea3b3377f0beb4213733b83d03ffac108e2c837	git
structures/alphafold/batch4/fbn1_cbegf19_21_g1418s_ca3/fold_fbn1_cbegf19_21_g1418s_ca3_summary_confidences_4.json	1518	c065a6efd4613e3505f37d90c46f3ebb3e8c6ca6bbdc421a4d1af9bf28b622b7	git
structures/alphafold/batch4/fbn1_cbegf19_21_g1418s_ca3/templates/fold_fbn1_cbegf19_21_g1418s_ca3_template_hits_chains_a_query_to_hit.json	3978	14f6d6dd0405858c51ac17d1dbb75d09482dc3129bf1963028519d0aa47d8708	git
structures/alphafold/batch4/fbn1_cbegf1_3_d490y_ca3/fold_fbn1_cbegf1_3_d490y_ca3_job_request.json	586	4093afd49cfa0c4989fa6a2b005acfbc9e329feaa81be078b890a805bcd7fde0	git
structures/alphafold/batch4/fbn1_cbegf1_3_d490y_ca3/fold_fbn1_cbegf1_3_d490y_ca3_summary_confidences_0.json	2640	33735a2b68b59b21bfdad1bd1ef0b0bc224e4ed8cdda9ce17f86de3b8c8c6f57	git
structures/alphafold/batch4/fbn1_cbegf1_3_d490y_ca3/fold_fbn1_cbegf1_3_d490y_ca3_summary_confidences_1.json	2640	d5b7e63fe624f4aae09919113b0a16e3675bf3c0d7b0b1a2a91108faa03500cf	git
structures/alphafold/batch4/fbn1_cbegf1_3_d490y_ca3/fold_fbn1_cbegf1_3_d490y_ca3_summary_confidences_2.json	2639	1b7780f54972d79f7037c53e2db963ee73a47b163702438c15458bf31630728b	git
structures/alphafold/batch4/fbn1_cbegf1_3_d490y_ca3/fold_fbn1_cbegf1_3_d490y_ca3_summary_confidences_3.json	2639	d8348dcda35ef778394ada3ad2636b95ff828ab28151273d97ded3e9e855b59c	git
structures/alphafold/batch4/fbn1_cbegf1_3_d490y_ca3/fold_fbn1_cbegf1_3_d490y_ca3_summary_confidences_4.json	2640	532dd9ba1334a8cc56e234dda9a47c1ec4a58acecd54b918a85339395be7c840	git
structures/alphafold/batch4/fbn1_cbegf1_3_d490y_ca3/templates/fold_fbn1_cbegf1_3_d490y_ca3_template_hits_chains_a_query_to_hit.json	4092	53ccf7cafa86f14658a90cf731ddd5fbb3e02278932c5df3a96a2d2ceb9c3733	git
structures/alphafold/batch4/fbn1_cbegf1_3_e487a_ca3/fold_fbn1_cbegf1_3_e487a_ca3_job_request.json	587	ac46307a20380787cca2853b659a42a14fb8e550b3e6b94b47fff43502742312	git
structures/alphafold/batch4/fbn1_cbegf1_3_e487a_ca3/fold_fbn1_cbegf1_3_e487a_ca3_summary_confidences_0.json	2635	2d942a602dd5ebac0c2c045f413f29505a358d728e9d7c9cf731250c5c0913cb	git
structures/alphafold/batch4/fbn1_cbegf1_3_e487a_ca3/fold_fbn1_cbegf1_3_e487a_ca3_summary_confidences_1.json	2638	0e2fd5b500433e535c59e65e9d6a91bb941b79418790f22854972e70b659f8c7	git
structures/alphafold/batch4/fbn1_cbegf1_3_e487a_ca3/fold_fbn1_cbegf1_3_e487a_ca3_summary_confidences_2.json	2640	8c726e4167b79b39495f7010f16dd73e0ab034617e5e67087a2df4c5108da67b	git
structures/alphafold/batch4/fbn1_cbegf1_3_e487a_ca3/fold_fbn1_cbegf1_3_e487a_ca3_summary_confidences_3.json	2637	8f70b26504923e683c747b85fdc8eee77f14b8c19e976dd855968a33d2d0782e	git
structures/alphafold/batch4/fbn1_cbegf1_3_e487a_ca3/fold_fbn1_cbegf1_3_e487a_ca3_summary_confidences_4.json	2637	68e468850c2fdaf1cc29ec0e2e1d65ca22fd76c207eb371cb15c2f63cb767047	git
structures/alphafold/batch4/fbn1_cbegf1_3_e487a_ca3/templates/fold_fbn1_cbegf1_3_e487a_ca3_template_hits_chains_a_query_to_hit.json	4092	65f58f748d66a1b35f2a5b5938380b98c83cb05b6071831a30e17825b09b242b	git
structures/alphafold/batch4/fbn1_cbegf1_3_n261s_ca3/fold_fbn1_cbegf1_3_n261s_ca3_job_request.json	588	0405820c79dac50b6f87ef6f383586c13f6750dea0459db3f295bf6c8e5f4fe5	git
structures/alphafold/batch4/fbn1_cbegf1_3_n261s_ca3/fold_fbn1_cbegf1_3_n261s_ca3_summary_confidences_0.json	2640	4b1bb997a748a47b2d7df9e7bb76c30cdcc8d73faba4907d1a547402058e6664	git
structures/alphafold/batch4/fbn1_cbegf1_3_n261s_ca3/fold_fbn1_cbegf1_3_n261s_ca3_summary_confidences_1.json	2639	eeb3e752920fee5beef485376077508d740d71e8475bc5fb6e9e223e2eed4195	git
structures/alphafold/batch4/fbn1_cbegf1_3_n261s_ca3/fold_fbn1_cbegf1_3_n261s_ca3_summary_confidences_2.json	2639	6012f73b1f2029f64a8d92b0a34ae973774063c0f61b69ca93bea3154dbd0fda	git
structures/alphafold/batch4/fbn1_cbegf1_3_n261s_ca3/fold_fbn1_cbegf1_3_n261s_ca3_summary_confidences_3.json	2637	c8286eba26113e15a60693843ba50f0529081c6b0eadf3118c46a033dfa382fd	git
structures/alphafold/batch4/fbn1_cbegf1_3_n261s_ca3/fold_fbn1_cbegf1_3_n261s_ca3_summary_confidences_4.json	2637	9b014064647683e236239dbf859bda8adfc50c9bce6af1422b8f8fa54f5da243	git
structures/alphafold/batch4/fbn1_cbegf1_3_n261s_ca3/templates/fold_fbn1_cbegf1_3_n261s_ca3_template_hits_chains_a_query_to_hit.json	4232	c9b35685b4935026083ebb9ad5120cb58e4fbda82e775b846d91609dd77cc0e5	git
structures/alphafold/batch4/fbn1_cbegf1_3_t382s_ca3/fold_fbn1_cbegf1_3_t382s_ca3_job_request.json	588	abd989312b8bac2f452cd0fcc74d4455cf81221037533211318ae79e18fa4bf1	git
structures/alphafold/batch4/fbn1_cbegf1_3_t382s_ca3/fold_fbn1_cbegf1_3_t382s_ca3_summary_confidences_0.json	2640	1bfde7a336eccb9e25b23a9ed09c09f11d209694c089b019bc2ba6dc257eca02	git
structures/alphafold/batch4/fbn1_cbegf1_3_t382s_ca3/fold_fbn1_cbegf1_3_t382s_ca3_summary_confidences_1.json	2640	a750e1222f6b8d0ee66b77c47bfde0636a47b1a92a716390c74ca18efc3fb4dd	git
structures/alphafold/batch4/fbn1_cbegf1_3_t382s_ca3/fold_fbn1_cbegf1_3_t382s_ca3_summary_confidences_2.json	2639	87fdacbf430556761346c87e797a465812d6f2a424c08e7ef54ae44d75e8ac7c	git
structures/alphafold/batch4/fbn1_cbegf1_3_t382s_ca3/fold_fbn1_cbegf1_3_t382s_ca3_summary_confidences_3.json	2640	a6f10748799e762b91e22f76c7e15a95a84317269d0bae23de70e8043bb93876	git
structures/alphafold/batch4/fbn1_cbegf1_3_t382s_ca3/fold_fbn1_cbegf1_3_t382s_ca3_summary_confidences_4.json	2636	2d4a6c402c4093fe38d487dceb35bb70f127d6e285080917067cb093d9cfee0a	git
structures/alphafold/batch4/fbn1_cbegf1_3_t382s_ca3/templates/fold_fbn1_cbegf1_3_t382s_ca3_template_hits_chains_a_query_to_hit.json	4092	cce8a0269cbb13d491afee00be4a91abdce4df74ae3fed1f5e0cb7c19d72e57f	git
structures/alphafold/batch4/fbn1_cbegf21_23_d1487n_ca3/fold_fbn1_cbegf21_23_d1487n_ca3_job_request.json	508	ae62eb294ae5c6bb22404a548e4837f1e45a4dda5be8625e2c1db07d5e6e19ee	git
structures/alphafold/batch4/fbn1_cbegf21_23_d1487n_ca3/fold_fbn1_cbegf21_23_d1487n_ca3_summary_confidences_0.json	2064	6ca4f4c964a39a495a26cc28d12f97359c83ede743905be8bf468c9ad9ecf86f	git
structures/alphafold/batch4/fbn1_cbegf21_23_d1487n_ca3/fold_fbn1_cbegf21_23_d1487n_ca3_summary_confidences_1.json	2063	c883e9acf58c772689db131fe996246f4b940ea4f8e54ee6b8e1724139d7ad6b	git
structures/alphafold/batch4/fbn1_cbegf21_23_d1487n_ca3/fold_fbn1_cbegf21_23_d1487n_ca3_summary_confidences_2.json	2064	cd0628ee9c3eaedbf449d83cec296a9f82950ae7ec68fa499e8043d777d5f090	git
structures/alphafold/batch4/fbn1_cbegf21_23_d1487n_ca3/fold_fbn1_cbegf21_23_d1487n_ca3_summary_confidences_3.json	2064	679e80faebc9c824fc6c96d796bf2f385cc5fce3c593d4f707458751f7e7eb1c	git
structures/alphafold/batch4/fbn1_cbegf21_23_d1487n_ca3/fold_fbn1_cbegf21_23_d1487n_ca3_summary_confidences_4.json	2065	f3996423fcb15fd6290ff67a8204f0f56aeae6d3e0d9a768c2ba06b382012bec	git
structures/alphafold/batch4/fbn1_cbegf21_23_d1487n_ca3/templates/fold_fbn1_cbegf21_23_d1487n_ca3_template_hits_chains_a_query_to_hit.json	7423	cc9ca958d12b64e50714600a3139097b214d4cae2143f818b4f842183451c915	git
structures/alphafold/batch4/fbn1_cbegf21_23_d1512v_ca3/fold_fbn1_cbegf21_23_d1512v_ca3_job_request.json	509	452b2cb51ae589a4c1f487bf7faa6ac76af4504fa19d5e7ed6174781fd9d9bee	git
structures/alphafold/batch4/fbn1_cbegf21_23_d1512v_ca3/fold_fbn1_cbegf21_23_d1512v_ca3_summary_confidences_0.json	2063	26a1a9507d25d8fb2e4a9fe1893f79ff948df06b3ed8b28b6853b12ee36f7082	git
structures/alphafold/batch4/fbn1_cbegf21_23_d1512v_ca3/fold_fbn1_cbegf21_23_d1512v_ca3_summary_confidences_1.json	2064	97a30fd10fedc72996449e4d328dd9de399582f58e39f8faee58dd51be827fc7	git
structures/alphafold/batch4/fbn1_cbegf21_23_d1512v_ca3/fold_fbn1_cbegf21_23_d1512v_ca3_summary_confidences_2.json	2065	cf586872889453b348f73bcd0baaf97afad2a2477197135cb002a99d8caf6d0f	git
structures/alphafold/batch4/fbn1_cbegf21_23_d1512v_ca3/fold_fbn1_cbegf21_23_d1512v_ca3_summary_confidences_3.json	2065	ad03931e51c817271ecb3d68a3c62edd3a5fd75c029083e8ab40485ce5a7d2dd	git
structures/alphafold/batch4/fbn1_cbegf21_23_d1512v_ca3/fold_fbn1_cbegf21_23_d1512v_ca3_summary_confidences_4.json	2065	e07498df2cc08850832e6fc8588a5b113c7ee1db767f324d42c8ddbdd0a86fdf	git
structures/alphafold/batch4/fbn1_cbegf21_23_d1512v_ca3/templates/fold_fbn1_cbegf21_23_d1512v_ca3_template_hits_chains_a_query_to_hit.json	7460	ed79e652ab037c7014d3ad9409965d1b81ba7e3547d883e68d9c74ed6856a8d0	git
structures/alphafold/batch4/fbn1_cbegf21_23_e1490k_ca3/fold_fbn1_cbegf21_23_e1490k_ca3_job_request.json	508	47c7fe72fb14b0cf8fcf1b11a66c87b9fead859599570b4ceb02a178751375ea	git
structures/alphafold/batch4/fbn1_cbegf21_23_e1490k_ca3/fold_fbn1_cbegf21_23_e1490k_ca3_summary_confidences_0.json	2065	1d5d3925328786cb2745f03291c4893842fa4998f052a06c593c3b3551dd7416	git
structures/alphafold/batch4/fbn1_cbegf21_23_e1490k_ca3/fold_fbn1_cbegf21_23_e1490k_ca3_summary_confidences_1.json	2065	298a067f40bb875072aac1cae27d0a30e347de03440e73012bd307360e005efe	git
structures/alphafold/batch4/fbn1_cbegf21_23_e1490k_ca3/fold_fbn1_cbegf21_23_e1490k_ca3_summary_confidences_2.json	2065	bbb2b681688bf0c74254bb16ec7ca37c1b50b941c742a1258c5542be9275ddfc	git
structures/alphafold/batch4/fbn1_cbegf21_23_e1490k_ca3/fold_fbn1_cbegf21_23_e1490k_ca3_summary_confidences_3.json	2065	554b1402a137ac6a151a5be65bc15bfd664223e2b436a260ab030fbdaf0de6fa	git
structures/alphafold/batch4/fbn1_cbegf21_23_e1490k_ca3/fold_fbn1_cbegf21_23_e1490k_ca3_summary_confidences_4.json	2065	77b2d3f20f9aae77d69184d2fa189613f399367b2bf30504fe5c9617c2e3aca6	git
structures/alphafold/batch4/fbn1_cbegf21_23_e1490k_ca3/templates/fold_fbn1_cbegf21_23_e1490k_ca3_template_hits_chains_a_query_to_hit.json	7424	514be6de574f14a8ea8c46007bc89cde9b8e3a1f3e747f2073cbf5a724fe7eff	git
structures/alphafold/batch4/fbn1_cbegf21_23_l1536w_ca3/fold_fbn1_cbegf21_23_l1536w_ca3_job_request.json	509	06e3341b7962b4536314dbe30dbd1cf04fb885b3131c2ec1ae03e30ec2083adf	git
structures/alphafold/batch4/fbn1_cbegf21_23_l1536w_ca3/fold_fbn1_cbegf21_23_l1536w_ca3_summary_confidences_0.json	2063	cb026c84fd19ece76462b2bedd0cef04aa02edcd7cb9d7cab19a503c7afe30f6	git
structures/alphafold/batch4/fbn1_cbegf21_23_l1536w_ca3/fold_fbn1_cbegf21_23_l1536w_ca3_summary_confidences_1.json	2064	a5697919c24567583af2ee7338eafacb0e854726a2fb45bb83ee82ff9e9b3d6b	git
structures/alphafold/batch4/fbn1_cbegf21_23_l1536w_ca3/fold_fbn1_cbegf21_23_l1536w_ca3_summary_confidences_2.json	2064	c4701c26c58d665898cff884cae8483bd02ed3f63d845dae6d123dc72e1edeeb	git
structures/alphafold/batch4/fbn1_cbegf21_23_l1536w_ca3/fold_fbn1_cbegf21_23_l1536w_ca3_summary_confidences_3.json	2065	0021c4ae1300a2818b1aad38a05403748d2c4654407827fcf79c5fa8d0434425	git
structures/alphafold/batch4/fbn1_cbegf21_23_l1536w_ca3/fold_fbn1_cbegf21_23_l1536w_ca3_summary_confidences_4.json	2065	353ab9d294cbd93bc4f225ac8a515094f76771d510eadf64e3eaae01c7cd0dc0	git
structures/alphafold/batch4/fbn1_cbegf21_23_l1536w_ca3/templates/fold_fbn1_cbegf21_23_l1536w_ca3_template_hits_chains_a_query_to_hit.json	7447	4911ed929e0c1a65f85fd1a26306b629bb5e3eb1621eee9388b648b455ceab2b	git
structures/alphafold/batch4/fbn1_cbegf23_25_d1648n_ca3/fold_fbn1_cbegf23_25_d1648n_ca3_job_request.json	509	7403b1350023220a9bb700bcf7a9cade4a2bfd61ab2905756b7d7d8e83551249	git
structures/alphafold/batch4/fbn1_cbegf23_25_d1648n_ca3/fold_fbn1_cbegf23_25_d1648n_ca3_summary_confidences_0.json	2064	6f837c12c9800f809c155f1001945c5b2c67381e2ca50f4a4b93a77b531564f6	git
structures/alphafold/batch4/fbn1_cbegf23_25_d1648n_ca3/fold_fbn1_cbegf23_25_d1648n_ca3_summary_confidences_1.json	2064	459ddcc7f64b726d299c0816837b57c6feb5aa12472bca685cab9dea6fa6c0d7	git
structures/alphafold/batch4/fbn1_cbegf23_25_d1648n_ca3/fold_fbn1_cbegf23_25_d1648n_ca3_summary_confidences_2.json	2065	275ad94bb75035b940733b0411a06e86fbf06759bd0a1688c0ace98c74472c7b	git
structures/alphafold/batch4/fbn1_cbegf23_25_d1648n_ca3/fold_fbn1_cbegf23_25_d1648n_ca3_summary_confidences_3.json	2064	d74b8925c9a984a709bb9ab6886a319d78f661b8d8c61f6be7196f5454efe458	git
structures/alphafold/batch4/fbn1_cbegf23_25_d1648n_ca3/fold_fbn1_cbegf23_25_d1648n_ca3_summary_confidences_4.json	2065	2b7a140b9e41cb26a08a24556cab1a5f209a9234cb1fc253d86c652cd08b1e4a	git
structures/alphafold/batch4/fbn1_cbegf23_25_d1648n_ca3/templates/fold_fbn1_cbegf23_25_d1648n_ca3_template_hits_chains_a_query_to_hit.json	5223	257cf1eee3f1fabc818cedf8cc7e9450c8b616ee80387675b8a1900bbdca7d82	git
structures/alphafold/batch4/fbn1_cbegf23_25_e1653k_ca3/fold_fbn1_cbegf23_25_e1653k_ca3_job_request.json	508	454f9b1e91bb849596d000831afe60a86c333c91ae9e13b17af796dd94f4c6d5	git
structures/alphafold/batch4/fbn1_cbegf23_25_e1653k_ca3/fold_fbn1_cbegf23_25_e1653k_ca3_summary_confidences_0.json	2065	45cb569047b02f507620ad9ad221381521ab6cd4944349631ca8e5d24a05f047	git
structures/alphafold/batch4/fbn1_cbegf23_25_e1653k_ca3/fold_fbn1_cbegf23_25_e1653k_ca3_summary_confidences_1.json	2065	da20a81c97c28ad5d9b3a18f4c099cdec5d8bea908079b3ac721779db62f2340	git
structures/alphafold/batch4/fbn1_cbegf23_25_e1653k_ca3/fold_fbn1_cbegf23_25_e1653k_ca3_summary_confidences_2.json	2065	64b64dd73c55016b8603efed1f87d2ecb3f5d404956344cc9a0ed1021c575878	git
structures/alphafold/batch4/fbn1_cbegf23_25_e1653k_ca3/fold_fbn1_cbegf23_25_e1653k_ca3_summary_confidences_3.json	2065	f04f4f79e961ea80831a3135ed8dfb43f01d13ed00e5f92ab75d8e7fb962dea7	git
structures/alphafold/batch4/fbn1_cbegf23_25_e1653k_ca3/fold_fbn1_cbegf23_25_e1653k_ca3_summary_confidences_4.json	2065	071407537baccfe2681ac8905d78ac9517360d53ca394dfb33f8e6391b783fe4	git
structures/alphafold/batch4/fbn1_cbegf23_25_e1653k_ca3/templates/fold_fbn1_cbegf23_25_e1653k_ca3_template_hits_chains_a_query_to_hit.json	5209	89c5ca2a95da426ffe9990a2c2698de0b80a944c361f1a4b346b55bc7f05693e	git
structures/alphafold/batch4/fbn1_cbegf23_25_l1710s_ca3/fold_fbn1_cbegf23_25_l1710s_ca3_job_request.json	508	dbd42572ab6aac39f6dd662ce38198d2947cf4747df6ccbb9cbc7bd4d48e4d9b	git
structures/alphafold/batch4/fbn1_cbegf23_25_l1710s_ca3/fold_fbn1_cbegf23_25_l1710s_ca3_summary_confidences_0.json	2065	c5323af36a10e85ce39672d14180b60e01bd4bbbea83895d98628fad046e3776	git
structures/alphafold/batch4/fbn1_cbegf23_25_l1710s_ca3/fold_fbn1_cbegf23_25_l1710s_ca3_summary_confidences_1.json	2065	6fc99ea3ab2241acfb8c6884f9897e3ed5383c73ced1992d191d695ed1ab29bd	git
structures/alphafold/batch4/fbn1_cbegf23_25_l1710s_ca3/fold_fbn1_cbegf23_25_l1710s_ca3_summary_confidences_2.json	2065	f91c3edb79b59630552d886b6c8137dc75cbd8d1ad8385b3895b68013f305a81	git
structures/alphafold/batch4/fbn1_cbegf23_25_l1710s_ca3/fold_fbn1_cbegf23_25_l1710s_ca3_summary_confidences_3.json	2065	d967bff3f1cfd59f2f205e81728402d9630152ce44b879dea17e2de722e1791d	git
structures/alphafold/batch4/fbn1_cbegf23_25_l1710s_ca3/fold_fbn1_cbegf23_25_l1710s_ca3_summary_confidences_4.json	2065	202440bbec2deab6bdd27dba375d47dd5a114586daba4f83fdf83352a8bcaeee	git
structures/alphafold/batch4/fbn1_cbegf23_25_l1710s_ca3/templates/fold_fbn1_cbegf23_25_l1710s_ca3_template_hits_chains_a_query_to_hit.json	5223	c05512c9c70458eb7dc80b759d14b6947c98e7e87c56d58c4bde42f4c6420a6e	git
structures/alphafold/batch4/fbn1_cbegf25_27_e1811k_ca3/fold_fbn1_cbegf25_27_e1811k_ca3_job_request.json	432	d1af9591abdd981e92ed55a2acfe38a9bef2b2e0ea350ab2b0ab8ad6fafa0597	git
structures/alphafold/batch4/fbn1_cbegf25_27_e1811k_ca3/fold_fbn1_cbegf25_27_e1811k_ca3_summary_confidences_0.json	1525	34ff7d1670bc7248edaed82358de5c8d3c8226419452051f062cd49dd69adfca	git
structures/alphafold/batch4/fbn1_cbegf25_27_e1811k_ca3/fold_fbn1_cbegf25_27_e1811k_ca3_summary_confidences_1.json	1526	fe2c8cea0114b8c651f87590ac3ca394d248f21d40dfed7af235956d7b00e4c8	git
structures/alphafold/batch4/fbn1_cbegf25_27_e1811k_ca3/fold_fbn1_cbegf25_27_e1811k_ca3_summary_confidences_2.json	1525	f05cbf0ab274552c177c296b3b4b5e140f74fa2115131fe333ef07a2d69bd17f	git
structures/alphafold/batch4/fbn1_cbegf25_27_e1811k_ca3/fold_fbn1_cbegf25_27_e1811k_ca3_summary_confidences_3.json	1525	4dc2176778790f6cf4cddd1921f43ed44fdbcd7262ab4726d24034dcc5c8551e	git
structures/alphafold/batch4/fbn1_cbegf25_27_e1811k_ca3/fold_fbn1_cbegf25_27_e1811k_ca3_summary_confidences_4.json	1525	c8550a6b849efa38914c156eea6a614d79b97de1ef67fcf6677d4d15379c067e	git
structures/alphafold/batch4/fbn1_cbegf25_27_e1811k_ca3/templates/fold_fbn1_cbegf25_27_e1811k_ca3_template_hits_chains_a_query_to_hit.json	6048	d742e1febb46b6dad4253d51acf6789d660115b95e008e69619d89d2c0ad414c	git
structures/alphafold/batch4/fbn1_cbegf25_27_n1858t_ca3/fold_fbn1_cbegf25_27_n1858t_ca3_job_request.json	431	cf7276ed6abf85c95b4c3b226bb3fed3d5ec2eefe9189d25291f496be966942e	git
structures/alphafold/batch4/fbn1_cbegf25_27_n1858t_ca3/fold_fbn1_cbegf25_27_n1858t_ca3_summary_confidences_0.json	1525	138fab0ef489ecd03ad4293c9dee6b50e686a8015a302ad2a1c6277d8d844cb9	git
structures/alphafold/batch4/fbn1_cbegf25_27_n1858t_ca3/fold_fbn1_cbegf25_27_n1858t_ca3_summary_confidences_1.json	1525	384bb652817dcb97115abf7e5b7f27a9cda129f6b269dd2ef0875b54bfbd7803	git
structures/alphafold/batch4/fbn1_cbegf25_27_n1858t_ca3/fold_fbn1_cbegf25_27_n1858t_ca3_summary_confidences_2.json	1525	a13b8bdeb3972c5b0402ada1abf4384bf8fa34b0f08f213bc44df65348ec3ca1	git
structures/alphafold/batch4/fbn1_cbegf25_27_n1858t_ca3/fold_fbn1_cbegf25_27_n1858t_ca3_summary_confidences_3.json	1526	3d440550dd3753d34144f338599f985f2be4d84f9dde18a1efa2da2fff96a1a1	git
structures/alphafold/batch4/fbn1_cbegf25_27_n1858t_ca3/fold_fbn1_cbegf25_27_n1858t_ca3_summary_confidences_4.json	1526	b3679121cb6aecbba4580bd0b7eb337af2a3440358c9e84e588c7c015aa9a630	git
structures/alphafold/batch4/fbn1_cbegf25_27_n1858t_ca3/templates/fold_fbn1_cbegf25_27_n1858t_ca3_template_hits_chains_a_query_to_hit.json	5749	7d8e9f55995cf5273c19ddb216c32e6c21d0072dc9b8428beff91e407619ccbd	git
structures/alphafold/batch4/fbn1_cbegf25_27_r1832s_ca3/fold_fbn1_cbegf25_27_r1832s_ca3_job_request.json	431	ecb890e7a6721fe244ba8eb2261d0316637aa4be58b342d608381167a0927cfd	git
structures/alphafold/batch4/fbn1_cbegf25_27_r1832s_ca3/fold_fbn1_cbegf25_27_r1832s_ca3_summary_confidences_0.json	1525	8c7909e971190a60629574ec3ed5522c75a2ca1f8639f76f204d2d1d8ffdad6b	git
structures/alphafold/batch4/fbn1_cbegf25_27_r1832s_ca3/fold_fbn1_cbegf25_27_r1832s_ca3_summary_confidences_1.json	1524	3d2bbf7ea7db7e6c66269a84a4074832a5f9e9a06fbeac31cea3847aa3c9828c	git
structures/alphafold/batch4/fbn1_cbegf25_27_r1832s_ca3/fold_fbn1_cbegf25_27_r1832s_ca3_summary_confidences_2.json	1525	c5b5de29526c2829ed5741eea771f1d897482910a8d1cafa3d0375563060d18f	git
structures/alphafold/batch4/fbn1_cbegf25_27_r1832s_ca3/fold_fbn1_cbegf25_27_r1832s_ca3_summary_confidences_3.json	1524	7b62c900a3e7b17428724db8d25728b9bbc2700d97e4e5e5ab609c6ed2ab6a77	git
structures/alphafold/batch4/fbn1_cbegf25_27_r1832s_ca3/fold_fbn1_cbegf25_27_r1832s_ca3_summary_confidences_4.json	1524	3d2bbf7ea7db7e6c66269a84a4074832a5f9e9a06fbeac31cea3847aa3c9828c	git
structures/alphafold/batch4/fbn1_cbegf25_27_r1832s_ca3/templates/fold_fbn1_cbegf25_27_r1832s_ca3_template_hits_chains_a_query_to_hit.json	5568	ab62c450386e361093d4c2b700ffa626e508146e9bb5554ba85b3111f1076289	git
structures/alphafold/batch4/fbn1_cbegf25_27_r1832s_ca3_2/fold_fbn1_cbegf25_27_r1832s_ca3_job_request.json	432	8a1944978a8f2d427829253a9ff20b4e4cc702ab43f3149cf802f886856038f4	git
structures/alphafold/batch4/fbn1_cbegf25_27_r1832s_ca3_2/fold_fbn1_cbegf25_27_r1832s_ca3_summary_confidences_0.json	1525	b8eb993dbe326945097495add4caaa16e4671ac25484aca32af548cbc54f709a	git
structures/alphafold/batch4/fbn1_cbegf25_27_r1832s_ca3_2/fold_fbn1_cbegf25_27_r1832s_ca3_summary_confidences_1.json	1526	aa89f65e65c1858889920d873a6ddaacb81b65be1df1905bbf75a984c183e5a1	git
structures/alphafold/batch4/fbn1_cbegf25_27_r1832s_ca3_2/fold_fbn1_cbegf25_27_r1832s_ca3_summary_confidences_2.json	1524	12604bd379d40f879bc42964ca47c20de656d1def9ab47d4534f8063dcb35325	git
structures/alphafold/batch4/fbn1_cbegf25_27_r1832s_ca3_2/fold_fbn1_cbegf25_27_r1832s_ca3_summary_confidences_3.json	1524	27785ac07d3e90a229273e58e25ca9909fcb50cc5c5ea780c2ee4f886f60b052	git
structures/alphafold/batch4/fbn1_cbegf25_27_r1832s_ca3_2/fold_fbn1_cbegf25_27_r1832s_ca3_summary_confidences_4.json	1526	955ce3124b6ccac1bc7c1c4261d2287008ea9166b27eaf8b65155d2cf83b378c	git
structures/alphafold/batch4/fbn1_cbegf25_27_r1832s_ca3_2/templates/fold_fbn1_cbegf25_27_r1832s_ca3_template_hits_chains_a_query_to_hit.json	5568	67f07b8a11a2755c3677f45a2864ac2590774338e74b4fdacb32adc8c875a5dd	git
structures/alphafold/batch4/fbn1_cbegf27_29_d1891h_ca3/fold_fbn1_cbegf27_29_d1891h_ca3_job_request.json	430	2e680b7074fc17d7b94d5b4da2632725470d078ab2b0b9935de4d74fc712e705	git
structures/alphafold/batch4/fbn1_cbegf27_29_d1891h_ca3/fold_fbn1_cbegf27_29_d1891h_ca3_summary_confidences_0.json	1518	554c9a8a79747bea512c43b8325d7b49d8e66481571906f55de42895f4ad91ac	git
structures/alphafold/batch4/fbn1_cbegf27_29_d1891h_ca3/fold_fbn1_cbegf27_29_d1891h_ca3_summary_confidences_1.json	1518	ef9d0822a0fea80b365964e9b73f2af673266f4387bb7a0678d113591938bcfa	git
structures/alphafold/batch4/fbn1_cbegf27_29_d1891h_ca3/fold_fbn1_cbegf27_29_d1891h_ca3_summary_confidences_2.json	1519	1889c9ee80055ddf25be6c7cdb697ed3eb77466163a63a44e480c19f14c17af3	git
structures/alphafold/batch4/fbn1_cbegf27_29_d1891h_ca3/fold_fbn1_cbegf27_29_d1891h_ca3_summary_confidences_3.json	1519	1a820c7071a4bdf9b76cfb18bf896eb722525c392c242edec814433ea9d0e77a	git
structures/alphafold/batch4/fbn1_cbegf27_29_d1891h_ca3/fold_fbn1_cbegf27_29_d1891h_ca3_summary_confidences_4.json	1519	be6bef9de177bba6dc2c020960603cec264667f60ce61eea8744d8480b0c0ded	git
structures/alphafold/batch4/fbn1_cbegf27_29_d1891h_ca3/templates/fold_fbn1_cbegf27_29_d1891h_ca3_template_hits_chains_a_query_to_hit.json	5563	5fca09eca70737fa0c0b1c86ba6934bafa96dce1520bd125e8aacd63ce87356d	git
structures/alphafold/batch4/fbn1_cbegf27_29_d1891n_ca3/fold_fbn1_cbegf27_29_d1891n_ca3_job_request.json	431	17d36e5ffd7f0f87095ca0978961317736a4fdce7e53ed7d54c55b58e6447b73	git
structures/alphafold/batch4/fbn1_cbegf27_29_d1891n_ca3/fold_fbn1_cbegf27_29_d1891n_ca3_summary_confidences_0.json	1519	fbb3c8655ba2b1c95b9c628434cebfe18e1644e6f12fe75ad516f7662fe4688f	git
structures/alphafold/batch4/fbn1_cbegf27_29_d1891n_ca3/fold_fbn1_cbegf27_29_d1891n_ca3_summary_confidences_1.json	1519	365cb3554388f9b6f9cfe4c946bb270975f2ec44639767b6a7711dc9747610a3	git
structures/alphafold/batch4/fbn1_cbegf27_29_d1891n_ca3/fold_fbn1_cbegf27_29_d1891n_ca3_summary_confidences_2.json	1519	70d28380a3d7c10e3398c9906da353d9005a37e132da216a07d2fa765fd43094	git
structures/alphafold/batch4/fbn1_cbegf27_29_d1891n_ca3/fold_fbn1_cbegf27_29_d1891n_ca3_summary_confidences_3.json	1519	fdcc32919d771e6aa21fe526fbc2cfa82118cbd2dc10d55bced6ce6f71875d02	git
structures/alphafold/batch4/fbn1_cbegf27_29_d1891n_ca3/fold_fbn1_cbegf27_29_d1891n_ca3_summary_confidences_4.json	1519	e215d97317e68ecb68fa14b00e88ebf8834212d410009e0bc372fd1726fa6eda	git
structures/alphafold/batch4/fbn1_cbegf27_29_d1891n_ca3/templates/fold_fbn1_cbegf27_29_d1891n_ca3_template_hits_chains_a_query_to_hit.json	5531	be28b5a3c7526f38c0998ede5e4b2ea8fab06878a9c4c4b3419b2d3fb0409d91	git
structures/alphafold/batch4/fbn1_cbegf27_29_d1930g_ca3/fold_fbn1_cbegf27_29_d1930g_ca3_job_request.json	431	befbe5a850229124c5c04cae688e58adbfe2006f48a7bda99103ddfdd4060c26	git
structures/alphafold/batch4/fbn1_cbegf27_29_d1930g_ca3/fold_fbn1_cbegf27_29_d1930g_ca3_summary_confidences_0.json	1518	cf6c0d3ae8cb7df33ceaec232f73abc863b8552ee7223c634ae24f63d33b22be	git
structures/alphafold/batch4/fbn1_cbegf27_29_d1930g_ca3/fold_fbn1_cbegf27_29_d1930g_ca3_summary_confidences_1.json	1519	9ae7a9944b83af43ad64970902481bd3656593e9a8774c86b30a84c4fc578a91	git
structures/alphafold/batch4/fbn1_cbegf27_29_d1930g_ca3/fold_fbn1_cbegf27_29_d1930g_ca3_summary_confidences_2.json	1519	67a909865502ecd431829b3c637561c4e2a55e99376b09716471eb730aa1fc74	git
structures/alphafold/batch4/fbn1_cbegf27_29_d1930g_ca3/fold_fbn1_cbegf27_29_d1930g_ca3_summary_confidences_3.json	1518	5109f9e1b1ad29121b5ac66913aa8eefe5fb2ab3082de02b289021c003e5a598	git
structures/alphafold/batch4/fbn1_cbegf27_29_d1930g_ca3/fold_fbn1_cbegf27_29_d1930g_ca3_summary_confidences_4.json	1518	c1c38fb623d5aa387d74a2b4785b86e9407b37ebd5f7c3e0c0a4a5284dce5750	git
structures/alphafold/batch4/fbn1_cbegf27_29_d1930g_ca3/templates/fold_fbn1_cbegf27_29_d1930g_ca3_template_hits_chains_a_query_to_hit.json	5518	a7cfec732a99322fb9c912bdda7e969ae20557491ee4200d83f0d8c6355cccca	git
structures/alphafold/batch4/fbn1_cbegf27_29_d1930n_ca3/fold_fbn1_cbegf27_29_d1930n_ca3_job_request.json	430	a3df8087cda0604571ba37118d65cb8b0340bf330ceb7f948fb50123ad21b8d0	git
structures/alphafold/batch4/fbn1_cbegf27_29_d1930n_ca3/fold_fbn1_cbegf27_29_d1930n_ca3_summary_confidences_0.json	1518	d55702fe9fca1f09487d0ec0cb12b83034990a23889dc3abf9d914d0d6e2fcb8	git
structures/alphafold/batch4/fbn1_cbegf27_29_d1930n_ca3/fold_fbn1_cbegf27_29_d1930n_ca3_summary_confidences_1.json	1519	4f2291495bf57ae2aadfad5cc134b2e7b3a35d715e193725c66cd781bedd1807	git
structures/alphafold/batch4/fbn1_cbegf27_29_d1930n_ca3/fold_fbn1_cbegf27_29_d1930n_ca3_summary_confidences_2.json	1519	a19d10c3cbdc4306bec26630e8a2752a0a954eed5a7244a11d6472a8e839ce09	git
structures/alphafold/batch4/fbn1_cbegf27_29_d1930n_ca3/fold_fbn1_cbegf27_29_d1930n_ca3_summary_confidences_3.json	1519	815cdcc6117c97244d5ccb3e6f8697058670916a8314d8457b18c4157d5e1261	git
structures/alphafold/batch4/fbn1_cbegf27_29_d1930n_ca3/fold_fbn1_cbegf27_29_d1930n_ca3_summary_confidences_4.json	1519	700abf79046548d43d2960a8647c795d8bb2f2ed269b15f140bf262e83e7dc1d	git
structures/alphafold/batch4/fbn1_cbegf27_29_d1930n_ca3/templates/fold_fbn1_cbegf27_29_d1930n_ca3_template_hits_chains_a_query_to_hit.json	5587	98d41c5084f16e44a553397859052ddb46b00c1e416b3cdaffdd114fe4f8940c	git
structures/alphafold/batch4/fbn1_cbegf27_29_e1894k_ca3/fold_fbn1_cbegf27_29_e1894k_ca3_job_request.json	430	b2c142f99c57f2155036b18f7047a9dbcccc0647e991b1908ace6b96b5350758	git
structures/alphafold/batch4/fbn1_cbegf27_29_e1894k_ca3/fold_fbn1_cbegf27_29_e1894k_ca3_summary_confidences_0.json	1519	5d584069ae4c55362b4b1a903abb6a80237d314c7d3d5c96a7b00ee1a3843184	git
structures/alphafold/batch4/fbn1_cbegf27_29_e1894k_ca3/fold_fbn1_cbegf27_29_e1894k_ca3_summary_confidences_1.json	1519	80f42b84dfd0d885fd3773c2656976bea093f1c9686aed98af9e1992e43cc075	git
structures/alphafold/batch4/fbn1_cbegf27_29_e1894k_ca3/fold_fbn1_cbegf27_29_e1894k_ca3_summary_confidences_2.json	1519	64936d87b46910f68927121b627274393803d7e0b2cd9f70f85f3152433052bc	git
structures/alphafold/batch4/fbn1_cbegf27_29_e1894k_ca3/fold_fbn1_cbegf27_29_e1894k_ca3_summary_confidences_3.json	1519	37c111a69672e8f00596bab31b66716f18ffe54521f67ae6353c6b40cb435c78	git
structures/alphafold/batch4/fbn1_cbegf27_29_e1894k_ca3/fold_fbn1_cbegf27_29_e1894k_ca3_summary_confidences_4.json	1519	d64e190b6d474ecfd7e30dc6fbe4c925900f09b058dd7db96b822694983e2a16	git
structures/alphafold/batch4/fbn1_cbegf27_29_e1894k_ca3/templates/fold_fbn1_cbegf27_29_e1894k_ca3_template_hits_chains_a_query_to_hit.json	5531	4f22e7bae73074f03804ec485061f9bbb72eeb58c2ca95fd6167431ad70af57c	git
structures/alphafold/batch4/fbn1_cbegf27_29_n1907d_ca3/fold_fbn1_cbegf27_29_n1907d_ca3_job_request.json	430	57dffe4c9dadcf403efe0d6a113b8a367b7a9f34e960eec4cc5085b4dcf6e196	git
structures/alphafold/batch4/fbn1_cbegf27_29_n1907d_ca3/fold_fbn1_cbegf27_29_n1907d_ca3_summary_confidences_0.json	1519	9b93d41cc0213b605979a08d6725e6abff95ff84dcbd0ac8455a4d3845c5cbf0	git
structures/alphafold/batch4/fbn1_cbegf27_29_n1907d_ca3/fold_fbn1_cbegf27_29_n1907d_ca3_summary_confidences_1.json	1519	ce39c9fdc002e26ac87915e649baab9e72a86090c3e3929a4df94ebba4fc6031	git
structures/alphafold/batch4/fbn1_cbegf27_29_n1907d_ca3/fold_fbn1_cbegf27_29_n1907d_ca3_summary_confidences_2.json	1519	13d8e1610fd8a99cdf9d7519af7220f0dfc6de4401b7925ed891e9797fa6da2b	git
structures/alphafold/batch4/fbn1_cbegf27_29_n1907d_ca3/fold_fbn1_cbegf27_29_n1907d_ca3_summary_confidences_3.json	1519	2167a1ac8945e4ac4616926bccde983397274b7973ff664b630456d12a1d9e91	git
structures/alphafold/batch4/fbn1_cbegf27_29_n1907d_ca3/fold_fbn1_cbegf27_29_n1907d_ca3_summary_confidences_4.json	1519	6cde279403e91af1f0eb35eb113ef0df82a3912c25471258605d3d09cc58ac23	git
structures/alphafold/batch4/fbn1_cbegf27_29_n1907d_ca3/templates/fold_fbn1_cbegf27_29_n1907d_ca3_template_hits_chains_a_query_to_hit.json	5562	d5ec586792a4e90855fec0cfc9d495ff8480604acc588cb2c49ce523ded50023	git
structures/alphafold/batch4/fbn1_cbegf27_29_r1915l_ca3/fold_fbn1_cbegf27_29_r1915l_ca3_job_request.json	431	59e10979ab684ebacbe2e987d1b068c6e0be5d67526ae7176fe632c67f3834a9	git
structures/alphafold/batch4/fbn1_cbegf27_29_r1915l_ca3/fold_fbn1_cbegf27_29_r1915l_ca3_summary_confidences_0.json	1519	6f44e3091b5b587baa045ec2945e711d4fa138aa0d7b910ac6c1c38eb5cb1110	git
structures/alphafold/batch4/fbn1_cbegf27_29_r1915l_ca3/fold_fbn1_cbegf27_29_r1915l_ca3_summary_confidences_1.json	1519	5debbf9d5ba17ea29381955ee356dbc235d323553300635adc7dbf03f5c6f390	git
structures/alphafold/batch4/fbn1_cbegf27_29_r1915l_ca3/fold_fbn1_cbegf27_29_r1915l_ca3_summary_confidences_2.json	1519	14f243fd5329f028fea11fd56ca3afbe608ef8fc4868179fbf10bb925290d0df	git
structures/alphafold/batch4/fbn1_cbegf27_29_r1915l_ca3/fold_fbn1_cbegf27_29_r1915l_ca3_summary_confidences_3.json	1519	ef795da08decb7e2767a5af3ef0408e30c7e96d32b110926622c15eaec4422eb	git
structures/alphafold/batch4/fbn1_cbegf27_29_r1915l_ca3/fold_fbn1_cbegf27_29_r1915l_ca3_summary_confidences_4.json	1519	2f95b0632a9e674b8a37167b63d6e14abbe94d835ebeb7b370709dd53d6b3033	git
structures/alphafold/batch4/fbn1_cbegf27_29_r1915l_ca3/templates/fold_fbn1_cbegf27_29_r1915l_ca3_template_hits_chains_a_query_to_hit.json	5562	632d3762f595d7a89b2e78a05e34ae041c464b3393c7a49adfb90b7a680af072	git
structures/alphafold/batch4/fbn1_cbegf29_31_d1993n_ca3/fold_fbn1_cbegf29_31_d1993n_ca3_job_request.json	431	88ba00b9ca44c3741378b455210be35e64d2960136bfca8a305dffb2d5af1d86	git
structures/alphafold/batch4/fbn1_cbegf29_31_d1993n_ca3/fold_fbn1_cbegf29_31_d1993n_ca3_summary_confidences_0.json	1525	9007c28690090eeee6045765e2f5eeb24126b8c1109a2e67639796eb65e1526f	git
structures/alphafold/batch4/fbn1_cbegf29_31_d1993n_ca3/fold_fbn1_cbegf29_31_d1993n_ca3_summary_confidences_1.json	1526	ab4d74eba1d3973fb56e318980bc07d52a24f98703cb6c0904f56ba241a2c67f	git
structures/alphafold/batch4/fbn1_cbegf29_31_d1993n_ca3/fold_fbn1_cbegf29_31_d1993n_ca3_summary_confidences_2.json	1525	a051fcb5f4a3510cb453e12dcaa244c625d563caa05f66cf48558086cca0c871	git
structures/alphafold/batch4/fbn1_cbegf29_31_d1993n_ca3/fold_fbn1_cbegf29_31_d1993n_ca3_summary_confidences_3.json	1523	90fa3f0c67da796aa7876519db25ee1ff4afeec16ea290e4d31158132071e4b2	git
structures/alphafold/batch4/fbn1_cbegf29_31_d1993n_ca3/fold_fbn1_cbegf29_31_d1993n_ca3_summary_confidences_4.json	1523	b68e2ce4e4cf064d3a5e4c51ddbfe6b170da635aa733f48eb47c7f6b72b61d1f	git
structures/alphafold/batch4/fbn1_cbegf29_31_d1993n_ca3/templates/fold_fbn1_cbegf29_31_d1993n_ca3_template_hits_chains_a_query_to_hit.json	5572	504279a30325d8170d9e6e820c8e0049d2358055e131871f8968c9ceaeee4f87	git
structures/alphafold/batch4/fbn1_cbegf29_31_e1976a_ca3/fold_fbn1_cbegf29_31_e1976a_ca3_job_request.json	432	32bdce28a67d6f5e2cb8c74f60982ce0c89463bf225788df2cf931fafedcaaff	git
structures/alphafold/batch4/fbn1_cbegf29_31_e1976a_ca3/fold_fbn1_cbegf29_31_e1976a_ca3_summary_confidences_0.json	1524	62e315137f70afb72a17a8e30f49c915f169d5b46d4aa0663db75abd52461483	git
structures/alphafold/batch4/fbn1_cbegf29_31_e1976a_ca3/fold_fbn1_cbegf29_31_e1976a_ca3_summary_confidences_1.json	1523	fa8c63bdfda87138464fbbfeb4d919e3bb448a02910d9a72a72eb7666ede3ce2	git
structures/alphafold/batch4/fbn1_cbegf29_31_e1976a_ca3/fold_fbn1_cbegf29_31_e1976a_ca3_summary_confidences_2.json	1524	c358e9e462b18016d9f15030d4a178337399769db78caec840a5f5decc428ef8	git
structures/alphafold/batch4/fbn1_cbegf29_31_e1976a_ca3/fold_fbn1_cbegf29_31_e1976a_ca3_summary_confidences_3.json	1523	691dea00bbcf8d898cfd410c53942bdf6898c25da0060c8ba662689418446076	git
structures/alphafold/batch4/fbn1_cbegf29_31_e1976a_ca3/fold_fbn1_cbegf29_31_e1976a_ca3_summary_confidences_4.json	1525	5183f0fa7f52a229514065574c064215d76b97fab78f8728e275abea31196e4d	git
structures/alphafold/batch4/fbn1_cbegf29_31_e1976a_ca3/templates/fold_fbn1_cbegf29_31_e1976a_ca3_template_hits_chains_a_query_to_hit.json	5591	e7a4043e1f92c2266f2f5a90ddedbef15082e5f06251b9a83788979dedae9b81	git
structures/alphafold/batch4/fbn1_cbegf29_31_g1994v_ca3/fold_fbn1_cbegf29_31_g1994v_ca3_job_request.json	431	2c77ee94de765ae71f609b26903d6cbcfe0ada424a579b8d497f69406c1d434b	git
structures/alphafold/batch4/fbn1_cbegf29_31_g1994v_ca3/fold_fbn1_cbegf29_31_g1994v_ca3_summary_confidences_0.json	1524	f63a52a9530e7b3cf3018599e4de02cb1536d259cc15a56284b89b4212a844cb	git
structures/alphafold/batch4/fbn1_cbegf29_31_g1994v_ca3/fold_fbn1_cbegf29_31_g1994v_ca3_summary_confidences_1.json	1521	154bf3883455ec9a0744773850dc378f0cb2fe292b65a1925c5ebfdaf4ddfa40	git
structures/alphafold/batch4/fbn1_cbegf29_31_g1994v_ca3/fold_fbn1_cbegf29_31_g1994v_ca3_summary_confidences_2.json	1525	04f43b2b85bb6eb1a5ced6d280c6b88ceba93f88a0c59b5cbdf7da19cd590c66	git
structures/alphafold/batch4/fbn1_cbegf29_31_g1994v_ca3/fold_fbn1_cbegf29_31_g1994v_ca3_summary_confidences_3.json	1522	aa1522f6c38abfc7519538857fc6b8bea43a4ba0a2416eb3d1c57859a9b67128	git
structures/alphafold/batch4/fbn1_cbegf29_31_g1994v_ca3/fold_fbn1_cbegf29_31_g1994v_ca3_summary_confidences_4.json	1525	7826005f9593ddaaca21bd7e013194a4d303e002a75880ced4eb12a290af5924	git
structures/alphafold/batch4/fbn1_cbegf29_31_g1994v_ca3/templates/fold_fbn1_cbegf29_31_g1994v_ca3_template_hits_chains_a_query_to_hit.json	5591	620b9c0f57bf59b30eb6479281c568b1b86ce23c2735ca169ccb7b85c30fa5f3	git
structures/alphafold/batch4/fbn1_cbegf31_33_d2104g_ca3/fold_fbn1_cbegf31_33_d2104g_ca3_job_request.json	500	66021a57556a91e40fa25f54cb39968abb87947ac17a1858312672bdfc6922bb	git
structures/alphafold/batch4/fbn1_cbegf31_33_d2104g_ca3/fold_fbn1_cbegf31_33_d2104g_ca3_summary_confidences_0.json	2001	4ce27c4a62e6adaf362941b0d5cbd7ba9988abda71a2cd2039de78a6ff6772f7	git
structures/alphafold/batch4/fbn1_cbegf31_33_d2104g_ca3/fold_fbn1_cbegf31_33_d2104g_ca3_summary_confidences_1.json	2003	000be111b331932cdc12d4a13b1900f9717fed0f01e8860a1a0f614669396f6f	git
structures/alphafold/batch4/fbn1_cbegf31_33_d2104g_ca3/fold_fbn1_cbegf31_33_d2104g_ca3_summary_confidences_2.json	2003	84cf6379bcabdd174b4a958ebb6fb9e68faa15b2d522476a3188d5a8d2365e89	git
structures/alphafold/batch4/fbn1_cbegf31_33_d2104g_ca3/fold_fbn1_cbegf31_33_d2104g_ca3_summary_confidences_3.json	2003	28c2753fc7d1ffc5831937c44321af316f81d1e48284b7e404f0a9b1905267f3	git
structures/alphafold/batch4/fbn1_cbegf31_33_d2104g_ca3/fold_fbn1_cbegf31_33_d2104g_ca3_summary_confidences_4.json	2003	814d8c49f78d1e665dfbe2d8ea248b242b491c88102686016e3a172ae72b768f	git
structures/alphafold/batch4/fbn1_cbegf31_33_d2104g_ca3/templates/fold_fbn1_cbegf31_33_d2104g_ca3_template_hits_chains_a_query_to_hit.json	5352	39bfd76f7bb41d3f8b55e0a16561d1f892e28ec9d31a61b0ece0498594e979b5	git
structures/alphafold/batch4/fbn1_cbegf31_33_i2110t_ca3/fold_fbn1_cbegf31_33_i2110t_ca3_job_request.json	500	09951860fb9e423d68c6e0476154b28ec5e06910b6cd0041e59675ff5fd5c273	git
structures/alphafold/batch4/fbn1_cbegf31_33_i2110t_ca3/fold_fbn1_cbegf31_33_i2110t_ca3_summary_confidences_0.json	2002	e8428e75c769a49a6c82dda5476f610f91e13fe47e6df5fc9bc767d20f2b29b0	git
structures/alphafold/batch4/fbn1_cbegf31_33_i2110t_ca3/fold_fbn1_cbegf31_33_i2110t_ca3_summary_confidences_1.json	2002	cb2f4e0b711517dd1788170b9e376d37dc4eeb633b80e57fa4383f4c810df3d5	git
structures/alphafold/batch4/fbn1_cbegf31_33_i2110t_ca3/fold_fbn1_cbegf31_33_i2110t_ca3_summary_confidences_2.json	2002	a6ebd954dbd0e614c0e2c0a7b26a6cb733a3bc1a67779108414986b711951e23	git
structures/alphafold/batch4/fbn1_cbegf31_33_i2110t_ca3/fold_fbn1_cbegf31_33_i2110t_ca3_summary_confidences_3.json	2002	b64f640bf1a860d5445df8ba1aa06ace229996d856f47f5a6415cffd7d74afa5	git
structures/alphafold/batch4/fbn1_cbegf31_33_i2110t_ca3/fold_fbn1_cbegf31_33_i2110t_ca3_summary_confidences_4.json	2001	4c4bc883c12597f9478b39d15200c7525d1b428232de5588a4c45586b02d67b9	git
structures/alphafold/batch4/fbn1_cbegf31_33_i2110t_ca3/templates/fold_fbn1_cbegf31_33_i2110t_ca3_template_hits_chains_a_query_to_hit.json	6150	a574662ef45287973805c3f54bed66681c06c91a00818c61205095f714186b8e	git
structures/alphafold/batch4/fbn1_cbegf31_33_n2144h_ca3/fold_fbn1_cbegf31_33_n2144h_ca3_job_request.json	499	77da6ca0946897740e512114f8e85ff5f1324c68a689646221dd97b531c9dd4b	git
structures/alphafold/batch4/fbn1_cbegf31_33_n2144h_ca3/fold_fbn1_cbegf31_33_n2144h_ca3_summary_confidences_0.json	2002	0466c30696bd54a576a327d86eebee51b0b5fe3fb66853402898973696f9a1ad	git
structures/alphafold/batch4/fbn1_cbegf31_33_n2144h_ca3/fold_fbn1_cbegf31_33_n2144h_ca3_summary_confidences_1.json	2002	6079775af6c5855577f1ea6e50d3483811d41b961afc711a6589f8d6d64f9dfb	git
structures/alphafold/batch4/fbn1_cbegf31_33_n2144h_ca3/fold_fbn1_cbegf31_33_n2144h_ca3_summary_confidences_2.json	2002	63184a5d600706080b4ea05aaeeb6badb97ff7c7a1efba121ae00a9e6ff596ca	git
structures/alphafold/batch4/fbn1_cbegf31_33_n2144h_ca3/fold_fbn1_cbegf31_33_n2144h_ca3_summary_confidences_3.json	2001	c510fe9e496526290b001eef289dd8c52de447e9807b54c91549e1bb2caf75a2	git
structures/alphafold/batch4/fbn1_cbegf31_33_n2144h_ca3/fold_fbn1_cbegf31_33_n2144h_ca3_summary_confidences_4.json	1999	49e628a06186ba7dc26bbe0015c7425e66e6160c2fbe2b56216e0141e0314bbc	git
structures/alphafold/batch4/fbn1_cbegf31_33_n2144h_ca3/templates/fold_fbn1_cbegf31_33_n2144h_ca3_template_hits_chains_a_query_to_hit.json	5248	8b0204e3db335fa53ad455e7790506b02f38d3fd9e4bdc5361f65e6c1ffd14c8	git
structures/alphafold/batch4/fbn1_cbegf37_39_d2485g_ca3/fold_fbn1_cbegf37_39_d2485g_ca3_job_request.json	429	93d9d716ec017350b6d9557292793e2efc7e65a7703ec57c7979202609f57820	git
structures/alphafold/batch4/fbn1_cbegf37_39_d2485g_ca3/fold_fbn1_cbegf37_39_d2485g_ca3_summary_confidences_0.json	1505	022c2246de1ac47366bcd4adff2ef9fa401d36cf3624db513697434924da7b0b	git
structures/alphafold/batch4/fbn1_cbegf37_39_d2485g_ca3/fold_fbn1_cbegf37_39_d2485g_ca3_summary_confidences_1.json	1505	9ab02d3399055f878cf9d0787bccde8f15e1209d57b8eb23d0970e7303c287cd	git
structures/alphafold/batch4/fbn1_cbegf37_39_d2485g_ca3/fold_fbn1_cbegf37_39_d2485g_ca3_summary_confidences_2.json	1505	1b490b5fc8e10cc393456ff3f605e0938fe69f93a4e0b626eeac04858308c0cf	git
structures/alphafold/batch4/fbn1_cbegf37_39_d2485g_ca3/fold_fbn1_cbegf37_39_d2485g_ca3_summary_confidences_3.json	1503	2175fdfabf9081ed20d84967c602f065af0652a0478abd5d071f9a45e83aa563	git
structures/alphafold/batch4/fbn1_cbegf37_39_d2485g_ca3/fold_fbn1_cbegf37_39_d2485g_ca3_summary_confidences_4.json	1503	ae3a494f37abab0c77391d6c5bb3db12b5bc8d65076f462d66c7e75ac9a220c1	git
structures/alphafold/batch4/fbn1_cbegf37_39_d2485g_ca3/templates/fold_fbn1_cbegf37_39_d2485g_ca3_template_hits_chains_a_query_to_hit.json	4794	da595ad76b05361ae1bba11d157a7c4053ced8dfaa5ff5ead7844ae361a9ea87	git
structures/alphafold/batch4/fbn1_cbegf37_39_d2487g_ca3/fold_fbn1_cbegf37_39_d2487g_ca3_job_request.json	429	c317f0a5486ae92bf9141cd348550c3b3a3c3643c13c649141c5539b33a6a086	git
structures/alphafold/batch4/fbn1_cbegf37_39_d2487g_ca3/fold_fbn1_cbegf37_39_d2487g_ca3_summary_confidences_0.json	1505	ebef381c977893c82a3651b890f5efbd7d042e3c34086d02c0fa7b809557ff97	git
structures/alphafold/batch4/fbn1_cbegf37_39_d2487g_ca3/fold_fbn1_cbegf37_39_d2487g_ca3_summary_confidences_1.json	1505	cc0dc0d925418b32de5b3f8aece0de8d964c6b141819ff2f9841684eb5e57397	git
structures/alphafold/batch4/fbn1_cbegf37_39_d2487g_ca3/fold_fbn1_cbegf37_39_d2487g_ca3_summary_confidences_2.json	1505	268bad9a122c74c278fb9e929d02c4e732d4c6477da75b3eae4abc7061d2b1e6	git
structures/alphafold/batch4/fbn1_cbegf37_39_d2487g_ca3/fold_fbn1_cbegf37_39_d2487g_ca3_summary_confidences_3.json	1504	6d3f6142ce48c7e2f93a478ea526783d225fde0c15a0cc8f68af03031b12afa9	git
structures/alphafold/batch4/fbn1_cbegf37_39_d2487g_ca3/fold_fbn1_cbegf37_39_d2487g_ca3_summary_confidences_4.json	1504	dd0f23f3c32d148f7f29f6053ff6444c88b28b41cfe9c6a3e42ec49121bfb6b4	git
structures/alphafold/batch4/fbn1_cbegf37_39_d2487g_ca3/templates/fold_fbn1_cbegf37_39_d2487g_ca3_template_hits_chains_a_query_to_hit.json	4916	edf05f16b9c658a84acf9f7eb693a073cd4f7c31ab9681fe797e147d813ae231	git
structures/alphafold/batch4/fbn1_cbegf37_39_e2447k_ca3/fold_fbn1_cbegf37_39_e2447k_ca3_job_request.json	428	29c6a2ad3325e853b30ca950c991ec50b87ee1a4067930d936e2d30356f1ec40	git
structures/alphafold/batch4/fbn1_cbegf37_39_e2447k_ca3/fold_fbn1_cbegf37_39_e2447k_ca3_summary_confidences_0.json	1505	1982037f2f5687a432e474df3826f3e3523f8058dee392c232a7dc6a70982eda	git
structures/alphafold/batch4/fbn1_cbegf37_39_e2447k_ca3/fold_fbn1_cbegf37_39_e2447k_ca3_summary_confidences_1.json	1505	16b4d9a1282170c5669911317676f79749aaa0958d20b0033204dbf2615ee78c	git
structures/alphafold/batch4/fbn1_cbegf37_39_e2447k_ca3/fold_fbn1_cbegf37_39_e2447k_ca3_summary_confidences_2.json	1504	45aef81988b494f8f2c563e53ea1f6e3deef70d3c2d0c3ce6504ff908923d4a0	git
structures/alphafold/batch4/fbn1_cbegf37_39_e2447k_ca3/fold_fbn1_cbegf37_39_e2447k_ca3_summary_confidences_3.json	1505	16307ffefd661fcd9498bca33d5cdbd0e3c4adb85f5aa3e919d7410c1abad162	git
structures/alphafold/batch4/fbn1_cbegf37_39_e2447k_ca3/fold_fbn1_cbegf37_39_e2447k_ca3_summary_confidences_4.json	1504	b4d9a634e878df4e54ac23572615301044c58665a2361d811f35700db9946978	git
structures/alphafold/batch4/fbn1_cbegf37_39_e2447k_ca3/templates/fold_fbn1_cbegf37_39_e2447k_ca3_template_hits_chains_a_query_to_hit.json	5502	13cdea78a90622a9b7af3ae7c9d7ddb14d8774618d75164596310712470b4639	git
structures/alphafold/batch4/fbn1_cbegf37_39_s2469l_ca3/fold_fbn1_cbegf37_39_s2469l_ca3_job_request.json	429	13225473ea53959f2710703438bde5852d0bb5cbd405d3d78a4137d1d8c939f7	git
structures/alphafold/batch4/fbn1_cbegf37_39_s2469l_ca3/fold_fbn1_cbegf37_39_s2469l_ca3_summary_confidences_0.json	1505	28fd8c7b37b4d0294b7f5459eed116413929395286f4e7d65164ef0ca2074fb8	git
structures/alphafold/batch4/fbn1_cbegf37_39_s2469l_ca3/fold_fbn1_cbegf37_39_s2469l_ca3_summary_confidences_1.json	1505	7fb361c098987ef28d93f56b682fdb1bf827ac8f893f65b33b444b670c7dbae2	git
structures/alphafold/batch4/fbn1_cbegf37_39_s2469l_ca3/fold_fbn1_cbegf37_39_s2469l_ca3_summary_confidences_2.json	1504	e99a8008c50e52c34d5cc9d15e5c223eae5cae8f8d81c74b79c1f0a5c7994bfc	git
structures/alphafold/batch4/fbn1_cbegf37_39_s2469l_ca3/fold_fbn1_cbegf37_39_s2469l_ca3_summary_confidences_3.json	1504	f94ec5425ba7fcbc6812888e7bdabb192bca5aa28dfb8396522454e87b8f83e5	git
structures/alphafold/batch4/fbn1_cbegf37_39_s2469l_ca3/fold_fbn1_cbegf37_39_s2469l_ca3_summary_confidences_4.json	1505	1e3da30ada866f3aaa0e1a0907168908acb9379c8caabf854e87f772d1619f83	git
structures/alphafold/batch4/fbn1_cbegf37_39_s2469l_ca3/templates/fold_fbn1_cbegf37_39_s2469l_ca3_template_hits_chains_a_query_to_hit.json	5502	8298e1450de7831decb24f6611792758d29970bf1eb383461ebf1fad7746cdbf	git
structures/alphafold/batch4/fbn1_cbegf39_41_e2570k_ca3/fold_fbn1_cbegf39_41_e2570k_ca3_job_request.json	428	b35b70a538d993ed3d6b568e62f9005234073f87590e1559dba1f381d05abc98	git
structures/alphafold/batch4/fbn1_cbegf39_41_e2570k_ca3/fold_fbn1_cbegf39_41_e2570k_ca3_summary_confidences_0.json	1506	e9fd514990e792af204d27b165351299689ca69338c15a0057029973398c7731	git
structures/alphafold/batch4/fbn1_cbegf39_41_e2570k_ca3/fold_fbn1_cbegf39_41_e2570k_ca3_summary_confidences_1.json	1505	68de9eb16a32b036b1859808b6532fae7bd071cba0bfd5dc5107aacf8d1b95a7	git
structures/alphafold/batch4/fbn1_cbegf39_41_e2570k_ca3/fold_fbn1_cbegf39_41_e2570k_ca3_summary_confidences_2.json	1502	196781c69ea77106b41a5b9f485e68ee4dd975f4bbb77f7b2ca3178981d7e424	git
structures/alphafold/batch4/fbn1_cbegf39_41_e2570k_ca3/fold_fbn1_cbegf39_41_e2570k_ca3_summary_confidences_3.json	1503	e287d288a27a8411f86b33638b489817660e23f94868823a9ca336fa9197022c	git
structures/alphafold/batch4/fbn1_cbegf39_41_e2570k_ca3/fold_fbn1_cbegf39_41_e2570k_ca3_summary_confidences_4.json	1499	fbabf193dfcbdd1e553091b73e6cc8ea572ebe94a0a4ea5fd0ed4660a4ade7be	git
structures/alphafold/batch4/fbn1_cbegf39_41_e2570k_ca3/templates/fold_fbn1_cbegf39_41_e2570k_ca3_template_hits_chains_a_query_to_hit.json	5133	97bc192028fc6461cd08b8e2427a1e09afcb7209eb7f8096940d55adc784f8cc	git
structures/alphafold/batch4/fbn1_cbegf39_41_t2549p_ca3/fold_fbn1_cbegf39_41_t2549p_ca3_job_request.json	428	8f3f61dd45bb28602b1624af847546512b497fe81646d4a6f7dddc158f67c623	git
structures/alphafold/batch4/fbn1_cbegf39_41_t2549p_ca3/fold_fbn1_cbegf39_41_t2549p_ca3_summary_confidences_0.json	1503	13b3014531555d082bcfd389d781c30332cd4d996d8c658556e41dd15d6b2a5d	git
structures/alphafold/batch4/fbn1_cbegf39_41_t2549p_ca3/fold_fbn1_cbegf39_41_t2549p_ca3_summary_confidences_1.json	1503	e7eb8d9f2d9ded8fa91ff7166677a626994661a74c70ffaddf1c04f60735c52e	git
structures/alphafold/batch4/fbn1_cbegf39_41_t2549p_ca3/fold_fbn1_cbegf39_41_t2549p_ca3_summary_confidences_2.json	1505	3af82b2497e29f5c5517905cd3d82c55c9b2d7de2eecb4478baf8559658f7947	git
structures/alphafold/batch4/fbn1_cbegf39_41_t2549p_ca3/fold_fbn1_cbegf39_41_t2549p_ca3_summary_confidences_3.json	1502	1002755f4561c39d4be90991bf1fa5f3acff022fa2475167bdddf47463543f13	git
structures/alphafold/batch4/fbn1_cbegf39_41_t2549p_ca3/fold_fbn1_cbegf39_41_t2549p_ca3_summary_confidences_4.json	1504	cb3914210681d146c4e740040adae5b12afbe4e233d51d518693091879eb2460	git
structures/alphafold/batch4/fbn1_cbegf39_41_t2549p_ca3/templates/fold_fbn1_cbegf39_41_t2549p_ca3_template_hits_chains_a_query_to_hit.json	4594	74131f38bae758f3753d6b7ace5ab8ca628a7f2dae3d3a8ca83613962e440259	git
structures/alphafold/batch4/fbn1_cbegf3_5_i547t_ca3/fold_fbn1_cbegf3_5_i547t_ca3_job_request.json	426	d124c8ef435334e234cd599a35e6e40d591593ca3da719df3a83fc91cbc3e77e	git
structures/alphafold/batch4/fbn1_cbegf3_5_i547t_ca3/fold_fbn1_cbegf3_5_i547t_ca3_summary_confidences_0.json	1512	7581c266a5c340d7b2ba51eec06924c942c262c188c384edec5bcf0c192ceb12	git
structures/alphafold/batch4/fbn1_cbegf3_5_i547t_ca3/fold_fbn1_cbegf3_5_i547t_ca3_summary_confidences_1.json	1512	cf84f17ee7e733bb04c5d597bab892cbf236e0270f790dbebc0732be1ec5834a	git
structures/alphafold/batch4/fbn1_cbegf3_5_i547t_ca3/fold_fbn1_cbegf3_5_i547t_ca3_summary_confidences_2.json	1512	d99c2f82a7064c45c441a52cf1b46ba957c9b9bbd7cba54aa43fdfc8d4167ca3	git
structures/alphafold/batch4/fbn1_cbegf3_5_i547t_ca3/fold_fbn1_cbegf3_5_i547t_ca3_summary_confidences_3.json	1511	64a5d6f96df56dcca4a589522a9b50a39e271be9e929769d882b5d935baad5c9	git
structures/alphafold/batch4/fbn1_cbegf3_5_i547t_ca3/fold_fbn1_cbegf3_5_i547t_ca3_summary_confidences_4.json	1512	8f0479416be487e4292c9a01ac15ce973ca4f2c16eb7c9e5f398e93c597e0a78	git
structures/alphafold/batch4/fbn1_cbegf3_5_i547t_ca3/templates/fold_fbn1_cbegf3_5_i547t_ca3_template_hits_chains_a_query_to_hit.json	4291	6bd661f6babdf8dbd582f7938bf526d78598006112942682f455d78700738cd0	git
structures/alphafold/batch4/fbn1_cbegf3_5_n548i_ca3/fold_fbn1_cbegf3_5_n548i_ca3_job_request.json	426	5750a16b5a49e6f1587854165a370da802d7daa9491402c5a0675ace85190150	git
structures/alphafold/batch4/fbn1_cbegf3_5_n548i_ca3/fold_fbn1_cbegf3_5_n548i_ca3_summary_confidences_0.json	1512	f46c5e05187fec40cd6572e441025c44160bb2472fd1212ef85013c7d96f7226	git
structures/alphafold/batch4/fbn1_cbegf3_5_n548i_ca3/fold_fbn1_cbegf3_5_n548i_ca3_summary_confidences_1.json	1512	72c865064a410e565fe833a1f807f0c4dbee56978604cc970320f4dcdce93df4	git
structures/alphafold/batch4/fbn1_cbegf3_5_n548i_ca3/fold_fbn1_cbegf3_5_n548i_ca3_summary_confidences_2.json	1512	ec76841c9c4ed6b43c49bfe83c8986b873ccb0ce92e0c6644bdd07b953d0c423	git
structures/alphafold/batch4/fbn1_cbegf3_5_n548i_ca3/fold_fbn1_cbegf3_5_n548i_ca3_summary_confidences_3.json	1511	849fd3ddfbc32f7554792db7b044ee416b9d018a92ed596ca48cf02513d09ae2	git
structures/alphafold/batch4/fbn1_cbegf3_5_n548i_ca3/fold_fbn1_cbegf3_5_n548i_ca3_summary_confidences_4.json	1512	3bd6b309d360d1207c9cffdeed81ae5a2ef9062e29323861c2047274c7c457a7	git
structures/alphafold/batch4/fbn1_cbegf3_5_n548i_ca3/templates/fold_fbn1_cbegf3_5_n548i_ca3_template_hits_chains_a_query_to_hit.json	4292	b9b24192c5087066eb8211040bd963cb455ad8aeea60171bd314fd99de29638e	git
structures/alphafold/batch4/fbn1_cbegf3_5_n589s_ca3/fold_fbn1_cbegf3_5_n589s_ca3_job_request.json	426	387ed7ae326053e7414e49dacaf2c432a2917e3642118177718bdabb54ae04ba	git
structures/alphafold/batch4/fbn1_cbegf3_5_n589s_ca3/fold_fbn1_cbegf3_5_n589s_ca3_summary_confidences_0.json	1511	dcdf64d2a5d5410c05e86cdfc3781251cb81bff1074d113b9e59db7d0f8ff64d	git
structures/alphafold/batch4/fbn1_cbegf3_5_n589s_ca3/fold_fbn1_cbegf3_5_n589s_ca3_summary_confidences_1.json	1512	7c6830ada9ae1fe52004de5465345921d274a1c397e8e3fe75a64a78909b030a	git
structures/alphafold/batch4/fbn1_cbegf3_5_n589s_ca3/fold_fbn1_cbegf3_5_n589s_ca3_summary_confidences_2.json	1512	d563b38e4d2948d5c4d949fd5810ca3034a124c6e57414aa6dc4dcf1d4968f8a	git
structures/alphafold/batch4/fbn1_cbegf3_5_n589s_ca3/fold_fbn1_cbegf3_5_n589s_ca3_summary_confidences_3.json	1511	dcf35a7410eee6ffd68883db00c90bf28aa4592714b9ec1c153e116af7280c5f	git
structures/alphafold/batch4/fbn1_cbegf3_5_n589s_ca3/fold_fbn1_cbegf3_5_n589s_ca3_summary_confidences_4.json	1512	047027ac91ab1660ecab66238c13bd0fe9decde0ef9cef3058f197d2c8d98785	git
structures/alphafold/batch4/fbn1_cbegf3_5_n589s_ca3/templates/fold_fbn1_cbegf3_5_n589s_ca3_template_hits_chains_a_query_to_hit.json	4485	127bd2f26d5aa31be26f0380a9875378527c7c34a306e4bf528f92e3c4e0489a	git
structures/alphafold/batch4/fbn1_cbegf41_43_d2607n_ca3/fold_fbn1_cbegf41_43_d2607n_ca3_job_request.json	427	3dfdf4f94d7c71fa5ce61b67f1d5ade2e45cabd78a8d77b36ad35e32ebcdc763	git
structures/alphafold/batch4/fbn1_cbegf41_43_d2607n_ca3/fold_fbn1_cbegf41_43_d2607n_ca3_summary_confidences_0.json	1498	54e288514c49c79ace8fa3f82423b136abd397062f2073addcfb4ad2e1a758de	git
structures/alphafold/batch4/fbn1_cbegf41_43_d2607n_ca3/fold_fbn1_cbegf41_43_d2607n_ca3_summary_confidences_1.json	1499	376715c3a86c6b4497bfd27d9a895f91c898bc6285fd4e79e6401b1239f6bb19	git
structures/alphafold/batch4/fbn1_cbegf41_43_d2607n_ca3/fold_fbn1_cbegf41_43_d2607n_ca3_summary_confidences_2.json	1499	4adb45587dc90541e7d2688c73de667b605873c54aa23f0cb407fb36c7a3607b	git
structures/alphafold/batch4/fbn1_cbegf41_43_d2607n_ca3/fold_fbn1_cbegf41_43_d2607n_ca3_summary_confidences_3.json	1498	44a6cb3844ceafa2499c97eef14f0d2f3f654152ea41cb5f2b839beea3f4d54f	git
structures/alphafold/batch4/fbn1_cbegf41_43_d2607n_ca3/fold_fbn1_cbegf41_43_d2607n_ca3_summary_confidences_4.json	1492	dbe05f19a5ed25491db2c969381b688dc41ad4956bbcb98505cf4786d7abb545	git
structures/alphafold/batch4/fbn1_cbegf41_43_d2607n_ca3/templates/fold_fbn1_cbegf41_43_d2607n_ca3_template_hits_chains_a_query_to_hit.json	5664	b214709676e07df4cec2e02b3a24ac084a81546d7233f46f927e4a25436af110	git
structures/alphafold/batch4/fbn1_cbegf41_43_n2624s_ca3/fold_fbn1_cbegf41_43_n2624s_ca3_job_request.json	427	9b22a78a5957346b6a2cff4a05f060cfd296f215087a1774228ed3fd263585ca	git
structures/alphafold/batch4/fbn1_cbegf41_43_n2624s_ca3/fold_fbn1_cbegf41_43_n2624s_ca3_summary_confidences_0.json	1499	f604abe297855f4ce3f10d276aa7c6a5942d595218fa89365f51f0098cc6c27b	git
structures/alphafold/batch4/fbn1_cbegf41_43_n2624s_ca3/fold_fbn1_cbegf41_43_n2624s_ca3_summary_confidences_1.json	1498	efbba0e11cbc0d0a295e8701e069de74eee21b3560a1053a2f679f694855447f	git
structures/alphafold/batch4/fbn1_cbegf41_43_n2624s_ca3/fold_fbn1_cbegf41_43_n2624s_ca3_summary_confidences_2.json	1499	768ac033c591fb898e47a6190275db54944a69f69d939b17c16418e19acfd99b	git
structures/alphafold/batch4/fbn1_cbegf41_43_n2624s_ca3/fold_fbn1_cbegf41_43_n2624s_ca3_summary_confidences_3.json	1499	3fcb46dc6d4d0ccb0f2ca2ef296cefe600ec778dc75aedcf3d947a2af9f56021	git
structures/alphafold/batch4/fbn1_cbegf41_43_n2624s_ca3/fold_fbn1_cbegf41_43_n2624s_ca3_summary_confidences_4.json	1499	ff94c910f0ddf3cc15a92de1f96e4a3dcf8765b46aa30d5d157fb23daff75bc4	git
structures/alphafold/batch4/fbn1_cbegf41_43_n2624s_ca3/templates/fold_fbn1_cbegf41_43_n2624s_ca3_template_hits_chains_a_query_to_hit.json	5665	dba8686a9811aca1053fb81891e9f2d60242bfdbd7979ce1b5e6664415fc666d	git
structures/alphafold/batch4/fbn1_cbegf5_7_d613n_ca3/fold_fbn1_cbegf5_7_d613n_ca3_job_request.json	496	e783346323caec86620d6a092194bb0d7a454571ff7767fc6e0ab9a3e380e0f9	git
structures/alphafold/batch4/fbn1_cbegf5_7_d613n_ca3/fold_fbn1_cbegf5_7_d613n_ca3_summary_confidences_0.json	2002	ad837e07b01fc1f07ca5f6699e363b207eb522cbf86f412d0b52e099416c3745	git
structures/alphafold/batch4/fbn1_cbegf5_7_d613n_ca3/fold_fbn1_cbegf5_7_d613n_ca3_summary_confidences_1.json	2003	fcd1445fc33fee42e01647b61aec146b0e829301428faa2948d165339096feb6	git
structures/alphafold/batch4/fbn1_cbegf5_7_d613n_ca3/fold_fbn1_cbegf5_7_d613n_ca3_summary_confidences_2.json	2001	9b5812bd1545baf06ca996b1aec35c59fb1e6f59188f3f8e9bb15a2d07163b6d	git
structures/alphafold/batch4/fbn1_cbegf5_7_d613n_ca3/fold_fbn1_cbegf5_7_d613n_ca3_summary_confidences_3.json	2001	55b2e76c4b4623292c30c29b79e516c8580077a745c158022ef78ad1d7425c48	git
structures/alphafold/batch4/fbn1_cbegf5_7_d613n_ca3/fold_fbn1_cbegf5_7_d613n_ca3_summary_confidences_4.json	1999	8f0544a838fa8ff407e5b68c5ac578d6ee6e29f503bf1ba331e6e6ddc9fad134	git
structures/alphafold/batch4/fbn1_cbegf5_7_d613n_ca3/templates/fold_fbn1_cbegf5_7_d613n_ca3_template_hits_chains_a_query_to_hit.json	5055	23e4bd317ff1ea9fc5c71297fde21b631edf1a61daf70b16abf7a4b1077a9748	git
structures/alphafold/batch4/fbn1_cbegf5_7_d723a_ca3/fold_fbn1_cbegf5_7_d723a_ca3_job_request.json	496	ede5f9120957fb9ab71c4e0990458335cc8874e03d21552b0af1acbc1bbd2833	git
structures/alphafold/batch4/fbn1_cbegf5_7_d723a_ca3/fold_fbn1_cbegf5_7_d723a_ca3_summary_confidences_0.json	2002	b4128c10445a3b0dc51502b6d711804238be26f205c3a27ac4b4ad014cd317de	git
structures/alphafold/batch4/fbn1_cbegf5_7_d723a_ca3/fold_fbn1_cbegf5_7_d723a_ca3_summary_confidences_1.json	2002	659667e2516e76c10f78a42d7030612615288d1a098900f2cb26140a0a8f3430	git
structures/alphafold/batch4/fbn1_cbegf5_7_d723a_ca3/fold_fbn1_cbegf5_7_d723a_ca3_summary_confidences_2.json	2002	78ec79f2337718d58b6b1b602fb2e624e7b91b39105d5f925b4e6db6a336d86d	git
structures/alphafold/batch4/fbn1_cbegf5_7_d723a_ca3/fold_fbn1_cbegf5_7_d723a_ca3_summary_confidences_3.json	2002	7484ffe6ec28ab7b60b9c2bed918149bcef68be85eba2a70c8cc4ce1aaca22bc	git
structures/alphafold/batch4/fbn1_cbegf5_7_d723a_ca3/fold_fbn1_cbegf5_7_d723a_ca3_summary_confidences_4.json	2000	fb86e323834403a8dd0a081db208a7465123c922595a7b628808b5c220277941	git
structures/alphafold/batch4/fbn1_cbegf5_7_d723a_ca3/templates/fold_fbn1_cbegf5_7_d723a_ca3_template_hits_chains_a_query_to_hit.json	4291	11c386be89dc0ce7d772f47e8e9a5197b531da56c873b07d1e819ae5aaad5bae	git
structures/alphafold/batch4/fbn1_cbegf5_7_d723g_ca3/fold_fbn1_cbegf5_7_d723g_ca3_job_request.json	497	72d1339e527091ad2e8c065e8d04385708a0f256027f4b51fe0926363062f8c6	git
structures/alphafold/batch4/fbn1_cbegf5_7_d723g_ca3/fold_fbn1_cbegf5_7_d723g_ca3_summary_confidences_0.json	2002	c0de35d5b321662c8f579d35deb91ab1f4858b8844404ab22aadb65d99285dea	git
structures/alphafold/batch4/fbn1_cbegf5_7_d723g_ca3/fold_fbn1_cbegf5_7_d723g_ca3_summary_confidences_1.json	2002	915972d9fa8cebf8c89e785b947fa057ea843374c02b6dce2bf6022608d8c0d4	git
structures/alphafold/batch4/fbn1_cbegf5_7_d723g_ca3/fold_fbn1_cbegf5_7_d723g_ca3_summary_confidences_2.json	2002	4f027ec035ceb28b01cf4bdb037a4a7a87e207f215e763a0eeb1b592c7a4bee6	git
structures/alphafold/batch4/fbn1_cbegf5_7_d723g_ca3/fold_fbn1_cbegf5_7_d723g_ca3_summary_confidences_3.json	2002	41c5879b0a2dcf58ea987e21dc6b3eb2e3580cfd6568edfe593b99476013fa83	git
structures/alphafold/batch4/fbn1_cbegf5_7_d723g_ca3/fold_fbn1_cbegf5_7_d723g_ca3_summary_confidences_4.json	2000	c2456889ed1997899f110a7c2153171852b6b69b4c0556ac8b07fcd767600cae	git
structures/alphafold/batch4/fbn1_cbegf5_7_d723g_ca3/templates/fold_fbn1_cbegf5_7_d723g_ca3_template_hits_chains_a_query_to_hit.json	4900	6822e1c8e6728d52ff0aa65803130e415b605a03f537d1a49901894b627b36c9	git
structures/alphafold/batch4/fbn1_cbegf5_7_e638k_ca3/fold_fbn1_cbegf5_7_e638k_ca3_job_request.json	497	7e7c36f03a7318969ddf1ebddbff772100429676bb20c88e0767ff8468a3f2d5	git
structures/alphafold/batch4/fbn1_cbegf5_7_e638k_ca3/fold_fbn1_cbegf5_7_e638k_ca3_summary_confidences_0.json	2002	4db4f34e30b0b0bc6deec93466f04e6256ac13ac23f8d176d589de6637557c33	git
structures/alphafold/batch4/fbn1_cbegf5_7_e638k_ca3/fold_fbn1_cbegf5_7_e638k_ca3_summary_confidences_1.json	2001	e0f76b3eac78e8fa34a1b1d80773cd74620617d7f06fc73fb11c784a5e52c900	git
structures/alphafold/batch4/fbn1_cbegf5_7_e638k_ca3/fold_fbn1_cbegf5_7_e638k_ca3_summary_confidences_2.json	2002	e3b6401fb7f848ecb72c2dd5cc8d46683e1953961afd4b2f3e8454cdb8366507	git
structures/alphafold/batch4/fbn1_cbegf5_7_e638k_ca3/fold_fbn1_cbegf5_7_e638k_ca3_summary_confidences_3.json	2001	5ad737ad556d7684bb3347ec5de756fcd84856a4a5d9d061641ab0caaf021431	git
structures/alphafold/batch4/fbn1_cbegf5_7_e638k_ca3/fold_fbn1_cbegf5_7_e638k_ca3_summary_confidences_4.json	1999	b7785f48d05a4c2e6dbfe6b1ce4b485ac6d9ece53631468fc4c1253134e3708d	git
structures/alphafold/batch4/fbn1_cbegf5_7_e638k_ca3/templates/fold_fbn1_cbegf5_7_e638k_ca3_template_hits_chains_a_query_to_hit.json	4911	05667b6c272a16ce8802f8a29b68975d68d2dd2817eb020098a8f7356fe3c3d8	git
structures/alphafold/batch4/fbn1_cbegf5_7_e726g_ca3/fold_fbn1_cbegf5_7_e726g_ca3_job_request.json	497	c246cecd0ed7b7e5d34c2617f3d0bd38d1e92e8a3ba5b39c14051e54f9666540	git
structures/alphafold/batch4/fbn1_cbegf5_7_e726g_ca3/fold_fbn1_cbegf5_7_e726g_ca3_summary_confidences_0.json	2002	80278c2e055338317bde63f73713b958e459ee17f490c1bf07a5a2f5f9a46086	git
structures/alphafold/batch4/fbn1_cbegf5_7_e726g_ca3/fold_fbn1_cbegf5_7_e726g_ca3_summary_confidences_1.json	2002	07605cb4bebf281b175200c0d1c58758e20f0b41a228d66d4ca98cb66cb10242	git
structures/alphafold/batch4/fbn1_cbegf5_7_e726g_ca3/fold_fbn1_cbegf5_7_e726g_ca3_summary_confidences_2.json	2002	74d1fb9d45e33d77fe9a80865ee0d1b9faff59a9d45585c9139f774700fbaf9a	git
structures/alphafold/batch4/fbn1_cbegf5_7_e726g_ca3/fold_fbn1_cbegf5_7_e726g_ca3_summary_confidences_3.json	2001	9ae79a0f9c6ded981f21706db3db85201ab8cd661305d5725ff43123e1f87419	git
structures/alphafold/batch4/fbn1_cbegf5_7_e726g_ca3/fold_fbn1_cbegf5_7_e726g_ca3_summary_confidences_4.json	2000	5d64c1ca50d4003d13d53b49bd12c812f16d5df9a01cff8ac876cff0809ed741	git
structures/alphafold/batch4/fbn1_cbegf5_7_e726g_ca3/templates/fold_fbn1_cbegf5_7_e726g_ca3_template_hits_chains_a_query_to_hit.json	4207	48efd7e2127a5aca2018159d2b6f01fe5cac5c1eed3d9ab7bbb40f536ab50d17	git
structures/alphafold/batch4/fbn1_cbegf5_7_n741k_ca3/fold_fbn1_cbegf5_7_n741k_ca3_job_request.json	497	838c933fce049b4cfdd02e926fe10ff9b7b42cf1c362d02271d250f6f14dd2bc	git
structures/alphafold/batch4/fbn1_cbegf5_7_n741k_ca3/fold_fbn1_cbegf5_7_n741k_ca3_summary_confidences_0.json	2002	06ee2fad20c18091d9985170d72f5013457491701dc3e6a673707711c0630bd0	git
structures/alphafold/batch4/fbn1_cbegf5_7_n741k_ca3/fold_fbn1_cbegf5_7_n741k_ca3_summary_confidences_1.json	2001	4d07d2373b732deebb74130661c547ea3682a0f1df387f8352496a2eafcb9986	git
structures/alphafold/batch4/fbn1_cbegf5_7_n741k_ca3/fold_fbn1_cbegf5_7_n741k_ca3_summary_confidences_2.json	2002	69630140f3f64b20311e6bde02bd879efef25b6052e209b2ce0c2acc8e17a41f	git
structures/alphafold/batch4/fbn1_cbegf5_7_n741k_ca3/fold_fbn1_cbegf5_7_n741k_ca3_summary_confidences_3.json	2002	592c1c15dc00693ba60984aa131ef7f654190c1a3a2567e9bf567be3d54d5701	git
structures/alphafold/batch4/fbn1_cbegf5_7_n741k_ca3/fold_fbn1_cbegf5_7_n741k_ca3_summary_confidences_4.json	2001	9e43aa299224ce00d1e4e1d93f1d271051c36d92012fbb215cd5ec8384e559c0	git
structures/alphafold/batch4/fbn1_cbegf5_7_n741k_ca3/templates/fold_fbn1_cbegf5_7_n741k_ca3_template_hits_chains_a_query_to_hit.json	4196	5f5a62a36b2e3ca0dc225fade064f7e3c113c28a1b73ee87f8db99438588c8ac	git
structures/alphafold/batch4/fbn1_cbegf9_11_d1028g_ca3/fold_fbn1_cbegf9_11_d1028g_ca3_job_request.json	569	c0560cbb939847c060906b599cdf7f9b03a62117eaea7db6eba3064a072ca645	git
structures/alphafold/batch4/fbn1_cbegf9_11_d1028g_ca3/fold_fbn1_cbegf9_11_d1028g_ca3_summary_confidences_0.json	2492	94412675e5a65322d0b69ed689cc391de31cc0916996539ebf421a3e1d373da6	git
structures/alphafold/batch4/fbn1_cbegf9_11_d1028g_ca3/fold_fbn1_cbegf9_11_d1028g_ca3_summary_confidences_1.json	2491	d65545d78999397aaaae12ec74d8bf74eba442944cf4c7749e6b5139e3e5b458	git
structures/alphafold/batch4/fbn1_cbegf9_11_d1028g_ca3/fold_fbn1_cbegf9_11_d1028g_ca3_summary_confidences_2.json	2491	262be781e6bad01d9c9e61c4fab673c9cbaaf4bae5e24b8d41bc3bbd124cb82b	git
structures/alphafold/batch4/fbn1_cbegf9_11_d1028g_ca3/fold_fbn1_cbegf9_11_d1028g_ca3_summary_confidences_3.json	2491	5d57b6f5b551bffde17d2629a68f1c5ef982902c35f74b49a169bd03e6702db2	git
structures/alphafold/batch4/fbn1_cbegf9_11_d1028g_ca3/fold_fbn1_cbegf9_11_d1028g_ca3_summary_confidences_4.json	2489	aaf74c14ee832ecc2a24418db97981450a96276862d381811125297b4f32b5cd	git
structures/alphafold/batch4/fbn1_cbegf9_11_d1028g_ca3/templates/fold_fbn1_cbegf9_11_d1028g_ca3_template_hits_chains_a_query_to_hit.json	6512	60cfb453614b6cc2c93fe3a68fcf886bae0386c8c998211b73dd565c2b14a845	git
structures/alphafold/batch4/fbn1_cbegf9_11_n1046s_ca3/fold_fbn1_cbegf9_11_n1046s_ca3_job_request.json	569	7b1681b80a290480d4df40ffb5c23af42292885e64e10e2c05b713f1ce9ba87a	git
structures/alphafold/batch4/fbn1_cbegf9_11_n1046s_ca3/fold_fbn1_cbegf9_11_n1046s_ca3_summary_confidences_0.json	2490	ae4c8a12585ee62e9cb2b7b288f3370acd3c71a74c908eed6cda3637a90c51c6	git
structures/alphafold/batch4/fbn1_cbegf9_11_n1046s_ca3/fold_fbn1_cbegf9_11_n1046s_ca3_summary_confidences_1.json	2492	679656c6be7bb24d5d47efd94b5899450bbe550a324eef873568a973f9ee2896	git
structures/alphafold/batch4/fbn1_cbegf9_11_n1046s_ca3/fold_fbn1_cbegf9_11_n1046s_ca3_summary_confidences_2.json	2492	9ce56b912e122dc33bef718839469bffcc9b036f09b0f9ce785623d61e01f7cd	git
structures/alphafold/batch4/fbn1_cbegf9_11_n1046s_ca3/fold_fbn1_cbegf9_11_n1046s_ca3_summary_confidences_3.json	2491	b7d532656722ff5b6e98e5964440df496d85a820b7f6e845613a2a394be7ac2d	git
structures/alphafold/batch4/fbn1_cbegf9_11_n1046s_ca3/fold_fbn1_cbegf9_11_n1046s_ca3_summary_confidences_4.json	2491	b5679870b7b21eec3847c2948ff8ba2b2f9979c881d55c8e5c58496a24e6634c	git
structures/alphafold/batch4/fbn1_cbegf9_11_n1046s_ca3/templates/fold_fbn1_cbegf9_11_n1046s_ca3_template_hits_chains_a_query_to_hit.json	6512	8d20f7136acf3ed7cc5a433d998f7e0b2bcb142b58c86118d51805fb1133055d	git
structures/alphafold/batch4/fbn1_cbegf9_11_n867k_ca3/fold_fbn1_cbegf9_11_n867k_ca3_job_request.json	568	07d5d51306040fcbf2b59a0798e71b0955645f90b8e65e25cd773e88b45a0ed2	git
structures/alphafold/batch4/fbn1_cbegf9_11_n867k_ca3/fold_fbn1_cbegf9_11_n867k_ca3_summary_confidences_0.json	2492	50f44a99e463df1577b9465595ee8fcd6d7ede81cc011479d5c99bb816b656ac	git
structures/alphafold/batch4/fbn1_cbegf9_11_n867k_ca3/fold_fbn1_cbegf9_11_n867k_ca3_summary_confidences_1.json	2492	be3ea8bc2e247a0776ba9606fdbfe0049aaa182906d7fba4743302def1879ae3	git
structures/alphafold/batch4/fbn1_cbegf9_11_n867k_ca3/fold_fbn1_cbegf9_11_n867k_ca3_summary_confidences_2.json	2492	6c18d0dfb1c3c71d194a3d0703cd9598519f3376c68a0945367fcb1b2dca61eb	git
structures/alphafold/batch4/fbn1_cbegf9_11_n867k_ca3/fold_fbn1_cbegf9_11_n867k_ca3_summary_confidences_3.json	2492	034258495c825a5e8f3a9645b5dd04c561e8c1477d38f1a19b2af51fcec0d01d	git
structures/alphafold/batch4/fbn1_cbegf9_11_n867k_ca3/fold_fbn1_cbegf9_11_n867k_ca3_summary_confidences_4.json	2492	291f25f3652a6d828526c51f5dcad7b766c3a07e0abd858742a33ba9f1cf05c9	git
structures/alphafold/batch4/fbn1_cbegf9_11_n867k_ca3/templates/fold_fbn1_cbegf9_11_n867k_ca3_template_hits_chains_a_query_to_hit.json	6508	9a8b38604499ebb6ab4a2f052b24b0843cdc71199a01a7a26f15bf4bfa5f42f3	git
structures/alphafold/batch4/terms_of_use.md	7458	1ae90834413742f5185041af2e1bc7982321e2938b3b0c5367e00edd34c61df4	git
structures/alphafold/fbn1_cbegf11_13_ca3/fold_fbn1_cbegf11_13_ca3_job_request.json	427	c6615a9f1ee5805de5a768da3810b2a9a6bda533db3c861d169f8ed67f9288d5	git
structures/alphafold/fbn1_cbegf11_13_ca3/fold_fbn1_cbegf11_13_ca3_summary_confidences_0.json	1540	cd979e2317544e749a489fd25420ee9a638d0933211cbfb71c7ea0647dd43084	git
structures/alphafold/fbn1_cbegf11_13_ca3/fold_fbn1_cbegf11_13_ca3_summary_confidences_1.json	1540	3c79d857fc0802337f1672849166800d3a26d02c948f11f6ccb8ef019f5eee07	git
structures/alphafold/fbn1_cbegf11_13_ca3/fold_fbn1_cbegf11_13_ca3_summary_confidences_2.json	1540	5d55818a03ca6addabe60d062e129f480546a8617c8ef93510250224945536bc	git
structures/alphafold/fbn1_cbegf11_13_ca3/fold_fbn1_cbegf11_13_ca3_summary_confidences_3.json	1540	c6e54d3ae96af4e101f0d247aa7192bd8b7652ee139d1f5a31e5e7c905f1ed8f	git
structures/alphafold/fbn1_cbegf11_13_ca3/fold_fbn1_cbegf11_13_ca3_summary_confidences_4.json	1540	f9a8ec1f9607d5ad89f4c6025f593ed833750c616983dc1734b4129fd73b93a6	git
structures/alphafold/fbn1_cbegf11_13_ca3/templates/fold_fbn1_cbegf11_13_ca3_template_hits_chains_a_query_to_hit.json	6010	af7078473591d643d24bed17f7157265acfb5e681f201a5c41c527c91a2afab4	git
structures/alphafold/fbn1_cbegf12_13_c1138f_ca2/fold_fbn1_cbegf12_13_c1138f_ca2_job_request.json	392	44a873f783cb50314f9d86f9d213cc57159aa621308ca2141a79d3024d4c76a7	git
structures/alphafold/fbn1_cbegf12_13_c1138f_ca2/fold_fbn1_cbegf12_13_c1138f_ca2_summary_confidences_0.json	1086	9987c2f5fdb1200b103b909eff1c2102fa7cd64bd7f558bc4078e4edeefdb2da	git
structures/alphafold/fbn1_cbegf12_13_c1138f_ca2/fold_fbn1_cbegf12_13_c1138f_ca2_summary_confidences_1.json	1087	b109bb02725a37297630ec539d37fff60e3e4a0fc5afe3cb9653beada5b1b86d	git
structures/alphafold/fbn1_cbegf12_13_c1138f_ca2/fold_fbn1_cbegf12_13_c1138f_ca2_summary_confidences_2.json	1085	cd1b8d505b86f4a8183f33035f6bf2281cdc10e2e3cfb4588179a4dbe1946638	git
structures/alphafold/fbn1_cbegf12_13_c1138f_ca2/fold_fbn1_cbegf12_13_c1138f_ca2_summary_confidences_3.json	1088	37438588b3edc96e5bcfd035523946dcb933e06a438b03aca0a516c9c4579944	git
structures/alphafold/fbn1_cbegf12_13_c1138f_ca2/fold_fbn1_cbegf12_13_c1138f_ca2_summary_confidences_4.json	1087	5ea130acf10472134dcd6836d66f29fadac60090e49f8b20476de39813f2094c	git
structures/alphafold/fbn1_cbegf12_13_c1138f_ca2/templates/fold_fbn1_cbegf12_13_c1138f_ca2_template_hits_chains_a_query_to_hit.json	3834	d7c4cd894fe2b180a73c401e7b77fada3772c748d1c1e69a3cc0c0bf616da625	git
structures/alphafold/fbn1_cbegf12_13_d1113g_ca2/fold_fbn1_cbegf12_13_d1113g_ca2_job_request.json	393	b07ac04c7e08443d8266a0609636ac5cab4fd92e41a495e0fdf69fa0c8b98a9a	git
structures/alphafold/fbn1_cbegf12_13_d1113g_ca2/fold_fbn1_cbegf12_13_d1113g_ca2_summary_confidences_0.json	1086	19c2db9cda8ac2369c56f0a2d1d6a56f484f34530c180494af5fdf5b7bd4afca	git
structures/alphafold/fbn1_cbegf12_13_d1113g_ca2/fold_fbn1_cbegf12_13_d1113g_ca2_summary_confidences_1.json	1088	b9f78632a3251518f5e60e57b997dde4ea36ac61a89bfa84b8d7fe1beb54e435	git
structures/alphafold/fbn1_cbegf12_13_d1113g_ca2/fold_fbn1_cbegf12_13_d1113g_ca2_summary_confidences_2.json	1085	06ff1ead46714602d8afb48bd3de866e0eb5dd0fe544678e7bbbc48157558280	git
structures/alphafold/fbn1_cbegf12_13_d1113g_ca2/fold_fbn1_cbegf12_13_d1113g_ca2_summary_confidences_3.json	1088	4472da463947fbda3c3944b8e2dc47a7706b8f48d451f567c12c6878791dab65	git
structures/alphafold/fbn1_cbegf12_13_d1113g_ca2/fold_fbn1_cbegf12_13_d1113g_ca2_summary_confidences_4.json	1088	1aca2454963f1a8ae0cf0b27ed4428804721f62d268fe206b46e700306858626	git
structures/alphafold/fbn1_cbegf12_13_d1113g_ca2/templates/fold_fbn1_cbegf12_13_d1113g_ca2_template_hits_chains_a_query_to_hit.json	3799	ac8bacb3439ec8c7e99e14d5bfc54c5c3d1d01ce59399e4b296258fab92fd758	git
structures/alphafold/fbn1_cbegf12_13_e1073k_ca2/fold_fbn1_cbegf12_13_e1073k_ca2_job_request.json	393	069822a05bd678a1cc5d05a3ba36c948e63d12e4b742620599d0e3f6b5814e71	git
structures/alphafold/fbn1_cbegf12_13_e1073k_ca2/fold_fbn1_cbegf12_13_e1073k_ca2_summary_confidences_0.json	1088	e8bcbfa4d8a44cda4436f036fd3f565f7d41707a6c2eaf6857f1b7faaed1e970	git
structures/alphafold/fbn1_cbegf12_13_e1073k_ca2/fold_fbn1_cbegf12_13_e1073k_ca2_summary_confidences_1.json	1088	5a337c1edb26464856e19d8182ff798b330a19c48a6db552ce057a41ea034dba	git
structures/alphafold/fbn1_cbegf12_13_e1073k_ca2/fold_fbn1_cbegf12_13_e1073k_ca2_summary_confidences_2.json	1088	f37ecee0d37f6bccb852fdf2941d4f3b0f4e88c5f4efc24e5f7c9629798c45d7	git
structures/alphafold/fbn1_cbegf12_13_e1073k_ca2/fold_fbn1_cbegf12_13_e1073k_ca2_summary_confidences_3.json	1087	2ae8a29b4068dca2a5c5f4ecd296f3a7426d84b97aebf358b9f17fadb24a35cc	git
structures/alphafold/fbn1_cbegf12_13_e1073k_ca2/fold_fbn1_cbegf12_13_e1073k_ca2_summary_confidences_4.json	1085	3e7fbc52eac39fa1d6fd8501061616de5159680a0131099df43f359aed20c2db	git
structures/alphafold/fbn1_cbegf12_13_e1073k_ca2/templates/fold_fbn1_cbegf12_13_e1073k_ca2_template_hits_chains_a_query_to_hit.json	3717	22821c809d35a0b2d8d4e6ffffc37ac3335b050ef0bba5fd958153f037360f47	git
structures/alphafold/fbn1_cbegf12_13_p1141l_ca2/fold_fbn1_cbegf12_13_p1141l_ca2_job_request.json	392	b933d2c30bfc76ab79de087b897ea0acbb504dfaa862ec047a881a34d47de709	git
structures/alphafold/fbn1_cbegf12_13_p1141l_ca2/fold_fbn1_cbegf12_13_p1141l_ca2_summary_confidences_0.json	1088	a6b71a519b2e44563d8ba2bf1c34d9741414cb2fcc210ecacc9f68d2373f3afe	git
structures/alphafold/fbn1_cbegf12_13_p1141l_ca2/fold_fbn1_cbegf12_13_p1141l_ca2_summary_confidences_1.json	1088	8b9351b52a6ee8bfca7d53f5aefd9ecb2fe30d7687c3f60732b3dc8e230c2238	git
structures/alphafold/fbn1_cbegf12_13_p1141l_ca2/fold_fbn1_cbegf12_13_p1141l_ca2_summary_confidences_2.json	1089	78fbc26552580d59ee05969f6707d83b63ce0fa40627fae54e2f1231a22dbd72	git
structures/alphafold/fbn1_cbegf12_13_p1141l_ca2/fold_fbn1_cbegf12_13_p1141l_ca2_summary_confidences_3.json	1088	03894f8e9774517b8bd4aba75bd8669815113c298f6bae2fb3d3b97a21ac091c	git
structures/alphafold/fbn1_cbegf12_13_p1141l_ca2/fold_fbn1_cbegf12_13_p1141l_ca2_summary_confidences_4.json	1088	73a35d7d0342cf913bd398d7b5d0bd77c26aaffc699a12600c5a147cfce3215e	git
structures/alphafold/fbn1_cbegf12_13_p1141l_ca2/templates/fold_fbn1_cbegf12_13_p1141l_ca2_template_hits_chains_a_query_to_hit.json	3707	96eefc04697d3001bd0e4bade0b17d859c5f099e53e336872b4a25a00644fbba	git
structures/alphafold/fbn1_cbegf13_15_ca3/fold_fbn1_cbegf13_15_ca3_job_request.json	424	b99c6c823363d10144ede27e155bb28e15dbd38f0a01fb16e7913819a49bfb31	git
structures/alphafold/fbn1_cbegf13_15_ca3/fold_fbn1_cbegf13_15_ca3_summary_confidences_0.json	1526	543c0d2b999a69fcb3380177e2a344fef5dcec3438512d448c3d2e71de8f63cb	git
structures/alphafold/fbn1_cbegf13_15_ca3/fold_fbn1_cbegf13_15_ca3_summary_confidences_1.json	1526	fdd2b938d8dba3abcf709d88288c32b02bf2cbccefa4c205b366a84b85bfe670	git
structures/alphafold/fbn1_cbegf13_15_ca3/fold_fbn1_cbegf13_15_ca3_summary_confidences_2.json	1526	7e9429e692f5c77b26fa030518a58aafb85ccca83985a90d9b25c0998741baca	git
structures/alphafold/fbn1_cbegf13_15_ca3/fold_fbn1_cbegf13_15_ca3_summary_confidences_3.json	1526	daf479f7df9bd913bf0fc7ddeddad1ab7baf98ecd175c9fcfbffbaf65d9b9bee	git
structures/alphafold/fbn1_cbegf13_15_ca3/fold_fbn1_cbegf13_15_ca3_summary_confidences_4.json	1526	9680a2d2e645258c8089fb78ec60c5a8528343a58b5fc746f5438e266d0e691e	git
structures/alphafold/fbn1_cbegf13_15_ca3/templates/fold_fbn1_cbegf13_15_ca3_template_hits_chains_a_query_to_hit.json	5054	9567990062d1b185213f198c62f2bdb373a76efc94cd46a8c9885f2cbacd9044	git
structures/alphafold/fbn1_cbegf15_17_ca3/fold_fbn1_cbegf15_17_ca3_job_request.json	425	b5957b63dca6b5e1db5dc775c65df8fb98712b6b2aa78f3331f16fdc72e01db9	git
structures/alphafold/fbn1_cbegf15_17_ca3/fold_fbn1_cbegf15_17_ca3_summary_confidences_0.json	1524	1c463fd0745f7a7527a49a3fa2d9b1e422edf2a143ed8740b4a29576239a7618	git
structures/alphafold/fbn1_cbegf15_17_ca3/fold_fbn1_cbegf15_17_ca3_summary_confidences_1.json	1526	6dd2bd19c496db09c84151f04c9137f3cda17508a52753c66bb4ce4b2aa91d3f	git
structures/alphafold/fbn1_cbegf15_17_ca3/fold_fbn1_cbegf15_17_ca3_summary_confidences_2.json	1525	759f175a150b8e77a64af56317b1972b02ecaec4dda0f02882bbf15598760dcd	git
structures/alphafold/fbn1_cbegf15_17_ca3/fold_fbn1_cbegf15_17_ca3_summary_confidences_3.json	1527	62800a402afe7037d0224f8e0d066052f15bf06b7eebff6124f3259673991110	git
structures/alphafold/fbn1_cbegf15_17_ca3/fold_fbn1_cbegf15_17_ca3_summary_confidences_4.json	1527	a603d7de33ad63ebc239b7542b707dde1e3e9e542f679246432f01819fae116f	git
structures/alphafold/fbn1_cbegf15_17_ca3/templates/fold_fbn1_cbegf15_17_ca3_template_hits_chains_a_query_to_hit.json	5703	98f8dc879271b4070cc7507b3292b4ee8cc1d415d25b747fc80fedf05db9dc17	git
structures/alphafold/fbn1_cbegf17_19_ca3/fold_fbn1_cbegf17_19_ca3_job_request.json	423	8881c9612ab61a4725659d504d05c456d2cdd415f22293ac6026dcf325026544	git
structures/alphafold/fbn1_cbegf17_19_ca3/fold_fbn1_cbegf17_19_ca3_summary_confidences_0.json	1518	89146f94c4209266546facbf542672ac93bab991b7df4ec46b53a75bdd60c464	git
structures/alphafold/fbn1_cbegf17_19_ca3/fold_fbn1_cbegf17_19_ca3_summary_confidences_1.json	1517	c653e4c998038cf700674633bba690d9378816c19f119406e2bfbf97e0c03e39	git
structures/alphafold/fbn1_cbegf17_19_ca3/fold_fbn1_cbegf17_19_ca3_summary_confidences_2.json	1518	1452e6224727f8f6a1f82f0c1703eed23dca5b117fb3e38be566a4386634ccde	git
structures/alphafold/fbn1_cbegf17_19_ca3/fold_fbn1_cbegf17_19_ca3_summary_confidences_3.json	1519	79874fae7025d18cdf027c8f13ff05af102d8333e944e6cfecb13c7dd6683b52	git
structures/alphafold/fbn1_cbegf17_19_ca3/fold_fbn1_cbegf17_19_ca3_summary_confidences_4.json	1519	47606682887b6358fc1f2bce70ecebedcd8a44eac308d4039586de8decb331e1	git
structures/alphafold/fbn1_cbegf17_19_ca3/templates/fold_fbn1_cbegf17_19_ca3_template_hits_chains_a_query_to_hit.json	5114	50f3d18abb6a923ccaad1cf478dfd98a623afa0dedfb35f5f6c8af44ad57a7c5	git
structures/alphafold/fbn1_cbegf19_21_ca3/fold_fbn1_cbegf19_21_ca3_job_request.json	424	a1b38ec50ca235f622fe7e34a887a0812ccc7c85b31a645eb6db39050e0cd8fa	git
structures/alphafold/fbn1_cbegf19_21_ca3/fold_fbn1_cbegf19_21_ca3_summary_confidences_0.json	1519	efc3e6d69a2c301762069a882a630332937120bc1f8efe091d217c14a18e9770	git
structures/alphafold/fbn1_cbegf19_21_ca3/fold_fbn1_cbegf19_21_ca3_summary_confidences_1.json	1519	689ac74018833428391cdcdac42152ec2653bf4193695475bdb04938d3a977b5	git
structures/alphafold/fbn1_cbegf19_21_ca3/fold_fbn1_cbegf19_21_ca3_summary_confidences_2.json	1519	bba765546bcc65c205ab80e1ae134bbc16a3154a70f57220c3c8a8dc33a81b09	git
structures/alphafold/fbn1_cbegf19_21_ca3/fold_fbn1_cbegf19_21_ca3_summary_confidences_3.json	1518	c9f95eb4c9446097447c4b17e709b0efe404f651bf53443cc41fa61a38ac8e9e	git
structures/alphafold/fbn1_cbegf19_21_ca3/fold_fbn1_cbegf19_21_ca3_summary_confidences_4.json	1518	dd74607330807c614931c0590bb6b0e19c1a01dfa567a83c626546ed41f05761	git
structures/alphafold/fbn1_cbegf19_21_ca3/templates/fold_fbn1_cbegf19_21_ca3_template_hits_chains_a_query_to_hit.json	4306	8038c77a47b028809b335e42a1755e89d2abcc8f1c5e6adf45fe814823174bf7	git
structures/alphafold/fbn1_cbegf1_3_ca3/fold_fbn1_cbegf1_3_ca3_job_request.json	582	1568897a915bef2a791017706cd3a605f745a16ed83c9f33c15dd7102c7fee35	git
structures/alphafold/fbn1_cbegf1_3_ca3/fold_fbn1_cbegf1_3_ca3_summary_confidences_0.json	2639	7303fb5c00e8466c227e10c49af1fa957d229474f394de34a1494ce3303501ad	git
structures/alphafold/fbn1_cbegf1_3_ca3/fold_fbn1_cbegf1_3_ca3_summary_confidences_1.json	2640	399530a8394b0db76208e3450845169ecc2a34fc361d94549dc612ab3cecb1ae	git
structures/alphafold/fbn1_cbegf1_3_ca3/fold_fbn1_cbegf1_3_ca3_summary_confidences_2.json	2639	5f5bc5a5813dbbed9c75a4ac83651c7e3936bb0de4e7392e18869722acce4162	git
structures/alphafold/fbn1_cbegf1_3_ca3/fold_fbn1_cbegf1_3_ca3_summary_confidences_3.json	2639	4b436e1ae3ebb56bd569680526e93cedf03f6d1abc11657ea0157bb006d358b6	git
structures/alphafold/fbn1_cbegf1_3_ca3/fold_fbn1_cbegf1_3_ca3_summary_confidences_4.json	2639	2656160823a06832ab6377236a1df6db1565c656f07d079be73c8a576b676f8c	git
structures/alphafold/fbn1_cbegf1_3_ca3/templates/fold_fbn1_cbegf1_3_ca3_template_hits_chains_a_query_to_hit.json	4068	b25fb353450162083e513b58b761f84f56e53528fa202749d9c66257e699c5be	git
structures/alphafold/fbn1_cbegf21_23_ca3/fold_fbn1_cbegf21_23_ca3_job_request.json	501	c845c4169a7871bdef674ae22554a425c3db780ff3a8111cd5fe9b608a1b12e6	git
structures/alphafold/fbn1_cbegf21_23_ca3/fold_fbn1_cbegf21_23_ca3_summary_confidences_0.json	2064	0b7d0c3e2ecf51f5740ebfd2a68dfe6bd836f4d4fa75ffe7edf8434593b60123	git
structures/alphafold/fbn1_cbegf21_23_ca3/fold_fbn1_cbegf21_23_ca3_summary_confidences_1.json	2063	6a4c10e115717e05f87c1359b3daf61e7615ead0538b704cbed9190083bdde59	git
structures/alphafold/fbn1_cbegf21_23_ca3/fold_fbn1_cbegf21_23_ca3_summary_confidences_2.json	2064	1c7c779df9e0367f23dadecfc385276be583735ec46a768fe023e93354c36c74	git
structures/alphafold/fbn1_cbegf21_23_ca3/fold_fbn1_cbegf21_23_ca3_summary_confidences_3.json	2064	8138f4452c27b936d0ab594b251766b4bd1d0a016fefd44c2dd7a708c35dce53	git
structures/alphafold/fbn1_cbegf21_23_ca3/fold_fbn1_cbegf21_23_ca3_summary_confidences_4.json	2064	8712a697c5d81e2dd3faea50e41880a30dd2dc6b85ddb87b0d1eb4fef060fe71	git
structures/alphafold/fbn1_cbegf21_23_ca3/templates/fold_fbn1_cbegf21_23_ca3_template_hits_chains_a_query_to_hit.json	7407	d790afc60da921befe539f491bf44c1fc26b153893f14b2b3aebee6275398091	git
structures/alphafold/fbn1_cbegf22_tb4_cbegf23_d1487g_ca2/fold_fbn1_cbegf22_tb4_cbegf23_d1487g_ca2_job_request.json	478	b497d73e92b5f38e9f9c465454c724f6d57fc20024539fff97c822660de7595d	git
structures/alphafold/fbn1_cbegf22_tb4_cbegf23_d1487g_ca2/fold_fbn1_cbegf22_tb4_cbegf23_d1487g_ca2_summary_confidences_0.json	1620	f7e792cc6303442315d19d956599d6587320ce2644d9dba3fcc4faf4d76d184a	git
structures/alphafold/fbn1_cbegf22_tb4_cbegf23_d1487g_ca2/fold_fbn1_cbegf22_tb4_cbegf23_d1487g_ca2_summary_confidences_1.json	1620	ee22bc6f5a4c53ec81e1a1d1857951394271dd42afa74642f3cdde42895c184c	git
structures/alphafold/fbn1_cbegf22_tb4_cbegf23_d1487g_ca2/fold_fbn1_cbegf22_tb4_cbegf23_d1487g_ca2_summary_confidences_2.json	1620	9c8f36871a903b7931c9dc8200507f60d4be61fa79153f8237998ff384264d37	git
structures/alphafold/fbn1_cbegf22_tb4_cbegf23_d1487g_ca2/fold_fbn1_cbegf22_tb4_cbegf23_d1487g_ca2_summary_confidences_3.json	1620	c97064ff8839d1296d1c1c468855408678e750d142c62b1a306c204ff438b946	git
structures/alphafold/fbn1_cbegf22_tb4_cbegf23_d1487g_ca2/fold_fbn1_cbegf22_tb4_cbegf23_d1487g_ca2_summary_confidences_4.json	1620	b534ab1c68b744e5b4bf0ef4b2646e49c21f449d86c79d34159286c9c39abd49	git
structures/alphafold/fbn1_cbegf22_tb4_cbegf23_d1487g_ca2/templates/fold_fbn1_cbegf22_tb4_cbegf23_d1487g_ca2_template_hits_chains_a_query_to_hit.json	6545	b172235427ba7103db593993476835c95e7ab22a32bd7cd7a6566873fda9812f	git
structures/alphafold/fbn1_cbegf23_25_ca3/fold_fbn1_cbegf23_25_ca3_job_request.json	500	a0055ddb8601b87c7fc43149cd2453ab8072a9293ca8f1a7db4ad4b96965ca7e	git
structures/alphafold/fbn1_cbegf23_25_ca3/fold_fbn1_cbegf23_25_ca3_summary_confidences_0.json	2065	3ec4d06dabe189c8302e53ccd1e44f26eebed886a58fd3e9d0a8c4f0b7ab20f3	git
structures/alphafold/fbn1_cbegf23_25_ca3/fold_fbn1_cbegf23_25_ca3_summary_confidences_1.json	2065	b5fd9ef580e5351e5054bb723a05d7e493d7b84f72d9c2b98a0fa87003ca6e9b	git
structures/alphafold/fbn1_cbegf23_25_ca3/fold_fbn1_cbegf23_25_ca3_summary_confidences_2.json	2065	1531a5e48fdcd05307e0275a5e936de50f189bf2dce1b393d6fdd5309ff24bc4	git
structures/alphafold/fbn1_cbegf23_25_ca3/fold_fbn1_cbegf23_25_ca3_summary_confidences_3.json	2065	7c9b41bc06acf9f52be71d5a2c30e925d5c161163c511ac8c3131f742289abf3	git
structures/alphafold/fbn1_cbegf23_25_ca3/fold_fbn1_cbegf23_25_ca3_summary_confidences_4.json	2065	f4555eab0bfd6b7c7a06c61f44a3316f3891fefc924044c1a1cac8027edc6a10	git
structures/alphafold/fbn1_cbegf23_25_ca3/templates/fold_fbn1_cbegf23_25_ca3_template_hits_chains_a_query_to_hit.json	5217	4a7c4d08ff2820b0f1cb1876c044ae9c916429599e1814be11521f010b551f86	git
structures/alphafold/fbn1_cbegf25_27_ca3/fold_fbn1_cbegf25_27_ca3_job_request.json	425	3d4fdcb6d4e212a54c621b35987721f8941791ed8558ae7a8f3d88dbfda94db7	git
structures/alphafold/fbn1_cbegf25_27_ca3/fold_fbn1_cbegf25_27_ca3_summary_confidences_0.json	1525	97987bb8f5d18dc504c298f19a3be83fb380f9a7487d4008eaa70f2d0eb664fd	git
structures/alphafold/fbn1_cbegf25_27_ca3/fold_fbn1_cbegf25_27_ca3_summary_confidences_1.json	1526	d4d359da337155d19a6a537f965e237dff53140360e97f7c57684b1f92b423b4	git
structures/alphafold/fbn1_cbegf25_27_ca3/fold_fbn1_cbegf25_27_ca3_summary_confidences_2.json	1526	a89e6e24ff1a6ea4df034fdfed1123e963eea8219164b94d17dd199f435c2efb	git
structures/alphafold/fbn1_cbegf25_27_ca3/fold_fbn1_cbegf25_27_ca3_summary_confidences_3.json	1526	120ca39902d6efe29bdfd31c115081cf8f0186b820da13ae4ea55a4b02134504	git
structures/alphafold/fbn1_cbegf25_27_ca3/fold_fbn1_cbegf25_27_ca3_summary_confidences_4.json	1525	e36d0ab2343f0560c73730f763e1e94c8decc840595ec6d22a5e9181e8031509	git
structures/alphafold/fbn1_cbegf25_27_ca3/templates/fold_fbn1_cbegf25_27_ca3_template_hits_chains_a_query_to_hit.json	5540	5d328e5f17fbd28f2e14c58071f036f6b6802cf58b7adee9e86a7bbefc05627b	git
structures/alphafold/fbn1_cbegf27_29_ca3/fold_fbn1_cbegf27_29_ca3_job_request.json	423	1e47b54291e2197aee0c17e4b13e4a81274f7c62c43a7499f168aaa4b9cd8bca	git
structures/alphafold/fbn1_cbegf27_29_ca3/fold_fbn1_cbegf27_29_ca3_summary_confidences_0.json	1519	72ab468989a718b4a2675f8bb26c73b32b069755617f4be13b397a71b1ac5284	git
structures/alphafold/fbn1_cbegf27_29_ca3/fold_fbn1_cbegf27_29_ca3_summary_confidences_1.json	1518	02035392f9599c88aa0ab241568b901a5551ef37808b8dbf9078a3b0708345dd	git
structures/alphafold/fbn1_cbegf27_29_ca3/fold_fbn1_cbegf27_29_ca3_summary_confidences_2.json	1519	afb669b4feaed78926fba08056a9199c13c2bb261da375db8a3c6f7254cc2419	git
structures/alphafold/fbn1_cbegf27_29_ca3/fold_fbn1_cbegf27_29_ca3_summary_confidences_3.json	1519	a88e70d7809840831870940b4b5da246c290c1765aba8b226b55498550950e6a	git
structures/alphafold/fbn1_cbegf27_29_ca3/fold_fbn1_cbegf27_29_ca3_summary_confidences_4.json	1519	b284aa2234922b9e2006f9a9be44b467df76bbbb042b154df44de07151377225	git
structures/alphafold/fbn1_cbegf27_29_ca3/templates/fold_fbn1_cbegf27_29_ca3_template_hits_chains_a_query_to_hit.json	5523	03ffcfeec9d017e58b0be5462640efbbe631caf8ad138a8f7b5e621f7fc4cf09	git
structures/alphafold/fbn1_cbegf29_31_ca3/fold_fbn1_cbegf29_31_ca3_job_request.json	425	5198f0cf411a2f72fb20a48748b75c70685d3a52e8cc4045e2e3b6267601bcaa	git
structures/alphafold/fbn1_cbegf29_31_ca3/fold_fbn1_cbegf29_31_ca3_summary_confidences_0.json	1526	5aaab3e09de7d93e29c21c92c590d2bf2aeeea81fd66287622a19356fca9d596	git
structures/alphafold/fbn1_cbegf29_31_ca3/fold_fbn1_cbegf29_31_ca3_summary_confidences_1.json	1524	289024747caf6158027d2d21b9b2c8595680150983a5af2c73a09881e3c13d94	git
structures/alphafold/fbn1_cbegf29_31_ca3/fold_fbn1_cbegf29_31_ca3_summary_confidences_2.json	1526	e736d1b08a8373cc2fdb80456ba12fbcac6d92e216d37d4f2b6b28bfbdfa27b5	git
structures/alphafold/fbn1_cbegf29_31_ca3/fold_fbn1_cbegf29_31_ca3_summary_confidences_3.json	1524	f604a85c505c8a115a25a3de013cfae57251f7384a2c022419e703e5bb3792de	git
structures/alphafold/fbn1_cbegf29_31_ca3/fold_fbn1_cbegf29_31_ca3_summary_confidences_4.json	1524	3b677aff75dfdaed5aeada17701c0fd83281b2e9f9ae1489447987e4d8e712e9	git
structures/alphafold/fbn1_cbegf29_31_ca3/templates/fold_fbn1_cbegf29_31_ca3_template_hits_chains_a_query_to_hit.json	5727	f5681c800b5c8ece8827c548bb18510f38ca33f32fed5e5a11d309ae9dfa0327	git
structures/alphafold/fbn1_cbegf31_33_ca3/fold_fbn1_cbegf31_33_ca3_job_request.json	492	ec10fb68136df58b56fade0a12b6a2b4da56993e730e9f7e642fd49dccd5da9c	git
structures/alphafold/fbn1_cbegf31_33_ca3/fold_fbn1_cbegf31_33_ca3_summary_confidences_0.json	2003	e58bf0ce3a7f30f901477907c7622814f24beb2b27d1d07364e9d9c3f1b55e26	git
structures/alphafold/fbn1_cbegf31_33_ca3/fold_fbn1_cbegf31_33_ca3_summary_confidences_1.json	2002	d5e336682cb99bb557a29667e4c16c4e1028aa1984d45ca0313319d4760d900c	git
structures/alphafold/fbn1_cbegf31_33_ca3/fold_fbn1_cbegf31_33_ca3_summary_confidences_2.json	2003	91aa2cff92184de216dca29375d18fb0afabca80f59a68d6e84a4b161c2dab2a	git
structures/alphafold/fbn1_cbegf31_33_ca3/fold_fbn1_cbegf31_33_ca3_summary_confidences_3.json	2002	c18d9d7befb3f46052b9d06b4fd084391591e8c3f25b48e3d66093b8c59048f1	git
structures/alphafold/fbn1_cbegf31_33_ca3/fold_fbn1_cbegf31_33_ca3_summary_confidences_4.json	2002	7702daecd798571733fda39f76b539bfcab47469609c39db509e552720e20425	git
structures/alphafold/fbn1_cbegf31_33_ca3/templates/fold_fbn1_cbegf31_33_ca3_template_hits_chains_a_query_to_hit.json	5350	f812393b499add1b95fe2d08753739d4eacc00e74d932216cf9b5fdc56033c24	git
structures/alphafold/fbn1_cbegf32_33_e2130k_ca2/fold_fbn1_cbegf32_33_e2130k_ca2_job_request.json	386	541deb37aa725a59a4d8c69681a179c7c5144fb3e73e5bd8217442cc084ae512	git
structures/alphafold/fbn1_cbegf32_33_e2130k_ca2/fold_fbn1_cbegf32_33_e2130k_ca2_summary_confidences_0.json	1037	0c4de34f1c4925416f8ed708469e588dce179fe63a13dfe3a8e250d29c94540f	git
structures/alphafold/fbn1_cbegf32_33_e2130k_ca2/fold_fbn1_cbegf32_33_e2130k_ca2_summary_confidences_1.json	1037	9d0025f7771a9112fb29d281b77f34d1adb23c3e36006f3b774ec2954ae4e366	git
structures/alphafold/fbn1_cbegf32_33_e2130k_ca2/fold_fbn1_cbegf32_33_e2130k_ca2_summary_confidences_2.json	1040	a2a44c50429f599f1faee5cb90859b4d538220262dadad785c7e23edd3c3bfa0	git
structures/alphafold/fbn1_cbegf32_33_e2130k_ca2/fold_fbn1_cbegf32_33_e2130k_ca2_summary_confidences_3.json	1038	49975caffc932e700ae3bdf9098f23f61833babbec45d7ca631cdffce10d8992	git
structures/alphafold/fbn1_cbegf32_33_e2130k_ca2/fold_fbn1_cbegf32_33_e2130k_ca2_summary_confidences_4.json	1036	1f2824aeba49d258515d1317a39505a901db1393c9e7a9de7bb1bca02dac0ba5	git
structures/alphafold/fbn1_cbegf32_33_e2130k_ca2/templates/fold_fbn1_cbegf32_33_e2130k_ca2_template_hits_chains_a_query_to_hit.json	3626	9bdff4a27f63492f2c708e933881d1a55bfb4769c53a97bfabdcc1ab20003533	git
structures/alphafold/fbn1_cbegf32_33_n2144s_ca2/fold_fbn1_cbegf32_33_n2144s_ca2_job_request.json	385	36ec6be30b56f5fa5225274b62cffda94d39e5a786cbe7a098f0ad8877f3fd0a	git
structures/alphafold/fbn1_cbegf32_33_n2144s_ca2/fold_fbn1_cbegf32_33_n2144s_ca2_summary_confidences_0.json	1040	421c6f5719a4edd55771812c22b8e638ef354e2caade3005b87dfa56c2ceea86	git
structures/alphafold/fbn1_cbegf32_33_n2144s_ca2/fold_fbn1_cbegf32_33_n2144s_ca2_summary_confidences_1.json	1036	7603f578d52a30d96fdfce9dcab4c2eb69f1616212a4431168a6ee9e36c5abf6	git
structures/alphafold/fbn1_cbegf32_33_n2144s_ca2/fold_fbn1_cbegf32_33_n2144s_ca2_summary_confidences_2.json	1036	d8e48e94e671aae22804a9266aa7d3955f3cfce0a062ece64674217d75fc455a	git
structures/alphafold/fbn1_cbegf32_33_n2144s_ca2/fold_fbn1_cbegf32_33_n2144s_ca2_summary_confidences_3.json	1034	b959cac5c6e3d0895d4d2e4b2d025443a725a503f013c4451a25dcfb9f6f7076	git
structures/alphafold/fbn1_cbegf32_33_n2144s_ca2/fold_fbn1_cbegf32_33_n2144s_ca2_summary_confidences_4.json	1039	4cbe29615b572cc6ac85808ea39cc0ee4687254a47401427dc9a74ba7257c699	git
structures/alphafold/fbn1_cbegf32_33_n2144s_ca2/templates/fold_fbn1_cbegf32_33_n2144s_ca2_template_hits_chains_a_query_to_hit.json	3466	cd0aecb4d55e9e8d05b9d66c7219ce9e21052871bdec56b71a0c9dabd1b7aa38	git
structures/alphafold/fbn1_cbegf32_33_n2183s_ca2/fold_fbn1_cbegf32_33_n2183s_ca2_job_request.json	385	7af729a4489762b1802a3aff1f8358b19ff779d40261b3f5be0568edd41e2fb7	git
structures/alphafold/fbn1_cbegf32_33_n2183s_ca2/fold_fbn1_cbegf32_33_n2183s_ca2_summary_confidences_0.json	1039	d1e571560f51e4ba1a3c35fb29e727c6c779974648a949c6c91a683ad64e0212	git
structures/alphafold/fbn1_cbegf32_33_n2183s_ca2/fold_fbn1_cbegf32_33_n2183s_ca2_summary_confidences_1.json	1038	e65ce453893cd239636ccf634e5542d0e9b968de0f1c3d79d3274a08d0972419	git
structures/alphafold/fbn1_cbegf32_33_n2183s_ca2/fold_fbn1_cbegf32_33_n2183s_ca2_summary_confidences_2.json	1036	d9192e013977ac4bd41835cca6a64e72648960d206124d6cb3462a14b3aea38d	git
structures/alphafold/fbn1_cbegf32_33_n2183s_ca2/fold_fbn1_cbegf32_33_n2183s_ca2_summary_confidences_3.json	1039	7a94ad896522b627fc332b52980dbf3d80e776c8ad8a332a33ce8ab39b03ec67	git
structures/alphafold/fbn1_cbegf32_33_n2183s_ca2/fold_fbn1_cbegf32_33_n2183s_ca2_summary_confidences_4.json	1040	8f309982a8f050a4fab5969a3a417833d85cda6cb58c179d187707c4725cfc9c	git
structures/alphafold/fbn1_cbegf32_33_n2183s_ca2/templates/fold_fbn1_cbegf32_33_n2183s_ca2_template_hits_chains_a_query_to_hit.json	3834	143518dbbb7ad36b81ba689efbc86f36fc7dac6ce480818c6d2d4a3f9f4767a3	git
structures/alphafold/fbn1_cbegf33_35_ca3/fold_fbn1_cbegf33_35_ca3_job_request.json	425	a235514407df83b5884964c753bc1dc39f54012096683fb68e6d6a7fbf140f4f	git
structures/alphafold/fbn1_cbegf33_35_ca3/fold_fbn1_cbegf33_35_ca3_summary_confidences_0.json	1527	d35facafb248fe08e351ae073577111279a77b18aeef3731bd353819ec681fb7	git
structures/alphafold/fbn1_cbegf33_35_ca3/fold_fbn1_cbegf33_35_ca3_summary_confidences_1.json	1526	fcc78b9261b8a38922658a61993f087b3e049e527e37d6fd4125f4a8341e3a41	git
structures/alphafold/fbn1_cbegf33_35_ca3/fold_fbn1_cbegf33_35_ca3_summary_confidences_2.json	1526	5b008247d0437e1fcbb2ad6112c1b1e7150218c0e15afd63b90257f45ea22bca	git
structures/alphafold/fbn1_cbegf33_35_ca3/fold_fbn1_cbegf33_35_ca3_summary_confidences_3.json	1527	1d63ff7337e6f2cc5312c7dff35ec92d19e6b95c740211e206963c809f1c6f65	git
structures/alphafold/fbn1_cbegf33_35_ca3/fold_fbn1_cbegf33_35_ca3_summary_confidences_4.json	1527	39686cab2fa0d563cab887884484cced3040d34ba91b541a5490c251e2546857	git
structures/alphafold/fbn1_cbegf33_35_ca3/templates/fold_fbn1_cbegf33_35_ca3_template_hits_chains_a_query_to_hit.json	4896	870f59db3b52c09cc788e94997713a1cad0ff986be5dcbdc59b9f01e3e9a5e82	git
structures/alphafold/fbn1_cbegf35_37_ca3/fold_fbn1_cbegf35_37_ca3_job_request.json	496	bc5dfdf0d03f9cf5d8be356e5c8b1e96ba67ade8021b73024d9f8db7d0c627ab	git
structures/alphafold/fbn1_cbegf35_37_ca3/fold_fbn1_cbegf35_37_ca3_summary_confidences_0.json	2030	2e337f41c84bc8e447bc19a81555b13100df7099cb9b20252d4671adebf35e48	git
structures/alphafold/fbn1_cbegf35_37_ca3/fold_fbn1_cbegf35_37_ca3_summary_confidences_1.json	2030	f50581d9067bd50c8ae2df4fa74730153ad0d942e869936a2ceb1f9de6b09b71	git
structures/alphafold/fbn1_cbegf35_37_ca3/fold_fbn1_cbegf35_37_ca3_summary_confidences_2.json	2030	76900b01275ec6ec83723c7d88f2e6c7716ad25af81dd20547fd6287569f3625	git
structures/alphafold/fbn1_cbegf35_37_ca3/fold_fbn1_cbegf35_37_ca3_summary_confidences_3.json	2030	76900b01275ec6ec83723c7d88f2e6c7716ad25af81dd20547fd6287569f3625	git
structures/alphafold/fbn1_cbegf35_37_ca3/fold_fbn1_cbegf35_37_ca3_summary_confidences_4.json	2030	201c3bae9eb312208e25401926aaf4afe9e608d659b1bb9a0b319bf5cf999229	git
structures/alphafold/fbn1_cbegf35_37_ca3/templates/fold_fbn1_cbegf35_37_ca3_template_hits_chains_a_query_to_hit.json	5189	194fa5acc34dcb6f7dabe897891c35aa2bb342addc51fd56ac59cf5154c2c07f	git
structures/alphafold/fbn1_cbegf37_39_ca3/fold_fbn1_cbegf37_39_ca3_job_request.json	420	a826c9f018588883c48eaf929495c785db5d6b4e8f6b30df003310e932f88ba8	git
structures/alphafold/fbn1_cbegf37_39_ca3/fold_fbn1_cbegf37_39_ca3_summary_confidences_0.json	1505	ac7b83f7f6b7d0b985b9cc6d875f5ec8737a46fe4c3e449049d2ae37575f1783	git
structures/alphafold/fbn1_cbegf37_39_ca3/fold_fbn1_cbegf37_39_ca3_summary_confidences_1.json	1505	92aa68dd90fe4d9c9a365ce9bc42645c90098bae39f757f8fe0186bc7a59b078	git
structures/alphafold/fbn1_cbegf37_39_ca3/fold_fbn1_cbegf37_39_ca3_summary_confidences_2.json	1505	dc23b82115a3b71824aeb130cd45e579e04df5233ad18847ee770147ab7d0c5a	git
structures/alphafold/fbn1_cbegf37_39_ca3/fold_fbn1_cbegf37_39_ca3_summary_confidences_3.json	1504	1e7510064c3d7094adadae4e7def9beeea9c693c38356ee1332d8a328146c849	git
structures/alphafold/fbn1_cbegf37_39_ca3/fold_fbn1_cbegf37_39_ca3_summary_confidences_4.json	1505	4de0df89709b01b06e61173c0f25b5b67242ab7cbda82ca331a832624ee87953	git
structures/alphafold/fbn1_cbegf37_39_ca3/templates/fold_fbn1_cbegf37_39_ca3_template_hits_chains_a_query_to_hit.json	5024	c8912911064d4305b44156e9f1ae98459257ca70471f4e6efa04119c522c0f2b	git
structures/alphafold/fbn1_cbegf39_41_ca3/fold_fbn1_cbegf39_41_ca3_job_request.json	421	b47abc2be2664d763dd9b43faa25cffb8298f30d862a035b58573ae47b920478	git
structures/alphafold/fbn1_cbegf39_41_ca3/fold_fbn1_cbegf39_41_ca3_summary_confidences_0.json	1506	b1d28e8a78095926214a1e34b18b54cc69801460c0a4efc7ec7fa8c583e56aa4	git
structures/alphafold/fbn1_cbegf39_41_ca3/fold_fbn1_cbegf39_41_ca3_summary_confidences_1.json	1505	f69a6b9ec05c8001bc58cb1fbe2d05fcb4d9aeccffdde026a6786e9dc9b16724	git
structures/alphafold/fbn1_cbegf39_41_ca3/fold_fbn1_cbegf39_41_ca3_summary_confidences_2.json	1505	fabd0dfb0fabfaa6e02224d9315046a9a058ab195f7517206b5e6f39854dbd61	git
structures/alphafold/fbn1_cbegf39_41_ca3/fold_fbn1_cbegf39_41_ca3_summary_confidences_3.json	1505	63e556deec2515ae8cdcaa34e0353c238474a546801bac3bbfd5d0f2117c2af3	git
structures/alphafold/fbn1_cbegf39_41_ca3/fold_fbn1_cbegf39_41_ca3_summary_confidences_4.json	1504	84de4f33eeaad03db4b2a078886cdeedc099bbe689f1f4ab29ac8105cddfc63c	git
structures/alphafold/fbn1_cbegf39_41_ca3/templates/fold_fbn1_cbegf39_41_ca3_template_hits_chains_a_query_to_hit.json	5343	18fd936234e24615d5df3e65299df523dd5393f9f9dad20b30c633a161531deb	git
structures/alphafold/fbn1_cbegf3_5_ca3/fold_fbn1_cbegf3_5_ca3_job_request.json	420	ebce6a7fd661dde90ca5cb48c4d69dc8387bf71624f179031a1b880872412bc9	git
structures/alphafold/fbn1_cbegf3_5_ca3/fold_fbn1_cbegf3_5_ca3_summary_confidences_0.json	1512	5aedc9896b99ba004a60f6a4425308f8e6fdd1efbd2d86776503867dc26ad292	git
structures/alphafold/fbn1_cbegf3_5_ca3/fold_fbn1_cbegf3_5_ca3_summary_confidences_1.json	1511	a5100180e84a08a3de4ef8a0b4a4f1c1a8c6b7501bdc2bde28ca641e46a2718f	git
structures/alphafold/fbn1_cbegf3_5_ca3/fold_fbn1_cbegf3_5_ca3_summary_confidences_2.json	1512	1bc7a05af43bb5ee09107348b111f7353f57ea7c3eb44b68be360d856437893a	git
structures/alphafold/fbn1_cbegf3_5_ca3/fold_fbn1_cbegf3_5_ca3_summary_confidences_3.json	1512	bfd2ff3e05c9e2fd48f19b2de1e8d424cab0472a1847f0bfcd108a8eb0f59659	git
structures/alphafold/fbn1_cbegf3_5_ca3/fold_fbn1_cbegf3_5_ca3_summary_confidences_4.json	1512	8461dc0b3b728329cc20a48bb8d42b11f9ae7e58d9fb05ec72ac8c3f8a01a1b2	git
structures/alphafold/fbn1_cbegf3_5_ca3/templates/fold_fbn1_cbegf3_5_ca3_template_hits_chains_a_query_to_hit.json	5531	226de0a502e553833d0da1307b0c2c25a42f448f66e10601b751b948a4c1c398	git
structures/alphafold/fbn1_cbegf41_43_ca3/fold_fbn1_cbegf41_43_ca3_job_request.json	420	0bcee0450ee8e9a98c08b61cee0ef3c2d33c15f084787ed5043f0d5037fe3e49	git
structures/alphafold/fbn1_cbegf41_43_ca3/fold_fbn1_cbegf41_43_ca3_summary_confidences_0.json	1498	297b8cbe442a0c2d4dec2d3f66a5aa9d76abfdf88bee88af80ea2963e576dcd5	git
structures/alphafold/fbn1_cbegf41_43_ca3/fold_fbn1_cbegf41_43_ca3_summary_confidences_1.json	1498	b6ae7564645bfefc89afe7ae9117e0500414654006f391bdf3ec354938de210a	git
structures/alphafold/fbn1_cbegf41_43_ca3/fold_fbn1_cbegf41_43_ca3_summary_confidences_2.json	1499	7bc4497bcef9467e0eedacbc9c1ccc6ede644f78cb0905a5d7bc0a8d3811ef9d	git
structures/alphafold/fbn1_cbegf41_43_ca3/fold_fbn1_cbegf41_43_ca3_summary_confidences_3.json	1496	1077039f734a851fe02fc58b448f6df8eb49e9be37d5bc6c61ce201fe1796414	git
structures/alphafold/fbn1_cbegf41_43_ca3/fold_fbn1_cbegf41_43_ca3_summary_confidences_4.json	1496	d53586b660a85c57f36e6e70f5ddc6cb7c7be3e9000c3259aef5edcde29e2838	git
structures/alphafold/fbn1_cbegf41_43_ca3/templates/fold_fbn1_cbegf41_43_ca3_template_hits_chains_a_query_to_hit.json	5788	82c468e35b57ca81430068a7afed50f0ae07387b2383609a1d688259ca370d19	git
structures/alphafold/fbn1_cbegf5_7_ca3/fold_fbn1_cbegf5_7_ca3_job_request.json	490	0c2a894071dbd928ea529a5cecf5027be8b329bd55c65ba652ff377ef8b8094c	git
structures/alphafold/fbn1_cbegf5_7_ca3/fold_fbn1_cbegf5_7_ca3_summary_confidences_0.json	2001	f16bc9ad52cfee7e085193eaf23fabfd4e5a5238bb03b35ab5b9a64e03d4cc57	git
structures/alphafold/fbn1_cbegf5_7_ca3/fold_fbn1_cbegf5_7_ca3_summary_confidences_1.json	2002	e0d98fbdf84f5b21e4ff77fcc9a12a7714b7f65b6aa72743417e85874d225cb1	git
structures/alphafold/fbn1_cbegf5_7_ca3/fold_fbn1_cbegf5_7_ca3_summary_confidences_2.json	2001	0c02940d9ceb40179d76937041acdf62188b3ee2fce2f486c8deb2c90d98dbf5	git
structures/alphafold/fbn1_cbegf5_7_ca3/fold_fbn1_cbegf5_7_ca3_summary_confidences_3.json	2002	f5060f52ed7abf97a28e77e245c47b941601958979aa9350543fd9a8fb8cd84b	git
structures/alphafold/fbn1_cbegf5_7_ca3/fold_fbn1_cbegf5_7_ca3_summary_confidences_4.json	2000	fc9494245bfef78a1af4bb098c020b37f42599fa03a4a81c909ea3bec1897974	git
structures/alphafold/fbn1_cbegf5_7_ca3/templates/fold_fbn1_cbegf5_7_ca3_template_hits_chains_a_query_to_hit.json	5020	e20366ff693f8ea2104544b81d2d2377882bd3739eb1e099546a2a715067e3b1	git
structures/alphafold/fbn1_cbegf5_7_d723a_ca3/fold_fbn1_cbegf5_7_d723a_ca3_job_request.json	496	ede5f9120957fb9ab71c4e0990458335cc8874e03d21552b0af1acbc1bbd2833	git
structures/alphafold/fbn1_cbegf5_7_d723a_ca3/fold_fbn1_cbegf5_7_d723a_ca3_summary_confidences_0.json	2002	b4128c10445a3b0dc51502b6d711804238be26f205c3a27ac4b4ad014cd317de	git
structures/alphafold/fbn1_cbegf5_7_d723a_ca3/fold_fbn1_cbegf5_7_d723a_ca3_summary_confidences_1.json	2002	659667e2516e76c10f78a42d7030612615288d1a098900f2cb26140a0a8f3430	git
structures/alphafold/fbn1_cbegf5_7_d723a_ca3/fold_fbn1_cbegf5_7_d723a_ca3_summary_confidences_2.json	2002	78ec79f2337718d58b6b1b602fb2e624e7b91b39105d5f925b4e6db6a336d86d	git
structures/alphafold/fbn1_cbegf5_7_d723a_ca3/fold_fbn1_cbegf5_7_d723a_ca3_summary_confidences_3.json	2002	7484ffe6ec28ab7b60b9c2bed918149bcef68be85eba2a70c8cc4ce1aaca22bc	git
structures/alphafold/fbn1_cbegf5_7_d723a_ca3/fold_fbn1_cbegf5_7_d723a_ca3_summary_confidences_4.json	2000	fb86e323834403a8dd0a081db208a7465123c922595a7b628808b5c220277941	git
structures/alphafold/fbn1_cbegf5_7_d723a_ca3/templates/fold_fbn1_cbegf5_7_d723a_ca3_template_hits_chains_a_query_to_hit.json	4291	11c386be89dc0ce7d772f47e8e9a5197b531da56c873b07d1e819ae5aaad5bae	git
structures/alphafold/fbn1_cbegf7_9_ca3/fold_fbn1_cbegf7_9_ca3_job_request.json	422	08dd8cc94b06de2a28f7a1886cce4c6cd3d2ef997c818e0221458d349f1b34c3	git
structures/alphafold/fbn1_cbegf7_9_ca3/fold_fbn1_cbegf7_9_ca3_summary_confidences_0.json	1517	abcc733dd822b5e707bb26e305af679a1af987090d18ea7989ba855b6538b221	git
structures/alphafold/fbn1_cbegf7_9_ca3/fold_fbn1_cbegf7_9_ca3_summary_confidences_1.json	1518	b5f5010c84af9cc8030986b14e5b7b9476c4272ee65565d14847c96b39405810	git
structures/alphafold/fbn1_cbegf7_9_ca3/fold_fbn1_cbegf7_9_ca3_summary_confidences_2.json	1518	0613ec458ded395d796eda535b063d904827a14ff0e9024be2338da1c74c3828	git
structures/alphafold/fbn1_cbegf7_9_ca3/fold_fbn1_cbegf7_9_ca3_summary_confidences_3.json	1519	831cf45d65aa8cf6a76084f7bdeeced1a5d316d2a20742e20d6caecc971d4785	git
structures/alphafold/fbn1_cbegf7_9_ca3/fold_fbn1_cbegf7_9_ca3_summary_confidences_4.json	1519	ff911d3aae8dcf518fd4f194351c6bc294037719967dc6c448b5ca7558df4dda	git
structures/alphafold/fbn1_cbegf7_9_ca3/templates/fold_fbn1_cbegf7_9_ca3_template_hits_chains_a_query_to_hit.json	4200	7b19fcf59bb06134df91a860d11849c7edb6e3a643bf88bb712f40e44c477a91	git
structures/alphafold/fbn1_cbegf9_11_ca3/fold_fbn1_cbegf9_11_ca3_job_request.json	561	079f0b813f3d69dee1590b87141d58cf45c374c5b7bddcfc58543ed012f55b1c	git
structures/alphafold/fbn1_cbegf9_11_ca3/fold_fbn1_cbegf9_11_ca3_summary_confidences_0.json	2490	5b77c96ea9b00cbab562a46b0323d340ff5d80668e824808912121ef3584779a	git
structures/alphafold/fbn1_cbegf9_11_ca3/fold_fbn1_cbegf9_11_ca3_summary_confidences_1.json	2489	c2000f4920030fc5c5b123579a89e20b46a73463328fee895266f9f7c74d9bc4	git
structures/alphafold/fbn1_cbegf9_11_ca3/fold_fbn1_cbegf9_11_ca3_summary_confidences_2.json	2490	9fee71d1ab57180e8b8b6b7c12f5895865061a086de667e817be338b6b052e38	git
structures/alphafold/fbn1_cbegf9_11_ca3/fold_fbn1_cbegf9_11_ca3_summary_confidences_3.json	2489	c2000f4920030fc5c5b123579a89e20b46a73463328fee895266f9f7c74d9bc4	git
structures/alphafold/fbn1_cbegf9_11_ca3/fold_fbn1_cbegf9_11_ca3_summary_confidences_4.json	2490	9b6d53c1accec1c94ed1b1f56cee96771b287c2850f4fb33b7d63ce222485781	git
structures/alphafold/fbn1_cbegf9_11_ca3/templates/fold_fbn1_cbegf9_11_ca3_template_hits_chains_a_query_to_hit.json	6484	4a483abfa080c69068539b284168314d5a56416f2b927979b5669aaef0aa4018	git
structures/alphafold/fbn1_cbegf9_hyb2_cbegf10_e913k_ca2/fold_fbn1_cbegf9_hyb2_cbegf10_e913k_ca2_job_request.json	460	45709bec7feb7845da4b703998adc8b5b687170c868eec043a9ca866b416dca6	git
structures/alphafold/fbn1_cbegf9_hyb2_cbegf10_e913k_ca2/fold_fbn1_cbegf9_hyb2_cbegf10_e913k_ca2_summary_confidences_0.json	1501	e29a2dec6397f0ee085f9e439612da562d2e817930e8b78504dfd1848e4b2370	git
structures/alphafold/fbn1_cbegf9_hyb2_cbegf10_e913k_ca2/fold_fbn1_cbegf9_hyb2_cbegf10_e913k_ca2_summary_confidences_1.json	1501	174377c2224b8853f213c3abdb236c23971ad00515fdbbd0a97231ae4a9244fc	git
structures/alphafold/fbn1_cbegf9_hyb2_cbegf10_e913k_ca2/fold_fbn1_cbegf9_hyb2_cbegf10_e913k_ca2_summary_confidences_2.json	1501	73f5625e81cd1c599503ca9154d111ac2231c5e15df46e0c0fdfa2a8626fe607	git
structures/alphafold/fbn1_cbegf9_hyb2_cbegf10_e913k_ca2/fold_fbn1_cbegf9_hyb2_cbegf10_e913k_ca2_summary_confidences_3.json	1501	a0bb28ce09494ef303cdbd4043c5658facaaf450df42a3205ae25f5bc1e1212c	git
structures/alphafold/fbn1_cbegf9_hyb2_cbegf10_e913k_ca2/fold_fbn1_cbegf9_hyb2_cbegf10_e913k_ca2_summary_confidences_4.json	1501	220cd113efdc3ba8a1121ea801f10453b1d644d063c904aa1c8651567fee42a5	git
structures/alphafold/fbn1_cbegf9_hyb2_cbegf10_e913k_ca2/templates/fold_fbn1_cbegf9_hyb2_cbegf10_e913k_ca2_template_hits_chains_a_query_to_hit.json	6307	ec64dba5eee7531393d1a67798bf7f22d758d0ca46c1325db6c58e572de58598	git
structures/alphafold/fold_fbn1_cbegf12_13_ca2/fold_fbn1_cbegf12_13_ca2_job_request.json	385	8f00ecaee0e7250390adc64dadd7fe21c32b211ac5f965b48cd2580b8c7b21eb	git
structures/alphafold/fold_fbn1_cbegf12_13_ca2/fold_fbn1_cbegf12_13_ca2_summary_confidences_0.json	1088	10d17eb6703b44f89ac2f2fd4aa3bb7445132493689443fe1e538f042a4cade2	git
structures/alphafold/fold_fbn1_cbegf12_13_ca2/fold_fbn1_cbegf12_13_ca2_summary_confidences_1.json	1088	977b75638dc8e21dd8a994b9f7c4f62161a3da89515e9468e97259417b408d8d	git
structures/alphafold/fold_fbn1_cbegf12_13_ca2/fold_fbn1_cbegf12_13_ca2_summary_confidences_2.json	1088	516f91fd0408dea299176f7ada10591298ac3ec7e95352b054f3dae9a35e6f0c	git
structures/alphafold/fold_fbn1_cbegf12_13_ca2/fold_fbn1_cbegf12_13_ca2_summary_confidences_3.json	1088	9ff6699de82b6d2a4c2d6fc62b74de27e6658af95d3b36b1366b9161e4aec19c	git
structures/alphafold/fold_fbn1_cbegf12_13_ca2/fold_fbn1_cbegf12_13_ca2_summary_confidences_4.json	1085	71ccd599aa38a04739e3274246827d7c3410817584181ad054b9950ae12b05be	git
structures/alphafold/fold_fbn1_cbegf12_13_ca2/templates/fold_fbn1_cbegf12_13_ca2_template_hits_chains_a_query_to_hit.json	3679	bc3e6c5bb3f1a3f9b274a6cd06bc59d6d522b93b1b5bdac1f4294ca7769bce68	git
structures/alphafold/fold_fbn1_cbegf12_13_ca2/terms_of_use.md	7458	1ae90834413742f5185041af2e1bc7982321e2938b3b0c5367e00edd34c61df4	git
structures/alphafold/fold_fbn1_cbegf22_tb4_cbegf23_ca2/fold_fbn1_cbegf22_tb4_cbegf23_ca2_job_request.json	469	2e5f67e72eab77e3fd1d7ebf043c21c728ddeafe47053407e3b3ecf12686e422	git
structures/alphafold/fold_fbn1_cbegf22_tb4_cbegf23_ca2/fold_fbn1_cbegf22_tb4_cbegf23_ca2_summary_confidences_0.json	1619	50c3a496b70dca7588bd635cc13ca2ee530eecff98927c230a51c40bae3c272c	git
structures/alphafold/fold_fbn1_cbegf22_tb4_cbegf23_ca2/fold_fbn1_cbegf22_tb4_cbegf23_ca2_summary_confidences_1.json	1619	e4b0eb8ac4783ecc6a9767cded2dbd834d690da9366940e7149313416fe866ea	git
structures/alphafold/fold_fbn1_cbegf22_tb4_cbegf23_ca2/fold_fbn1_cbegf22_tb4_cbegf23_ca2_summary_confidences_2.json	1620	31983ce54e1af9522678801a01041320d6d4694546082b497125d5157a71b13b	git
structures/alphafold/fold_fbn1_cbegf22_tb4_cbegf23_ca2/fold_fbn1_cbegf22_tb4_cbegf23_ca2_summary_confidences_3.json	1620	576fd39584845db03ff262857805df1e8e45b4ae6212d3298ce441688ab7fd45	git
structures/alphafold/fold_fbn1_cbegf22_tb4_cbegf23_ca2/fold_fbn1_cbegf22_tb4_cbegf23_ca2_summary_confidences_4.json	1620	b7aa632a11e37f32c158d9d0c6fc238db8f5652273121f3a4902ea73216cc8be	git
structures/alphafold/fold_fbn1_cbegf22_tb4_cbegf23_ca2/templates/fold_fbn1_cbegf22_tb4_cbegf23_ca2_template_hits_chains_a_query_to_hit.json	5078	b50f7e2b1afd1ac50a8c58b05605b2d526e0d27a2c9520cdf312a60586ea5dc9	git
structures/alphafold/fold_fbn1_cbegf22_tb4_cbegf23_ca2/terms_of_use.md	7458	1ae90834413742f5185041af2e1bc7982321e2938b3b0c5367e00edd34c61df4	git
structures/alphafold/fold_fbn1_cbegf32_33_ca2/fold_fbn1_cbegf32_33_ca2_job_request.json	379	66473551268c06e30d9cad7f4776a880b28d60402852cf3cadc67c9dcf476dc1	git
structures/alphafold/fold_fbn1_cbegf32_33_ca2/fold_fbn1_cbegf32_33_ca2_summary_confidences_0.json	1038	dfd60578e5a55f94dda42f6c98d7ff0f7ab1ea68dad8c9afe8e0657d4474d560	git
structures/alphafold/fold_fbn1_cbegf32_33_ca2/fold_fbn1_cbegf32_33_ca2_summary_confidences_1.json	1037	dd8e21aac5851e32aa3a85d60ac2e337c06142c85c6544844ab3eda8e11cf73e	git
structures/alphafold/fold_fbn1_cbegf32_33_ca2/fold_fbn1_cbegf32_33_ca2_summary_confidences_2.json	1040	f2e594c8682ee6a2bddf691f63434888a8a1d7608bb2946b0fc7428a60377bc0	git
structures/alphafold/fold_fbn1_cbegf32_33_ca2/fold_fbn1_cbegf32_33_ca2_summary_confidences_3.json	1038	23d3826a911aa64389fc197df8255961ab55da5ec243d85fcad218bd89a6c159	git
structures/alphafold/fold_fbn1_cbegf32_33_ca2/fold_fbn1_cbegf32_33_ca2_summary_confidences_4.json	1040	9f777b1217d904b4fd01d25c476454bfd0d5622958a81608bdea2955715b6832	git
structures/alphafold/fold_fbn1_cbegf32_33_ca2/templates/fold_fbn1_cbegf32_33_ca2_template_hits_chains_a_query_to_hit.json	3844	48d7de33f0af856c393a00c350d52b6b1d058f8881622f39c2337dc2ab0659b5	git
structures/alphafold/fold_fbn1_cbegf32_33_ca2/terms_of_use.md	7458	1ae90834413742f5185041af2e1bc7982321e2938b3b0c5367e00edd34c61df4	git
structures/alphafold/fold_fbn1_cbegf9_hyb2_cbegf10_ca2/fold_fbn1_cbegf9_hyb2_cbegf10_ca2_job_request.json	453	ee20ca50428b98afdd805b155812ab6a196b9386bfe1edc2c4b12c420cd883a4	git
structures/alphafold/fold_fbn1_cbegf9_hyb2_cbegf10_ca2/fold_fbn1_cbegf9_hyb2_cbegf10_ca2_summary_confidences_0.json	1501	c7c863b3a9615f05ae4d0cfc53319816c308e661529a14dc2b96a53bfe83953f	git
structures/alphafold/fold_fbn1_cbegf9_hyb2_cbegf10_ca2/fold_fbn1_cbegf9_hyb2_cbegf10_ca2_summary_confidences_1.json	1501	6606e95db8c2723872e9dd621a85fc200ecb36e38b4e5026fefc2b250d5ae664	git
structures/alphafold/fold_fbn1_cbegf9_hyb2_cbegf10_ca2/fold_fbn1_cbegf9_hyb2_cbegf10_ca2_summary_confidences_2.json	1501	e82c05a411ee19d2c8c53ac85aacec76e4a124f7308a158683d4e77b293f47c5	git
structures/alphafold/fold_fbn1_cbegf9_hyb2_cbegf10_ca2/fold_fbn1_cbegf9_hyb2_cbegf10_ca2_summary_confidences_3.json	1501	1390949b48b257d48b8f4778c5dc45a297af3254dd27d0ff405bf262a669593c	git
structures/alphafold/fold_fbn1_cbegf9_hyb2_cbegf10_ca2/fold_fbn1_cbegf9_hyb2_cbegf10_ca2_summary_confidences_4.json	1501	ded50de70afd215947dde14412d290462d4050703657cd61415385decf18d13c	git
structures/alphafold/fold_fbn1_cbegf9_hyb2_cbegf10_ca2/templates/fold_fbn1_cbegf9_hyb2_cbegf10_ca2_template_hits_chains_a_query_to_hit.json	5077	02c1e1def3d6e1ce1996c275e7dae461ef7fa210325d6174c9946040b9a582c4	git
structures/alphafold/fold_fbn1_cbegf9_hyb2_cbegf10_ca2/terms_of_use.md	7458	1ae90834413742f5185041af2e1bc7982321e2938b3b0c5367e00edd34c61df4	git
structures/alphafold/terms_of_use.md	7458	1ae90834413742f5185041af2e1bc7982321e2938b3b0c5367e00edd34c61df4	git
structures/boltz/inputs/FBN1_cbEGF31-33_Ca3_wt.yaml	513	8f388bf580d7c65303cc48fa40b1b3a72dc169a40c151adc5b22968f3cd55aa7	git
structures/ca_transplanted/.gitkeep	0	e3b0c44298fc1c149afbf4c8996fb92427ae41e4649b934ca495991b7852b855	git
structures/ca_transplanted/provenance.json	1508	2ba1fed3f4e7c1fd67f80ec44c83a96d9f3160aa2fbf3b031842673122d776cf	git
structures/pdb/.gitkeep	0	e3b0c44298fc1c149afbf4c8996fb92427ae41e4649b934ca495991b7852b855	git
tests/.gitkeep	0	e3b0c44298fc1c149afbf4c8996fb92427ae41e4649b934ca495991b7852b855	git
tests/test_analysis.py	12963	08f18617eb85a3814a7bcd2c2722eece73a88a9d2dbdf7282de38fb118f83b83	git
tests/test_annotation.py	12689	d988bafb1a48afb11ea1bc1cba6e334df35608aaa916b19149444eaf876b0008	git
tests/test_env.py	14404	2de52601f2c6df137ffc76ad698a4edb8c49fff57eca460f316b546cb0fcb388	git
tests/test_figures.py	20505	2f8b305de29e549a1b16481140d07647b8beaed9131af059063ffa9dc20957c5	git
tests/test_manuscript.py	7383	0e050aa2d4beb1c385ee1519fd13cd82d37192fdfe0058c1f5e2fcf3b8cac339	git
tests/test_manuscript_v4.py	20490	c8ce345754446bb0f4342617741036e9c68f1923af774007bd93745a0a62c406	git
tests/test_metal_geometry.py	13248	8a95c91c16d8a09f6cfc8edbb226f844fb1df5eaa2e1cb06b9bfca6db8a4af7e	git
tests/test_normalization.py	12822	22739fe8dad9084fc432028cdba2d8fbfc8ac24c17356c695b0e740f32761dec	git
tests/test_structures.py	14682	f67ae4625f3f68c8bcbf6e9e0c1f987541a058bbc13941ad725e3f2fdfb7440e	git
tests/test_v2.py	28844	023827ba1938eadf72938a7d650337f331ed0eeb69d243c8a316b25249b6bae4	git
tests/test_variant_ingest.py	13955	1915789aea447dd97731222e888ec1a8f25d43228ff884859d6a09b8b262d12a	git
structures/alphafold/batch4/fbn1_cbegf13_15_d1155n_ca3/fold_fbn1_cbegf13_15_d1155n_ca3_model_0.cif	86870	e5a7a5bd3b775c5358f19bea91a862b89e413b961a10508fd3796694e5f0cec9	predicted model coordinates
structures/alphafold/batch4/fbn1_cbegf13_15_d1155n_ca3/fold_fbn1_cbegf13_15_d1155n_ca3_model_1.cif	86870	07b3cddce627bf5b5bd0999c917f5cb1e94379ad9eb292d5dc9b7201082aa420	predicted model coordinates
structures/alphafold/batch4/fbn1_cbegf13_15_d1155n_ca3/fold_fbn1_cbegf13_15_d1155n_ca3_model_2.cif	86870	d888f323dcb9f30ae01a931200fda0e0ccfdbb8dd58bc1c075c6ca160e1bc1ec	predicted model coordinates
structures/alphafold/batch4/fbn1_cbegf13_15_d1155n_ca3/fold_fbn1_cbegf13_15_d1155n_ca3_model_3.cif	86870	dfe30ca904fecc547bc441dd43bca4e433b1ea1dcec63b8248284c3f8717b5b5	predicted model coordinates
structures/alphafold/batch4/fbn1_cbegf13_15_d1155n_ca3/fold_fbn1_cbegf13_15_d1155n_ca3_model_4.cif	86870	4516547eef12afec34d4aa9e282cb8def4cca0930159634ddaaf68ee2e862a93	predicted model coordinates
structures/alphafold/batch4/fbn1_cbegf13_15_d1197n_ca3/fold_fbn1_cbegf13_15_d1197n_ca3_model_0.cif	86872	fb9566368e2407943ba6ccc43659845041813a76da0fe243bee680c2bf1443d6	predicted model coordinates
structures/alphafold/batch4/fbn1_cbegf13_15_d1197n_ca3/fold_fbn1_cbegf13_15_d1197n_ca3_model_1.cif	86872	537846bc2af3508f742eaf2769af7345d7123c50db05a19b6cc287b5bd0b511f	predicted model coordinates
structures/alphafold/batch4/fbn1_cbegf13_15_d1197n_ca3/fold_fbn1_cbegf13_15_d1197n_ca3_model_2.cif	86872	891ac8750eebd1beb8f25cd146270337fd62a2ac7d63bf6362822a9ee7c6707c	predicted model coordinates
structures/alphafold/batch4/fbn1_cbegf13_15_d1197n_ca3/fold_fbn1_cbegf13_15_d1197n_ca3_model_3.cif	86872	9630392d90d1032ca18789ab00c424bee7af366d6e1afc32876a74b9c98b7575	predicted model coordinates
structures/alphafold/batch4/fbn1_cbegf13_15_d1197n_ca3/fold_fbn1_cbegf13_15_d1197n_ca3_model_4.cif	86872	b2bbccb44b8af0e3ce3ee0dd95a814bbc33a23bb223fd5d04b6a2f55982a671a	predicted model coordinates
structures/alphafold/batch4/fbn1_cbegf13_15_n1173t_ca3/fold_fbn1_cbegf13_15_n1173t_ca3_model_0.cif	86794	1bc56ae396496fcec8ada7ad40832951fcdacdf618d6d72bbd0f835136d887a7	predicted model coordinates
structures/alphafold/batch4/fbn1_cbegf13_15_n1173t_ca3/fold_fbn1_cbegf13_15_n1173t_ca3_model_1.cif	86794	425c55e16a06af83f361a2cd94ec8112f1e155b729b301a5b83844610f3210e6	predicted model coordinates
structures/alphafold/batch4/fbn1_cbegf13_15_n1173t_ca3/fold_fbn1_cbegf13_15_n1173t_ca3_model_2.cif	86794	708e318ac2ab2f5cff66a1fffb5dfbe40ad90844118136250407a65cc52c8de0	predicted model coordinates
structures/alphafold/batch4/fbn1_cbegf13_15_n1173t_ca3/fold_fbn1_cbegf13_15_n1173t_ca3_model_3.cif	86794	0b329758cb4389f7be640995585a81bb8934058edddd42802098db56b330a2ca	predicted model coordinates
structures/alphafold/batch4/fbn1_cbegf13_15_n1173t_ca3/fold_fbn1_cbegf13_15_n1173t_ca3_model_4.cif	85854	dfb7a78e23d210bf7676147c7c8aa244dbffad840f4314e36c1a31942f1cc521	predicted model coordinates
structures/alphafold/batch4/fbn1_cbegf13_15_v1172m_ca3/fold_fbn1_cbegf13_15_v1172m_ca3_model_0.cif	86950	96ac708336275b7264e196047c53bd4b5d07077519b5b0cb183e8c4bc6e4105f	predicted model coordinates
structures/alphafold/batch4/fbn1_cbegf13_15_v1172m_ca3/fold_fbn1_cbegf13_15_v1172m_ca3_model_1.cif	86950	17c87daa33854ba85ca1fe887d7a9dd7c1409319aa1b082bc89f87108e194ce5	predicted model coordinates
structures/alphafold/batch4/fbn1_cbegf13_15_v1172m_ca3/fold_fbn1_cbegf13_15_v1172m_ca3_model_2.cif	86950	8f10cb76abe52b3d8fe3dc3d7fa7b7316db468a5e5886a5722c7f1048be65190	predicted model coordinates
structures/alphafold/batch4/fbn1_cbegf13_15_v1172m_ca3/fold_fbn1_cbegf13_15_v1172m_ca3_model_3.cif	86950	a34f761bc8e34fe4dd9e45e8f64731fdcdb3171f19513c12f60eb447429e8be6	predicted model coordinates
structures/alphafold/batch4/fbn1_cbegf13_15_v1172m_ca3/fold_fbn1_cbegf13_15_v1172m_ca3_model_4.cif	86950	c056524fd2829da6524821b63f13bcab4988712dfd295c7140f97ce1cc44bed5	predicted model coordinates
structures/alphafold/batch4/fbn1_cbegf15_17_d1238n_ca3/fold_fbn1_cbegf15_17_d1238n_ca3_model_0.cif	85702	4afbb18ee105d30f3943882a990cebd21c5a41ded4c265dcae6aca6a2a0679ed	predicted model coordinates
structures/alphafold/batch4/fbn1_cbegf15_17_d1238n_ca3/fold_fbn1_cbegf15_17_d1238n_ca3_model_1.cif	85702	3d01f487afe5e1da8e1ded2bffb8f6433914e5172e338c6e4ca1a25cf6984d16	predicted model coordinates
structures/alphafold/batch4/fbn1_cbegf15_17_d1238n_ca3/fold_fbn1_cbegf15_17_d1238n_ca3_model_2.cif	85702	9a434b6011f878f3f94d5903369e4b9e3452c8acffd6516807e1f9ae02c27bba	predicted model coordinates
structures/alphafold/batch4/fbn1_cbegf15_17_d1238n_ca3/fold_fbn1_cbegf15_17_d1238n_ca3_model_3.cif	85702	dd6b99511c942b370a698e4c3d3ca272fae30cf959c971a093ba95d0034d8525	predicted model coordinates
structures/alphafold/batch4/fbn1_cbegf15_17_d1238n_ca3/fold_fbn1_cbegf15_17_d1238n_ca3_model_4.cif	85702	c602c02d7c20c2a244f14e023a57cee2cf113d24bfcfa1c700a00a6eed840a96	predicted model coordinates
structures/alphafold/batch4/fbn1_cbegf15_17_d1250y_ca3/fold_fbn1_cbegf15_17_d1250y_ca3_model_0.cif	86014	f515b588186a6cf94ca5df415cd409066652ac94188458e745f9b9dba3c61eee	predicted model coordinates
structures/alphafold/batch4/fbn1_cbegf15_17_d1250y_ca3/fold_fbn1_cbegf15_17_d1250y_ca3_model_1.cif	86014	41e68892f35e97a232cd13692f8be0ab6bbe96096b5623bba4943cb72d6b3ec9	predicted model coordinates
structures/alphafold/batch4/fbn1_cbegf15_17_d1250y_ca3/fold_fbn1_cbegf15_17_d1250y_ca3_model_2.cif	86014	ba7343fbf5623fe34af0171b8f6ea080f817cbf2ad643b7afeb0ecc3299985b4	predicted model coordinates
structures/alphafold/batch4/fbn1_cbegf15_17_d1250y_ca3/fold_fbn1_cbegf15_17_d1250y_ca3_model_3.cif	86014	bacd15a652304a5225018858db798cdf22271b01bc1c205f8d13f930fc51b800	predicted model coordinates
structures/alphafold/batch4/fbn1_cbegf15_17_d1250y_ca3/fold_fbn1_cbegf15_17_d1250y_ca3_model_4.cif	86014	271723c4faaf01e594cf97f73af445f98ce1d14dc134fff4896414597eee2535	predicted model coordinates
structures/alphafold/batch4/fbn1_cbegf15_17_d1280n_ca3/fold_fbn1_cbegf15_17_d1280n_ca3_model_0.cif	85702	c5cb644e52bc175b7e8c7399cba5dd4c90ff8636935c46a309d0117a8a64986e	predicted model coordinates
structures/alphafold/batch4/fbn1_cbegf15_17_d1280n_ca3/fold_fbn1_cbegf15_17_d1280n_ca3_model_1.cif	85702	da13a023ff12997444b1f73e1b290412ca9c254e55da208609881c4e988ac8ea	predicted model coordinates
structures/alphafold/batch4/fbn1_cbegf15_17_d1280n_ca3/fold_fbn1_cbegf15_17_d1280n_ca3_model_2.cif	85702	750075aa876f45caee27c3dd5f5911401ed8068a463c7f667af3bd5b174b8592	predicted model coordinates
structures/alphafold/batch4/fbn1_cbegf15_17_d1280n_ca3/fold_fbn1_cbegf15_17_d1280n_ca3_model_3.cif	85702	29d3c8ad3bd671aa0f46ea5b4f1b93287d2e3e21875914645000e65ef33be2b7	predicted model coordinates
structures/alphafold/batch4/fbn1_cbegf15_17_d1280n_ca3/fold_fbn1_cbegf15_17_d1280n_ca3_model_4.cif	85702	fd5dcd5aa9f33dabe5e0f9164bf0ecee9457d3cdff686cf6ce07707bbddbaf18	predicted model coordinates
structures/alphafold/batch4/fbn1_cbegf15_17_q1253p_ca3/fold_fbn1_cbegf15_17_q1253p_ca3_model_0.cif	85546	e2b9b1c869e62b88ce4ee86dc1b3e706416c9870746244618c4927841e35874c	predicted model coordinates
structures/alphafold/batch4/fbn1_cbegf15_17_q1253p_ca3/fold_fbn1_cbegf15_17_q1253p_ca3_model_1.cif	85546	b5ef987e88d5cbe88bd2ca6209cd344a6644f03364ce7a12bb1de66687642de6	predicted model coordinates
structures/alphafold/batch4/fbn1_cbegf15_17_q1253p_ca3/fold_fbn1_cbegf15_17_q1253p_ca3_model_2.cif	85546	0f5bc3d5f2861143b48a83cb92c3148ac73231a3c389c9dc6feaf7a217bf6817	predicted model coordinates
structures/alphafold/batch4/fbn1_cbegf15_17_q1253p_ca3/fold_fbn1_cbegf15_17_q1253p_ca3_model_3.cif	85546	2a62e10b67448c0d7f5bb594fc0a2a3ee694eb5a0e7d4377cd106cd648ce34e8	predicted model coordinates
structures/alphafold/batch4/fbn1_cbegf15_17_q1253p_ca3/fold_fbn1_cbegf15_17_q1253p_ca3_model_4.cif	85546	1c49f199e9eec9ecadf4019ee743f4091441f86bd95a35bcddca72b01ee05082	predicted model coordinates
structures/alphafold/batch4/fbn1_cbegf17_19_a1337p_ca3/fold_fbn1_cbegf17_19_a1337p_ca3_model_0.cif	84128	75af3b7259e6d0e00f6d61aa8abbf67586c84b5960e8d174924ef96e2f82bab7	predicted model coordinates
structures/alphafold/batch4/fbn1_cbegf17_19_a1337p_ca3/fold_fbn1_cbegf17_19_a1337p_ca3_model_1.cif	84128	f6774c6063749feb44bdebd2786f3f912abc3ae3bb3d6d560c68a8165a22d151	predicted model coordinates
structures/alphafold/batch4/fbn1_cbegf17_19_a1337p_ca3/fold_fbn1_cbegf17_19_a1337p_ca3_model_2.cif	84128	3bf28bd597b0ecad6f20551b93f9d8212a145e1ae9d028a6e0811cd2ec5c8f1d	predicted model coordinates
structures/alphafold/batch4/fbn1_cbegf17_19_a1337p_ca3/fold_fbn1_cbegf17_19_a1337p_ca3_model_3.cif	84128	5c3daf9c22d40fce92b92b99e0c6f2984d69404dab732215a4c8819a1b9406df	predicted model coordinates
structures/alphafold/batch4/fbn1_cbegf17_19_a1337p_ca3/fold_fbn1_cbegf17_19_a1337p_ca3_model_4.cif	84128	1f805fbadcab00822da5cf7d87ac6f2688aa0faa6e0b3637e3e1c33b09430d50	predicted model coordinates
structures/alphafold/batch4/fbn1_cbegf17_19_d1322n_ca3/fold_fbn1_cbegf17_19_d1322n_ca3_model_0.cif	83972	2543aa9fb2b2b9e1eac94a350e104d256d0c38f6797e38f77e2dfe696d1ce721	predicted model coordinates
structures/alphafold/batch4/fbn1_cbegf17_19_d1322n_ca3/fold_fbn1_cbegf17_19_d1322n_ca3_model_1.cif	83972	a7883e1d93483691a561215f9d164f26069e89cfdeb0f0657df97a52b014d055	predicted model coordinates
structures/alphafold/batch4/fbn1_cbegf17_19_d1322n_ca3/fold_fbn1_cbegf17_19_d1322n_ca3_model_2.cif	83972	722d3c6bfeef698715005437d8fe030971a26120dfb7a1cfa2a16ffae0096f76	predicted model coordinates
structures/alphafold/batch4/fbn1_cbegf17_19_d1322n_ca3/fold_fbn1_cbegf17_19_d1322n_ca3_model_3.cif	83972	411ad204331a3e1bea6a1136b3328af6a797a82cfae30ae3af3935c4c1affa69	predicted model coordinates
structures/alphafold/batch4/fbn1_cbegf17_19_d1322n_ca3/fold_fbn1_cbegf17_19_d1322n_ca3_model_4.cif	83972	d6de7bdf98bf8a95ef1df7c1a95f13dcc2991bd50f5301be8c6cb805bb32778c	predicted model coordinates
structures/alphafold/batch4/fbn1_cbegf17_19_e1366q_ca3/fold_fbn1_cbegf17_19_e1366q_ca3_model_0.cif	83972	5cfa7659867c9df7fb0dd80298f59a955af2671d73df6beba679b1b8ed7afe1d	predicted model coordinates
structures/alphafold/batch4/fbn1_cbegf17_19_e1366q_ca3/fold_fbn1_cbegf17_19_e1366q_ca3_model_1.cif	83972	10119eeeca8c7692f92743d3005e6794ee25016a89c2f6780e8f38c3bad7f98c	predicted model coordinates
structures/alphafold/batch4/fbn1_cbegf17_19_e1366q_ca3/fold_fbn1_cbegf17_19_e1366q_ca3_model_2.cif	83972	e86d92abefc95873db6b1452521e9ed5d1efaa81a204e6d1f3add8c8717b2efc	predicted model coordinates
structures/alphafold/batch4/fbn1_cbegf17_19_e1366q_ca3/fold_fbn1_cbegf17_19_e1366q_ca3_model_3.cif	83972	ad4ab67a2c20b917c8589812cda2053ee42da4f7b10a7bdea3db4b1c3dcec20c	predicted model coordinates
structures/alphafold/batch4/fbn1_cbegf17_19_e1366q_ca3/fold_fbn1_cbegf17_19_e1366q_ca3_model_4.cif	83972	cad4e017f144fbadf2f62120dee2691e4741b3d33e45c565e22a789065489ab6	predicted model coordinates
structures/alphafold/batch4/fbn1_cbegf19_21_d1446n_ca3/fold_fbn1_cbegf19_21_d1446n_ca3_model_0.cif	85034	8bafbb2c231f46fca1c32d3e9aa672643b84d3d5272780a0e144f2bc920a9886	predicted model coordinates
structures/alphafold/batch4/fbn1_cbegf19_21_d1446n_ca3/fold_fbn1_cbegf19_21_d1446n_ca3_model_1.cif	85034	2a77c2bc9e8da1b3b703ee827f2db88a468b3b6ef73c99b322f77bf9cb6e6b1c	predicted model coordinates
structures/alphafold/batch4/fbn1_cbegf19_21_d1446n_ca3/fold_fbn1_cbegf19_21_d1446n_ca3_model_2.cif	85034	e99c69f49fa8c6d72f0bf097245d245369db4cc7874c3de9bdcf417f0fdfab11	predicted model coordinates
structures/alphafold/batch4/fbn1_cbegf19_21_d1446n_ca3/fold_fbn1_cbegf19_21_d1446n_ca3_model_3.cif	85034	c76c548eb591bf3a8b6c50bc1d2a26022ec3762645feccaf789a13298a769323	predicted model coordinates
structures/alphafold/batch4/fbn1_cbegf19_21_d1446n_ca3/fold_fbn1_cbegf19_21_d1446n_ca3_model_4.cif	85034	b3fd2495f3a1c07d8b28cd4276e6f22ada2586525905a72336880224e4720dd3	predicted model coordinates
structures/alphafold/batch4/fbn1_cbegf19_21_g1418s_ca3/fold_fbn1_cbegf19_21_g1418s_ca3_model_0.cif	85186	e4942fb0d0d82e3317bbd0c3031712e4cb04c90d10fa7849ebbc6be20f979686	predicted model coordinates
structures/alphafold/batch4/fbn1_cbegf19_21_g1418s_ca3/fold_fbn1_cbegf19_21_g1418s_ca3_model_1.cif	85186	7cac3279cfd8d2585eac4c90db49eaf66d2a3b9715457e72640942d16999307b	predicted model coordinates
structures/alphafold/batch4/fbn1_cbegf19_21_g1418s_ca3/fold_fbn1_cbegf19_21_g1418s_ca3_model_2.cif	85186	3ebd00e8af21df2b99283cc3369ea5d9fdc9e1ed44f8c9a895324ef62d71106e	predicted model coordinates
structures/alphafold/batch4/fbn1_cbegf19_21_g1418s_ca3/fold_fbn1_cbegf19_21_g1418s_ca3_model_3.cif	85186	c25556457990563061a3ef051cc521de55c01c4da73f963f5f9760853d9b2a9f	predicted model coordinates
structures/alphafold/batch4/fbn1_cbegf19_21_g1418s_ca3/fold_fbn1_cbegf19_21_g1418s_ca3_model_4.cif	85186	2c0c6bb8fcaf6705141fa64553fd484accc7e9189cdc5bf1b1e68f35479a55f2	predicted model coordinates
structures/alphafold/batch4/fbn1_cbegf1_3_d490y_ca3/fold_fbn1_cbegf1_3_d490y_ca3_model_0.cif	190348	b8ddbca0f87bd5ca373912f69beaa50cb4a3c32a1fb11444b456b6ae510ed874	predicted model coordinates
structures/alphafold/batch4/fbn1_cbegf1_3_d490y_ca3/fold_fbn1_cbegf1_3_d490y_ca3_model_1.cif	190348	12a0ea8825c64bb8bec7b01f0c1be7a1c82842ec7703f73e0bf4b9a30770a544	predicted model coordinates
structures/alphafold/batch4/fbn1_cbegf1_3_d490y_ca3/fold_fbn1_cbegf1_3_d490y_ca3_model_2.cif	190348	c8b389c104918b4b4f9655b92081adaf28e0132893523ec03f41cc3ce57d3d14	predicted model coordinates
structures/alphafold/batch4/fbn1_cbegf1_3_d490y_ca3/fold_fbn1_cbegf1_3_d490y_ca3_model_3.cif	190348	43ee0d5d3091c8b9112dcead31d7d474603fa8540f86ce3cd381af357c754087	predicted model coordinates
structures/alphafold/batch4/fbn1_cbegf1_3_d490y_ca3/fold_fbn1_cbegf1_3_d490y_ca3_model_4.cif	190348	dde2d5435fdc16c1eeb3248afef49532b1b184b58701ac200d4a5533d2ab49ae	predicted model coordinates
structures/alphafold/batch4/fbn1_cbegf1_3_e487a_ca3/fold_fbn1_cbegf1_3_e487a_ca3_model_0.cif	189716	892027a143c9fe564d1c06514ec7dc9c912bb2a88498ee2f2343f870260ce21a	predicted model coordinates
structures/alphafold/batch4/fbn1_cbegf1_3_e487a_ca3/fold_fbn1_cbegf1_3_e487a_ca3_model_1.cif	189716	ba34bc268065e9139db6f0758b708985d3c790211afb8be565981355c73f448a	predicted model coordinates
structures/alphafold/batch4/fbn1_cbegf1_3_e487a_ca3/fold_fbn1_cbegf1_3_e487a_ca3_model_2.cif	189716	ff661fdd66a5675e0d9a54bc42e720ec9bb95cbd8b7b55f19d76157bc9d31e53	predicted model coordinates
structures/alphafold/batch4/fbn1_cbegf1_3_e487a_ca3/fold_fbn1_cbegf1_3_e487a_ca3_model_3.cif	189716	8f1a6665cab956f86400bf6fe60666faa23743d071040e665bf8dc35589e1953	predicted model coordinates
structures/alphafold/batch4/fbn1_cbegf1_3_e487a_ca3/fold_fbn1_cbegf1_3_e487a_ca3_model_4.cif	189716	dfbdbb7aa1283e45e0f6f65695e85e57e195989b348d1106aa6a4a886c62c218	predicted model coordinates
structures/alphafold/batch4/fbn1_cbegf1_3_n261s_ca3/fold_fbn1_cbegf1_3_n261s_ca3_model_0.cif	189874	8ab827bb6c5e32ade94316a9aa468ce3b8b4b5498df0d6aa0af205ac579c28db	predicted model coordinates
structures/alphafold/batch4/fbn1_cbegf1_3_n261s_ca3/fold_fbn1_cbegf1_3_n261s_ca3_model_1.cif	189874	b1732672745c0541c90727a334868eda0dc0ba7fc73c8f10a1c581973a289833	predicted model coordinates
structures/alphafold/batch4/fbn1_cbegf1_3_n261s_ca3/fold_fbn1_cbegf1_3_n261s_ca3_model_2.cif	189874	28cdca8728a944556324d5506189daf7dcad9a1de78883696800406b0e5b2d5c	predicted model coordinates
structures/alphafold/batch4/fbn1_cbegf1_3_n261s_ca3/fold_fbn1_cbegf1_3_n261s_ca3_model_3.cif	189874	2399e306726f00e43354037ccfa461fb6dca2c6c4144147eb82c9aa39957cb88	predicted model coordinates
structures/alphafold/batch4/fbn1_cbegf1_3_n261s_ca3/fold_fbn1_cbegf1_3_n261s_ca3_model_4.cif	189874	005f8d3ea47f99f13518d7278e63c0fff09ac857ee8303709b3e2e290df63270	predicted model coordinates
structures/alphafold/batch4/fbn1_cbegf1_3_t382s_ca3/fold_fbn1_cbegf1_3_t382s_ca3_model_0.cif	189953	34bbbdd2cb54921d822edd65b38a9fcb060210cde0b5a346b9c8d175b5716181	predicted model coordinates
structures/alphafold/batch4/fbn1_cbegf1_3_t382s_ca3/fold_fbn1_cbegf1_3_t382s_ca3_model_1.cif	189953	e66c04bcc918951f4a7f4c5ac96bb21ac41ce9f622da2dc5a2e39ff779fb54d6	predicted model coordinates
structures/alphafold/batch4/fbn1_cbegf1_3_t382s_ca3/fold_fbn1_cbegf1_3_t382s_ca3_model_2.cif	189953	63c7c49e0c834c21363cb397c23c66142b3f7e6032965df8bfc81993fe796b5b	predicted model coordinates
structures/alphafold/batch4/fbn1_cbegf1_3_t382s_ca3/fold_fbn1_cbegf1_3_t382s_ca3_model_3.cif	189953	3bb12565fb19645ae53d4e11ae22943a74e79c0b2aea4accddbe9da2ed3d7233	predicted model coordinates
structures/alphafold/batch4/fbn1_cbegf1_3_t382s_ca3/fold_fbn1_cbegf1_3_t382s_ca3_model_4.cif	189953	6c03c2ff74aef8a94123d202b73f9967e24b13f2184735364625ad8f36348cdd	predicted model coordinates
structures/alphafold/batch4/fbn1_cbegf21_23_d1487n_ca3/fold_fbn1_cbegf21_23_d1487n_ca3_model_0.cif	135627	e2a4a99416c1ab3df9c6d36421f97b1ac7a92b575cb8a1943e10d4d69cc14d36	predicted model coordinates
structures/alphafold/batch4/fbn1_cbegf21_23_d1487n_ca3/fold_fbn1_cbegf21_23_d1487n_ca3_model_1.cif	135627	575c1a2a71beeeac8f9b028d232b0d87b48c44ebd1eca82ac988571bf8faa67b	predicted model coordinates
structures/alphafold/batch4/fbn1_cbegf21_23_d1487n_ca3/fold_fbn1_cbegf21_23_d1487n_ca3_model_2.cif	135627	c932652d4d4ab746f839c3bffd6ff39799f4df82364a98e4c6a7fecc35ff6ea6	predicted model coordinates
structures/alphafold/batch4/fbn1_cbegf21_23_d1487n_ca3/fold_fbn1_cbegf21_23_d1487n_ca3_model_3.cif	135627	9962b06e06e1ae8f84bd543bc7cf015475608a0dee788edefa8e23f80928c5cd	predicted model coordinates
structures/alphafold/batch4/fbn1_cbegf21_23_d1487n_ca3/fold_fbn1_cbegf21_23_d1487n_ca3_model_4.cif	135627	ae3d828211fbfebf2e02b33cd8abf4172843f31b444b01d7a991ae81875c4125	predicted model coordinates
structures/alphafold/batch4/fbn1_cbegf21_23_d1512v_ca3/fold_fbn1_cbegf21_23_d1512v_ca3_model_0.cif	135548	0ed9bf53860ed9a9a5560d6282fdb55705f664818202e29407428812d8b4edac	predicted model coordinates
structures/alphafold/batch4/fbn1_cbegf21_23_d1512v_ca3/fold_fbn1_cbegf21_23_d1512v_ca3_model_1.cif	135548	106360ee938a55e678a890a9fb83e5076533bcec71e170aa32745639dfd69eca	predicted model coordinates
structures/alphafold/batch4/fbn1_cbegf21_23_d1512v_ca3/fold_fbn1_cbegf21_23_d1512v_ca3_model_2.cif	135548	b94e18cac527324bb84fe41656c45cc3af07bef676539d5f1a08e55e5b809fb6	predicted model coordinates
structures/alphafold/batch4/fbn1_cbegf21_23_d1512v_ca3/fold_fbn1_cbegf21_23_d1512v_ca3_model_3.cif	135548	55b4eb379434e13cde95912d0f0803cd7a930f5a557810c192b55c49f59baca8	predicted model coordinates
structures/alphafold/batch4/fbn1_cbegf21_23_d1512v_ca3/fold_fbn1_cbegf21_23_d1512v_ca3_model_4.cif	135548	110bab999fdcd9e0e2647b7f30cf53f40026df4ee317341d911592e5c1f864ca	predicted model coordinates
structures/alphafold/batch4/fbn1_cbegf21_23_e1490k_ca3/fold_fbn1_cbegf21_23_e1490k_ca3_model_0.cif	135625	ff1e0ccafd646cfb49ac494eb219849b7be7a01f1c8a68e251773b98a4b51c87	predicted model coordinates
structures/alphafold/batch4/fbn1_cbegf21_23_e1490k_ca3/fold_fbn1_cbegf21_23_e1490k_ca3_model_1.cif	135625	bca23db72ebfa55ad4a22783333c150324cfe8a26a6a63924d112f60440962bd	predicted model coordinates
structures/alphafold/batch4/fbn1_cbegf21_23_e1490k_ca3/fold_fbn1_cbegf21_23_e1490k_ca3_model_2.cif	135625	8674e087ca17368f860129f0f509b7724921b3dda25935e093d5bb3e316b9e7b	predicted model coordinates
structures/alphafold/batch4/fbn1_cbegf21_23_e1490k_ca3/fold_fbn1_cbegf21_23_e1490k_ca3_model_3.cif	135625	3107021d9f52630bc3d5552b162a8a90ace448fe5c0790e3ce8a67791ea5b034	predicted model coordinates
structures/alphafold/batch4/fbn1_cbegf21_23_e1490k_ca3/fold_fbn1_cbegf21_23_e1490k_ca3_model_4.cif	135625	5f0663ff7ef523bd6952a27103845a6591c63c3113e38870c354958b3dec880f	predicted model coordinates
structures/alphafold/batch4/fbn1_cbegf21_23_l1536w_ca3/fold_fbn1_cbegf21_23_l1536w_ca3_model_0.cif	136101	97ad38d5996cac52d8f78f40d946dcecc19e679e928ed2948f1755a5e96c3b76	predicted model coordinates
structures/alphafold/batch4/fbn1_cbegf21_23_l1536w_ca3/fold_fbn1_cbegf21_23_l1536w_ca3_model_1.cif	136101	75b202c008713a5185170dde45b7cf917f180e3b87a8ea89f38ed5735f628276	predicted model coordinates
structures/alphafold/batch4/fbn1_cbegf21_23_l1536w_ca3/fold_fbn1_cbegf21_23_l1536w_ca3_model_2.cif	136101	917ec6e53bd0766c584f32659b28e0387e89e3501bcf85ec72e267ede99e42e6	predicted model coordinates
structures/alphafold/batch4/fbn1_cbegf21_23_l1536w_ca3/fold_fbn1_cbegf21_23_l1536w_ca3_model_3.cif	136101	54c9ede17da6480063e1258b13f7f41979d69f5cab450102a2d4c44652e9d35c	predicted model coordinates
structures/alphafold/batch4/fbn1_cbegf21_23_l1536w_ca3/fold_fbn1_cbegf21_23_l1536w_ca3_model_4.cif	136101	4db984f28837fd8d397cf8086a2fe33331a0c9922d6f0127dd311adf1b87c273	predicted model coordinates
structures/alphafold/batch4/fbn1_cbegf23_25_d1648n_ca3/fold_fbn1_cbegf23_25_d1648n_ca3_model_0.cif	139945	eeefb13841fd3ca90041bc80dd650b0541e313e7d2cccf4f4639b573677a9684	predicted model coordinates
structures/alphafold/batch4/fbn1_cbegf23_25_d1648n_ca3/fold_fbn1_cbegf23_25_d1648n_ca3_model_1.cif	139945	186eddf0804e52f168a3360c6c1fcad2f2b4240d72a7a21f7e10f1f36d016bff	predicted model coordinates
structures/alphafold/batch4/fbn1_cbegf23_25_d1648n_ca3/fold_fbn1_cbegf23_25_d1648n_ca3_model_2.cif	139945	d61ac0b422b286e0943ba9a1741435aad456c889f86ca3b2c60fd2508af56005	predicted model coordinates
structures/alphafold/batch4/fbn1_cbegf23_25_d1648n_ca3/fold_fbn1_cbegf23_25_d1648n_ca3_model_3.cif	139945	cee5aa30157896626ad297c481e73b20ca29e58413348e594cf8a716ed62b0a3	predicted model coordinates
structures/alphafold/batch4/fbn1_cbegf23_25_d1648n_ca3/fold_fbn1_cbegf23_25_d1648n_ca3_model_4.cif	139945	4eeb3a0b534b833e6c0d424c8e66e35ac8118ec302ca61cb19dfd0bfbf0475b5	predicted model coordinates
structures/alphafold/batch4/fbn1_cbegf23_25_e1653k_ca3/fold_fbn1_cbegf23_25_e1653k_ca3_model_0.cif	139945	b1225cbce214888de154d512c05b4a2e35cd2ec894b3574044392b549b41cb95	predicted model coordinates
structures/alphafold/batch4/fbn1_cbegf23_25_e1653k_ca3/fold_fbn1_cbegf23_25_e1653k_ca3_model_1.cif	139945	82801975341d213c47868855dc35eb979a85174d50b37da609a0fc5a91bdb350	predicted model coordinates
structures/alphafold/batch4/fbn1_cbegf23_25_e1653k_ca3/fold_fbn1_cbegf23_25_e1653k_ca3_model_2.cif	139945	c85256944ac2cd4a327e6792e871496f2c1f585262132ca656ca5c9b6e857346	predicted model coordinates
structures/alphafold/batch4/fbn1_cbegf23_25_e1653k_ca3/fold_fbn1_cbegf23_25_e1653k_ca3_model_3.cif	139945	d096f2477befe755cc187b539e09d4f7de63c35dd3a765bab236c0704d4748ce	predicted model coordinates
structures/alphafold/batch4/fbn1_cbegf23_25_e1653k_ca3/fold_fbn1_cbegf23_25_e1653k_ca3_model_4.cif	139945	047d5d1d79127a8a90527eb6b8b174fb906dfb555421b77fd6d3f4ab1a9df072	predicted model coordinates
structures/alphafold/batch4/fbn1_cbegf23_25_l1710s_ca3/fold_fbn1_cbegf23_25_l1710s_ca3_model_0.cif	139787	a486d0c15b39f473028bb49923b8e34822d5fec3126ee1ed467d1b89dcc6e60a	predicted model coordinates
structures/alphafold/batch4/fbn1_cbegf23_25_l1710s_ca3/fold_fbn1_cbegf23_25_l1710s_ca3_model_1.cif	139787	5a6c1e0a45fed337c169497cfe22f40effe0194fbd5eaa4acebdb18b113e2fae	predicted model coordinates
structures/alphafold/batch4/fbn1_cbegf23_25_l1710s_ca3/fold_fbn1_cbegf23_25_l1710s_ca3_model_2.cif	139787	da28c806e9244b79b5c2b39ceb1739196ad96b5ee18dea0720988c9638f2b9fa	predicted model coordinates
structures/alphafold/batch4/fbn1_cbegf23_25_l1710s_ca3/fold_fbn1_cbegf23_25_l1710s_ca3_model_3.cif	139787	9fce0832949aaa727181513273b1286de80591dadeb13531445eaa3448d29250	predicted model coordinates
structures/alphafold/batch4/fbn1_cbegf23_25_l1710s_ca3/fold_fbn1_cbegf23_25_l1710s_ca3_model_4.cif	139787	5adb613d9ddb084f847c3961004cb2a39c37624bcfce0b7eae35c4670d81769e	predicted model coordinates
structures/alphafold/batch4/fbn1_cbegf25_27_e1811k_ca3/fold_fbn1_cbegf25_27_e1811k_ca3_model_0.cif	88588	f0ff9700e0c822013d771c81eb84a0af23e934b62f3a8e9a14e614023fcb4e5d	predicted model coordinates
structures/alphafold/batch4/fbn1_cbegf25_27_e1811k_ca3/fold_fbn1_cbegf25_27_e1811k_ca3_model_1.cif	88588	8b6ce71f65802bada3c6b556e1675355d52d5d1e5f4c0400f4b6eed709c7a41a	predicted model coordinates
structures/alphafold/batch4/fbn1_cbegf25_27_e1811k_ca3/fold_fbn1_cbegf25_27_e1811k_ca3_model_2.cif	88588	456b439a8b54738894bcbdcbafcc6ff0c2f045155783b6eeda62cb8fb668a142	predicted model coordinates
structures/alphafold/batch4/fbn1_cbegf25_27_e1811k_ca3/fold_fbn1_cbegf25_27_e1811k_ca3_model_3.cif	88588	3ed0a48dd95e4a998cf81ed1808a27755aa10fe0609a25e957b79871d9cc44bd	predicted model coordinates
structures/alphafold/batch4/fbn1_cbegf25_27_e1811k_ca3/fold_fbn1_cbegf25_27_e1811k_ca3_model_4.cif	88588	4cb302f7a897593e9d0c26dfbb15e77fb9e0a975865d713a3faf129e225fcaa8	predicted model coordinates
structures/alphafold/batch4/fbn1_cbegf25_27_n1858t_ca3/fold_fbn1_cbegf25_27_n1858t_ca3_model_0.cif	88510	53a9227bdf81891f0df6fedddd0b87d7c4ce65bca7fded7e3eb66d0fa803ab7e	predicted model coordinates
structures/alphafold/batch4/fbn1_cbegf25_27_n1858t_ca3/fold_fbn1_cbegf25_27_n1858t_ca3_model_1.cif	88510	9aa8ccef74793e2bed2f53fa56d8bc4a8ca2daa34eac742aeff17828d78c7fc6	predicted model coordinates
structures/alphafold/batch4/fbn1_cbegf25_27_n1858t_ca3/fold_fbn1_cbegf25_27_n1858t_ca3_model_2.cif	88510	319421f1993cd2a0dee7f527bc4a36deacda3538bbc19220d22ef09f85f2864a	predicted model coordinates
structures/alphafold/batch4/fbn1_cbegf25_27_n1858t_ca3/fold_fbn1_cbegf25_27_n1858t_ca3_model_3.cif	88510	78fe1b1672947c8f30731472b8d194ea013a20a7229f8f74d8903a36d6cf9cf7	predicted model coordinates
structures/alphafold/batch4/fbn1_cbegf25_27_n1858t_ca3/fold_fbn1_cbegf25_27_n1858t_ca3_model_4.cif	88510	3a563ea86edda0896df07e449b79ba1aace67ec515a6b9efcf2809b6a02dd022	predicted model coordinates
structures/alphafold/batch4/fbn1_cbegf25_27_r1832s_ca3/fold_fbn1_cbegf25_27_r1832s_ca3_model_0.cif	88198	c8ee36e3277e6284dfb411e8c22726b309bd2bb0c4cacaff2a9911a6f45c2ac7	predicted model coordinates
structures/alphafold/batch4/fbn1_cbegf25_27_r1832s_ca3/fold_fbn1_cbegf25_27_r1832s_ca3_model_1.cif	88198	89897ee9313d318dc45ccf9d46fa8cfc0178eed70ab79f5c3b44ee7cde9a505b	predicted model coordinates
structures/alphafold/batch4/fbn1_cbegf25_27_r1832s_ca3/fold_fbn1_cbegf25_27_r1832s_ca3_model_2.cif	88198	ce2479ae898e1199bc415870467c904c9eb476c6157980d6010fb7f3c00f3063	predicted model coordinates
structures/alphafold/batch4/fbn1_cbegf25_27_r1832s_ca3/fold_fbn1_cbegf25_27_r1832s_ca3_model_3.cif	88198	2b9a34fe2c7ecfec4c5d620b8d3fa73eb9fc8a9e441a6942fb9e08720c0d6b42	predicted model coordinates
structures/alphafold/batch4/fbn1_cbegf25_27_r1832s_ca3/fold_fbn1_cbegf25_27_r1832s_ca3_model_4.cif	88198	67610b4139be47f2a99c56a951438f952240d0fb8cb4dd6aea501973937be8c6	predicted model coordinates
structures/alphafold/batch4/fbn1_cbegf25_27_r1832s_ca3_2/fold_fbn1_cbegf25_27_r1832s_ca3_model_0.cif	88198	2509baa3be720220966805704508905113bb437f6f4442d51c6f1304fff86f87	predicted model coordinates
structures/alphafold/batch4/fbn1_cbegf25_27_r1832s_ca3_2/fold_fbn1_cbegf25_27_r1832s_ca3_model_1.cif	88198	e3790161b817c4cdc3ccf2b50d3b2f7bc0271f358b20b2aefba765e3a49a89b6	predicted model coordinates
structures/alphafold/batch4/fbn1_cbegf25_27_r1832s_ca3_2/fold_fbn1_cbegf25_27_r1832s_ca3_model_2.cif	88198	31a6755a2b768487e2864eff9d457dd4807c95c234f0ddfa1edc0c3eb9ccfc2b	predicted model coordinates
structures/alphafold/batch4/fbn1_cbegf25_27_r1832s_ca3_2/fold_fbn1_cbegf25_27_r1832s_ca3_model_3.cif	88198	285d9d412bcabff57447b3a55f005ccb66977f84051e15c3152a8c976a0a8dc8	predicted model coordinates
structures/alphafold/batch4/fbn1_cbegf25_27_r1832s_ca3_2/fold_fbn1_cbegf25_27_r1832s_ca3_model_4.cif	88198	eabd7a242c2a9381fc0b65ff509e32eebf488d81b9619eb0343ecca24d5e2d6b	predicted model coordinates
structures/alphafold/batch4/fbn1_cbegf27_29_d1891h_ca3/fold_fbn1_cbegf27_29_d1891h_ca3_model_0.cif	86514	4a5047bfe1191e0687a9ebf82ccd0c7848591ba76ee50ad4ac4d6528a5645a34	predicted model coordinates
structures/alphafold/batch4/fbn1_cbegf27_29_d1891h_ca3/fold_fbn1_cbegf27_29_d1891h_ca3_model_1.cif	86514	9941ad7db7909f1715b779b50244324df717f18dbd092de02b9d3bb203d7f360	predicted model coordinates
structures/alphafold/batch4/fbn1_cbegf27_29_d1891h_ca3/fold_fbn1_cbegf27_29_d1891h_ca3_model_2.cif	86514	85f75d932ffe971b373ebaa8d11875a07df6af67de98b61518cc1305ed7360fd	predicted model coordinates
structures/alphafold/batch4/fbn1_cbegf27_29_d1891h_ca3/fold_fbn1_cbegf27_29_d1891h_ca3_model_3.cif	86514	c876bdbc81986e6867939fd834fabc265037eb9a404177d25f25701d1f3cc2ab	predicted model coordinates
structures/alphafold/batch4/fbn1_cbegf27_29_d1891h_ca3/fold_fbn1_cbegf27_29_d1891h_ca3_model_4.cif	86514	96914051fd505d0f23433e99a2bafc7f918a4ca3b8e8738a1f2d693484d9ca49	predicted model coordinates
structures/alphafold/batch4/fbn1_cbegf27_29_d1891n_ca3/fold_fbn1_cbegf27_29_d1891n_ca3_model_0.cif	86360	71155fb39c8b85892554d3c20a212b77edecf6bbfc6477f447d13ca87f9216e5	predicted model coordinates
structures/alphafold/batch4/fbn1_cbegf27_29_d1891n_ca3/fold_fbn1_cbegf27_29_d1891n_ca3_model_1.cif	86360	610395f461a73c86d57e19e7c36e7695e0303d0c650bfb4aa36405402f07fc3d	predicted model coordinates
structures/alphafold/batch4/fbn1_cbegf27_29_d1891n_ca3/fold_fbn1_cbegf27_29_d1891n_ca3_model_2.cif	86360	4074ed13de17c1a36eae5a0b6716f6a0b155dd83419d513bb384b80e0c09657d	predicted model coordinates
structures/alphafold/batch4/fbn1_cbegf27_29_d1891n_ca3/fold_fbn1_cbegf27_29_d1891n_ca3_model_3.cif	86360	ff9040f2554c4994846c52a0f54a434474ff0d518b5e531d781eb4dfc5452d72	predicted model coordinates
structures/alphafold/batch4/fbn1_cbegf27_29_d1891n_ca3/fold_fbn1_cbegf27_29_d1891n_ca3_model_4.cif	86360	873941c206c9ec97498e472e43a1a45729c835b7c162ec7c05d679ca1a21b4d8	predicted model coordinates
structures/alphafold/batch4/fbn1_cbegf27_29_d1930g_ca3/fold_fbn1_cbegf27_29_d1930g_ca3_model_0.cif	86048	03aa461f30f6e793bb2568c4456634aa071e0619a69531ac627bcfb20dd364f0	predicted model coordinates
structures/alphafold/batch4/fbn1_cbegf27_29_d1930g_ca3/fold_fbn1_cbegf27_29_d1930g_ca3_model_1.cif	86048	fae883c604065cf81d4f8abecedbec2cfcb094e92da7553c14a5305de6bb64f2	predicted model coordinates
structures/alphafold/batch4/fbn1_cbegf27_29_d1930g_ca3/fold_fbn1_cbegf27_29_d1930g_ca3_model_2.cif	86048	ef7e2bde0731aa00d2b0e576cd63aab5b14985d07acac99fcb7c92e347149dbf	predicted model coordinates
structures/alphafold/batch4/fbn1_cbegf27_29_d1930g_ca3/fold_fbn1_cbegf27_29_d1930g_ca3_model_3.cif	86048	253fcaf272ee6f10ea0eed1e8c490c5c039397f949bf220ce5560078333017bc	predicted model coordinates
structures/alphafold/batch4/fbn1_cbegf27_29_d1930g_ca3/fold_fbn1_cbegf27_29_d1930g_ca3_model_4.cif	86048	c99745fdd6f082678b1f27133a99e15ce25b57bf62a97883a24df6a6bde3a482	predicted model coordinates
structures/alphafold/batch4/fbn1_cbegf27_29_d1930n_ca3/fold_fbn1_cbegf27_29_d1930n_ca3_model_0.cif	86360	c4a2bf4146fc5f046d9307582c7cfcee79f8b844ee0c03195bf901c7a9d6f9ad	predicted model coordinates
structures/alphafold/batch4/fbn1_cbegf27_29_d1930n_ca3/fold_fbn1_cbegf27_29_d1930n_ca3_model_1.cif	86360	ab01a8c4d000c07342c95e046d9622926d67a8f416e7342f5b67d8b1421a3e4a	predicted model coordinates
structures/alphafold/batch4/fbn1_cbegf27_29_d1930n_ca3/fold_fbn1_cbegf27_29_d1930n_ca3_model_2.cif	86360	d323e2d80eed252f51e6be6fb7dc87aa4bca10e7dfb0c8b11975c782494df435	predicted model coordinates
structures/alphafold/batch4/fbn1_cbegf27_29_d1930n_ca3/fold_fbn1_cbegf27_29_d1930n_ca3_model_3.cif	86360	43889b26588a3d198d8b9943e9f82ed6788b6f93245e5457a910e24f0dcf5b19	predicted model coordinates
structures/alphafold/batch4/fbn1_cbegf27_29_d1930n_ca3/fold_fbn1_cbegf27_29_d1930n_ca3_model_4.cif	86360	0c49a2374bee253d712eede5e9fccfd4b0e05576c77cb4d8871f107f409a1471	predicted model coordinates
structures/alphafold/batch4/fbn1_cbegf27_29_e1894k_ca3/fold_fbn1_cbegf27_29_e1894k_ca3_model_0.cif	86360	147a3a9b41afc65c8778401f5acc8e9e832bb252018d912da79a6015caf7e696	predicted model coordinates
structures/alphafold/batch4/fbn1_cbegf27_29_e1894k_ca3/fold_fbn1_cbegf27_29_e1894k_ca3_model_1.cif	86360	d86e5c1a8601ac0224ac6b316d96821625014fbda2960953eaaa9108be60c2a8	predicted model coordinates
structures/alphafold/batch4/fbn1_cbegf27_29_e1894k_ca3/fold_fbn1_cbegf27_29_e1894k_ca3_model_2.cif	86360	01089329a8abf6471446c3355d167a47b86779365123fa7034aee465d2387bed	predicted model coordinates
structures/alphafold/batch4/fbn1_cbegf27_29_e1894k_ca3/fold_fbn1_cbegf27_29_e1894k_ca3_model_3.cif	86360	fff8a9f2ae8db2ab826a84d38e9706fe0f64f9d86ddb26bf0bd83cdacb789e8a	predicted model coordinates
structures/alphafold/batch4/fbn1_cbegf27_29_e1894k_ca3/fold_fbn1_cbegf27_29_e1894k_ca3_model_4.cif	85425	d4ac1068bc9e00008192a8695c3325e054e02ce494a50c124dcd9d3c7d652af8	predicted model coordinates
structures/alphafold/batch4/fbn1_cbegf27_29_n1907d_ca3/fold_fbn1_cbegf27_29_n1907d_ca3_model_0.cif	86360	93dc867aeab67242f5044cebe50111092b0bac8c1fe47364a676ccdd862eb97f	predicted model coordinates
structures/alphafold/batch4/fbn1_cbegf27_29_n1907d_ca3/fold_fbn1_cbegf27_29_n1907d_ca3_model_1.cif	86360	2cf08beb232fbb1235278dfc25c000b22dd5a17c7b333cf2bbf623c96d381cb4	predicted model coordinates
structures/alphafold/batch4/fbn1_cbegf27_29_n1907d_ca3/fold_fbn1_cbegf27_29_n1907d_ca3_model_2.cif	86360	124cb1a14e515194d265fe06d9f10dae89c1988b6bcbe41e8c748b56b2b555dc	predicted model coordinates
structures/alphafold/batch4/fbn1_cbegf27_29_n1907d_ca3/fold_fbn1_cbegf27_29_n1907d_ca3_model_3.cif	86360	b90a7decfd12538a9aabf96579bf9ec1ab3464f8ea358d8c0a3cc1aea2d42aab	predicted model coordinates
structures/alphafold/batch4/fbn1_cbegf27_29_n1907d_ca3/fold_fbn1_cbegf27_29_n1907d_ca3_model_4.cif	86360	924e53fffc397c11a50e198a23aba3043d0bc28bfdd981e5585b24e2e37581cb	predicted model coordinates
structures/alphafold/batch4/fbn1_cbegf27_29_r1915l_ca3/fold_fbn1_cbegf27_29_r1915l_ca3_model_0.cif	86126	198217a8545dc2beca3ba8e8e64995fad1193f575dc1baf9224ceef61a236e01	predicted model coordinates
structures/alphafold/batch4/fbn1_cbegf27_29_r1915l_ca3/fold_fbn1_cbegf27_29_r1915l_ca3_model_1.cif	86126	e7377060d109ec6db08a429ca9b921f9533561461ab46a210e147c9ec13e6fce	predicted model coordinates
structures/alphafold/batch4/fbn1_cbegf27_29_r1915l_ca3/fold_fbn1_cbegf27_29_r1915l_ca3_model_2.cif	86126	a20eefcc672fe39f49a00ac58ecfbb5dc082e1449db26452367f32078c84a841	predicted model coordinates
structures/alphafold/batch4/fbn1_cbegf27_29_r1915l_ca3/fold_fbn1_cbegf27_29_r1915l_ca3_model_3.cif	86126	4dfe88fc81bf76443d95d50cd8ef7bd9412f624d33786fdc101ae1fad9ba9a6c	predicted model coordinates
structures/alphafold/batch4/fbn1_cbegf27_29_r1915l_ca3/fold_fbn1_cbegf27_29_r1915l_ca3_model_4.cif	86126	d2b1b7c97ea0fce0aed855a59b6bc59d93c7d64ec26a9f053dab408b8529b070	predicted model coordinates
structures/alphafold/batch4/fbn1_cbegf29_31_d1993n_ca3/fold_fbn1_cbegf29_31_d1993n_ca3_model_0.cif	85636	c3e4e3186068750e9cd655c9c2e25a76e06b0f91dfac7b7961befa9a37933468	predicted model coordinates
structures/alphafold/batch4/fbn1_cbegf29_31_d1993n_ca3/fold_fbn1_cbegf29_31_d1993n_ca3_model_1.cif	85636	f9e8df4d40d37c042d5b421a07f5e24e13ba55f0c03d966d133dd18ddb9e0709	predicted model coordinates
structures/alphafold/batch4/fbn1_cbegf29_31_d1993n_ca3/fold_fbn1_cbegf29_31_d1993n_ca3_model_2.cif	85636	5a1de57a524b3923cb6a65c50358e1403cf9ba0b1ef4ad46beec7a6d7d1b2843	predicted model coordinates
structures/alphafold/batch4/fbn1_cbegf29_31_d1993n_ca3/fold_fbn1_cbegf29_31_d1993n_ca3_model_3.cif	85636	7b324723cc06a65c017a43fdad80fcc493cb46f23e0445303080e8160498bec5	predicted model coordinates
structures/alphafold/batch4/fbn1_cbegf29_31_d1993n_ca3/fold_fbn1_cbegf29_31_d1993n_ca3_model_4.cif	85636	81ba384a4e82e91fbd558b4b9c9187ad1b218af03b34b3b19f4244cd888efac2	predicted model coordinates
structures/alphafold/batch4/fbn1_cbegf29_31_e1976a_ca3/fold_fbn1_cbegf29_31_e1976a_ca3_model_0.cif	85324	76ffdfdbf5485356519c5a3212a9b4f31517fe8a0124f38df177c3e0ba5e024d	predicted model coordinates
structures/alphafold/batch4/fbn1_cbegf29_31_e1976a_ca3/fold_fbn1_cbegf29_31_e1976a_ca3_model_1.cif	85324	21d9ee87e3e8de832f4309b92afcb1dad40b64cb8f2ad4738eb8c853c8c279b8	predicted model coordinates
structures/alphafold/batch4/fbn1_cbegf29_31_e1976a_ca3/fold_fbn1_cbegf29_31_e1976a_ca3_model_2.cif	85324	62dd7f0b697f3ae5976cff5a56c869532f25a7965ce4ce553580818c3cf82685	predicted model coordinates
structures/alphafold/batch4/fbn1_cbegf29_31_e1976a_ca3/fold_fbn1_cbegf29_31_e1976a_ca3_model_3.cif	85324	7216b5e54497d616b457de78513383e733cfcfaebbfb1c79a2f8cb4e41476662	predicted model coordinates
structures/alphafold/batch4/fbn1_cbegf29_31_e1976a_ca3/fold_fbn1_cbegf29_31_e1976a_ca3_model_4.cif	85324	301ffcb8cdbe288e94ea00ad588a57a9bdde12a4d9efa02ccf49de11f6973a9b	predicted model coordinates
structures/alphafold/batch4/fbn1_cbegf29_31_g1994v_ca3/fold_fbn1_cbegf29_31_g1994v_ca3_model_0.cif	85868	1d1ff6211d3aff83c71e2f69651b72162127250cbb685c87e82604506cfdae47	predicted model coordinates
structures/alphafold/batch4/fbn1_cbegf29_31_g1994v_ca3/fold_fbn1_cbegf29_31_g1994v_ca3_model_1.cif	85868	6d54d5710c0bc54c2f9f456d77c5dd7824c60068d400d5a04d58eabee96ce053	predicted model coordinates
structures/alphafold/batch4/fbn1_cbegf29_31_g1994v_ca3/fold_fbn1_cbegf29_31_g1994v_ca3_model_2.cif	85868	ef121e39a71725c2e73b410de2f8707ce7a02d197777955b5a6ffe807e366aa8	predicted model coordinates
structures/alphafold/batch4/fbn1_cbegf29_31_g1994v_ca3/fold_fbn1_cbegf29_31_g1994v_ca3_model_3.cif	85868	bcc836881d4706399b2597af916dc4be85f6fbbb797819fcd1d9ff1a52232bf7	predicted model coordinates
structures/alphafold/batch4/fbn1_cbegf29_31_g1994v_ca3/fold_fbn1_cbegf29_31_g1994v_ca3_model_4.cif	85868	125b3dad0cb9b641bd0c6ef3eab4c43f3287ef9a4a26c859526d10a4ab84f771	predicted model coordinates
structures/alphafold/batch4/fbn1_cbegf31_33_d2104g_ca3/fold_fbn1_cbegf31_33_d2104g_ca3_model_0.cif	129464	0f06563a55e1faefaf16f9a798abe9b10a0ccd98bb09fec73b548cb6c6a38189	predicted model coordinates
structures/alphafold/batch4/fbn1_cbegf31_33_d2104g_ca3/fold_fbn1_cbegf31_33_d2104g_ca3_model_1.cif	129464	3e8944ec54f3c67d00a79931916ab4484cf6c15f5c73715a236df5dcb29072f4	predicted model coordinates
structures/alphafold/batch4/fbn1_cbegf31_33_d2104g_ca3/fold_fbn1_cbegf31_33_d2104g_ca3_model_2.cif	129464	4dc93d5cd92bc1de6438e695ac304d09dd7d964da868aa4c2e3e0e49ecfcb113	predicted model coordinates
structures/alphafold/batch4/fbn1_cbegf31_33_d2104g_ca3/fold_fbn1_cbegf31_33_d2104g_ca3_model_3.cif	129464	01cda06868387523b293a969d4d2a7e091b81828359061222d5ad60748d367cc	predicted model coordinates
structures/alphafold/batch4/fbn1_cbegf31_33_d2104g_ca3/fold_fbn1_cbegf31_33_d2104g_ca3_model_4.cif	129464	6c8657405c78daad234dfbda85cd168e2bb1736674fdb91084b63580f88073d2	predicted model coordinates
structures/alphafold/batch4/fbn1_cbegf31_33_i2110t_ca3/fold_fbn1_cbegf31_33_i2110t_ca3_model_0.cif	129701	30676b12629d9708543297eebeda1ef455c335dac1dd04fe17e66a497f500937	predicted model coordinates
structures/alphafold/batch4/fbn1_cbegf31_33_i2110t_ca3/fold_fbn1_cbegf31_33_i2110t_ca3_model_1.cif	129701	9eba253ae8afe7089fc84099a63449728d65c3176fec862e1a850e982dfb3aa4	predicted model coordinates
structures/alphafold/batch4/fbn1_cbegf31_33_i2110t_ca3/fold_fbn1_cbegf31_33_i2110t_ca3_model_2.cif	129701	9a7774abac32d52b7ddf3b1337e7992aec756013f0d92e5d2dedaaca151d782f	predicted model coordinates
structures/alphafold/batch4/fbn1_cbegf31_33_i2110t_ca3/fold_fbn1_cbegf31_33_i2110t_ca3_model_3.cif	129701	aebad9f20184c2a8c22e055b964e41aecafffb3f7143128368a62edd6dff1641	predicted model coordinates
structures/alphafold/batch4/fbn1_cbegf31_33_i2110t_ca3/fold_fbn1_cbegf31_33_i2110t_ca3_model_4.cif	129701	7bfa5c61b241a3e60e126d4d0e2fea71d7f7595e014cdbc751e2f20413918e85	predicted model coordinates
structures/alphafold/batch4/fbn1_cbegf31_33_n2144h_ca3/fold_fbn1_cbegf31_33_n2144h_ca3_model_0.cif	129938	c5cc4330bf3e680e300d41dd27bd77d933367738e999c4673928d293889fd998	predicted model coordinates
structures/alphafold/batch4/fbn1_cbegf31_33_n2144h_ca3/fold_fbn1_cbegf31_33_n2144h_ca3_model_1.cif	129938	d30b95f0370d1470257f99ed4728ad3123e6d8594c55aefc01df010945dfb5c6	predicted model coordinates
structures/alphafold/batch4/fbn1_cbegf31_33_n2144h_ca3/fold_fbn1_cbegf31_33_n2144h_ca3_model_2.cif	129938	b8398600d601a85e62170104b24f3c8cc41d0aeff77f97b9130a47f572bc7c3d	predicted model coordinates
structures/alphafold/batch4/fbn1_cbegf31_33_n2144h_ca3/fold_fbn1_cbegf31_33_n2144h_ca3_model_3.cif	129938	83dea72aa79749faea0a873685aec53280f609a18d834c04e8427a8360041234	predicted model coordinates
structures/alphafold/batch4/fbn1_cbegf31_33_n2144h_ca3/fold_fbn1_cbegf31_33_n2144h_ca3_model_4.cif	129938	91069c17880de0d58c42bf9609efd080369014666dc344fc3872f61c5ec18d55	predicted model coordinates
structures/alphafold/batch4/fbn1_cbegf37_39_d2485g_ca3/fold_fbn1_cbegf37_39_d2485g_ca3_model_0.cif	85605	9efcab7ce58e79744587cddff61bc3fa3b8473448b74d9c64d1f557efa475abe	predicted model coordinates
structures/alphafold/batch4/fbn1_cbegf37_39_d2485g_ca3/fold_fbn1_cbegf37_39_d2485g_ca3_model_1.cif	85605	94a5bd320a2661fc8d4ad19a53eb3b3f0bcc5cb6cfd99d5a2933cdf38ffe27fc	predicted model coordinates
structures/alphafold/batch4/fbn1_cbegf37_39_d2485g_ca3/fold_fbn1_cbegf37_39_d2485g_ca3_model_2.cif	85605	d4f3708982e43677c00f364feee9646debcba18af9e2d2d2be72248e44266409	predicted model coordinates
structures/alphafold/batch4/fbn1_cbegf37_39_d2485g_ca3/fold_fbn1_cbegf37_39_d2485g_ca3_model_3.cif	85605	ae4833855d7719f1aa08e9c320c32c25b1785db82f9be467d5473f7db19e6316	predicted model coordinates
structures/alphafold/batch4/fbn1_cbegf37_39_d2485g_ca3/fold_fbn1_cbegf37_39_d2485g_ca3_model_4.cif	85605	fd576f2fd12c45a4bef896be85b1f8f624882473cd361cdec23e759aa507211b	predicted model coordinates
structures/alphafold/batch4/fbn1_cbegf37_39_d2487g_ca3/fold_fbn1_cbegf37_39_d2487g_ca3_model_0.cif	85605	590bd319246d0c1ef04883fd488b0381675c4cfcdd0363fb8564e024a138ffbf	predicted model coordinates
structures/alphafold/batch4/fbn1_cbegf37_39_d2487g_ca3/fold_fbn1_cbegf37_39_d2487g_ca3_model_1.cif	85605	3f60aa29fa8697ced6026875ed7da63686ddcfa98ad3e9aa25085873db5c45eb	predicted model coordinates
structures/alphafold/batch4/fbn1_cbegf37_39_d2487g_ca3/fold_fbn1_cbegf37_39_d2487g_ca3_model_2.cif	85605	27630049382e5edc0e41cbc40208c11be4cfa22c01b3f8ea2815d556c55e4530	predicted model coordinates
structures/alphafold/batch4/fbn1_cbegf37_39_d2487g_ca3/fold_fbn1_cbegf37_39_d2487g_ca3_model_3.cif	85605	9c083714618c7aadd3df16be08fbe3848074efae100b2a29a4f89d436dbfcd8e	predicted model coordinates
structures/alphafold/batch4/fbn1_cbegf37_39_d2487g_ca3/fold_fbn1_cbegf37_39_d2487g_ca3_model_4.cif	85605	548fb475083406509770ada40a56300d968328ce2c7901b9df20a9c620a027f0	predicted model coordinates
structures/alphafold/batch4/fbn1_cbegf37_39_e2447k_ca3/fold_fbn1_cbegf37_39_e2447k_ca3_model_0.cif	85917	93c46ed1b303d4e30947b43c31b673d61c85760c2880d7ead049a26f3960cc28	predicted model coordinates
structures/alphafold/batch4/fbn1_cbegf37_39_e2447k_ca3/fold_fbn1_cbegf37_39_e2447k_ca3_model_1.cif	85917	c22a92ccf033555f92af43d9adb5cb505de28ad7f1213022e2051d6b75c600f9	predicted model coordinates
structures/alphafold/batch4/fbn1_cbegf37_39_e2447k_ca3/fold_fbn1_cbegf37_39_e2447k_ca3_model_2.cif	85917	5daba2199ec32c7c1fe6f3496f8adf49af9c23559c14f9ac04883ce0b3d09c30	predicted model coordinates
structures/alphafold/batch4/fbn1_cbegf37_39_e2447k_ca3/fold_fbn1_cbegf37_39_e2447k_ca3_model_3.cif	85917	a3fd289cb336d62d06aa36869b708ad84d392edfe6b6c19b04c81e24006bec7e	predicted model coordinates
structures/alphafold/batch4/fbn1_cbegf37_39_e2447k_ca3/fold_fbn1_cbegf37_39_e2447k_ca3_model_4.cif	85917	808fee5351b2bbceeb7020a14542df498c7986e5f4c6be31155c3f4a4dcdef73	predicted model coordinates
structures/alphafold/batch4/fbn1_cbegf37_39_s2469l_ca3/fold_fbn1_cbegf37_39_s2469l_ca3_model_0.cif	86073	75323f1248953c04e942d3355706c8ec84e84b0ec86e03b82884ce8ffcbbdfdf	predicted model coordinates
structures/alphafold/batch4/fbn1_cbegf37_39_s2469l_ca3/fold_fbn1_cbegf37_39_s2469l_ca3_model_1.cif	86073	f0e949477ec4ddcf66fb40ff0567d9adc7ee8b715ae890b40855e298299be6d9	predicted model coordinates
structures/alphafold/batch4/fbn1_cbegf37_39_s2469l_ca3/fold_fbn1_cbegf37_39_s2469l_ca3_model_2.cif	86073	9323a479a9da0ce307dd5d9023d8db476d1551768e05bed5fa87ee6709408a7b	predicted model coordinates
structures/alphafold/batch4/fbn1_cbegf37_39_s2469l_ca3/fold_fbn1_cbegf37_39_s2469l_ca3_model_3.cif	86073	894b3942aeb00a6db1751058bc21a2d1156fd140bfc5fca5651b6abf2da4cb81	predicted model coordinates
structures/alphafold/batch4/fbn1_cbegf37_39_s2469l_ca3/fold_fbn1_cbegf37_39_s2469l_ca3_model_4.cif	86073	a4261d645d11141c86d394167baaff8f3909cb1be3e295a70175d80cb3b83843	predicted model coordinates
structures/alphafold/batch4/fbn1_cbegf39_41_e2570k_ca3/fold_fbn1_cbegf39_41_e2570k_ca3_model_0.cif	86118	13ef9bf0aec53bed9f84a3a4fa7491ed7f2f31f6f71d3746b65b19d730203c34	predicted model coordinates
structures/alphafold/batch4/fbn1_cbegf39_41_e2570k_ca3/fold_fbn1_cbegf39_41_e2570k_ca3_model_1.cif	86118	cf9b0180115f9be8422e607179c29817f227ef9ec7e0e7685e13980dc3378d84	predicted model coordinates
structures/alphafold/batch4/fbn1_cbegf39_41_e2570k_ca3/fold_fbn1_cbegf39_41_e2570k_ca3_model_2.cif	86118	d11253e874cd74e1bbdea52313651d19727257e32c52c90ad6139fd83360d211	predicted model coordinates
structures/alphafold/batch4/fbn1_cbegf39_41_e2570k_ca3/fold_fbn1_cbegf39_41_e2570k_ca3_model_3.cif	86118	b3f0a392f36b21cc10f229a49c58784af742966c3124dbbaa8fde7fd2c208321	predicted model coordinates
structures/alphafold/batch4/fbn1_cbegf39_41_e2570k_ca3/fold_fbn1_cbegf39_41_e2570k_ca3_model_4.cif	86118	cdc3231d544b9c22f12eb55a2468e291a319ed02327b0ef8e97d08b4215c60ac	predicted model coordinates
structures/alphafold/batch4/fbn1_cbegf39_41_t2549p_ca3/fold_fbn1_cbegf39_41_t2549p_ca3_model_0.cif	86118	fdcfde769c2112f417d2c4d83f29b96a0818c6ec2f649a87c6ce483e8cf91df9	predicted model coordinates
structures/alphafold/batch4/fbn1_cbegf39_41_t2549p_ca3/fold_fbn1_cbegf39_41_t2549p_ca3_model_1.cif	86118	c09c7ee066d3ddfbb82ef8ba22f74ab697a3372c867bc0727f4f373a4d5f55f4	predicted model coordinates
structures/alphafold/batch4/fbn1_cbegf39_41_t2549p_ca3/fold_fbn1_cbegf39_41_t2549p_ca3_model_2.cif	86118	5e018f453935e1a4742a11c2720c3bfd030e8ec8aaabfe107b9b095f6a4e411a	predicted model coordinates
structures/alphafold/batch4/fbn1_cbegf39_41_t2549p_ca3/fold_fbn1_cbegf39_41_t2549p_ca3_model_3.cif	86118	d432e22293442cc8faa47bbf835158591080eda5f89295ebb502b38b12142939	predicted model coordinates
structures/alphafold/batch4/fbn1_cbegf39_41_t2549p_ca3/fold_fbn1_cbegf39_41_t2549p_ca3_model_4.cif	86118	a51d32c39e1131a259ae445a14cd991d5daa4791763d2b6710e754e49560e426	predicted model coordinates
structures/alphafold/batch4/fbn1_cbegf3_5_i547t_ca3/fold_fbn1_cbegf3_5_i547t_ca3_model_0.cif	86238	47c70c758f1858c422e2b9068f585435d64e35a3b24b4911fe72c1cd9fe0e375	predicted model coordinates
structures/alphafold/batch4/fbn1_cbegf3_5_i547t_ca3/fold_fbn1_cbegf3_5_i547t_ca3_model_1.cif	86238	ffad7836f9a2a4f9a2084fb8744ae356ed3bca3be0ed6f22924d845a256d7cb1	predicted model coordinates
structures/alphafold/batch4/fbn1_cbegf3_5_i547t_ca3/fold_fbn1_cbegf3_5_i547t_ca3_model_2.cif	86238	455257fa1346d059bc02426db24755b7a38b3b90052964e98d681b7f0de43889	predicted model coordinates
structures/alphafold/batch4/fbn1_cbegf3_5_i547t_ca3/fold_fbn1_cbegf3_5_i547t_ca3_model_3.cif	86238	05b5f16e811a5e0fe0331925a31cd3e76ebe97e5f3de7681e0efecc943c5b65d	predicted model coordinates
structures/alphafold/batch4/fbn1_cbegf3_5_i547t_ca3/fold_fbn1_cbegf3_5_i547t_ca3_model_4.cif	86238	954760c730a381038276c2da073bbb9fb7deefb1d4a9ba3620c506fa2d1b6037	predicted model coordinates
structures/alphafold/batch4/fbn1_cbegf3_5_n548i_ca3/fold_fbn1_cbegf3_5_n548i_ca3_model_0.cif	86316	76bf97b9fbe5b880ad383cd31fedd57d73af1472e6b08cfb57d644516fbb68da	predicted model coordinates
structures/alphafold/batch4/fbn1_cbegf3_5_n548i_ca3/fold_fbn1_cbegf3_5_n548i_ca3_model_1.cif	86316	5c84a71a51a4d4d0cd46592ec1904ab2eac8a9a2195b23b604d1bf2e2d444a16	predicted model coordinates
structures/alphafold/batch4/fbn1_cbegf3_5_n548i_ca3/fold_fbn1_cbegf3_5_n548i_ca3_model_2.cif	86316	1b65a8a0d390f23b8510733b17134d0e35189913eebb32f2b9a964c749e7db90	predicted model coordinates
structures/alphafold/batch4/fbn1_cbegf3_5_n548i_ca3/fold_fbn1_cbegf3_5_n548i_ca3_model_3.cif	86316	e9ac4d8de9702a1fa770014a654419c86ea1d25a33a2d9665b3caf12e411da95	predicted model coordinates
structures/alphafold/batch4/fbn1_cbegf3_5_n548i_ca3/fold_fbn1_cbegf3_5_n548i_ca3_model_4.cif	86316	53b2cb38a60fc8eb2c16947bd9b4c18b81577ac1ee8ba69b5cf0edef4b4bc9fb	predicted model coordinates
structures/alphafold/batch4/fbn1_cbegf3_5_n589s_ca3/fold_fbn1_cbegf3_5_n589s_ca3_model_0.cif	86158	602edbd4dd026f4b563e40217a1ea05f24df8ed00821aff759d355e99fa81a8c	predicted model coordinates
structures/alphafold/batch4/fbn1_cbegf3_5_n589s_ca3/fold_fbn1_cbegf3_5_n589s_ca3_model_1.cif	86158	667df58675c6d96beb3fe3e5cb71d493beec035c24f9f5353c9957ec5492e627	predicted model coordinates
structures/alphafold/batch4/fbn1_cbegf3_5_n589s_ca3/fold_fbn1_cbegf3_5_n589s_ca3_model_2.cif	86158	6fee225c42c6b2aeb0c38d7f85335623df52322c57941f69e6148d1d3449ceda	predicted model coordinates
structures/alphafold/batch4/fbn1_cbegf3_5_n589s_ca3/fold_fbn1_cbegf3_5_n589s_ca3_model_3.cif	86158	3d18c64cff67583050c33fa564e48ff0aa299d96523b05f83fdbb3395e3b77ff	predicted model coordinates
structures/alphafold/batch4/fbn1_cbegf3_5_n589s_ca3/fold_fbn1_cbegf3_5_n589s_ca3_model_4.cif	86158	07664e7891a11c78fbda901ca8fb719e4ae252981deb19db4f3b1e6432eb05be	predicted model coordinates
structures/alphafold/batch4/fbn1_cbegf41_43_d2607n_ca3/fold_fbn1_cbegf41_43_d2607n_ca3_model_0.cif	84152	705be1b956222a672e7145e50dbd511bd666e84ef2e72fe25b8cda11e53354b4	predicted model coordinates
structures/alphafold/batch4/fbn1_cbegf41_43_d2607n_ca3/fold_fbn1_cbegf41_43_d2607n_ca3_model_1.cif	84152	29b7170ab0cdbf43a86cea36025a0d6af12141829b0d81f781e1147fbf7dd5c5	predicted model coordinates
structures/alphafold/batch4/fbn1_cbegf41_43_d2607n_ca3/fold_fbn1_cbegf41_43_d2607n_ca3_model_2.cif	84152	f69922de4b587b7d0f3eabd51c84ef9cf7392658d37e1e1b832202250fced8b5	predicted model coordinates
structures/alphafold/batch4/fbn1_cbegf41_43_d2607n_ca3/fold_fbn1_cbegf41_43_d2607n_ca3_model_3.cif	84152	b0b1bae25b6326f2f0c4893edac70cbb5bd1e5d4731a12370c0454a390d14a3f	predicted model coordinates
structures/alphafold/batch4/fbn1_cbegf41_43_d2607n_ca3/fold_fbn1_cbegf41_43_d2607n_ca3_model_4.cif	84152	d87696fbc2f3b2bb83666c9e67bf0e970362cfd1fa5f08f7b1bc89db5b55780a	predicted model coordinates
structures/alphafold/batch4/fbn1_cbegf41_43_n2624s_ca3/fold_fbn1_cbegf41_43_n2624s_ca3_model_0.cif	83994	22d9eeb3d65ff401caf2737028f08b229c06668883cb4fdfdbe038839ee3e4fc	predicted model coordinates
structures/alphafold/batch4/fbn1_cbegf41_43_n2624s_ca3/fold_fbn1_cbegf41_43_n2624s_ca3_model_1.cif	83994	2b19248d229b1a0f6de270e329b501358fdc6d0f439f626ed62aaa57fc145f6e	predicted model coordinates
structures/alphafold/batch4/fbn1_cbegf41_43_n2624s_ca3/fold_fbn1_cbegf41_43_n2624s_ca3_model_2.cif	83994	319fe50939b914849cde3e086925db6e2ee199bc01237cb0e007ead51a6cbd3d	predicted model coordinates
structures/alphafold/batch4/fbn1_cbegf41_43_n2624s_ca3/fold_fbn1_cbegf41_43_n2624s_ca3_model_3.cif	83994	b9afb8aa93ca69365fc83d623eefd1ef19fe5b1a35e498aeb277ddee231e5cd9	predicted model coordinates
structures/alphafold/batch4/fbn1_cbegf41_43_n2624s_ca3/fold_fbn1_cbegf41_43_n2624s_ca3_model_4.cif	83994	1b5378d0265d703c210a131cff2fef69d86d2013d7434d78cb4886670dd5d453	predicted model coordinates
structures/alphafold/batch4/fbn1_cbegf5_7_d613n_ca3/fold_fbn1_cbegf5_7_d613n_ca3_model_0.cif	128804	388316ed3b74b58b3b46eb1291f631c22027bc23781890a0bdf421849dc5b2a3	predicted model coordinates
structures/alphafold/batch4/fbn1_cbegf5_7_d613n_ca3/fold_fbn1_cbegf5_7_d613n_ca3_model_1.cif	128804	4fc96e8a0529809e007f9bb3530a1dadc9f043defb07f9480a579efc1c0379e9	predicted model coordinates
structures/alphafold/batch4/fbn1_cbegf5_7_d613n_ca3/fold_fbn1_cbegf5_7_d613n_ca3_model_2.cif	128804	4725823e85969575e46704181d9595880b12acd3e0b154344cd347c3b4c83ffc	predicted model coordinates
structures/alphafold/batch4/fbn1_cbegf5_7_d613n_ca3/fold_fbn1_cbegf5_7_d613n_ca3_model_3.cif	128804	e3066e1a45134a4a9057167558e1e2b591003423849328d4b31844775bc959e5	predicted model coordinates
structures/alphafold/batch4/fbn1_cbegf5_7_d613n_ca3/fold_fbn1_cbegf5_7_d613n_ca3_model_4.cif	128804	f9c6cf3ea452a276a1b6e047e7ffcb7784c8c081d8c3dd4be697ebdb03ca836f	predicted model coordinates
structures/alphafold/batch4/fbn1_cbegf5_7_d723a_ca3/fold_fbn1_cbegf5_7_d723a_ca3_model_0.cif	128567	c19475c80742bfce0883ccdca9491bd08c30aab685fbf9fa0d6079d4f6ba6489	predicted model coordinates
structures/alphafold/batch4/fbn1_cbegf5_7_d723a_ca3/fold_fbn1_cbegf5_7_d723a_ca3_model_1.cif	128567	2c5ec548391eba63ae395b2c746dc510dbebc774f939b470a22c0f2c15fcd7d4	predicted model coordinates
structures/alphafold/batch4/fbn1_cbegf5_7_d723a_ca3/fold_fbn1_cbegf5_7_d723a_ca3_model_2.cif	128567	d47a87fc81f88af5546aacdb6f2474dbd91dcd2fe2f900f2beba368f6a405f26	predicted model coordinates
structures/alphafold/batch4/fbn1_cbegf5_7_d723a_ca3/fold_fbn1_cbegf5_7_d723a_ca3_model_3.cif	128567	115809b66731a38fe46ebe736c89fc247cbd3ca89b8fbb86086a595e7d887a6e	predicted model coordinates
structures/alphafold/batch4/fbn1_cbegf5_7_d723a_ca3/fold_fbn1_cbegf5_7_d723a_ca3_model_4.cif	128567	ac831c12509f98a4a15aab29230a9a4a8b2af4f4d729c8010b5c4b7e2fc34233	predicted model coordinates
structures/alphafold/batch4/fbn1_cbegf5_7_d723g_ca3/fold_fbn1_cbegf5_7_d723g_ca3_model_0.cif	128488	d9d5523cec74248b180c0f35c87ac616c66684286bc078450f07be1eff6b1495	predicted model coordinates
structures/alphafold/batch4/fbn1_cbegf5_7_d723g_ca3/fold_fbn1_cbegf5_7_d723g_ca3_model_1.cif	128488	810d2d16d9a1410a2d3c8ab59727a84b27ec9e3cbabdc787af274c40b1adca3a	predicted model coordinates
structures/alphafold/batch4/fbn1_cbegf5_7_d723g_ca3/fold_fbn1_cbegf5_7_d723g_ca3_model_2.cif	128488	5910954953c894a8128abf618134e79f8cc2d18063d713ddbe450b0b7e8882d9	predicted model coordinates
structures/alphafold/batch4/fbn1_cbegf5_7_d723g_ca3/fold_fbn1_cbegf5_7_d723g_ca3_model_3.cif	128488	dfd4069cc586f35cd62bce0779111248affc9e8f50038ca5193398f8fb82466c	predicted model coordinates
structures/alphafold/batch4/fbn1_cbegf5_7_d723g_ca3/fold_fbn1_cbegf5_7_d723g_ca3_model_4.cif	128488	4516a02da729d4b8ee897b89aadeced4ea51b6d97f9218daffa06cb9f930166b	predicted model coordinates
structures/alphafold/batch4/fbn1_cbegf5_7_e638k_ca3/fold_fbn1_cbegf5_7_e638k_ca3_model_0.cif	128804	051f07a63f22ac5b3d9ea0f9c56515f8ac15359011c5d69c4bcfb733b6642a83	predicted model coordinates
structures/alphafold/batch4/fbn1_cbegf5_7_e638k_ca3/fold_fbn1_cbegf5_7_e638k_ca3_model_1.cif	128804	c56735847d9a1c892993ccc6324e8ec34ee7d8e340d27c2d0241a4c4f9ca0ad7	predicted model coordinates
structures/alphafold/batch4/fbn1_cbegf5_7_e638k_ca3/fold_fbn1_cbegf5_7_e638k_ca3_model_2.cif	128804	352d8db70f5441386a968ee52de7c4ef229e0fb68a61091a996a53f3c8138762	predicted model coordinates
structures/alphafold/batch4/fbn1_cbegf5_7_e638k_ca3/fold_fbn1_cbegf5_7_e638k_ca3_model_3.cif	128804	0a22b66928666905433351ec11db0fcd1187fd67b403ea1a308d636f946d69b9	predicted model coordinates
structures/alphafold/batch4/fbn1_cbegf5_7_e638k_ca3/fold_fbn1_cbegf5_7_e638k_ca3_model_4.cif	128804	d6e834b149887cbe426095096e2b58b00ce1a823051f15dbee0658cec22e4d3b	predicted model coordinates
structures/alphafold/batch4/fbn1_cbegf5_7_e726g_ca3/fold_fbn1_cbegf5_7_e726g_ca3_model_0.cif	128409	f904da55637cc08ba5d9fd5ff58086b84778010321953c460b98a22d360c6442	predicted model coordinates
structures/alphafold/batch4/fbn1_cbegf5_7_e726g_ca3/fold_fbn1_cbegf5_7_e726g_ca3_model_1.cif	128409	535797868a75819c536ff87a1c52667de8b72bc8d84715a14651ab3954b4340b	predicted model coordinates
structures/alphafold/batch4/fbn1_cbegf5_7_e726g_ca3/fold_fbn1_cbegf5_7_e726g_ca3_model_2.cif	128409	52cc625212549f6b8ad8fd05629225599e413cf28082c9329aa3a4c7fd99a5e5	predicted model coordinates
structures/alphafold/batch4/fbn1_cbegf5_7_e726g_ca3/fold_fbn1_cbegf5_7_e726g_ca3_model_3.cif	128409	acb89d92e71e3467b55f00e4475e9f555b0f07da91ca1303786b5eed5b9770d9	predicted model coordinates
structures/alphafold/batch4/fbn1_cbegf5_7_e726g_ca3/fold_fbn1_cbegf5_7_e726g_ca3_model_4.cif	128409	91dbbe130eefb6f478e959115bf69d45f62472c5b937edb48da8305683036e7b	predicted model coordinates
structures/alphafold/batch4/fbn1_cbegf5_7_n741k_ca3/fold_fbn1_cbegf5_7_n741k_ca3_model_0.cif	128881	8042f2e8d1cbac8791677d8deb37980afe2f3ac9099c196767e0edcc101313f3	predicted model coordinates
structures/alphafold/batch4/fbn1_cbegf5_7_n741k_ca3/fold_fbn1_cbegf5_7_n741k_ca3_model_1.cif	128881	09e63ff74d8aae7fb37abe654cf8394ea70ddb84eb94150d3548599ecb4adb32	predicted model coordinates
structures/alphafold/batch4/fbn1_cbegf5_7_n741k_ca3/fold_fbn1_cbegf5_7_n741k_ca3_model_2.cif	128881	b580cc7c642767f7daada6932d2ebb9d1510dca77d47a3f54b56949bd67d1542	predicted model coordinates
structures/alphafold/batch4/fbn1_cbegf5_7_n741k_ca3/fold_fbn1_cbegf5_7_n741k_ca3_model_3.cif	128881	f030ab60a292f28e8ee92f2803bf3ae43100a3c0f4b84d0bc30c919b37d83356	predicted model coordinates
structures/alphafold/batch4/fbn1_cbegf5_7_n741k_ca3/fold_fbn1_cbegf5_7_n741k_ca3_model_4.cif	128881	866d29538f8379a160538f0810dc04ff3caa335143a6f78f7fb22579de79a8fe	predicted model coordinates
structures/alphafold/batch4/fbn1_cbegf9_11_d1028g_ca3/fold_fbn1_cbegf9_11_d1028g_ca3_model_0.cif	175597	208a0011641e8e3d0ad92426cb1be48f59b75072df2928783055373434848a72	predicted model coordinates
structures/alphafold/batch4/fbn1_cbegf9_11_d1028g_ca3/fold_fbn1_cbegf9_11_d1028g_ca3_model_1.cif	175597	f7e17168c6b90d26616050a650116bce0793620da7769073d96e15fe5004b80e	predicted model coordinates
structures/alphafold/batch4/fbn1_cbegf9_11_d1028g_ca3/fold_fbn1_cbegf9_11_d1028g_ca3_model_2.cif	175597	cd8fb5fb5e9a6abf2691d9a90c0388666340aadc3c052858cc955187aab9a74a	predicted model coordinates
structures/alphafold/batch4/fbn1_cbegf9_11_d1028g_ca3/fold_fbn1_cbegf9_11_d1028g_ca3_model_3.cif	175597	634e03bdad478d102f352b5ec9309717af4da103d1835d92daad42c7b13526ef	predicted model coordinates
structures/alphafold/batch4/fbn1_cbegf9_11_d1028g_ca3/fold_fbn1_cbegf9_11_d1028g_ca3_model_4.cif	175597	b30cafdf7e0488789e5db10c85e94f0954766d59421481872f1aef06be5d4938	predicted model coordinates
structures/alphafold/batch4/fbn1_cbegf9_11_n1046s_ca3/fold_fbn1_cbegf9_11_n1046s_ca3_model_0.cif	175757	440745ece4e2e9590ca1e2ceaced8b0bf84568a1b7db47860ca84f8422277891	predicted model coordinates
structures/alphafold/batch4/fbn1_cbegf9_11_n1046s_ca3/fold_fbn1_cbegf9_11_n1046s_ca3_model_1.cif	175757	b54978f8b7e073eab057f54909b738f367aaec0f3bb9d70ca93ce189c18912f8	predicted model coordinates
structures/alphafold/batch4/fbn1_cbegf9_11_n1046s_ca3/fold_fbn1_cbegf9_11_n1046s_ca3_model_2.cif	175757	bc8bc5549b26fd239ba86456553c6b0f6f8c3973ee9e78f10eb69b0c3768129d	predicted model coordinates
structures/alphafold/batch4/fbn1_cbegf9_11_n1046s_ca3/fold_fbn1_cbegf9_11_n1046s_ca3_model_3.cif	175757	d620aec41ecd10bd41170aca15ce3b8efd5c6a8c8a4890da65b966682308ea21	predicted model coordinates
structures/alphafold/batch4/fbn1_cbegf9_11_n1046s_ca3/fold_fbn1_cbegf9_11_n1046s_ca3_model_4.cif	175757	21ba7811b1c46e7066b6a2700c3cda9c36342765aa23a3f973a30dd11659b66a	predicted model coordinates
structures/alphafold/batch4/fbn1_cbegf9_11_n867k_ca3/fold_fbn1_cbegf9_11_n867k_ca3_model_0.cif	175992	606818ca040b14e1b3ea5a23813bf7b6d1c2464b33c142f76ad38017f67a708a	predicted model coordinates
structures/alphafold/batch4/fbn1_cbegf9_11_n867k_ca3/fold_fbn1_cbegf9_11_n867k_ca3_model_1.cif	175992	1a688848491e07bc14b3cbf59559f665372f1819719ecec43ffb94bdcf873549	predicted model coordinates
structures/alphafold/batch4/fbn1_cbegf9_11_n867k_ca3/fold_fbn1_cbegf9_11_n867k_ca3_model_2.cif	175992	64e0f868d88c49cf2127ce77a61b40d9f75821812712bd438ea264c4ab753c29	predicted model coordinates
structures/alphafold/batch4/fbn1_cbegf9_11_n867k_ca3/fold_fbn1_cbegf9_11_n867k_ca3_model_3.cif	175992	c3ab9f900653ab8ff871f61aa60e478203f7208887846b3e40049c6c09346932	predicted model coordinates
structures/alphafold/batch4/fbn1_cbegf9_11_n867k_ca3/fold_fbn1_cbegf9_11_n867k_ca3_model_4.cif	175992	f3526e2237c237ae4f354eb64da52428ade98d95a4c53cbf6c82ee90a2ae4929	predicted model coordinates
structures/alphafold/fbn1_cbegf11_13_ca3/fold_fbn1_cbegf11_13_ca3_model_0.cif	88910	56ff838a7aed976494a425881c5a792bf2c3ae94a5c1c2287883cf5da998cde2	predicted model coordinates
structures/alphafold/fbn1_cbegf11_13_ca3/fold_fbn1_cbegf11_13_ca3_model_1.cif	88910	319ef323128d666d17e3594a20edc0ab974401afa654ab02ae4574ce5dbf73e3	predicted model coordinates
structures/alphafold/fbn1_cbegf11_13_ca3/fold_fbn1_cbegf11_13_ca3_model_2.cif	88910	fae0f557acf6a3f351f655edd20ea4adcbb42f9436cade0fd5287462e9191126	predicted model coordinates
structures/alphafold/fbn1_cbegf11_13_ca3/fold_fbn1_cbegf11_13_ca3_model_3.cif	88910	fe2d22cc470d398cdffd69dec506e9775c3c38a6ebec3775a02324352c87521d	predicted model coordinates
structures/alphafold/fbn1_cbegf11_13_ca3/fold_fbn1_cbegf11_13_ca3_model_4.cif	88910	4f131db71577f7002eba71db689922069092e7241516574e74e57970d197a996	predicted model coordinates
structures/alphafold/fbn1_cbegf12_13_c1138f_ca2/fold_fbn1_cbegf12_13_c1138f_ca2_model_0.cif	61189	960db0a8081ff3b5f0ed405b00fb9def2e3e14a60e37df20ec6ad123f132b804	predicted model coordinates
structures/alphafold/fbn1_cbegf12_13_c1138f_ca2/fold_fbn1_cbegf12_13_c1138f_ca2_model_1.cif	61189	25dcae965784aa86d1ccfa3947d6cee1f08e7b9e074d0a963a30eb527e408d44	predicted model coordinates
structures/alphafold/fbn1_cbegf12_13_c1138f_ca2/fold_fbn1_cbegf12_13_c1138f_ca2_model_2.cif	61189	0b0dbf04fea4978140d0b6b05c3ba632b9634e88d5c7dad37251fc9a1d93598a	predicted model coordinates
structures/alphafold/fbn1_cbegf12_13_c1138f_ca2/fold_fbn1_cbegf12_13_c1138f_ca2_model_3.cif	61189	8b7ec71ad5ea9069aeddb8a2b75b1328ac858bde77fd4e5f6312d626559f073d	predicted model coordinates
structures/alphafold/fbn1_cbegf12_13_c1138f_ca2/fold_fbn1_cbegf12_13_c1138f_ca2_model_4.cif	61189	2f7766ed33e66d5c2eeb9a61adcd22fec441b8fb1f6be98fa5ff7116ec91c433	predicted model coordinates
structures/alphafold/fbn1_cbegf12_13_d1113g_ca2/fold_fbn1_cbegf12_13_d1113g_ca2_model_0.cif	60505	09945bd5cd0686645a8730f41ab973a72e0a18a743f41f53015a36ab1e2960eb	predicted model coordinates
structures/alphafold/fbn1_cbegf12_13_d1113g_ca2/fold_fbn1_cbegf12_13_d1113g_ca2_model_1.cif	60505	6810ed07643d218ffd541bd5fe62d8d2ee22a829173c1fc55b7c3b618d937054	predicted model coordinates
structures/alphafold/fbn1_cbegf12_13_d1113g_ca2/fold_fbn1_cbegf12_13_d1113g_ca2_model_2.cif	60505	4a53218e8517b91f1d1dfb8818761813a00bd5d6cda4a040e50ddd814c9c3efd	predicted model coordinates
structures/alphafold/fbn1_cbegf12_13_d1113g_ca2/fold_fbn1_cbegf12_13_d1113g_ca2_model_3.cif	60505	e70c2eeaaf474e7ef10b804d6456702a5db03cd51cafc8bcd4403f496692b27c	predicted model coordinates
structures/alphafold/fbn1_cbegf12_13_d1113g_ca2/fold_fbn1_cbegf12_13_d1113g_ca2_model_4.cif	60505	4ac33b9c1964eff3d4843bc2117290e6ff764ce9c51711e1d491cc98ce32e1ee	predicted model coordinates
structures/alphafold/fbn1_cbegf12_13_e1073k_ca2/fold_fbn1_cbegf12_13_e1073k_ca2_model_0.cif	60807	89d4da9784ea1f43182b899fd168b384a083ddde697336f811cad22f915522f4	predicted model coordinates
structures/alphafold/fbn1_cbegf12_13_e1073k_ca2/fold_fbn1_cbegf12_13_e1073k_ca2_model_1.cif	60807	a80ea280fd7359850e3878789eb940de3d42f1176af61f9d8d9043a48ca92fab	predicted model coordinates
structures/alphafold/fbn1_cbegf12_13_e1073k_ca2/fold_fbn1_cbegf12_13_e1073k_ca2_model_2.cif	60807	1d6649f06a86adba654dae684d1a8751ad4c8e304f9effb16517eb7978926308	predicted model coordinates
structures/alphafold/fbn1_cbegf12_13_e1073k_ca2/fold_fbn1_cbegf12_13_e1073k_ca2_model_3.cif	60807	9b70bd8ee5bdaa1ce71605d8071e48faef50261d88274c944fe6e58568398738	predicted model coordinates
structures/alphafold/fbn1_cbegf12_13_e1073k_ca2/fold_fbn1_cbegf12_13_e1073k_ca2_model_4.cif	60807	a935e97bff54a16bfeda856a9d51de4c04f9caf912c286c59cd9081f4da526f1	predicted model coordinates
structures/alphafold/fbn1_cbegf12_13_p1141l_ca2/fold_fbn1_cbegf12_13_p1141l_ca2_model_0.cif	60885	31cbeadf153987aa060e16887de52a1a5ddb1e6b9c1b68d1ac784a5192276a7d	predicted model coordinates
structures/alphafold/fbn1_cbegf12_13_p1141l_ca2/fold_fbn1_cbegf12_13_p1141l_ca2_model_1.cif	60885	6d15899567f1c1f2077287750c857ee31a0cd08b3fa4fd7e685d1870432a3962	predicted model coordinates
structures/alphafold/fbn1_cbegf12_13_p1141l_ca2/fold_fbn1_cbegf12_13_p1141l_ca2_model_2.cif	60885	491aa09065303f153f861bac405ffce7de6caeb56e150089069978128eb634cb	predicted model coordinates
structures/alphafold/fbn1_cbegf12_13_p1141l_ca2/fold_fbn1_cbegf12_13_p1141l_ca2_model_3.cif	60885	8cf45e7c82c90c6fadbda38cc86602b2dc5f5bfe996742dce6be71e2ca752663	predicted model coordinates
structures/alphafold/fbn1_cbegf12_13_p1141l_ca2/fold_fbn1_cbegf12_13_p1141l_ca2_model_4.cif	60885	bd6312dca69c24693515b19d384b5031c9f6f4fa188a07b2917dce0775a90ec0	predicted model coordinates
structures/alphafold/fbn1_cbegf13_15_ca3/fold_fbn1_cbegf13_15_ca3_model_0.cif	86872	55c861ab3335ffb105cc9f00caebc294c29a94211427ee2b46fb5f9395d457e9	predicted model coordinates
structures/alphafold/fbn1_cbegf13_15_ca3/fold_fbn1_cbegf13_15_ca3_model_1.cif	86872	2db3a5ad864e830746d8044360fe5d4dd8cbf1bc292d6ee8fe07ff605b05962b	predicted model coordinates
structures/alphafold/fbn1_cbegf13_15_ca3/fold_fbn1_cbegf13_15_ca3_model_2.cif	86872	1f408f04b3e2b4006aad9cd9b36c4c9fee5a286d946b67452c4200e38a629894	predicted model coordinates
structures/alphafold/fbn1_cbegf13_15_ca3/fold_fbn1_cbegf13_15_ca3_model_3.cif	86872	1c324f5dcfca021cb14b720f110fe8a4f0769e99d1da63b0e9ee9e12b7bd519a	predicted model coordinates
structures/alphafold/fbn1_cbegf13_15_ca3/fold_fbn1_cbegf13_15_ca3_model_4.cif	86872	1a85c38307461b2adbe6267d5998df844b71c0b11825d3805e7516e96da527d8	predicted model coordinates
structures/alphafold/fbn1_cbegf15_17_ca3/fold_fbn1_cbegf15_17_ca3_model_0.cif	85702	c9d62a7182b795d97e54396c7c476bfd6643239a5c9933c6abd742c91cab78d3	predicted model coordinates
structures/alphafold/fbn1_cbegf15_17_ca3/fold_fbn1_cbegf15_17_ca3_model_1.cif	85702	96508df69a1d1a5374cf7257ca15ade4f25134db86544033cd565e53be4355a8	predicted model coordinates
structures/alphafold/fbn1_cbegf15_17_ca3/fold_fbn1_cbegf15_17_ca3_model_2.cif	85702	362e0642ab58bcd31fe5b6150ee0217669ac75b1be0a00884c90979e35efc1da	predicted model coordinates
structures/alphafold/fbn1_cbegf15_17_ca3/fold_fbn1_cbegf15_17_ca3_model_3.cif	85702	216626fef7903a3e9e1cc380ee38fa75b2443189c17391a6d49be20a17e907ef	predicted model coordinates
structures/alphafold/fbn1_cbegf15_17_ca3/fold_fbn1_cbegf15_17_ca3_model_4.cif	85702	f57a11479f991b30c15f3d7a94e70512b2ae004932adffa6d0c292cc4ab7c0a1	predicted model coordinates
structures/alphafold/fbn1_cbegf17_19_ca3/fold_fbn1_cbegf17_19_ca3_model_0.cif	83972	7d28fc6016bf5e2634a77cdb0f8958ee0b3c6b605e4826e2104cfae168ccfecf	predicted model coordinates
structures/alphafold/fbn1_cbegf17_19_ca3/fold_fbn1_cbegf17_19_ca3_model_1.cif	83972	77ae7901b3fcbc9750ff62f44fb6b5fafcf19f824b7d89128b93b1ea68bc2eae	predicted model coordinates
structures/alphafold/fbn1_cbegf17_19_ca3/fold_fbn1_cbegf17_19_ca3_model_2.cif	83972	898ca6ef063c39d1238ed3f6c108558158ad6e68986273b38f9978fe4485ee12	predicted model coordinates
structures/alphafold/fbn1_cbegf17_19_ca3/fold_fbn1_cbegf17_19_ca3_model_3.cif	83972	742dcb00a1a76231dfe2f6a3bcf44221825dae471bb7fbb25704b8efff5bcad8	predicted model coordinates
structures/alphafold/fbn1_cbegf17_19_ca3/fold_fbn1_cbegf17_19_ca3_model_4.cif	83972	62b80240aee3b259fe5f8e2d9051797255e79126ad1c72d0ebf960f3928a3ab2	predicted model coordinates
structures/alphafold/fbn1_cbegf19_21_ca3/fold_fbn1_cbegf19_21_ca3_model_0.cif	85034	fb3360c81848b833fa171a8ff37b9a9e01384f2a5c934286c85f24b75d65ddd2	predicted model coordinates
structures/alphafold/fbn1_cbegf19_21_ca3/fold_fbn1_cbegf19_21_ca3_model_1.cif	85034	98cbe87b7d1cf03571261e7b70c18d2561a219620b980a460433679f5e2b3d82	predicted model coordinates
structures/alphafold/fbn1_cbegf19_21_ca3/fold_fbn1_cbegf19_21_ca3_model_2.cif	85034	e81f942489da7cc67d697590ac60589bacd1ee97d51b0fca73bb41065e157db6	predicted model coordinates
structures/alphafold/fbn1_cbegf19_21_ca3/fold_fbn1_cbegf19_21_ca3_model_3.cif	85034	03ed21481fc19f298fdcdcab4ae01481810a9790eb2226fd565ba2fcb214973a	predicted model coordinates
structures/alphafold/fbn1_cbegf19_21_ca3/fold_fbn1_cbegf19_21_ca3_model_4.cif	85034	cc5f46f8e1b5c8efa0e55622cf76eb5bcb664a6e15aa1d28978a48715f79245c	predicted model coordinates
structures/alphafold/fbn1_cbegf1_3_ca3/fold_fbn1_cbegf1_3_ca3_model_0.cif	190032	2253a5761d17cee40d85f0889362ee5e10722c30a7799c9a9aa690d9de8b8165	predicted model coordinates
structures/alphafold/fbn1_cbegf1_3_ca3/fold_fbn1_cbegf1_3_ca3_model_1.cif	190032	eb4072e8ed0a2b3805e48022da667b3375c9c58f2b29ffab595beb0b078647ae	predicted model coordinates
structures/alphafold/fbn1_cbegf1_3_ca3/fold_fbn1_cbegf1_3_ca3_model_2.cif	190032	9e74a62425eccbdf8fd6944a2f61150672ac49a07119e01338d90934dd561f59	predicted model coordinates
structures/alphafold/fbn1_cbegf1_3_ca3/fold_fbn1_cbegf1_3_ca3_model_3.cif	190032	82bb867fcaf1c73a940c1caca5c6bd0ef39075249dd52a57bf1460510c11836c	predicted model coordinates
structures/alphafold/fbn1_cbegf1_3_ca3/fold_fbn1_cbegf1_3_ca3_model_4.cif	190032	545fa5e2ef6d047d2536ba0bf577f2c2f85aa80e0cd21010114bf3899ba8af9f	predicted model coordinates
structures/alphafold/fbn1_cbegf21_23_ca3/fold_fbn1_cbegf21_23_ca3_model_0.cif	135627	23bdbae85506496ad281933c96bd405562cd3a7ed4002e406d7cae316c6553cd	predicted model coordinates
structures/alphafold/fbn1_cbegf21_23_ca3/fold_fbn1_cbegf21_23_ca3_model_1.cif	135627	2104f80cb0ecc6ce589c8e94a05b7db499a406943ab0c1aa4a32b7ccef1771ad	predicted model coordinates
structures/alphafold/fbn1_cbegf21_23_ca3/fold_fbn1_cbegf21_23_ca3_model_2.cif	135627	23aede23da222c9b2787a88daf04c26bbcaad21a5face535d3fc624e57546b5f	predicted model coordinates
structures/alphafold/fbn1_cbegf21_23_ca3/fold_fbn1_cbegf21_23_ca3_model_3.cif	135627	ef583320d995b23c4d4af1ca4e1e5f15a14d99a1ae6372c20cba962927e67a78	predicted model coordinates
structures/alphafold/fbn1_cbegf21_23_ca3/fold_fbn1_cbegf21_23_ca3_model_4.cif	135627	d89947555b8d544fae6ba65412bc2c0728e0e2b0612110a5c1cb6a3aa216f57c	predicted model coordinates
structures/alphafold/fbn1_cbegf22_tb4_cbegf23_d1487g_ca2/fold_fbn1_cbegf22_tb4_cbegf23_d1487g_ca2_model_0.cif	109437	40d856e578aa91878b020f853141f8eb397b0ad377e14a6ecc362a784fe5ac98	predicted model coordinates
structures/alphafold/fbn1_cbegf22_tb4_cbegf23_d1487g_ca2/fold_fbn1_cbegf22_tb4_cbegf23_d1487g_ca2_model_1.cif	109437	fa35b4570e71979a594df7cc57330ebbe79560cd7de1c76e54654034a77d5d20	predicted model coordinates
structures/alphafold/fbn1_cbegf22_tb4_cbegf23_d1487g_ca2/fold_fbn1_cbegf22_tb4_cbegf23_d1487g_ca2_model_2.cif	109437	ddab124dc28ee036fa5ecf24e2101e2fbaa63367c00f3d4b54c829d7b67b5987	predicted model coordinates
structures/alphafold/fbn1_cbegf22_tb4_cbegf23_d1487g_ca2/fold_fbn1_cbegf22_tb4_cbegf23_d1487g_ca2_model_3.cif	109437	85f825876c4b591656f22c5bcce05692c4bce5ffee4bf3e884ecc8166b314cfe	predicted model coordinates
structures/alphafold/fbn1_cbegf22_tb4_cbegf23_d1487g_ca2/fold_fbn1_cbegf22_tb4_cbegf23_d1487g_ca2_model_4.cif	109437	8636a50cb5fcb98feb8cbac26e6e5c94d9212e852e9f17564e5953ffa063346a	predicted model coordinates
structures/alphafold/fbn1_cbegf23_25_ca3/fold_fbn1_cbegf23_25_ca3_model_0.cif	139945	45f38e50836e9ad5555f2fb17733e08a4a3f3d20193428b87b347da5c440754a	predicted model coordinates
structures/alphafold/fbn1_cbegf23_25_ca3/fold_fbn1_cbegf23_25_ca3_model_1.cif	139945	21ffc0ff7938fe558e25af5be4d37fd1af9340c9be649c7e6982c33f60a68a36	predicted model coordinates
structures/alphafold/fbn1_cbegf23_25_ca3/fold_fbn1_cbegf23_25_ca3_model_2.cif	139945	29dbf15ab35b0076993f337d67c48b874c034276ab59c8fae27bbe954f961cfb	predicted model coordinates
structures/alphafold/fbn1_cbegf23_25_ca3/fold_fbn1_cbegf23_25_ca3_model_3.cif	139945	c2e94305a1684da2c8178dbe326df1824705c2e8c7da3b0fb41afe70506c13d0	predicted model coordinates
structures/alphafold/fbn1_cbegf23_25_ca3/fold_fbn1_cbegf23_25_ca3_model_4.cif	139945	02f961f374e827a14f2bc7a40dd2b64970ab7a9c6ee771a1a9f9d47f6baf197c	predicted model coordinates
structures/alphafold/fbn1_cbegf25_27_ca3/fold_fbn1_cbegf25_27_ca3_model_0.cif	88588	932a056264bee1e4834b74581221a66e72f297a93ed829720d8114fe1f122cb6	predicted model coordinates
structures/alphafold/fbn1_cbegf25_27_ca3/fold_fbn1_cbegf25_27_ca3_model_1.cif	88588	d8120edff6ac8d7ac965101f1030cb788cf8f05ffe47b80d0a1f8686f8e2729c	predicted model coordinates
structures/alphafold/fbn1_cbegf25_27_ca3/fold_fbn1_cbegf25_27_ca3_model_2.cif	88588	ea097574c59946d7b16f45bef402ab1dd4eb192c1720117165591f23d5e194dc	predicted model coordinates
structures/alphafold/fbn1_cbegf25_27_ca3/fold_fbn1_cbegf25_27_ca3_model_3.cif	88588	52b85387f564547a4129cb6575568a8fe4c32888d4f2bcc3d2f8df1c7c0e4aa4	predicted model coordinates
structures/alphafold/fbn1_cbegf25_27_ca3/fold_fbn1_cbegf25_27_ca3_model_4.cif	88588	0d78cc45066f44cdc5459abd94ad56ddf621c790bf3204249d0764aefff0831f	predicted model coordinates
structures/alphafold/fbn1_cbegf27_29_ca3/fold_fbn1_cbegf27_29_ca3_model_0.cif	86360	9258d6495d140a47e8fc2423dae3ab8deb4c0c7d01153d1ba74989b7930dbae5	predicted model coordinates
structures/alphafold/fbn1_cbegf27_29_ca3/fold_fbn1_cbegf27_29_ca3_model_1.cif	86360	380f61640525bc4b2e72ef5a1a82c21a7439cdd081546ad187ce3e5a9615568e	predicted model coordinates
structures/alphafold/fbn1_cbegf27_29_ca3/fold_fbn1_cbegf27_29_ca3_model_2.cif	86360	e1dd74bbee97a5ff9120d3479df13a7be108913de98254d0f195826271d04c01	predicted model coordinates
structures/alphafold/fbn1_cbegf27_29_ca3/fold_fbn1_cbegf27_29_ca3_model_3.cif	86360	7fadbecbcf15025332ebf6a8303b61acd9d0036326c9fc65ec2c90d98dd59406	predicted model coordinates
structures/alphafold/fbn1_cbegf27_29_ca3/fold_fbn1_cbegf27_29_ca3_model_4.cif	86360	f91b760f6fc8674c5f322872cf3b5d72c3bb0c2a675e11ba18b9ec617fe8e1fd	predicted model coordinates
structures/alphafold/fbn1_cbegf29_31_ca3/fold_fbn1_cbegf29_31_ca3_model_0.cif	85636	0436fa7a95f2c3a93afd1a58672bb923e8cee05bb1157c8c64f3d30815940807	predicted model coordinates
structures/alphafold/fbn1_cbegf29_31_ca3/fold_fbn1_cbegf29_31_ca3_model_1.cif	85636	eb72bfbc594ee8f82d7e77567c889279cdd0f58d1dd5f5d111ed8516c6bc34f6	predicted model coordinates
structures/alphafold/fbn1_cbegf29_31_ca3/fold_fbn1_cbegf29_31_ca3_model_2.cif	85636	5679f9727ad970aaba41a8cfdf53b8898bf31c8cc91ec93e49c700ef1f45be57	predicted model coordinates
structures/alphafold/fbn1_cbegf29_31_ca3/fold_fbn1_cbegf29_31_ca3_model_3.cif	85636	84e53376c95c415b5388eb8a7e16aefd25dd1abb7e9ff093ad0cb02369514c85	predicted model coordinates
structures/alphafold/fbn1_cbegf29_31_ca3/fold_fbn1_cbegf29_31_ca3_model_4.cif	85636	059a80a27eddac6a511324e9ac47f898c0984fc8453a2e64406bcf76e1222806	predicted model coordinates
structures/alphafold/fbn1_cbegf31_33_ca3/fold_fbn1_cbegf31_33_ca3_model_0.cif	129780	4ec7ef067544b35382a59bd25591f77e79cfac226ddd819cb438f1964078423e	predicted model coordinates
structures/alphafold/fbn1_cbegf31_33_ca3/fold_fbn1_cbegf31_33_ca3_model_1.cif	129780	18ba4d678e6ed2ed3d73f3c712d3802c5eef5563d2b924eee551fb07314b65f0	predicted model coordinates
structures/alphafold/fbn1_cbegf31_33_ca3/fold_fbn1_cbegf31_33_ca3_model_2.cif	129780	99e8ce2ab2d0ce144ef54cb3c152cbb0d63d2d59ba9f5a10d8d4ebf69d6d42e8	predicted model coordinates
structures/alphafold/fbn1_cbegf31_33_ca3/fold_fbn1_cbegf31_33_ca3_model_3.cif	129780	84e123f2e2febff003afe8f53e968aec169cc18f38830481ef102972c4efab62	predicted model coordinates
structures/alphafold/fbn1_cbegf31_33_ca3/fold_fbn1_cbegf31_33_ca3_model_4.cif	129780	c5dd025cac11e1ca15793806d099929ba8fc81e51d377b8e5e88c9f8cb1f41f8	predicted model coordinates
structures/alphafold/fbn1_cbegf32_33_e2130k_ca2/fold_fbn1_cbegf32_33_e2130k_ca2_model_0.cif	55216	c281a328dc01a77c769cba1d7ece6ef9099107317f378359185db7d420b29465	predicted model coordinates
structures/alphafold/fbn1_cbegf32_33_e2130k_ca2/fold_fbn1_cbegf32_33_e2130k_ca2_model_1.cif	55216	943489355ad4b533d4604b730249b724037272a1a13013651bad3bdd3b8fbd05	predicted model coordinates
structures/alphafold/fbn1_cbegf32_33_e2130k_ca2/fold_fbn1_cbegf32_33_e2130k_ca2_model_2.cif	55216	ddb5cbca3be4449d61d91fd6e23e36cf3c82d0d6e8164690bf81da535df0035a	predicted model coordinates
structures/alphafold/fbn1_cbegf32_33_e2130k_ca2/fold_fbn1_cbegf32_33_e2130k_ca2_model_3.cif	55216	6b3c1a20c4a81bc3ab77799ac0db165c5bfa19128578c8e5379587a3187db1d0	predicted model coordinates
structures/alphafold/fbn1_cbegf32_33_e2130k_ca2/fold_fbn1_cbegf32_33_e2130k_ca2_model_4.cif	55216	02901697a7039ae14d9395b9f2b59ead4a341654fcdeafe526db4a898538e2ac	predicted model coordinates
structures/alphafold/fbn1_cbegf32_33_n2144s_ca2/fold_fbn1_cbegf32_33_n2144s_ca2_model_0.cif	55064	d15b3c13c268a37b5a614501162f4cd16a5881e73ab492f8155b1d0d43f3378b	predicted model coordinates
structures/alphafold/fbn1_cbegf32_33_n2144s_ca2/fold_fbn1_cbegf32_33_n2144s_ca2_model_1.cif	55064	e00123aa6451f265eb7c4213309240cf05226454308d223b1c68b679c0a0b8e0	predicted model coordinates
structures/alphafold/fbn1_cbegf32_33_n2144s_ca2/fold_fbn1_cbegf32_33_n2144s_ca2_model_2.cif	55064	a0b0d5caeb483ed7a739238c675ead13afceccfbc7f9c85cf4ab885d8d5d08ba	predicted model coordinates
structures/alphafold/fbn1_cbegf32_33_n2144s_ca2/fold_fbn1_cbegf32_33_n2144s_ca2_model_3.cif	55064	a4ab9c50de0d2d2e08b21a659ab1f3a2c17360bc71255b5a23b3efff9d66604e	predicted model coordinates
structures/alphafold/fbn1_cbegf32_33_n2144s_ca2/fold_fbn1_cbegf32_33_n2144s_ca2_model_4.cif	55064	2a61b9af38a2031caf00fbfd44da6703580fec90512581199a119ce104b88e02	predicted model coordinates
structures/alphafold/fbn1_cbegf32_33_n2183s_ca2/fold_fbn1_cbegf32_33_n2183s_ca2_model_0.cif	55064	1dd07865249c61818c44cebd59f48f1abcbce61560197e43239899cf8021ee8f	predicted model coordinates
structures/alphafold/fbn1_cbegf32_33_n2183s_ca2/fold_fbn1_cbegf32_33_n2183s_ca2_model_1.cif	54484	b3a736ecfcd3362f88adc3f8cb364404da26ea6c03bd75ef17b8a23d838b1bac	predicted model coordinates
structures/alphafold/fbn1_cbegf32_33_n2183s_ca2/fold_fbn1_cbegf32_33_n2183s_ca2_model_2.cif	55064	f5d2e075a4ee7ce8953f116b3b74e2b578850d7a281b4de79c16b2beef078873	predicted model coordinates
structures/alphafold/fbn1_cbegf32_33_n2183s_ca2/fold_fbn1_cbegf32_33_n2183s_ca2_model_3.cif	55064	1dca11101b7360a3b31aa836e484fd73403a974a903529768ccc1dd324e0f283	predicted model coordinates
structures/alphafold/fbn1_cbegf32_33_n2183s_ca2/fold_fbn1_cbegf32_33_n2183s_ca2_model_4.cif	55064	be77106dc529b0d9d82916200ac1ebb4d1da0448bd75c3e213d44ff9a7c5788e	predicted model coordinates
structures/alphafold/fbn1_cbegf33_35_ca3/fold_fbn1_cbegf33_35_ca3_model_0.cif	87730	b54e723fe26fd7f68ef2878e2610a5d5e3506312531f1b2ff6087ab5558ff6fb	predicted model coordinates
structures/alphafold/fbn1_cbegf33_35_ca3/fold_fbn1_cbegf33_35_ca3_model_1.cif	87730	1166738a7ff18cb2fac9e3423348987095750e7331e7ed68aca1407eb397edd9	predicted model coordinates
structures/alphafold/fbn1_cbegf33_35_ca3/fold_fbn1_cbegf33_35_ca3_model_2.cif	87730	336d478995b1c3b2e68ce3b3e48f2ba0455a557ec041055d033291a2e3b0c785	predicted model coordinates
structures/alphafold/fbn1_cbegf33_35_ca3/fold_fbn1_cbegf33_35_ca3_model_3.cif	87730	acfd638dd4a85cc7dde1b27d9efe805a11575313d245fcd4666cd8e58effc8db	predicted model coordinates
structures/alphafold/fbn1_cbegf33_35_ca3/fold_fbn1_cbegf33_35_ca3_model_4.cif	87730	bc73ef81d9f6582c5299b13bf14bc7fce395547497fe387b250d9e86ca797f75	predicted model coordinates
structures/alphafold/fbn1_cbegf35_37_ca3/fold_fbn1_cbegf35_37_ca3_model_0.cif	135091	8780cf1fedb03c9ef4c8129fe23b17fb38eb85d9b99244261c939e1eea4ad36e	predicted model coordinates
structures/alphafold/fbn1_cbegf35_37_ca3/fold_fbn1_cbegf35_37_ca3_model_1.cif	135091	1053a046cc635823ea200beaf88517c31ce11bd363f0cdd35e1ed8a633230b7d	predicted model coordinates
structures/alphafold/fbn1_cbegf35_37_ca3/fold_fbn1_cbegf35_37_ca3_model_2.cif	135091	10df2df39f706882ca0a13c3319dfef4ba62c20343deb98e48af7a375068144d	predicted model coordinates
structures/alphafold/fbn1_cbegf35_37_ca3/fold_fbn1_cbegf35_37_ca3_model_3.cif	135091	54e557325e47312377547deffe66f506c3803a97b1d1dcbe52bddda52a6f64cc	predicted model coordinates
structures/alphafold/fbn1_cbegf35_37_ca3/fold_fbn1_cbegf35_37_ca3_model_4.cif	135091	0dc83ed44321f18180620ba03ed269632283a58dde055676570dc0f3691627ef	predicted model coordinates
structures/alphafold/fbn1_cbegf37_39_ca3/fold_fbn1_cbegf37_39_ca3_model_0.cif	85917	67f1657b96a3770392454ddaa1e6eee641c174e44349db4ac4d61ba7a40563bc	predicted model coordinates
structures/alphafold/fbn1_cbegf37_39_ca3/fold_fbn1_cbegf37_39_ca3_model_1.cif	85917	0c64b76a74e1477e98365c4122414f2db325345cb7efab7677d34737094cddf8	predicted model coordinates
structures/alphafold/fbn1_cbegf37_39_ca3/fold_fbn1_cbegf37_39_ca3_model_2.cif	85917	37cdc84931a78e4b9c3c7e0d7f81f045acf4f6df8127f618e7733f457790881e	predicted model coordinates
structures/alphafold/fbn1_cbegf37_39_ca3/fold_fbn1_cbegf37_39_ca3_model_3.cif	85917	9356ce9a8e2b1534e1365baf120943a46582ba9899ea104b6219a79e39b1b03a	predicted model coordinates
structures/alphafold/fbn1_cbegf37_39_ca3/fold_fbn1_cbegf37_39_ca3_model_4.cif	85917	edc1e277603b7d86de1410b1f323f5f31afe5986d1be1a9098405b63f26af71a	predicted model coordinates
structures/alphafold/fbn1_cbegf39_41_ca3/fold_fbn1_cbegf39_41_ca3_model_0.cif	86118	e1a72f88d2a2cf541d24bf57a18e570b19661547a4a578e3c4fed03d6aadc8d5	predicted model coordinates
structures/alphafold/fbn1_cbegf39_41_ca3/fold_fbn1_cbegf39_41_ca3_model_1.cif	86118	fd030ecb07db77867a07fafcd6e7dd5f7c661eb2841102100405eae8461d5702	predicted model coordinates
structures/alphafold/fbn1_cbegf39_41_ca3/fold_fbn1_cbegf39_41_ca3_model_2.cif	86118	1480f403ea48d5127044fe8a95eaf1f56213b78b669e5321b722aca565ed240d	predicted model coordinates
structures/alphafold/fbn1_cbegf39_41_ca3/fold_fbn1_cbegf39_41_ca3_model_3.cif	86118	99920af8dfb5ff165556503be4985be3afbdcbf322079e134a3cc36d2c75c11d	predicted model coordinates
structures/alphafold/fbn1_cbegf39_41_ca3/fold_fbn1_cbegf39_41_ca3_model_4.cif	86118	aa1cc19aaa1578d1de89fa5c8392b1edca5552f2d439bc4dc636d93a29cc8846	predicted model coordinates
structures/alphafold/fbn1_cbegf3_5_ca3/fold_fbn1_cbegf3_5_ca3_model_0.cif	86316	cf400a8cecb8da5f9f7646c427b0b112bab9822cdc80b55055503df8837c283c	predicted model coordinates
structures/alphafold/fbn1_cbegf3_5_ca3/fold_fbn1_cbegf3_5_ca3_model_1.cif	86316	1144e63690c190e93bf9c1a92871de42262d63ad07544379a168d3b3231a04e0	predicted model coordinates
structures/alphafold/fbn1_cbegf3_5_ca3/fold_fbn1_cbegf3_5_ca3_model_2.cif	86316	785da6939cc596552fd6a4146d5953cf1df1502e9c1f967f477407de0407e2a8	predicted model coordinates
structures/alphafold/fbn1_cbegf3_5_ca3/fold_fbn1_cbegf3_5_ca3_model_3.cif	86316	485f2a8c396b5388edae419b7fb86652e70a7fb18063ad317f1d192b679210ae	predicted model coordinates
structures/alphafold/fbn1_cbegf3_5_ca3/fold_fbn1_cbegf3_5_ca3_model_4.cif	86316	d758d65506b4d2ae205c6cb657b6e70ccb42180d71b0e920d9f867bfb16d0a14	predicted model coordinates
structures/alphafold/fbn1_cbegf41_43_ca3/fold_fbn1_cbegf41_43_ca3_model_0.cif	84152	e20895e0f87a0a47553201263b6097c19a8f3a5be8b7ce495e509c84916c6e3f	predicted model coordinates
structures/alphafold/fbn1_cbegf41_43_ca3/fold_fbn1_cbegf41_43_ca3_model_1.cif	84152	2f40aa449ae9b5361b75145442cbbb87244e2b3dcaa74c9a7c775d83e5d60cbe	predicted model coordinates
structures/alphafold/fbn1_cbegf41_43_ca3/fold_fbn1_cbegf41_43_ca3_model_2.cif	84152	05e2b5284399d7f397e1050835f600fff376579f18cbe657829992afc1b8a745	predicted model coordinates
structures/alphafold/fbn1_cbegf41_43_ca3/fold_fbn1_cbegf41_43_ca3_model_3.cif	84152	b74661e28565abc7f9a0d72786a55079474ac897900c0f7133dd0ffc02a90f90	predicted model coordinates
structures/alphafold/fbn1_cbegf41_43_ca3/fold_fbn1_cbegf41_43_ca3_model_4.cif	84152	6e801a2c9af088f8f5fcbd8b6a81f387bd2b7fa48fcd71ea6a3a27772f8de139	predicted model coordinates
structures/alphafold/fbn1_cbegf5_7_ca3/fold_fbn1_cbegf5_7_ca3_model_0.cif	128804	955abce9adef52ae382205d4c5cde24fc283f74039016c01984aa70c778338ee	predicted model coordinates
structures/alphafold/fbn1_cbegf5_7_ca3/fold_fbn1_cbegf5_7_ca3_model_1.cif	128804	05663722e2c844cbf77c27842b64a62e2e67571fc359514d9967ad50f6e8ee4a	predicted model coordinates
structures/alphafold/fbn1_cbegf5_7_ca3/fold_fbn1_cbegf5_7_ca3_model_2.cif	128804	9b3030cd25bd2893456711a8c43b1725618ef8ff8fc99a65fcdaaabcff0f526c	predicted model coordinates
structures/alphafold/fbn1_cbegf5_7_ca3/fold_fbn1_cbegf5_7_ca3_model_3.cif	128804	2a753763c20850ee82e99e25e605a9fe7110a6dd88a7daf315f88b05de7f0289	predicted model coordinates
structures/alphafold/fbn1_cbegf5_7_ca3/fold_fbn1_cbegf5_7_ca3_model_4.cif	128804	95451f4be559c090d9289302bbeaf4d4df37576f0720fc4458f5fce447bda5f3	predicted model coordinates
structures/alphafold/fbn1_cbegf5_7_d723a_ca3/fold_fbn1_cbegf5_7_d723a_ca3_model_0.cif	128567	c19475c80742bfce0883ccdca9491bd08c30aab685fbf9fa0d6079d4f6ba6489	predicted model coordinates
structures/alphafold/fbn1_cbegf5_7_d723a_ca3/fold_fbn1_cbegf5_7_d723a_ca3_model_1.cif	128567	2c5ec548391eba63ae395b2c746dc510dbebc774f939b470a22c0f2c15fcd7d4	predicted model coordinates
structures/alphafold/fbn1_cbegf5_7_d723a_ca3/fold_fbn1_cbegf5_7_d723a_ca3_model_2.cif	128567	d47a87fc81f88af5546aacdb6f2474dbd91dcd2fe2f900f2beba368f6a405f26	predicted model coordinates
structures/alphafold/fbn1_cbegf5_7_d723a_ca3/fold_fbn1_cbegf5_7_d723a_ca3_model_3.cif	128567	115809b66731a38fe46ebe736c89fc247cbd3ca89b8fbb86086a595e7d887a6e	predicted model coordinates
structures/alphafold/fbn1_cbegf5_7_d723a_ca3/fold_fbn1_cbegf5_7_d723a_ca3_model_4.cif	128567	ac831c12509f98a4a15aab29230a9a4a8b2af4f4d729c8010b5c4b7e2fc34233	predicted model coordinates
structures/alphafold/fbn1_cbegf7_9_ca3/fold_fbn1_cbegf7_9_ca3_model_0.cif	85124	74ab9f82c5eddd3f20a2389495d281aa3dcc31a6dfa5d8b661872225aab67883	predicted model coordinates
structures/alphafold/fbn1_cbegf7_9_ca3/fold_fbn1_cbegf7_9_ca3_model_1.cif	85124	4f8ca7cd1bde99af18e9bd00f431e3f953c2301216cdaefbeaccc20daaf093b0	predicted model coordinates
structures/alphafold/fbn1_cbegf7_9_ca3/fold_fbn1_cbegf7_9_ca3_model_2.cif	85124	c32c6273c26cfe8cd1d2233ab1d970fad4fbe50f125e9d35df0719b7f3ed5f0b	predicted model coordinates
structures/alphafold/fbn1_cbegf7_9_ca3/fold_fbn1_cbegf7_9_ca3_model_3.cif	85124	cf20ce7c8216e12902512ad90969c84a6709cac9b15f5c67b58c4fb83cc26fe8	predicted model coordinates
structures/alphafold/fbn1_cbegf7_9_ca3/fold_fbn1_cbegf7_9_ca3_model_4.cif	85124	b5b1f693fcba4c920df3db909d774ba9d842ce6dc23415834de79a27270e7b69	predicted model coordinates
structures/alphafold/fbn1_cbegf9_11_ca3/fold_fbn1_cbegf9_11_ca3_model_0.cif	175915	2e8798cd030ea637c59b1a6552e6b16a1e91c74673e905384a3e90079d6175ae	predicted model coordinates
structures/alphafold/fbn1_cbegf9_11_ca3/fold_fbn1_cbegf9_11_ca3_model_1.cif	175915	27a7245b95961a7a2e8a375aeeeecfc05dc31a693ff6a97090cc77852720a541	predicted model coordinates
structures/alphafold/fbn1_cbegf9_11_ca3/fold_fbn1_cbegf9_11_ca3_model_2.cif	175915	9de8b513cf311a90b57d31cbb181beca22bf8dae6859c8ae2d32097503f7e672	predicted model coordinates
structures/alphafold/fbn1_cbegf9_11_ca3/fold_fbn1_cbegf9_11_ca3_model_3.cif	175915	4cc0bc1690566bf2e021f2200033b611e6c8c31c55ceabf9f7bcb2851e23ed27	predicted model coordinates
structures/alphafold/fbn1_cbegf9_11_ca3/fold_fbn1_cbegf9_11_ca3_model_4.cif	175915	3aeb6ba6f794134a5dc69833ccb8276b1d7ab3e16c92064ee0e3d3a81677b26c	predicted model coordinates
structures/alphafold/fbn1_cbegf9_hyb2_cbegf10_e913k_ca2/fold_fbn1_cbegf9_hyb2_cbegf10_e913k_ca2_model_0.cif	97866	b8811e04c24295937e8471254c09739716c6ed35e140d1ebd38f291ce1c24bdc	predicted model coordinates
structures/alphafold/fbn1_cbegf9_hyb2_cbegf10_e913k_ca2/fold_fbn1_cbegf9_hyb2_cbegf10_e913k_ca2_model_1.cif	97866	1fed992e993f45ea09a9fa290f41f02591ea841906cafe0ad390e40cc9ee1d1d	predicted model coordinates
structures/alphafold/fbn1_cbegf9_hyb2_cbegf10_e913k_ca2/fold_fbn1_cbegf9_hyb2_cbegf10_e913k_ca2_model_2.cif	97866	6bb4d6daa4897ccec5f368ee8166f7558f163b269b87ef6071eaae55fd30f071	predicted model coordinates
structures/alphafold/fbn1_cbegf9_hyb2_cbegf10_e913k_ca2/fold_fbn1_cbegf9_hyb2_cbegf10_e913k_ca2_model_3.cif	97866	574b4c2f53451869fd976c63a73075044b629fb41260e6542138c7bb3f9ce048	predicted model coordinates
structures/alphafold/fbn1_cbegf9_hyb2_cbegf10_e913k_ca2/fold_fbn1_cbegf9_hyb2_cbegf10_e913k_ca2_model_4.cif	97866	1cb0bb4d92da67ab75e2c6756f0cbb13d3d5682d7c63ffc2bb2800cbfb182744	predicted model coordinates
structures/alphafold/fold_fbn1_cbegf12_13_ca2/fold_fbn1_cbegf12_13_ca2_model_0.cif	60809	33bcdb70d31ad156d9b76c6685e8c044150dfe02cb32334df93605e779436835	predicted model coordinates
structures/alphafold/fold_fbn1_cbegf12_13_ca2/fold_fbn1_cbegf12_13_ca2_model_1.cif	60809	134b62081d4e175de5e95a91c4d713836d1e93ecadf3981d0e5db626f5106ecd	predicted model coordinates
structures/alphafold/fold_fbn1_cbegf12_13_ca2/fold_fbn1_cbegf12_13_ca2_model_2.cif	60809	cd068e6e7043653093ffa190405ddeef9cb7363be137e3224283e68cc20999c6	predicted model coordinates
structures/alphafold/fold_fbn1_cbegf12_13_ca2/fold_fbn1_cbegf12_13_ca2_model_3.cif	60809	d1c8935ad2a5f9c33a3ad8dccdb3c23f84633c7c70aea7649a1bc8f48b2dc350	predicted model coordinates
structures/alphafold/fold_fbn1_cbegf12_13_ca2/fold_fbn1_cbegf12_13_ca2_model_4.cif	60157	715caaa5c307a0cbb159c9c4db67a7e18c44126dccc94e47bed22cfe83089db8	predicted model coordinates
structures/alphafold/fold_fbn1_cbegf22_tb4_cbegf23_ca2/fold_fbn1_cbegf22_tb4_cbegf23_ca2_model_0.cif	109751	43064c7c3fdac11a76cb9395ad7f9e612973ac9bf38de4943e31333275bb6d7f	predicted model coordinates
structures/alphafold/fold_fbn1_cbegf22_tb4_cbegf23_ca2/fold_fbn1_cbegf22_tb4_cbegf23_ca2_model_1.cif	109751	08b553ccf612f20190968799c3ae35a2a1816b3a75ffb97c5faea61dde4cdfcd	predicted model coordinates
structures/alphafold/fold_fbn1_cbegf22_tb4_cbegf23_ca2/fold_fbn1_cbegf22_tb4_cbegf23_ca2_model_2.cif	109751	4c5bb683662befb6ca0791f3bc949cc49e39ddfb479072bf9d1f4877917b6c51	predicted model coordinates
structures/alphafold/fold_fbn1_cbegf22_tb4_cbegf23_ca2/fold_fbn1_cbegf22_tb4_cbegf23_ca2_model_3.cif	109751	5ccc8ae9758169db99202f043a764414c4f5f963776c8d1a7cef23182c2805d9	predicted model coordinates
structures/alphafold/fold_fbn1_cbegf22_tb4_cbegf23_ca2/fold_fbn1_cbegf22_tb4_cbegf23_ca2_model_4.cif	109751	7c77d2d1d8906e9d2104c2fe51b697ee07d832a0e795575d996c482b88266411	predicted model coordinates
structures/alphafold/fold_fbn1_cbegf32_33_ca2/fold_fbn1_cbegf32_33_ca2_model_0.cif	55216	c03c78a190b6caf965dfedcee1850f90dad82fdf83327ca6766bc59bec41749d	predicted model coordinates
structures/alphafold/fold_fbn1_cbegf32_33_ca2/fold_fbn1_cbegf32_33_ca2_model_1.cif	55216	caf0436656f689083689279d2813a4c8ce2a74fb25c989f70e0e28e50417d719	predicted model coordinates
structures/alphafold/fold_fbn1_cbegf32_33_ca2/fold_fbn1_cbegf32_33_ca2_model_2.cif	55216	8bad28d40a61843144d45c9943369d86e29602c54a384e56223be4326b180051	predicted model coordinates
structures/alphafold/fold_fbn1_cbegf32_33_ca2/fold_fbn1_cbegf32_33_ca2_model_3.cif	54634	d65ef52381718c9dea69be340cb54e20e5655d182c979e7b5f647f076671bce8	predicted model coordinates
structures/alphafold/fold_fbn1_cbegf32_33_ca2/fold_fbn1_cbegf32_33_ca2_model_4.cif	55216	8653709f6bbcf77446118affb1b3ac105886f7616868b83259b51115c73827f5	predicted model coordinates
structures/alphafold/fold_fbn1_cbegf9_hyb2_cbegf10_ca2/fold_fbn1_cbegf9_hyb2_cbegf10_ca2_model_0.cif	97866	e72179afcccf5997ddc1c1fdaeb7413f52361e7ecbd42ae29ffcfd525549ce79	predicted model coordinates
structures/alphafold/fold_fbn1_cbegf9_hyb2_cbegf10_ca2/fold_fbn1_cbegf9_hyb2_cbegf10_ca2_model_1.cif	97866	315591704c556f69c46d496ca255a81d5b28ae765af4b1ad6f8c4a92f6ae0c68	predicted model coordinates
structures/alphafold/fold_fbn1_cbegf9_hyb2_cbegf10_ca2/fold_fbn1_cbegf9_hyb2_cbegf10_ca2_model_2.cif	97866	1cbc7117a94653d5367a512a746438ad21e0acc0970143683941c6b9dea64760	predicted model coordinates
structures/alphafold/fold_fbn1_cbegf9_hyb2_cbegf10_ca2/fold_fbn1_cbegf9_hyb2_cbegf10_ca2_model_3.cif	97866	d51c579c1ada7e826b6b8ff38e9a28cd6b09b28efa2bcb83cea9f9a853993b64	predicted model coordinates
structures/alphafold/fold_fbn1_cbegf9_hyb2_cbegf10_ca2/fold_fbn1_cbegf9_hyb2_cbegf10_ca2_model_4.cif	97866	190cd6de7d5e6bfa9dc74c5a454d305b28a22e196be6ac112a9899fddb574cc8	predicted model coordinates
structures/alphafold/batch4/fbn1_cbegf13_15_d1155n_ca3/fold_fbn1_cbegf13_15_d1155n_ca3_full_data_0.json	144946	dfa254ab614b3d766cf961b68e145e235d2b7fe12e1bc327f760bb7ff7119880	per-atom confidence matrices
structures/alphafold/batch4/fbn1_cbegf13_15_d1155n_ca3/fold_fbn1_cbegf13_15_d1155n_ca3_full_data_1.json	145183	c47294dc75a4a89220ac803d3bcfe6d228f3401409f1b7d24a6067cc56a66108	per-atom confidence matrices
structures/alphafold/batch4/fbn1_cbegf13_15_d1155n_ca3/fold_fbn1_cbegf13_15_d1155n_ca3_full_data_2.json	144931	3cdf058781fc08a03f16e3693bf191a3d41b1774f8e94397194745418f148ce3	per-atom confidence matrices
structures/alphafold/batch4/fbn1_cbegf13_15_d1155n_ca3/fold_fbn1_cbegf13_15_d1155n_ca3_full_data_3.json	144818	82c0fbacc7194fb29df30fb991c2dbcc41433d583d13fc76e5eacfd458640b76	per-atom confidence matrices
structures/alphafold/batch4/fbn1_cbegf13_15_d1155n_ca3/fold_fbn1_cbegf13_15_d1155n_ca3_full_data_4.json	145039	337322c36b98996ffeec0fce320211efff9a1fcfd19e16dc8725d0895bf54807	per-atom confidence matrices
structures/alphafold/batch4/fbn1_cbegf13_15_d1197n_ca3/fold_fbn1_cbegf13_15_d1197n_ca3_full_data_0.json	144216	ba675e83526ae02dad1d4532b75bebc660c24ab12d1577001bc3e97809b6a7df	per-atom confidence matrices
structures/alphafold/batch4/fbn1_cbegf13_15_d1197n_ca3/fold_fbn1_cbegf13_15_d1197n_ca3_full_data_1.json	144373	ec940c71cefb031a23baf7932b413571aa89654d484fd4ecabb686a70300ccf4	per-atom confidence matrices
structures/alphafold/batch4/fbn1_cbegf13_15_d1197n_ca3/fold_fbn1_cbegf13_15_d1197n_ca3_full_data_2.json	144357	dad9f8f660f610de959373e2a95bd7c4ffe61d88986803a7e6e217c1f49d503d	per-atom confidence matrices
structures/alphafold/batch4/fbn1_cbegf13_15_d1197n_ca3/fold_fbn1_cbegf13_15_d1197n_ca3_full_data_3.json	144469	dcdd1cb38d22d72754c5604aa564087e3a4f1ef70c6fb1fd219bf9db3e528b64	per-atom confidence matrices
structures/alphafold/batch4/fbn1_cbegf13_15_d1197n_ca3/fold_fbn1_cbegf13_15_d1197n_ca3_full_data_4.json	144485	6b6eb6f15c6cb7c653fb8254fbde7da99b3f5829bdbaffe72601945b30f2a8bc	per-atom confidence matrices
structures/alphafold/batch4/fbn1_cbegf13_15_n1173t_ca3/fold_fbn1_cbegf13_15_n1173t_ca3_full_data_0.json	144779	8abba9ca5e328e7856907f74040d18825af9f6f3a647283da13f35b11964b6b6	per-atom confidence matrices
structures/alphafold/batch4/fbn1_cbegf13_15_n1173t_ca3/fold_fbn1_cbegf13_15_n1173t_ca3_full_data_1.json	144901	e35b60b428109832ec4410d292decfa463e7e076820c2e30f5c5977f2e6833ff	per-atom confidence matrices
structures/alphafold/batch4/fbn1_cbegf13_15_n1173t_ca3/fold_fbn1_cbegf13_15_n1173t_ca3_full_data_2.json	144853	8cdd3d0c16b6feb2132cb76fc16936753e5e93ed82a71088bab633309ea03771	per-atom confidence matrices
structures/alphafold/batch4/fbn1_cbegf13_15_n1173t_ca3/fold_fbn1_cbegf13_15_n1173t_ca3_full_data_3.json	144793	1c6f5daebf8258cf2e9bd4c5f8b5ada63abb514ac51f2e43f772a3b2c857c57c	per-atom confidence matrices
structures/alphafold/batch4/fbn1_cbegf13_15_n1173t_ca3/fold_fbn1_cbegf13_15_n1173t_ca3_full_data_4.json	144938	dca19d1f78faac843248a9b620af98639b36a1ad04ba54db7ac5c074a093f655	per-atom confidence matrices
structures/alphafold/batch4/fbn1_cbegf13_15_v1172m_ca3/fold_fbn1_cbegf13_15_v1172m_ca3_full_data_0.json	144347	51c3af6cc56b1f40ef834d7355365cad3396568af90516b54f297976ff3b03be	per-atom confidence matrices
structures/alphafold/batch4/fbn1_cbegf13_15_v1172m_ca3/fold_fbn1_cbegf13_15_v1172m_ca3_full_data_1.json	144590	781b5f92b4afda7ecdd946d49b7cbe3e8a3b8474a0a8ccdab9ac2c08450af888	per-atom confidence matrices
structures/alphafold/batch4/fbn1_cbegf13_15_v1172m_ca3/fold_fbn1_cbegf13_15_v1172m_ca3_full_data_2.json	144455	1b8e8cc7756913520a0f0927a86e87dabfe3ffe26333c94f23d5b3b944578653	per-atom confidence matrices
structures/alphafold/batch4/fbn1_cbegf13_15_v1172m_ca3/fold_fbn1_cbegf13_15_v1172m_ca3_full_data_3.json	144388	6a5132a0735835f6dc372169cb1857e0611dc7e3f74f4aed8bee312acb1eabe4	per-atom confidence matrices
structures/alphafold/batch4/fbn1_cbegf13_15_v1172m_ca3/fold_fbn1_cbegf13_15_v1172m_ca3_full_data_4.json	144474	f379b8a518ff8e2bb1562c38f38ca0fc4f2b649a4dc4a39899d10d6f09f46d3d	per-atom confidence matrices
structures/alphafold/batch4/fbn1_cbegf15_17_d1238n_ca3/fold_fbn1_cbegf15_17_d1238n_ca3_full_data_0.json	144830	8f2766e98eb473222648202f340597c76970801d073b245cea3aa265e2ef8909	per-atom confidence matrices
structures/alphafold/batch4/fbn1_cbegf15_17_d1238n_ca3/fold_fbn1_cbegf15_17_d1238n_ca3_full_data_1.json	144788	7349f42165bb595e089ff84b375d3eb9a5d3a887a5848fdc92bba162551e01a6	per-atom confidence matrices
structures/alphafold/batch4/fbn1_cbegf15_17_d1238n_ca3/fold_fbn1_cbegf15_17_d1238n_ca3_full_data_2.json	144839	fafc12389c39db61f264414dfd356fca82419988e7ca29dc7ae697e005d31438	per-atom confidence matrices
structures/alphafold/batch4/fbn1_cbegf15_17_d1238n_ca3/fold_fbn1_cbegf15_17_d1238n_ca3_full_data_3.json	144856	c48ffeb75bb1224c33c27eec6e942ef57a81a271d7411da67246c0c498dc66e1	per-atom confidence matrices
structures/alphafold/batch4/fbn1_cbegf15_17_d1238n_ca3/fold_fbn1_cbegf15_17_d1238n_ca3_full_data_4.json	145087	afae3ec03340ec1d589d4ab5765bd0dec4970d26072cd35a035f05b6ef7916f5	per-atom confidence matrices
structures/alphafold/batch4/fbn1_cbegf15_17_d1250y_ca3/fold_fbn1_cbegf15_17_d1250y_ca3_full_data_0.json	145747	1d55c271aee267bbb32d87440acbba05eb6a0946c3209ab46887fc8ea32b9fa9	per-atom confidence matrices
structures/alphafold/batch4/fbn1_cbegf15_17_d1250y_ca3/fold_fbn1_cbegf15_17_d1250y_ca3_full_data_1.json	145684	24380d24bbafbfe1f83f0bb7c445b22f0b71d40ad21fe7b9e3652544dec3c34c	per-atom confidence matrices
structures/alphafold/batch4/fbn1_cbegf15_17_d1250y_ca3/fold_fbn1_cbegf15_17_d1250y_ca3_full_data_2.json	145591	b629aae7d1f54af6d82180e9f05d92541c5d02ec3cd6cb49911a04f72cdd58bc	per-atom confidence matrices
structures/alphafold/batch4/fbn1_cbegf15_17_d1250y_ca3/fold_fbn1_cbegf15_17_d1250y_ca3_full_data_3.json	145835	7bcee63779528c7c6523ea945b32f2894a45e0ec0e565b9b721d75e601720d82	per-atom confidence matrices
structures/alphafold/batch4/fbn1_cbegf15_17_d1250y_ca3/fold_fbn1_cbegf15_17_d1250y_ca3_full_data_4.json	145982	78c162940d0c2376cc9d769fceab4f435347f3d6264f28d3a8b3ac9d5d2b1507	per-atom confidence matrices
structures/alphafold/batch4/fbn1_cbegf15_17_d1280n_ca3/fold_fbn1_cbegf15_17_d1280n_ca3_full_data_0.json	145000	911d08902d65244acb23643ac3837c99546492deed4a7769280122253b4f897b	per-atom confidence matrices
structures/alphafold/batch4/fbn1_cbegf15_17_d1280n_ca3/fold_fbn1_cbegf15_17_d1280n_ca3_full_data_1.json	145036	5159a3c8db0f8de45b6b243c237a9a7dcfca1a5bee8c22dbb24d6b53147c0e08	per-atom confidence matrices
structures/alphafold/batch4/fbn1_cbegf15_17_d1280n_ca3/fold_fbn1_cbegf15_17_d1280n_ca3_full_data_2.json	145024	e70ac73db929021081aeffc25c865c829e6d96f6f2c6ee663c7478d466754595	per-atom confidence matrices
structures/alphafold/batch4/fbn1_cbegf15_17_d1280n_ca3/fold_fbn1_cbegf15_17_d1280n_ca3_full_data_3.json	145214	19949650a207dedc88f5b97ee80d1ce7ee6d7adc7aa16a0de093db77d4ea2e84	per-atom confidence matrices
structures/alphafold/batch4/fbn1_cbegf15_17_d1280n_ca3/fold_fbn1_cbegf15_17_d1280n_ca3_full_data_4.json	145210	f191b49e5b886833d040182593cc961a43e9c30b90dc7711385c391b16b1b491	per-atom confidence matrices
structures/alphafold/batch4/fbn1_cbegf15_17_q1253p_ca3/fold_fbn1_cbegf15_17_q1253p_ca3_full_data_0.json	145554	5f6b5bfd2c3d606dde659e8bbe395772f92e7bde14707f2c3f0a63f8560d1924	per-atom confidence matrices
structures/alphafold/batch4/fbn1_cbegf15_17_q1253p_ca3/fold_fbn1_cbegf15_17_q1253p_ca3_full_data_1.json	145686	3246c771fd1accce044dfbc27c98456406746f99da41a95654e0b0eea1758bf5	per-atom confidence matrices
structures/alphafold/batch4/fbn1_cbegf15_17_q1253p_ca3/fold_fbn1_cbegf15_17_q1253p_ca3_full_data_2.json	145587	58de4f65cc7664994b217b8e38a2e873a28b94765b5fcdb64559e7361d134951	per-atom confidence matrices
structures/alphafold/batch4/fbn1_cbegf15_17_q1253p_ca3/fold_fbn1_cbegf15_17_q1253p_ca3_full_data_3.json	145559	8703757c58d57a08998bb610b2a544323df2b052beea33b08cda4c54bbb91625	per-atom confidence matrices
structures/alphafold/batch4/fbn1_cbegf15_17_q1253p_ca3/fold_fbn1_cbegf15_17_q1253p_ca3_full_data_4.json	145673	b26ba309d8bfeff100b91a4a3b8eaa6c78314cb36b363da527769fc01fbbcdc3	per-atom confidence matrices
structures/alphafold/batch4/fbn1_cbegf17_19_a1337p_ca3/fold_fbn1_cbegf17_19_a1337p_ca3_full_data_0.json	144766	a34793eb3cbac6aa84c572d54966472090173f74ef56689c130d403749f4ba8c	per-atom confidence matrices
structures/alphafold/batch4/fbn1_cbegf17_19_a1337p_ca3/fold_fbn1_cbegf17_19_a1337p_ca3_full_data_1.json	144872	00d2a69df3dbf1caf61ace218a8c05223afb33cd0b9d4c76ddadf525e0f6e83b	per-atom confidence matrices
structures/alphafold/batch4/fbn1_cbegf17_19_a1337p_ca3/fold_fbn1_cbegf17_19_a1337p_ca3_full_data_2.json	145117	fcb9e30f3a90bc2fe67dc7c62450fd29a7b2b3acc5382ee1a50b71984783c56a	per-atom confidence matrices
structures/alphafold/batch4/fbn1_cbegf17_19_a1337p_ca3/fold_fbn1_cbegf17_19_a1337p_ca3_full_data_3.json	145483	7127fb8783d70e814b5216965072b45a10faa2d6317012d48975d819d932cf3b	per-atom confidence matrices
structures/alphafold/batch4/fbn1_cbegf17_19_a1337p_ca3/fold_fbn1_cbegf17_19_a1337p_ca3_full_data_4.json	145389	39a1497d04c22677ebb18ff56874d23f73c88ace0053da178469108ee2b820a0	per-atom confidence matrices
structures/alphafold/batch4/fbn1_cbegf17_19_d1322n_ca3/fold_fbn1_cbegf17_19_d1322n_ca3_full_data_0.json	141559	a02e4259bbf94faaa5509ba67e2fe372044cc406273efb8a76926f6b1ac62188	per-atom confidence matrices
structures/alphafold/batch4/fbn1_cbegf17_19_d1322n_ca3/fold_fbn1_cbegf17_19_d1322n_ca3_full_data_1.json	141621	b53bb6f6a4bd414d09b22d57adcc5001db98f3ecdae3b099d41c0ddb6158cb1c	per-atom confidence matrices
structures/alphafold/batch4/fbn1_cbegf17_19_d1322n_ca3/fold_fbn1_cbegf17_19_d1322n_ca3_full_data_2.json	141560	fc18ca40402338b59f7fa104588fa458ffdca3d58a68580f907123521cbbbeba	per-atom confidence matrices
structures/alphafold/batch4/fbn1_cbegf17_19_d1322n_ca3/fold_fbn1_cbegf17_19_d1322n_ca3_full_data_3.json	141654	30ac04b0f5d1ffe46f2cf0bab97110a37baf9ae25f639a26d7665710e6dd61f2	per-atom confidence matrices
structures/alphafold/batch4/fbn1_cbegf17_19_d1322n_ca3/fold_fbn1_cbegf17_19_d1322n_ca3_full_data_4.json	142034	fb4b3ddd71423c114d04f83314fcb24ca17ef9d303ad404ee0dfa860c0b26077	per-atom confidence matrices
structures/alphafold/batch4/fbn1_cbegf17_19_e1366q_ca3/fold_fbn1_cbegf17_19_e1366q_ca3_full_data_0.json	141929	f6ae9968466691ac425f58242da67ac97e361b791ea2201f3aecbbd24c1db022	per-atom confidence matrices
structures/alphafold/batch4/fbn1_cbegf17_19_e1366q_ca3/fold_fbn1_cbegf17_19_e1366q_ca3_full_data_1.json	142000	74889a03832b4aef1041a9f7fbd28d1cccd67894411cdbbe7f636d6b4cd72648	per-atom confidence matrices
structures/alphafold/batch4/fbn1_cbegf17_19_e1366q_ca3/fold_fbn1_cbegf17_19_e1366q_ca3_full_data_2.json	142139	8b7f00e29e44c1ec6b70cc0af3f399b486a9f416d4e435177cb409c764c71d5e	per-atom confidence matrices
structures/alphafold/batch4/fbn1_cbegf17_19_e1366q_ca3/fold_fbn1_cbegf17_19_e1366q_ca3_full_data_3.json	142166	3b107416a4ff46dcd6e8bd6d7d46f4371c39d1b8f26ca9605a24450903e3312a	per-atom confidence matrices
structures/alphafold/batch4/fbn1_cbegf17_19_e1366q_ca3/fold_fbn1_cbegf17_19_e1366q_ca3_full_data_4.json	142255	5a860f9a71d8290d793d627d51d8fe23d434673be09bba24ae57065e483b7fc0	per-atom confidence matrices
structures/alphafold/batch4/fbn1_cbegf19_21_d1446n_ca3/fold_fbn1_cbegf19_21_d1446n_ca3_full_data_0.json	142600	d29441c617a8c25ef18548c68fd10c0f8a280dfd6ea0d65549ef1737c8095df8	per-atom confidence matrices
structures/alphafold/batch4/fbn1_cbegf19_21_d1446n_ca3/fold_fbn1_cbegf19_21_d1446n_ca3_full_data_1.json	142693	b9211915ba3bc054a65b07f58c990e8b5762b1a8cfbb28f8c60aacc72135f63e	per-atom confidence matrices
structures/alphafold/batch4/fbn1_cbegf19_21_d1446n_ca3/fold_fbn1_cbegf19_21_d1446n_ca3_full_data_2.json	142558	83bf6a43d8763511960efe2a10c6335ba146857c47fd62c6e60a3b39537d5ef0	per-atom confidence matrices
structures/alphafold/batch4/fbn1_cbegf19_21_d1446n_ca3/fold_fbn1_cbegf19_21_d1446n_ca3_full_data_3.json	142685	55dac5156f4cf053b102f9ad45e50a39fd6c8315f592e3d3a8863ae79f849d0e	per-atom confidence matrices
structures/alphafold/batch4/fbn1_cbegf19_21_d1446n_ca3/fold_fbn1_cbegf19_21_d1446n_ca3_full_data_4.json	142561	47aa85d48c44cf539e0daaf88b3e1a25209eeb6455f5fbc400bca45dfe220b66	per-atom confidence matrices
structures/alphafold/batch4/fbn1_cbegf19_21_g1418s_ca3/fold_fbn1_cbegf19_21_g1418s_ca3_full_data_0.json	146442	8d0b1b49160bf9eca4c5d8d71d17d4782a5f7aaf97bda921914e2e63c4e16f1a	per-atom confidence matrices
structures/alphafold/batch4/fbn1_cbegf19_21_g1418s_ca3/fold_fbn1_cbegf19_21_g1418s_ca3_full_data_1.json	146965	2245e8bffd54ce73cd019910f436e79a15d6fa8a2aaa550993dc5daf177c313d	per-atom confidence matrices
structures/alphafold/batch4/fbn1_cbegf19_21_g1418s_ca3/fold_fbn1_cbegf19_21_g1418s_ca3_full_data_2.json	147035	a5ec1712127cb44a3c681e9241c226b701f3c1ebb7f37947e7fd2914dc907e47	per-atom confidence matrices
structures/alphafold/batch4/fbn1_cbegf19_21_g1418s_ca3/fold_fbn1_cbegf19_21_g1418s_ca3_full_data_3.json	147429	55f138fa144325f960c0c1cc829363572e5bfa8e39110bc26704d410ec0c9924	per-atom confidence matrices
structures/alphafold/batch4/fbn1_cbegf19_21_g1418s_ca3/fold_fbn1_cbegf19_21_g1418s_ca3_full_data_4.json	147907	cdb436684e78df8d4c2b02d0d1489a5d670ac5ccd425539cfa94f658c22ce7c4	per-atom confidence matrices
structures/alphafold/batch4/fbn1_cbegf1_3_d490y_ca3/fold_fbn1_cbegf1_3_d490y_ca3_full_data_0.json	749966	fc3a32b7d27bced1176f4b4c6f0c400a7d1835ffc3824eee7108a7ceca68df8a	per-atom confidence matrices
structures/alphafold/batch4/fbn1_cbegf1_3_d490y_ca3/fold_fbn1_cbegf1_3_d490y_ca3_full_data_1.json	749788	e6b35815ffb14d1ca8164eab8008c36a28d76303ae508462c838187a8438cd55	per-atom confidence matrices
structures/alphafold/batch4/fbn1_cbegf1_3_d490y_ca3/fold_fbn1_cbegf1_3_d490y_ca3_full_data_2.json	749927	794d6b1ffe12266d2c89b938e5238b53680442f87975d46a6aacce9e1d0d2676	per-atom confidence matrices
structures/alphafold/batch4/fbn1_cbegf1_3_d490y_ca3/fold_fbn1_cbegf1_3_d490y_ca3_full_data_3.json	749865	53f0737d44b67fe1c73ec18c759dddc6c13cf9f2784837cfda749d6b36879531	per-atom confidence matrices
structures/alphafold/batch4/fbn1_cbegf1_3_d490y_ca3/fold_fbn1_cbegf1_3_d490y_ca3_full_data_4.json	749853	1843589644cc9cc13f1e3927ab5fa6a8350852f92be2f4793dddff5bc78f9b57	per-atom confidence matrices
structures/alphafold/batch4/fbn1_cbegf1_3_e487a_ca3/fold_fbn1_cbegf1_3_e487a_ca3_full_data_0.json	747825	daa408275d87b161a6a5fb41e861b5d4239a0a91c6a4401ae079f07d52077e35	per-atom confidence matrices
structures/alphafold/batch4/fbn1_cbegf1_3_e487a_ca3/fold_fbn1_cbegf1_3_e487a_ca3_full_data_1.json	747684	bbcba4b245fd930f6b209a64b4eec54607b8400069ee7b0c7a891cb5f7f65512	per-atom confidence matrices
structures/alphafold/batch4/fbn1_cbegf1_3_e487a_ca3/fold_fbn1_cbegf1_3_e487a_ca3_full_data_2.json	747676	d17fb53831f555299af2529fb0a50a9423c4588db0523758e19103c4b409cc2a	per-atom confidence matrices
structures/alphafold/batch4/fbn1_cbegf1_3_e487a_ca3/fold_fbn1_cbegf1_3_e487a_ca3_full_data_3.json	747878	19ced3c6987e306235d0c6e05c47ee3a0fac21b9a1375bed1197ca0b7b6092d9	per-atom confidence matrices
structures/alphafold/batch4/fbn1_cbegf1_3_e487a_ca3/fold_fbn1_cbegf1_3_e487a_ca3_full_data_4.json	748049	5e03a141b8f6390525a990f2bd6f5f6c0103c0debc1df8edf731a0a629a52d50	per-atom confidence matrices
structures/alphafold/batch4/fbn1_cbegf1_3_n261s_ca3/fold_fbn1_cbegf1_3_n261s_ca3_full_data_0.json	750805	bad81247d23f11c71f9d683e0c5a14663d8f367c761722f1a9b12a77f64cc575	per-atom confidence matrices
structures/alphafold/batch4/fbn1_cbegf1_3_n261s_ca3/fold_fbn1_cbegf1_3_n261s_ca3_full_data_1.json	750585	d67f03e233b9f00be397a6989c0ad2f2bcaecd88f85d25035bc35b00e17415f2	per-atom confidence matrices
structures/alphafold/batch4/fbn1_cbegf1_3_n261s_ca3/fold_fbn1_cbegf1_3_n261s_ca3_full_data_2.json	750563	7a2fb5f7bf3ac2e70bf07da4b3aed68e5e4fecd895db1b54792ae993a5b44680	per-atom confidence matrices
structures/alphafold/batch4/fbn1_cbegf1_3_n261s_ca3/fold_fbn1_cbegf1_3_n261s_ca3_full_data_3.json	750762	57b1817b807246e912466761291f0d92e7f83d5114354ba243a828838e5cfd52	per-atom confidence matrices
structures/alphafold/batch4/fbn1_cbegf1_3_n261s_ca3/fold_fbn1_cbegf1_3_n261s_ca3_full_data_4.json	751093	aef957e28652dd5140c314bdcd9eaa5b2d279b18949ab313c99003d4dbead775	per-atom confidence matrices
structures/alphafold/batch4/fbn1_cbegf1_3_t382s_ca3/fold_fbn1_cbegf1_3_t382s_ca3_full_data_0.json	747869	cdaf867217a2a317d31c6aec2af379ff23244fc5bdcfcb210b23daba52bf56b6	per-atom confidence matrices
structures/alphafold/batch4/fbn1_cbegf1_3_t382s_ca3/fold_fbn1_cbegf1_3_t382s_ca3_full_data_1.json	747890	9ab1512c3bcb72f03400870a845ebac51ab7b04e2b1c718b273461511aa26478	per-atom confidence matrices
structures/alphafold/batch4/fbn1_cbegf1_3_t382s_ca3/fold_fbn1_cbegf1_3_t382s_ca3_full_data_2.json	748110	a56b9c1f7bcb66a2515b72aa239c4d2e11a47084131d2eb41f849d0792e790b6	per-atom confidence matrices
structures/alphafold/batch4/fbn1_cbegf1_3_t382s_ca3/fold_fbn1_cbegf1_3_t382s_ca3_full_data_3.json	748041	75b6b9387b43149d3b99e539c66499a38347b19a3bf4c6aabffec7214b0044fe	per-atom confidence matrices
structures/alphafold/batch4/fbn1_cbegf1_3_t382s_ca3/fold_fbn1_cbegf1_3_t382s_ca3_full_data_4.json	748443	6daba42f90dfffab4ae8c6d29c23a7ee09bd60ab27d3e12cf4d6386a55cd4393	per-atom confidence matrices
structures/alphafold/batch4/fbn1_cbegf21_23_d1487n_ca3/fold_fbn1_cbegf21_23_d1487n_ca3_full_data_0.json	359312	9c47b7d0f5fdb33a2fd56ff84ab412b2ab4c77975cc80bac550ac48b299fb142	per-atom confidence matrices
structures/alphafold/batch4/fbn1_cbegf21_23_d1487n_ca3/fold_fbn1_cbegf21_23_d1487n_ca3_full_data_1.json	359578	8dc802077bf8eb293257dfc73eba34fc3564a3c649a547e546391bb3e9cdfd75	per-atom confidence matrices
structures/alphafold/batch4/fbn1_cbegf21_23_d1487n_ca3/fold_fbn1_cbegf21_23_d1487n_ca3_full_data_2.json	359593	e8b87851ea5a44b48a0b1f39162a187be1fed1a6c4510eb530ba12fb5f491398	per-atom confidence matrices
structures/alphafold/batch4/fbn1_cbegf21_23_d1487n_ca3/fold_fbn1_cbegf21_23_d1487n_ca3_full_data_3.json	359745	4f487374ef64cca326191f1d6d95463165fc13ea7c9fb55c8d261f0ae874dedd	per-atom confidence matrices
structures/alphafold/batch4/fbn1_cbegf21_23_d1487n_ca3/fold_fbn1_cbegf21_23_d1487n_ca3_full_data_4.json	359924	57937a17accb4e8f23ce1b01e2887d48333e00a0509bc8a0034509bd792d2fac	per-atom confidence matrices
structures/alphafold/batch4/fbn1_cbegf21_23_d1512v_ca3/fold_fbn1_cbegf21_23_d1512v_ca3_full_data_0.json	360045	7a07d2f3bf01fddb3ab76aed79102f1d4b99660eecf39b424e64ca7a09d824ba	per-atom confidence matrices
structures/alphafold/batch4/fbn1_cbegf21_23_d1512v_ca3/fold_fbn1_cbegf21_23_d1512v_ca3_full_data_1.json	359955	0f44cae613c1001dcef23ff43add7a48ef76865a0c4bf455dbd858afe26db49e	per-atom confidence matrices
structures/alphafold/batch4/fbn1_cbegf21_23_d1512v_ca3/fold_fbn1_cbegf21_23_d1512v_ca3_full_data_2.json	359894	4ee9efddaf2ae789d2584e299287c0a85e3b84b359b01be3b03536d4d16b75c6	per-atom confidence matrices
structures/alphafold/batch4/fbn1_cbegf21_23_d1512v_ca3/fold_fbn1_cbegf21_23_d1512v_ca3_full_data_3.json	360094	bd9ff8df2fcd632ca01a9cc1ae500e5755a79380a0ae9f75986021d8e2b1a5a6	per-atom confidence matrices
structures/alphafold/batch4/fbn1_cbegf21_23_d1512v_ca3/fold_fbn1_cbegf21_23_d1512v_ca3_full_data_4.json	359900	650a0525a6e72468ae385c276c988a75597a4e79923e85ca21567a32ca582b05	per-atom confidence matrices
structures/alphafold/batch4/fbn1_cbegf21_23_e1490k_ca3/fold_fbn1_cbegf21_23_e1490k_ca3_full_data_0.json	359735	95b03f0559969b147dff3fbc31ed39fb147dfe8718834e2c2b51e7f5de046bd8	per-atom confidence matrices
structures/alphafold/batch4/fbn1_cbegf21_23_e1490k_ca3/fold_fbn1_cbegf21_23_e1490k_ca3_full_data_1.json	360064	fb0c23f452d254283de5a8207a062d9e9ffd3ec41a3bb155aa0770fe5ffce82b	per-atom confidence matrices
structures/alphafold/batch4/fbn1_cbegf21_23_e1490k_ca3/fold_fbn1_cbegf21_23_e1490k_ca3_full_data_2.json	360203	d35212cd379c57d597bf15ce2cd8493127ce75d572454fc06ab2df891be30589	per-atom confidence matrices
structures/alphafold/batch4/fbn1_cbegf21_23_e1490k_ca3/fold_fbn1_cbegf21_23_e1490k_ca3_full_data_3.json	360115	03d7ec27e684312216c6ace566d1d807269a6c6a529cf2a96cf1b7c26e1f8eab	per-atom confidence matrices
structures/alphafold/batch4/fbn1_cbegf21_23_e1490k_ca3/fold_fbn1_cbegf21_23_e1490k_ca3_full_data_4.json	360087	3e0db40f2b2722ee0bc003cc2f8bbbd05de9003ee66e7d5724419d2c7f209d88	per-atom confidence matrices
structures/alphafold/batch4/fbn1_cbegf21_23_l1536w_ca3/fold_fbn1_cbegf21_23_l1536w_ca3_full_data_0.json	359679	aeec7cb55d11a4924d40a26c9a40a2d62a815b1531233a40793ddfa8cae6de4c	per-atom confidence matrices
structures/alphafold/batch4/fbn1_cbegf21_23_l1536w_ca3/fold_fbn1_cbegf21_23_l1536w_ca3_full_data_1.json	359882	e2c879a098564b532847b6f737c6771c8c05ac8cec39d52abed2563b7699673d	per-atom confidence matrices
structures/alphafold/batch4/fbn1_cbegf21_23_l1536w_ca3/fold_fbn1_cbegf21_23_l1536w_ca3_full_data_2.json	359965	eb93f184a2a2f01db59b46e4a5e69aa5371ad0e8258f039c566f923eaafc950e	per-atom confidence matrices
structures/alphafold/batch4/fbn1_cbegf21_23_l1536w_ca3/fold_fbn1_cbegf21_23_l1536w_ca3_full_data_3.json	360089	365966598990dfe4283088995916a37ac281c10860d23d10e8921934c7d525a9	per-atom confidence matrices
structures/alphafold/batch4/fbn1_cbegf21_23_l1536w_ca3/fold_fbn1_cbegf21_23_l1536w_ca3_full_data_4.json	360139	6e155a5bff841ad8ff92a0fe70c7d9ba202c109cbd5abfb836dc090bd67890c1	per-atom confidence matrices
structures/alphafold/batch4/fbn1_cbegf23_25_d1648n_ca3/fold_fbn1_cbegf23_25_d1648n_ca3_full_data_0.json	359701	3c3bad0672b031e5eb1801de05e9c406f700383448adb7264e128534ac5a7f55	per-atom confidence matrices
structures/alphafold/batch4/fbn1_cbegf23_25_d1648n_ca3/fold_fbn1_cbegf23_25_d1648n_ca3_full_data_1.json	360269	c9032d46f0c6618edf7de0462c63c93451dba2f12deec83b93707b8d6e3a9703	per-atom confidence matrices
structures/alphafold/batch4/fbn1_cbegf23_25_d1648n_ca3/fold_fbn1_cbegf23_25_d1648n_ca3_full_data_2.json	360841	592ebe60476721cf824aee50b31a89e4b9e272115beadd74754a75dd2c5108e6	per-atom confidence matrices
structures/alphafold/batch4/fbn1_cbegf23_25_d1648n_ca3/fold_fbn1_cbegf23_25_d1648n_ca3_full_data_3.json	363221	0b9ca33926ab0dc9ceb70d2c208955efdddbc4386dc29776adc49ce70dbb4049	per-atom confidence matrices
structures/alphafold/batch4/fbn1_cbegf23_25_d1648n_ca3/fold_fbn1_cbegf23_25_d1648n_ca3_full_data_4.json	362264	ca59f9db5e613db2997bf8745ed1ff08039b0f57b0bce357535e43f8b251f0d2	per-atom confidence matrices
structures/alphafold/batch4/fbn1_cbegf23_25_e1653k_ca3/fold_fbn1_cbegf23_25_e1653k_ca3_full_data_0.json	360462	c2d20e29bb7133c7c509fee417617d562bcf2af1b71d04cb69cbc91b9bc30f8f	per-atom confidence matrices
structures/alphafold/batch4/fbn1_cbegf23_25_e1653k_ca3/fold_fbn1_cbegf23_25_e1653k_ca3_full_data_1.json	360459	6596f9cc6795172f19a95d32d782579a111d8007cee10ceb1248b8bcefca231e	per-atom confidence matrices
structures/alphafold/batch4/fbn1_cbegf23_25_e1653k_ca3/fold_fbn1_cbegf23_25_e1653k_ca3_full_data_2.json	360773	57a4746f6208cf6c1a68687546fc5ba79d4325291d527813a87b1835b9695464	per-atom confidence matrices
structures/alphafold/batch4/fbn1_cbegf23_25_e1653k_ca3/fold_fbn1_cbegf23_25_e1653k_ca3_full_data_3.json	360630	36db63daaf1fd75a669001ef43776985dcfc874623357f60acb17fcc70ad70f8	per-atom confidence matrices
structures/alphafold/batch4/fbn1_cbegf23_25_e1653k_ca3/fold_fbn1_cbegf23_25_e1653k_ca3_full_data_4.json	361874	589a45026165eb574f362028ea7648e6a74fb52b9572d6f87cb27d3713abc5b9	per-atom confidence matrices
structures/alphafold/batch4/fbn1_cbegf23_25_l1710s_ca3/fold_fbn1_cbegf23_25_l1710s_ca3_full_data_0.json	360229	7394674cb5526fb0d23fda575e76c1073c254118f894743e3228fa64e7a5179b	per-atom confidence matrices
structures/alphafold/batch4/fbn1_cbegf23_25_l1710s_ca3/fold_fbn1_cbegf23_25_l1710s_ca3_full_data_1.json	360475	03d5915d1d5cd3fd338dbfcdeb2c38925c3ba038e7e6f99afecbb9cd38b178aa	per-atom confidence matrices
structures/alphafold/batch4/fbn1_cbegf23_25_l1710s_ca3/fold_fbn1_cbegf23_25_l1710s_ca3_full_data_2.json	360876	17e06d2c0e95d70ccd5f8199d18416055bc973dfba083355f0d634e1ab901893	per-atom confidence matrices
structures/alphafold/batch4/fbn1_cbegf23_25_l1710s_ca3/fold_fbn1_cbegf23_25_l1710s_ca3_full_data_3.json	360995	1f5176c0de6a90b5e9598586e25cf4062061499012c37b008417eab60cbaa928	per-atom confidence matrices
structures/alphafold/batch4/fbn1_cbegf23_25_l1710s_ca3/fold_fbn1_cbegf23_25_l1710s_ca3_full_data_4.json	362949	970e6e4144b714e5baf45eab86bb8f14958a83289a14df498d8d556cd5dd9627	per-atom confidence matrices
structures/alphafold/batch4/fbn1_cbegf25_27_e1811k_ca3/fold_fbn1_cbegf25_27_e1811k_ca3_full_data_0.json	144212	d2504f7ee9498f4e4e73070eb838eda33e97b0cd6a430a985fc3ab69bb1e7350	per-atom confidence matrices
structures/alphafold/batch4/fbn1_cbegf25_27_e1811k_ca3/fold_fbn1_cbegf25_27_e1811k_ca3_full_data_1.json	144328	f40dfee6a07b753d93e9720f7372f73e72dd3c744ba68cc8f8ae51ab99645b4f	per-atom confidence matrices
structures/alphafold/batch4/fbn1_cbegf25_27_e1811k_ca3/fold_fbn1_cbegf25_27_e1811k_ca3_full_data_2.json	144435	1de9a7ed95419e20bde49e64710cdf17ac34ba9a1011fda5317d5e687ae04ac2	per-atom confidence matrices
structures/alphafold/batch4/fbn1_cbegf25_27_e1811k_ca3/fold_fbn1_cbegf25_27_e1811k_ca3_full_data_3.json	144493	8b459aec2c1550a92f313f8ceffa23ec13540efc4f2870ed962bf7e8bb9c399c	per-atom confidence matrices
structures/alphafold/batch4/fbn1_cbegf25_27_e1811k_ca3/fold_fbn1_cbegf25_27_e1811k_ca3_full_data_4.json	144405	f1fe25820082f3cb55b10996865276b1fa63e9af069a0dc16596512f8c01f173	per-atom confidence matrices
structures/alphafold/batch4/fbn1_cbegf25_27_n1858t_ca3/fold_fbn1_cbegf25_27_n1858t_ca3_full_data_0.json	144214	9894ecf2cfc2161520dbf0f8ed10d86ca485ca58755c8c45544c41f7fa743f42	per-atom confidence matrices
structures/alphafold/batch4/fbn1_cbegf25_27_n1858t_ca3/fold_fbn1_cbegf25_27_n1858t_ca3_full_data_1.json	144330	8e85225bb2e7ecc71852f77e454aaf5783799ade83aa78706ad8ff72ed312fea	per-atom confidence matrices
structures/alphafold/batch4/fbn1_cbegf25_27_n1858t_ca3/fold_fbn1_cbegf25_27_n1858t_ca3_full_data_2.json	144289	50ea4939b9b2c93df4ddbd396c33765e8491d3311d288ff8d399185dc6da3207	per-atom confidence matrices
structures/alphafold/batch4/fbn1_cbegf25_27_n1858t_ca3/fold_fbn1_cbegf25_27_n1858t_ca3_full_data_3.json	144374	368c21ee59cccfd7f863fd6c6b447a84f28b8655d22431783cb83097643f3c5a	per-atom confidence matrices
structures/alphafold/batch4/fbn1_cbegf25_27_n1858t_ca3/fold_fbn1_cbegf25_27_n1858t_ca3_full_data_4.json	144391	c3217b651f359412a183d163b2c729103a7839e5038ddacb19e2120101df8b8c	per-atom confidence matrices
structures/alphafold/batch4/fbn1_cbegf25_27_r1832s_ca3/fold_fbn1_cbegf25_27_r1832s_ca3_full_data_0.json	144197	ae13bdc6cf1bb739138aa31da642cc2f0c16ecaa88e8a0ab52c0f368760758fb	per-atom confidence matrices
structures/alphafold/batch4/fbn1_cbegf25_27_r1832s_ca3/fold_fbn1_cbegf25_27_r1832s_ca3_full_data_1.json	144428	7090c921e21e8c47baba66d9fb1842ccaad8aa5db2739db77032376661382f04	per-atom confidence matrices
structures/alphafold/batch4/fbn1_cbegf25_27_r1832s_ca3/fold_fbn1_cbegf25_27_r1832s_ca3_full_data_2.json	144455	93b9b1f287e97b038cfba0902afbb732441b524014b69f84d69d627d8142d28c	per-atom confidence matrices
structures/alphafold/batch4/fbn1_cbegf25_27_r1832s_ca3/fold_fbn1_cbegf25_27_r1832s_ca3_full_data_3.json	144437	1ec625f4a4fa3c628b3cf8b53d5c8e4922b66e7b00052c2a58876afcdd6a224e	per-atom confidence matrices
structures/alphafold/batch4/fbn1_cbegf25_27_r1832s_ca3/fold_fbn1_cbegf25_27_r1832s_ca3_full_data_4.json	144442	50a3512534fc3544dfd7638010447748dbcd0f94246e6bea19a40ffa53330bab	per-atom confidence matrices
structures/alphafold/batch4/fbn1_cbegf25_27_r1832s_ca3_2/fold_fbn1_cbegf25_27_r1832s_ca3_full_data_0.json	144257	0a391960281bcce48fe1065fcb8f1e517da9db228888fe284dfb7b54bad424df	per-atom confidence matrices
structures/alphafold/batch4/fbn1_cbegf25_27_r1832s_ca3_2/fold_fbn1_cbegf25_27_r1832s_ca3_full_data_1.json	144392	b877ba15c392bb03135a32bfdf24b2d1522469716b0eb13b91ec837e815fa40f	per-atom confidence matrices
structures/alphafold/batch4/fbn1_cbegf25_27_r1832s_ca3_2/fold_fbn1_cbegf25_27_r1832s_ca3_full_data_2.json	144455	163bfb52c1e75e8ed207b76b7e31081371e429e3a6995963addb3638d1dd5af5	per-atom confidence matrices
structures/alphafold/batch4/fbn1_cbegf25_27_r1832s_ca3_2/fold_fbn1_cbegf25_27_r1832s_ca3_full_data_3.json	144522	8fa12500a8e1974ee89642817a93cb27819b2187aea5013c9c1a18f03a037fd2	per-atom confidence matrices
structures/alphafold/batch4/fbn1_cbegf25_27_r1832s_ca3_2/fold_fbn1_cbegf25_27_r1832s_ca3_full_data_4.json	144630	5fd7b3146cad89c1d2d91a7858786bc333370ef3de194b8cbf082afbd7841ad2	per-atom confidence matrices
structures/alphafold/batch4/fbn1_cbegf27_29_d1891h_ca3/fold_fbn1_cbegf27_29_d1891h_ca3_full_data_0.json	142299	e7face68f1a22a141f563f6229bf69dd9da1568e480a7377be899e49f7d8fdf0	per-atom confidence matrices
structures/alphafold/batch4/fbn1_cbegf27_29_d1891h_ca3/fold_fbn1_cbegf27_29_d1891h_ca3_full_data_1.json	142492	462301976dd76e89fb9815eebf1e56b312ddb2bb750a7ce4210cc5d7e64adb48	per-atom confidence matrices
structures/alphafold/batch4/fbn1_cbegf27_29_d1891h_ca3/fold_fbn1_cbegf27_29_d1891h_ca3_full_data_2.json	142555	f9e81c8925fa2518e7128b63b8b3766230d975881a8e6175456d4bc92bc51555	per-atom confidence matrices
structures/alphafold/batch4/fbn1_cbegf27_29_d1891h_ca3/fold_fbn1_cbegf27_29_d1891h_ca3_full_data_3.json	142622	8f670216b39fe706b50159b5ccf9a4d59331540ad32d3ed6431ef2476bea4070	per-atom confidence matrices
structures/alphafold/batch4/fbn1_cbegf27_29_d1891h_ca3/fold_fbn1_cbegf27_29_d1891h_ca3_full_data_4.json	142812	f2c50be03e79de3bff4725ae82252601d7be9416b5b221bb65cbc16e988b94c0	per-atom confidence matrices
structures/alphafold/batch4/fbn1_cbegf27_29_d1891n_ca3/fold_fbn1_cbegf27_29_d1891n_ca3_full_data_0.json	142384	322e53add3bf9343c81d1ec9936f9ec1fd4dff437dea6f260d3b97d3f6866a4c	per-atom confidence matrices
structures/alphafold/batch4/fbn1_cbegf27_29_d1891n_ca3/fold_fbn1_cbegf27_29_d1891n_ca3_full_data_1.json	142372	40bec79689ae826bb4ebf5781b3de36dc409e6f56130646bd544f8d88cfed566	per-atom confidence matrices
structures/alphafold/batch4/fbn1_cbegf27_29_d1891n_ca3/fold_fbn1_cbegf27_29_d1891n_ca3_full_data_2.json	142349	b9b09d35116a9179bed18fc8898ad5dd4b95675a8a62cac24559e37d3dea219d	per-atom confidence matrices
structures/alphafold/batch4/fbn1_cbegf27_29_d1891n_ca3/fold_fbn1_cbegf27_29_d1891n_ca3_full_data_3.json	142444	ed4965817dd2c6e8d5a60f0f0e45154f38be7cbc35a430369ec6262408236293	per-atom confidence matrices
structures/alphafold/batch4/fbn1_cbegf27_29_d1891n_ca3/fold_fbn1_cbegf27_29_d1891n_ca3_full_data_4.json	142598	68234bbf514d00e73933745866205ebc3ab0bfb4409d990d6a0306d7f7e7f435	per-atom confidence matrices
structures/alphafold/batch4/fbn1_cbegf27_29_d1930g_ca3/fold_fbn1_cbegf27_29_d1930g_ca3_full_data_0.json	142647	481a6592fb6dff4203a38ae823247c9410e4cfa20f8605a7d565f0d4be0be51c	per-atom confidence matrices
structures/alphafold/batch4/fbn1_cbegf27_29_d1930g_ca3/fold_fbn1_cbegf27_29_d1930g_ca3_full_data_1.json	142623	ba41c847f0ad82bfedd509d417ed971d833454c9446b7af9eef7e1b17e0ba437	per-atom confidence matrices
structures/alphafold/batch4/fbn1_cbegf27_29_d1930g_ca3/fold_fbn1_cbegf27_29_d1930g_ca3_full_data_2.json	142706	58670f330e29fcd4366d5f21ee5b3219c6d02dd6adbd413eb206e57b02e88ab8	per-atom confidence matrices
structures/alphafold/batch4/fbn1_cbegf27_29_d1930g_ca3/fold_fbn1_cbegf27_29_d1930g_ca3_full_data_3.json	142777	263ad1f895547c099d8e616373a6650dad79fb9702a1765d9e3086123103ff82	per-atom confidence matrices
structures/alphafold/batch4/fbn1_cbegf27_29_d1930g_ca3/fold_fbn1_cbegf27_29_d1930g_ca3_full_data_4.json	143005	f3e6e4ee8b41d326b99d33ffc3ee384c6093ca747c67a314300e5cfca20bb612	per-atom confidence matrices
structures/alphafold/batch4/fbn1_cbegf27_29_d1930n_ca3/fold_fbn1_cbegf27_29_d1930n_ca3_full_data_0.json	142436	4c0db6360f03959949c90bb48fa062c902a74c0e70a2a975accbdbdaa72bd6e6	per-atom confidence matrices
structures/alphafold/batch4/fbn1_cbegf27_29_d1930n_ca3/fold_fbn1_cbegf27_29_d1930n_ca3_full_data_1.json	142417	6627d20501c92035891a363681092ced836fd83249fd473b9a844c51ea3bd4ae	per-atom confidence matrices
structures/alphafold/batch4/fbn1_cbegf27_29_d1930n_ca3/fold_fbn1_cbegf27_29_d1930n_ca3_full_data_2.json	142474	ddac14db62232c4f1de6e640be71cbbec6b28574f766d011feaee5f43e4919ec	per-atom confidence matrices
structures/alphafold/batch4/fbn1_cbegf27_29_d1930n_ca3/fold_fbn1_cbegf27_29_d1930n_ca3_full_data_3.json	142577	86d5381266b667c2e5f596359589ae57fea98e0499c2c99daafef8708770fc09	per-atom confidence matrices
structures/alphafold/batch4/fbn1_cbegf27_29_d1930n_ca3/fold_fbn1_cbegf27_29_d1930n_ca3_full_data_4.json	142567	2804c29fc2ea501db704539c7027b62c2c480db9e4bbb174359decbc7bee2644	per-atom confidence matrices
structures/alphafold/batch4/fbn1_cbegf27_29_e1894k_ca3/fold_fbn1_cbegf27_29_e1894k_ca3_full_data_0.json	142293	9e8b773e15ee96c6e42c9b25f17e8b71b1c3148e548fc9c382ed74e16d3f191a	per-atom confidence matrices
structures/alphafold/batch4/fbn1_cbegf27_29_e1894k_ca3/fold_fbn1_cbegf27_29_e1894k_ca3_full_data_1.json	142392	6017ce8831fd37e3ce2f4057c6f80fca6fa1b9b062f843f9ec1803609ab1abbd	per-atom confidence matrices
structures/alphafold/batch4/fbn1_cbegf27_29_e1894k_ca3/fold_fbn1_cbegf27_29_e1894k_ca3_full_data_2.json	142528	b6e681b2a7dd6f3e35b55b6b89e753a56fe91815af7e7299416906d9cb976d9c	per-atom confidence matrices
structures/alphafold/batch4/fbn1_cbegf27_29_e1894k_ca3/fold_fbn1_cbegf27_29_e1894k_ca3_full_data_3.json	142597	e9581de50bc5ebb548a39c3ad8a2793bff00a1c1a2925867e473b83cec9807a2	per-atom confidence matrices
structures/alphafold/batch4/fbn1_cbegf27_29_e1894k_ca3/fold_fbn1_cbegf27_29_e1894k_ca3_full_data_4.json	142599	547a2c8fc49b5bf241efce9e3e87133cdc9759b7c128f678ab40559ba7b3b32d	per-atom confidence matrices
structures/alphafold/batch4/fbn1_cbegf27_29_n1907d_ca3/fold_fbn1_cbegf27_29_n1907d_ca3_full_data_0.json	142505	89ae51168122e14dd1f114eaded6645016e993d9ed57c911860467ad64d91a8f	per-atom confidence matrices
structures/alphafold/batch4/fbn1_cbegf27_29_n1907d_ca3/fold_fbn1_cbegf27_29_n1907d_ca3_full_data_1.json	142599	859a165da739a66790997c2ff675a8b92bc04aaf5d0002d4e26daf413e55018e	per-atom confidence matrices
structures/alphafold/batch4/fbn1_cbegf27_29_n1907d_ca3/fold_fbn1_cbegf27_29_n1907d_ca3_full_data_2.json	142645	e7dc99d328b6b5682b58e31fe6e8fc36e3b43fa26140935b7887b27804fc942a	per-atom confidence matrices
structures/alphafold/batch4/fbn1_cbegf27_29_n1907d_ca3/fold_fbn1_cbegf27_29_n1907d_ca3_full_data_3.json	142693	be199e34281bb2634c823f10dc5684f54bae6a771334e3eabce96825935c8484	per-atom confidence matrices
structures/alphafold/batch4/fbn1_cbegf27_29_n1907d_ca3/fold_fbn1_cbegf27_29_n1907d_ca3_full_data_4.json	142609	5075963d4536373f1f5ff4913a900c145ab845cd4ff776df6fef359d9ef6f913	per-atom confidence matrices
structures/alphafold/batch4/fbn1_cbegf27_29_r1915l_ca3/fold_fbn1_cbegf27_29_r1915l_ca3_full_data_0.json	142573	2d74f64a9a626840d05bb1431cdac935cd1788a91528af592fc5a3911001eb4a	per-atom confidence matrices
structures/alphafold/batch4/fbn1_cbegf27_29_r1915l_ca3/fold_fbn1_cbegf27_29_r1915l_ca3_full_data_1.json	142748	90a90d7b8662702aed0ed893c0b92c7624feb47a1d2b3f850d59ee4cac1d23c2	per-atom confidence matrices
structures/alphafold/batch4/fbn1_cbegf27_29_r1915l_ca3/fold_fbn1_cbegf27_29_r1915l_ca3_full_data_2.json	142764	cfbe644b7579fd965c5ed228524366e7186bcefd06b7c842d36c0e54653bbf5a	per-atom confidence matrices
structures/alphafold/batch4/fbn1_cbegf27_29_r1915l_ca3/fold_fbn1_cbegf27_29_r1915l_ca3_full_data_3.json	142823	e6ed3fbbd338b39a821d333c94ccd7cbca49b75ee0e5746436df831dde478da5	per-atom confidence matrices
structures/alphafold/batch4/fbn1_cbegf27_29_r1915l_ca3/fold_fbn1_cbegf27_29_r1915l_ca3_full_data_4.json	142927	389dd25f6ef6b7fe808b041b3df17291c48839c8d51e85c957154e961bdb0fcf	per-atom confidence matrices
structures/alphafold/batch4/fbn1_cbegf29_31_d1993n_ca3/fold_fbn1_cbegf29_31_d1993n_ca3_full_data_0.json	146167	281ace2e095bf8a64eb1433430062e1700221132050c8ebb7aa84b413e09d180	per-atom confidence matrices
structures/alphafold/batch4/fbn1_cbegf29_31_d1993n_ca3/fold_fbn1_cbegf29_31_d1993n_ca3_full_data_1.json	146239	121fed8b995509b38ad5f47a216fdde2aede47da82b058af32f09e00469a124d	per-atom confidence matrices
structures/alphafold/batch4/fbn1_cbegf29_31_d1993n_ca3/fold_fbn1_cbegf29_31_d1993n_ca3_full_data_2.json	146198	00c5b80cc65be7b847531e7267d60c7b187f753bd8f0001df1623c9cc5d8b45a	per-atom confidence matrices
structures/alphafold/batch4/fbn1_cbegf29_31_d1993n_ca3/fold_fbn1_cbegf29_31_d1993n_ca3_full_data_3.json	146359	e4819d6481d3208ac3146c640ad9cde7e1518672c342cee4f11c28fc30f03e6f	per-atom confidence matrices
structures/alphafold/batch4/fbn1_cbegf29_31_d1993n_ca3/fold_fbn1_cbegf29_31_d1993n_ca3_full_data_4.json	146251	3a4ea10e5541acbe5e452f3567a55f4b571dd1cc53f84487776a87a5a6dc150d	per-atom confidence matrices
structures/alphafold/batch4/fbn1_cbegf29_31_e1976a_ca3/fold_fbn1_cbegf29_31_e1976a_ca3_full_data_0.json	145994	4355e2a21dd06105867896ab07bcd986a7796093450d276a71cfbd27517360d9	per-atom confidence matrices
structures/alphafold/batch4/fbn1_cbegf29_31_e1976a_ca3/fold_fbn1_cbegf29_31_e1976a_ca3_full_data_1.json	146036	96c0b5bd8f1f0ad316b92a7799d46d67dd4bf183dc5f9f756a218dda90432558	per-atom confidence matrices
structures/alphafold/batch4/fbn1_cbegf29_31_e1976a_ca3/fold_fbn1_cbegf29_31_e1976a_ca3_full_data_2.json	145945	7bbed16de2bc15668e89f4555264bc6880266db6ea98a6426e0535660a2d91f3	per-atom confidence matrices
structures/alphafold/batch4/fbn1_cbegf29_31_e1976a_ca3/fold_fbn1_cbegf29_31_e1976a_ca3_full_data_3.json	146093	c8d4f6f9207006a7385e579c95cb05329356c6c640414657ba1f7a77981e23ff	per-atom confidence matrices
structures/alphafold/batch4/fbn1_cbegf29_31_e1976a_ca3/fold_fbn1_cbegf29_31_e1976a_ca3_full_data_4.json	146309	3b7a1127039037372a824256a3a7cd155a0aeb3749532ef17da538a41742f2fa	per-atom confidence matrices
structures/alphafold/batch4/fbn1_cbegf29_31_g1994v_ca3/fold_fbn1_cbegf29_31_g1994v_ca3_full_data_0.json	146896	44a7a69c13f68bec683ca205929c3149ae37f9f0fd427eccbc8d5ecce857ed32	per-atom confidence matrices
structures/alphafold/batch4/fbn1_cbegf29_31_g1994v_ca3/fold_fbn1_cbegf29_31_g1994v_ca3_full_data_1.json	146981	cd4f029cd949a5037770f85b4698127abc88a645da7516d4b6d0835f9426d0f0	per-atom confidence matrices
structures/alphafold/batch4/fbn1_cbegf29_31_g1994v_ca3/fold_fbn1_cbegf29_31_g1994v_ca3_full_data_2.json	147320	d46e80e5bd3e9a3b1356678a8b6174c5c21ddf36929e1381ae701787f8d2b808	per-atom confidence matrices
structures/alphafold/batch4/fbn1_cbegf29_31_g1994v_ca3/fold_fbn1_cbegf29_31_g1994v_ca3_full_data_3.json	147165	01ea3d40b76857ae2a9e2c4dd01717983a10bc1962add2b14a0a062078e98c47	per-atom confidence matrices
structures/alphafold/batch4/fbn1_cbegf29_31_g1994v_ca3/fold_fbn1_cbegf29_31_g1994v_ca3_full_data_4.json	146922	3005eaea0c48c0eddbbeebfd6f303c26e73a6d9185f30922f1055dc7ddb28f43	per-atom confidence matrices
structures/alphafold/batch4/fbn1_cbegf31_33_d2104g_ca3/fold_fbn1_cbegf31_33_d2104g_ca3_full_data_0.json	333758	248a4fec923bd7e8998561781fba4535ba4ccc913b8f6143cbed8c655135b48b	per-atom confidence matrices
structures/alphafold/batch4/fbn1_cbegf31_33_d2104g_ca3/fold_fbn1_cbegf31_33_d2104g_ca3_full_data_1.json	334496	b4950703c9be7e18d7defb94fad73e6d98ec0f47937337e9f9a047d849678307	per-atom confidence matrices
structures/alphafold/batch4/fbn1_cbegf31_33_d2104g_ca3/fold_fbn1_cbegf31_33_d2104g_ca3_full_data_2.json	334164	186af7079bab1191a74e0d286d92c3105f78e34b6266b025a5ce20e91c0d9ae6	per-atom confidence matrices
structures/alphafold/batch4/fbn1_cbegf31_33_d2104g_ca3/fold_fbn1_cbegf31_33_d2104g_ca3_full_data_3.json	333976	b423e017d0098fd9d543832d4b409827df86f4c011e934353724c231bccca29d	per-atom confidence matrices
structures/alphafold/batch4/fbn1_cbegf31_33_d2104g_ca3/fold_fbn1_cbegf31_33_d2104g_ca3_full_data_4.json	334314	1bae63399579a181fe292d250c0e22cd69a7543f134af774403823e105ed8af5	per-atom confidence matrices
structures/alphafold/batch4/fbn1_cbegf31_33_i2110t_ca3/fold_fbn1_cbegf31_33_i2110t_ca3_full_data_0.json	333811	3bb4e0b46c3c1e5e05adcc62cd7ecce9d545bba8aa59405aac13935253bdacc5	per-atom confidence matrices
structures/alphafold/batch4/fbn1_cbegf31_33_i2110t_ca3/fold_fbn1_cbegf31_33_i2110t_ca3_full_data_1.json	333720	7cf0b84dc5a0eeace05d22b584d933291681b118faeaa3b7ba9c235dee3494c5	per-atom confidence matrices
structures/alphafold/batch4/fbn1_cbegf31_33_i2110t_ca3/fold_fbn1_cbegf31_33_i2110t_ca3_full_data_2.json	334166	2d507f49b35333223413942261c8396ff530280ba5b3f520ae6421ce36b3b93a	per-atom confidence matrices
structures/alphafold/batch4/fbn1_cbegf31_33_i2110t_ca3/fold_fbn1_cbegf31_33_i2110t_ca3_full_data_3.json	333832	7216d91a76cd9d6129f8d1592c61b9d75541a9a0b258cfff0dbd6eb21a11439b	per-atom confidence matrices
structures/alphafold/batch4/fbn1_cbegf31_33_i2110t_ca3/fold_fbn1_cbegf31_33_i2110t_ca3_full_data_4.json	334171	a6383dfc3fdac13a74a36988db60d52d9e6c976ca1cf8dea322036c8c102a7e6	per-atom confidence matrices
structures/alphafold/batch4/fbn1_cbegf31_33_n2144h_ca3/fold_fbn1_cbegf31_33_n2144h_ca3_full_data_0.json	338115	465db583e10f573e819d66ed5f95d2eb2e0f7566fe3a04cffb1c3df45886c5bf	per-atom confidence matrices
structures/alphafold/batch4/fbn1_cbegf31_33_n2144h_ca3/fold_fbn1_cbegf31_33_n2144h_ca3_full_data_1.json	338330	08e38579d75d08b271f4f24c7ae8e48d4b9c2d871ddc4f9be64a4c1778b6540d	per-atom confidence matrices
structures/alphafold/batch4/fbn1_cbegf31_33_n2144h_ca3/fold_fbn1_cbegf31_33_n2144h_ca3_full_data_2.json	338489	ebfe994b66d79ae0113d1f298a76c83beb797c13d1656d7b633d45b760c45301	per-atom confidence matrices
structures/alphafold/batch4/fbn1_cbegf31_33_n2144h_ca3/fold_fbn1_cbegf31_33_n2144h_ca3_full_data_3.json	338248	27aef1940a077a4664406864d64f4b3f019c5e5d36f11ad28e76a47c343c019c	per-atom confidence matrices
structures/alphafold/batch4/fbn1_cbegf31_33_n2144h_ca3/fold_fbn1_cbegf31_33_n2144h_ca3_full_data_4.json	338409	0b58f1e3da0afb7bde457d0a9091a5ae987c5523cc665a6a62977ac01bab2a02	per-atom confidence matrices
structures/alphafold/batch4/fbn1_cbegf37_39_d2485g_ca3/fold_fbn1_cbegf37_39_d2485g_ca3_full_data_0.json	140017	62ec3132534e0b6118ad4b426eb70364a7180dc4d447b3914fe25e15bfef7d29	per-atom confidence matrices
structures/alphafold/batch4/fbn1_cbegf37_39_d2485g_ca3/fold_fbn1_cbegf37_39_d2485g_ca3_full_data_1.json	139850	72396f9936933949226e802ac4c75ea0047fd85aec89bba49a5884394fbb4c4f	per-atom confidence matrices
structures/alphafold/batch4/fbn1_cbegf37_39_d2485g_ca3/fold_fbn1_cbegf37_39_d2485g_ca3_full_data_2.json	140039	a9704354f145550ff708cf6b84c9717a8261dbee7f3230204ae44f03ac9ce9fa	per-atom confidence matrices
structures/alphafold/batch4/fbn1_cbegf37_39_d2485g_ca3/fold_fbn1_cbegf37_39_d2485g_ca3_full_data_3.json	140207	9c5f58fd7eafc8236543eddf3a9817993532be2d6808227dda372b99619ae6b5	per-atom confidence matrices
structures/alphafold/batch4/fbn1_cbegf37_39_d2485g_ca3/fold_fbn1_cbegf37_39_d2485g_ca3_full_data_4.json	140195	9a0fce1bdb4195bc3aa60cf18b2716eee9ddbd7b1bfa44bd24100736d767f0df	per-atom confidence matrices
structures/alphafold/batch4/fbn1_cbegf37_39_d2487g_ca3/fold_fbn1_cbegf37_39_d2487g_ca3_full_data_0.json	138490	3b42a44c6d33ced1c3d7343665e1bf92791ab5a9d2b55e97d1731eac602cee4f	per-atom confidence matrices
structures/alphafold/batch4/fbn1_cbegf37_39_d2487g_ca3/fold_fbn1_cbegf37_39_d2487g_ca3_full_data_1.json	138685	8957025a2f8cd3ca6cddc0032f99755b2e11fe9975ef3a570592cf491f6bbc3a	per-atom confidence matrices
structures/alphafold/batch4/fbn1_cbegf37_39_d2487g_ca3/fold_fbn1_cbegf37_39_d2487g_ca3_full_data_2.json	138631	7452be8f44428bd203c2f71414146a6618308df65158c8def2e6f79ecfb122a4	per-atom confidence matrices
structures/alphafold/batch4/fbn1_cbegf37_39_d2487g_ca3/fold_fbn1_cbegf37_39_d2487g_ca3_full_data_3.json	138871	3562b5b73b190b5f2742fe5994f1a2d03339003e50c503016e3addf9efd362a1	per-atom confidence matrices
structures/alphafold/batch4/fbn1_cbegf37_39_d2487g_ca3/fold_fbn1_cbegf37_39_d2487g_ca3_full_data_4.json	138985	535aad6fa4b7af294697fc0fb8353aa05c6d882209af25bcea82d83c80851ec8	per-atom confidence matrices
structures/alphafold/batch4/fbn1_cbegf37_39_e2447k_ca3/fold_fbn1_cbegf37_39_e2447k_ca3_full_data_0.json	138673	0e39837efab10274c52d41c1379451518a073fc3e09e95acbaf22fb6e05b43f3	per-atom confidence matrices
structures/alphafold/batch4/fbn1_cbegf37_39_e2447k_ca3/fold_fbn1_cbegf37_39_e2447k_ca3_full_data_1.json	139003	ceb8105f69a6cb4925bacaa5a60ca4127bdbd6b653ec12609f208ffdee16a218	per-atom confidence matrices
structures/alphafold/batch4/fbn1_cbegf37_39_e2447k_ca3/fold_fbn1_cbegf37_39_e2447k_ca3_full_data_2.json	139037	e428087dd98f1523dbbd728f85b0f1ecd6deb7e791f57afd6a781a2fcb5ffeb7	per-atom confidence matrices
structures/alphafold/batch4/fbn1_cbegf37_39_e2447k_ca3/fold_fbn1_cbegf37_39_e2447k_ca3_full_data_3.json	138819	ed5605757657da19d68bf3b965ecdceb93c90d76991aaee248a45cb01767656d	per-atom confidence matrices
structures/alphafold/batch4/fbn1_cbegf37_39_e2447k_ca3/fold_fbn1_cbegf37_39_e2447k_ca3_full_data_4.json	139178	51307ae1e866c3716fb26dec37417a759f54768c274dfe559ce8e6f503237261	per-atom confidence matrices
structures/alphafold/batch4/fbn1_cbegf37_39_s2469l_ca3/fold_fbn1_cbegf37_39_s2469l_ca3_full_data_0.json	138805	65d44802a4143bf49e57bb11bc73075266c3de63f24c7ae9964278046c3ddb34	per-atom confidence matrices
structures/alphafold/batch4/fbn1_cbegf37_39_s2469l_ca3/fold_fbn1_cbegf37_39_s2469l_ca3_full_data_1.json	138976	0ba20c5692b3c7b3b6b840809fd1246699b46dc856d0e8802aec23e50c93e667	per-atom confidence matrices
structures/alphafold/batch4/fbn1_cbegf37_39_s2469l_ca3/fold_fbn1_cbegf37_39_s2469l_ca3_full_data_2.json	139101	5b511f90b286dbffc2c51b8a322f0ee7fce98c8a01baf7217f6f4e0568ed4c3c	per-atom confidence matrices
structures/alphafold/batch4/fbn1_cbegf37_39_s2469l_ca3/fold_fbn1_cbegf37_39_s2469l_ca3_full_data_3.json	139039	dfaf59089b5ba498967817ab9886391d28404e6021e71a5dc34489bb818b2b29	per-atom confidence matrices
structures/alphafold/batch4/fbn1_cbegf37_39_s2469l_ca3/fold_fbn1_cbegf37_39_s2469l_ca3_full_data_4.json	139393	6fd9e7ff26b85ca1c0fffd581bd57654ee7e2720c014b508bd2038657241385b	per-atom confidence matrices
structures/alphafold/batch4/fbn1_cbegf39_41_e2570k_ca3/fold_fbn1_cbegf39_41_e2570k_ca3_full_data_0.json	142845	cd7d3950d67c750da6f7255ab131acf6096a2fe5577f3b683ee628a3a1629453	per-atom confidence matrices
structures/alphafold/batch4/fbn1_cbegf39_41_e2570k_ca3/fold_fbn1_cbegf39_41_e2570k_ca3_full_data_1.json	142524	29469a923db31f2e80fed446e1a75a70a7f8b8087073a94abc59688a33431563	per-atom confidence matrices
structures/alphafold/batch4/fbn1_cbegf39_41_e2570k_ca3/fold_fbn1_cbegf39_41_e2570k_ca3_full_data_2.json	142854	c1729092c5e8efba336e279405397d643498e788e767f7bb6eca4c6582b9191b	per-atom confidence matrices
structures/alphafold/batch4/fbn1_cbegf39_41_e2570k_ca3/fold_fbn1_cbegf39_41_e2570k_ca3_full_data_3.json	143048	42815646644ad9685f42554d75408b69213b41bb0116d535c7b01be174f6e130	per-atom confidence matrices
structures/alphafold/batch4/fbn1_cbegf39_41_e2570k_ca3/fold_fbn1_cbegf39_41_e2570k_ca3_full_data_4.json	142880	d0ad14965fa8de00507de693be895cdce713baccab73b71c822090d1b2d5a4d0	per-atom confidence matrices
structures/alphafold/batch4/fbn1_cbegf39_41_t2549p_ca3/fold_fbn1_cbegf39_41_t2549p_ca3_full_data_0.json	143862	060530393ccfce672ea46ab8c46fb6b8efa2be76505f238e80b5bc3f623fe7fb	per-atom confidence matrices
structures/alphafold/batch4/fbn1_cbegf39_41_t2549p_ca3/fold_fbn1_cbegf39_41_t2549p_ca3_full_data_1.json	143925	e27428a3eadd1ccffc6ef75a57be50b3e3ebdd089bc23686498287a3f1790d29	per-atom confidence matrices
structures/alphafold/batch4/fbn1_cbegf39_41_t2549p_ca3/fold_fbn1_cbegf39_41_t2549p_ca3_full_data_2.json	143944	451426bb7e74d4ac7464a4025a3c5ba94a1ecf3516a8d836aef7fe53ba68f53c	per-atom confidence matrices
structures/alphafold/batch4/fbn1_cbegf39_41_t2549p_ca3/fold_fbn1_cbegf39_41_t2549p_ca3_full_data_3.json	144009	0bdbe603febcc9803a3a8767be609b59a828adef01f0554489d4f01c29c71413	per-atom confidence matrices
structures/alphafold/batch4/fbn1_cbegf39_41_t2549p_ca3/fold_fbn1_cbegf39_41_t2549p_ca3_full_data_4.json	144018	4585f83a47146be9c4bf3e0e1294868ec60995884f00a520feb03dbf7971371f	per-atom confidence matrices
structures/alphafold/batch4/fbn1_cbegf3_5_i547t_ca3/fold_fbn1_cbegf3_5_i547t_ca3_full_data_0.json	140391	12f22e62e547f09b1cbca33b6f0781b07171a101129aa7d701475a934c1a3dc0	per-atom confidence matrices
structures/alphafold/batch4/fbn1_cbegf3_5_i547t_ca3/fold_fbn1_cbegf3_5_i547t_ca3_full_data_1.json	140425	89b99ef83aa9bc591aeed995bb4af2561e9c0e67a05d8b514dabce222d28b631	per-atom confidence matrices
structures/alphafold/batch4/fbn1_cbegf3_5_i547t_ca3/fold_fbn1_cbegf3_5_i547t_ca3_full_data_2.json	140462	83e4c566e3fd965458c9dd3a8c5769c95e17469fa4124056a2132c7e0a076765	per-atom confidence matrices
structures/alphafold/batch4/fbn1_cbegf3_5_i547t_ca3/fold_fbn1_cbegf3_5_i547t_ca3_full_data_3.json	140658	be56b88568ac07d2ab1bd8bc5f4627f014629b2444f57197eeed23ae6d557d4c	per-atom confidence matrices
structures/alphafold/batch4/fbn1_cbegf3_5_i547t_ca3/fold_fbn1_cbegf3_5_i547t_ca3_full_data_4.json	140507	b4cad56fe790ca1ecb58ce3e343b62163508668633338172de70d11149caaa90	per-atom confidence matrices
structures/alphafold/batch4/fbn1_cbegf3_5_n548i_ca3/fold_fbn1_cbegf3_5_n548i_ca3_full_data_0.json	140468	c3e0e9c6ba767521462a21c33ae2b2272ad7d4141ef70f8a3c247b6725768ed3	per-atom confidence matrices
structures/alphafold/batch4/fbn1_cbegf3_5_n548i_ca3/fold_fbn1_cbegf3_5_n548i_ca3_full_data_1.json	140545	cd631c7776a95dfee54d6f652b42acc714d09aa81f41fe2aa70ca2522d1c38e0	per-atom confidence matrices
structures/alphafold/batch4/fbn1_cbegf3_5_n548i_ca3/fold_fbn1_cbegf3_5_n548i_ca3_full_data_2.json	140555	847cef3a05ffbe562c1a6fb0ab4c805285e29ca49bf2d14c8a0f01e6610e328f	per-atom confidence matrices
structures/alphafold/batch4/fbn1_cbegf3_5_n548i_ca3/fold_fbn1_cbegf3_5_n548i_ca3_full_data_3.json	140730	4dc5909004c9eee6335dfc95554664c849b9385eea4ec483cce78006f0e4065c	per-atom confidence matrices
structures/alphafold/batch4/fbn1_cbegf3_5_n548i_ca3/fold_fbn1_cbegf3_5_n548i_ca3_full_data_4.json	140670	8310a5887ba60b2e6f0692da227c281ee0c610b33e078059f2857401b98e955f	per-atom confidence matrices
structures/alphafold/batch4/fbn1_cbegf3_5_n589s_ca3/fold_fbn1_cbegf3_5_n589s_ca3_full_data_0.json	140308	6201d5bd4cd935ccabe53917cf8b33d0ff33cf164ad9b57e7888820535373edd	per-atom confidence matrices
structures/alphafold/batch4/fbn1_cbegf3_5_n589s_ca3/fold_fbn1_cbegf3_5_n589s_ca3_full_data_1.json	140590	dd27cd27ea4c36c97798ecd333b3a8a1186378df2564e5618fe78dab10cab977	per-atom confidence matrices
structures/alphafold/batch4/fbn1_cbegf3_5_n589s_ca3/fold_fbn1_cbegf3_5_n589s_ca3_full_data_2.json	140348	7acb28a9a1a5fedc704db5fc67cd638b46eddf9c507b77afa6b878047535ead5	per-atom confidence matrices
structures/alphafold/batch4/fbn1_cbegf3_5_n589s_ca3/fold_fbn1_cbegf3_5_n589s_ca3_full_data_3.json	140550	8af8233e41ca2994325727d74d920fc7d2817f96b4445a54ddfe39127463eb11	per-atom confidence matrices
structures/alphafold/batch4/fbn1_cbegf3_5_n589s_ca3/fold_fbn1_cbegf3_5_n589s_ca3_full_data_4.json	140668	ed4a30b63665d408c351f43e2628b57644d424a474fd2f952b11b8e04de5c78b	per-atom confidence matrices
structures/alphafold/batch4/fbn1_cbegf41_43_d2607n_ca3/fold_fbn1_cbegf41_43_d2607n_ca3_full_data_0.json	141659	40b7add7bdeaa7a70d8403508e26c9a271c38c377d20082c4d869e23b480730d	per-atom confidence matrices
structures/alphafold/batch4/fbn1_cbegf41_43_d2607n_ca3/fold_fbn1_cbegf41_43_d2607n_ca3_full_data_1.json	141681	a438a67d931c601306bdf6e1089c0c8a1c2a66bc0d11caa97713d154de63fd8e	per-atom confidence matrices
structures/alphafold/batch4/fbn1_cbegf41_43_d2607n_ca3/fold_fbn1_cbegf41_43_d2607n_ca3_full_data_2.json	141650	60fa825c6d94a6756423e697c56d59a086d239c3fd209533592c8e2e60c6c333	per-atom confidence matrices
structures/alphafold/batch4/fbn1_cbegf41_43_d2607n_ca3/fold_fbn1_cbegf41_43_d2607n_ca3_full_data_3.json	141732	86c60c0ddd08818abb70673b30811677f33202c18d56c7924ded5d953a6b0c8e	per-atom confidence matrices
structures/alphafold/batch4/fbn1_cbegf41_43_d2607n_ca3/fold_fbn1_cbegf41_43_d2607n_ca3_full_data_4.json	142523	9193a33af1f8cbb6345894b9b24cf049b7f6cebd5cdbac182a790a52bcc54662	per-atom confidence matrices
structures/alphafold/batch4/fbn1_cbegf41_43_n2624s_ca3/fold_fbn1_cbegf41_43_n2624s_ca3_full_data_0.json	141367	3af1107ff91e8f91eb8bd153a4d1ba24ba13bfe63fb70bbf19dbe93699cf51c6	per-atom confidence matrices
structures/alphafold/batch4/fbn1_cbegf41_43_n2624s_ca3/fold_fbn1_cbegf41_43_n2624s_ca3_full_data_1.json	141424	6186988c4412f2e49e11323a37d1aa9c08e5bc4acfa65f0a55097202f7540b3c	per-atom confidence matrices
structures/alphafold/batch4/fbn1_cbegf41_43_n2624s_ca3/fold_fbn1_cbegf41_43_n2624s_ca3_full_data_2.json	141467	d328448de0986a73ee48893330453d81b0c6c9be97039e265ee2c525bd51a705	per-atom confidence matrices
structures/alphafold/batch4/fbn1_cbegf41_43_n2624s_ca3/fold_fbn1_cbegf41_43_n2624s_ca3_full_data_3.json	141538	88f2e502a00f6a7b5f4be02210abe7de246901d1011ae9b3050f8ae32f528542	per-atom confidence matrices
structures/alphafold/batch4/fbn1_cbegf41_43_n2624s_ca3/fold_fbn1_cbegf41_43_n2624s_ca3_full_data_4.json	141583	465ff9339eca6ca0783f42394fa5c5587c74bf4c9136fe41bb5b87516e6f006a	per-atom confidence matrices
structures/alphafold/batch4/fbn1_cbegf5_7_d613n_ca3/fold_fbn1_cbegf5_7_d613n_ca3_full_data_0.json	344333	b1b2e3841e84a74bc2a7f0ccf4f472a10663aee414afd3cf502ca520d10b8367	per-atom confidence matrices
structures/alphafold/batch4/fbn1_cbegf5_7_d613n_ca3/fold_fbn1_cbegf5_7_d613n_ca3_full_data_1.json	343399	4c0b132f681491ef727a8e99b0eae0be1fd7e19f3036c95a5bc1b599880a61eb	per-atom confidence matrices
structures/alphafold/batch4/fbn1_cbegf5_7_d613n_ca3/fold_fbn1_cbegf5_7_d613n_ca3_full_data_2.json	344562	14616d7dde07a1798601cc7fb57c621b1d0e0a922dba34317eb949ce7c044998	per-atom confidence matrices
structures/alphafold/batch4/fbn1_cbegf5_7_d613n_ca3/fold_fbn1_cbegf5_7_d613n_ca3_full_data_3.json	345179	86d5ec8c386bf8dc113dd8a7faf9078b15b85c37f6608f58ba7db831651df0d3	per-atom confidence matrices
structures/alphafold/batch4/fbn1_cbegf5_7_d613n_ca3/fold_fbn1_cbegf5_7_d613n_ca3_full_data_4.json	345233	67346236f04487aff026432eaecc862aec4ab6093100b0c7b6ac7dd6cc402466	per-atom confidence matrices
structures/alphafold/batch4/fbn1_cbegf5_7_d723a_ca3/fold_fbn1_cbegf5_7_d723a_ca3_full_data_0.json	341766	b53aa9997316fd192cf3699272e37ed7655ac20303d414889a9ca382f191fbfb	per-atom confidence matrices
structures/alphafold/batch4/fbn1_cbegf5_7_d723a_ca3/fold_fbn1_cbegf5_7_d723a_ca3_full_data_1.json	342577	deb20985a11010a27a0a4e81a203e649daee2075a3d5f9e8ebfef6f1682bad85	per-atom confidence matrices
structures/alphafold/batch4/fbn1_cbegf5_7_d723a_ca3/fold_fbn1_cbegf5_7_d723a_ca3_full_data_2.json	342992	4ee1d774070cb205c69ef54aaf95344c376222760fe4f92ccb1ed277de96dcce	per-atom confidence matrices
structures/alphafold/batch4/fbn1_cbegf5_7_d723a_ca3/fold_fbn1_cbegf5_7_d723a_ca3_full_data_3.json	343649	4b577bc218464512fde9493a61ed4613f499c7c3bb449b14fd83e7ae72668e38	per-atom confidence matrices
structures/alphafold/batch4/fbn1_cbegf5_7_d723a_ca3/fold_fbn1_cbegf5_7_d723a_ca3_full_data_4.json	344785	9c4dadbb858cd032a1f4920638e7975b6844d241d97471edb097f90130e5eb35	per-atom confidence matrices
structures/alphafold/batch4/fbn1_cbegf5_7_d723g_ca3/fold_fbn1_cbegf5_7_d723g_ca3_full_data_0.json	341706	b540ba94f252e57d54b1ea7458253e2846f97f5a82441fdc52dd25a0a9af0a5a	per-atom confidence matrices
structures/alphafold/batch4/fbn1_cbegf5_7_d723g_ca3/fold_fbn1_cbegf5_7_d723g_ca3_full_data_1.json	342050	dad2d025e716a9d242a36bfc83c000fd56b4e3d6817dbda2ba71ced1cafa4aca	per-atom confidence matrices
structures/alphafold/batch4/fbn1_cbegf5_7_d723g_ca3/fold_fbn1_cbegf5_7_d723g_ca3_full_data_2.json	342651	630200eaf4988610e1789e04225084ae14a478606c7365a3d27098bfede3fb6c	per-atom confidence matrices
structures/alphafold/batch4/fbn1_cbegf5_7_d723g_ca3/fold_fbn1_cbegf5_7_d723g_ca3_full_data_3.json	343693	bdb2760a605dbc3872f43fb403dcd81c83401bce798e6a70802424726d317cd6	per-atom confidence matrices
structures/alphafold/batch4/fbn1_cbegf5_7_d723g_ca3/fold_fbn1_cbegf5_7_d723g_ca3_full_data_4.json	344041	1910ff386329fc12d2bbbd4e90ac54576fcd207bb086bd0d56f9b330b4224ea2	per-atom confidence matrices
structures/alphafold/batch4/fbn1_cbegf5_7_e638k_ca3/fold_fbn1_cbegf5_7_e638k_ca3_full_data_0.json	341766	5c66a14106dd96b218ea836eb7a49e6a24257b3c3a3b3c0a779243f7ad0698f6	per-atom confidence matrices
structures/alphafold/batch4/fbn1_cbegf5_7_e638k_ca3/fold_fbn1_cbegf5_7_e638k_ca3_full_data_1.json	344079	5c5d8c0de2e891296b3976e9e5940e5b407ed50e45ff86b9f3e3a79ef9b91b7e	per-atom confidence matrices
structures/alphafold/batch4/fbn1_cbegf5_7_e638k_ca3/fold_fbn1_cbegf5_7_e638k_ca3_full_data_2.json	343593	9ba6bd384344866ed16ea16c7e4a56e9332399699e86c67549f4b741079c1453	per-atom confidence matrices
structures/alphafold/batch4/fbn1_cbegf5_7_e638k_ca3/fold_fbn1_cbegf5_7_e638k_ca3_full_data_3.json	344222	b379ba1a80ef519eb001c6d4d9dca66357331e723d6fb96f5ebeef027c27703f	per-atom confidence matrices
structures/alphafold/batch4/fbn1_cbegf5_7_e638k_ca3/fold_fbn1_cbegf5_7_e638k_ca3_full_data_4.json	344169	0ba643f9fe50d498da8a4dd12f071c67cffe7539104f89ef6d761ae1897916ff	per-atom confidence matrices
structures/alphafold/batch4/fbn1_cbegf5_7_e726g_ca3/fold_fbn1_cbegf5_7_e726g_ca3_full_data_0.json	341351	44557af8693b8ad030e82ae7aea5318c29d488a6096b2826e8f5a51f1cfa6238	per-atom confidence matrices
structures/alphafold/batch4/fbn1_cbegf5_7_e726g_ca3/fold_fbn1_cbegf5_7_e726g_ca3_full_data_1.json	342439	b4c3bc21cf9d9f88b45668c3db4371abcdde1ff7bfcba73262286b67254063e6	per-atom confidence matrices
structures/alphafold/batch4/fbn1_cbegf5_7_e726g_ca3/fold_fbn1_cbegf5_7_e726g_ca3_full_data_2.json	342856	7d9a994240bd0d3f95ea3e3c151e6ee672b5e20aabf03f13891d26d1205b77b2	per-atom confidence matrices
structures/alphafold/batch4/fbn1_cbegf5_7_e726g_ca3/fold_fbn1_cbegf5_7_e726g_ca3_full_data_3.json	342740	88f16f233bebc1a194c1e8ec89226bc3331f1a4d6a14803f0ef3e2fc06856c4e	per-atom confidence matrices
structures/alphafold/batch4/fbn1_cbegf5_7_e726g_ca3/fold_fbn1_cbegf5_7_e726g_ca3_full_data_4.json	343546	06c8c4dbf56c9128323e0fb422adac35fc8b67df39f8dd6ca08ff4c7fb3a3a3d	per-atom confidence matrices
structures/alphafold/batch4/fbn1_cbegf5_7_n741k_ca3/fold_fbn1_cbegf5_7_n741k_ca3_full_data_0.json	341560	f713d903d4a8f2005632ff746270666b77e20f7aa5e45cba0d32419e55b880a5	per-atom confidence matrices
structures/alphafold/batch4/fbn1_cbegf5_7_n741k_ca3/fold_fbn1_cbegf5_7_n741k_ca3_full_data_1.json	342210	6c9d75bf7c2044d17fc41671318bd5e574bff086979bceaf0ce9316c3e24dbaf	per-atom confidence matrices
structures/alphafold/batch4/fbn1_cbegf5_7_n741k_ca3/fold_fbn1_cbegf5_7_n741k_ca3_full_data_2.json	343040	1d88a765b166c5305b6a9c90d948b1630d730402e8f8442c6ad6851cbc45a8c9	per-atom confidence matrices
structures/alphafold/batch4/fbn1_cbegf5_7_n741k_ca3/fold_fbn1_cbegf5_7_n741k_ca3_full_data_3.json	343365	098a420c506c9e012ff1ec169f419a64dbd8647c15087c18e8b98b05828e3784	per-atom confidence matrices
structures/alphafold/batch4/fbn1_cbegf5_7_n741k_ca3/fold_fbn1_cbegf5_7_n741k_ca3_full_data_4.json	343710	966b1d648e5699bc0dc2f378e7278e2f2a392ccc2ee9c3e5fabaa6713225cf4f	per-atom confidence matrices
structures/alphafold/batch4/fbn1_cbegf9_11_d1028g_ca3/fold_fbn1_cbegf9_11_d1028g_ca3_full_data_0.json	617017	a8d4306bb23fad29081de1138083489ec0a3aa2b9f93936f90d4998b13cae1e9	per-atom confidence matrices
structures/alphafold/batch4/fbn1_cbegf9_11_d1028g_ca3/fold_fbn1_cbegf9_11_d1028g_ca3_full_data_1.json	616766	d6e7e7c2479b09c31dd5a46d9e4b11ac3690428fbf6be9454299c6b3044441b2	per-atom confidence matrices
structures/alphafold/batch4/fbn1_cbegf9_11_d1028g_ca3/fold_fbn1_cbegf9_11_d1028g_ca3_full_data_2.json	618646	206615073264c98e431849792d6140a298842eeb0fbf61a002096e3bd624b489	per-atom confidence matrices
structures/alphafold/batch4/fbn1_cbegf9_11_d1028g_ca3/fold_fbn1_cbegf9_11_d1028g_ca3_full_data_3.json	617023	43a44846b5fa19051f40bad7d5cfd21189e42af6dc25dee32ffcc3a9b94d7584	per-atom confidence matrices
structures/alphafold/batch4/fbn1_cbegf9_11_d1028g_ca3/fold_fbn1_cbegf9_11_d1028g_ca3_full_data_4.json	616886	0e47868b996a582282c3df69a4915f87c9c1b60d2f71772cabe79bd61c9d4cce	per-atom confidence matrices
structures/alphafold/batch4/fbn1_cbegf9_11_n1046s_ca3/fold_fbn1_cbegf9_11_n1046s_ca3_full_data_0.json	617055	dabbddd2163525330195b7c499a5a4415a8b72016b183d92a81fee9f5dc2c20a	per-atom confidence matrices
structures/alphafold/batch4/fbn1_cbegf9_11_n1046s_ca3/fold_fbn1_cbegf9_11_n1046s_ca3_full_data_1.json	618545	d3997dc960e19e177c1f20dfb0c0c822a903c18947aec6005b4feb28e5defff4	per-atom confidence matrices
structures/alphafold/batch4/fbn1_cbegf9_11_n1046s_ca3/fold_fbn1_cbegf9_11_n1046s_ca3_full_data_2.json	619343	2b82b30a31965dbab8add507ca534e51fe2c473f8b8d66ea94c262c95fe4e9be	per-atom confidence matrices
structures/alphafold/batch4/fbn1_cbegf9_11_n1046s_ca3/fold_fbn1_cbegf9_11_n1046s_ca3_full_data_3.json	619358	dbe8e35ca10df9aed8b200a8be52ecafc9686cf6894c4f46ecae70301214a674	per-atom confidence matrices
structures/alphafold/batch4/fbn1_cbegf9_11_n1046s_ca3/fold_fbn1_cbegf9_11_n1046s_ca3_full_data_4.json	619189	c944aa74bd0223d29481d12aefc7f7f39a98ea017871eb6f774afde15d7c33a0	per-atom confidence matrices
structures/alphafold/batch4/fbn1_cbegf9_11_n867k_ca3/fold_fbn1_cbegf9_11_n867k_ca3_full_data_0.json	619611	c0ae5a2a639e86266815ef53de93721d6155299f75199f4a7310a217223bf9e6	per-atom confidence matrices
structures/alphafold/batch4/fbn1_cbegf9_11_n867k_ca3/fold_fbn1_cbegf9_11_n867k_ca3_full_data_1.json	620218	b99d5229b31381f1bb139cf332da3657340ee1e583728d4672ad291fca8fad15	per-atom confidence matrices
structures/alphafold/batch4/fbn1_cbegf9_11_n867k_ca3/fold_fbn1_cbegf9_11_n867k_ca3_full_data_2.json	619039	906cd448cd5000b94b28480877af4ce4da96aad5a1f12d011a717b8dd1acab7d	per-atom confidence matrices
structures/alphafold/batch4/fbn1_cbegf9_11_n867k_ca3/fold_fbn1_cbegf9_11_n867k_ca3_full_data_3.json	618773	a94473ab1716bbdc66e0300f91e9f2d67a858459349914f24e2e7eebdb8cf758	per-atom confidence matrices
structures/alphafold/batch4/fbn1_cbegf9_11_n867k_ca3/fold_fbn1_cbegf9_11_n867k_ca3_full_data_4.json	621912	262bef58cd22bf6a9bb25ad6ef9169450ed425ca256adf4d7973a12cc767af0f	per-atom confidence matrices
structures/alphafold/fbn1_cbegf11_13_ca3/fold_fbn1_cbegf11_13_ca3_full_data_0.json	150298	22466f95f987b14731aa24d0fe0599ad04f2881f2deacdfc6367df0763d2af21	per-atom confidence matrices
structures/alphafold/fbn1_cbegf11_13_ca3/fold_fbn1_cbegf11_13_ca3_full_data_1.json	150628	a8da02858c9c1716995c5fbf688991864458611ac620d424207cd9a743ae4368	per-atom confidence matrices
structures/alphafold/fbn1_cbegf11_13_ca3/fold_fbn1_cbegf11_13_ca3_full_data_2.json	150742	ec093061f46aadd4f0e3844c47cb27f0374ed8c709de246abb1ff06fdcf2df51	per-atom confidence matrices
structures/alphafold/fbn1_cbegf11_13_ca3/fold_fbn1_cbegf11_13_ca3_full_data_3.json	150538	1f074f5b2843756a4667ba0f2fc74fa60c3d9ce565a4173b15c4868aa736291c	per-atom confidence matrices
structures/alphafold/fbn1_cbegf11_13_ca3/fold_fbn1_cbegf11_13_ca3_full_data_4.json	150752	911181290520c5be94ef837438762ca702b5d27f3a9fcb93aa51172b604ce542	per-atom confidence matrices
structures/alphafold/fbn1_cbegf12_13_c1138f_ca2/fold_fbn1_cbegf12_13_c1138f_ca2_full_data_0.json	72609	1a82006b5fe51ebc537276e3410b067e30b4691bf84ffcc6765b7916c1f8ff83	per-atom confidence matrices
structures/alphafold/fbn1_cbegf12_13_c1138f_ca2/fold_fbn1_cbegf12_13_c1138f_ca2_full_data_1.json	72737	53a491723591658a54f61155c310162436182cea3c9e47a90b71101c8678ae21	per-atom confidence matrices
structures/alphafold/fbn1_cbegf12_13_c1138f_ca2/fold_fbn1_cbegf12_13_c1138f_ca2_full_data_2.json	72842	8e25aa4cd6e7889f2dfd5cb6c91f5f0b4cb9e00d2ef773c0b6ef44201f271ac2	per-atom confidence matrices
structures/alphafold/fbn1_cbegf12_13_c1138f_ca2/fold_fbn1_cbegf12_13_c1138f_ca2_full_data_3.json	72905	28a5ffb9c233705926367306c16363b3d90489ab40abd3d615c0925ee7cee948	per-atom confidence matrices
structures/alphafold/fbn1_cbegf12_13_c1138f_ca2/fold_fbn1_cbegf12_13_c1138f_ca2_full_data_4.json	73131	bb9be6f40962d391138382bf026541cfa347e01fa2bf92e96f2423ce0bf07a67	per-atom confidence matrices
structures/alphafold/fbn1_cbegf12_13_d1113g_ca2/fold_fbn1_cbegf12_13_d1113g_ca2_full_data_0.json	72131	1dfe2657cb2c25f66934fd0d60b69d033122b92c2d514d492ce78d6fab893469	per-atom confidence matrices
structures/alphafold/fbn1_cbegf12_13_d1113g_ca2/fold_fbn1_cbegf12_13_d1113g_ca2_full_data_1.json	72270	5ea901acd3c3786e86bc87c7e16534377eb7630e94e0b167f72c84603bbd8532	per-atom confidence matrices
structures/alphafold/fbn1_cbegf12_13_d1113g_ca2/fold_fbn1_cbegf12_13_d1113g_ca2_full_data_2.json	72240	0c80669ac728c90e7e65f0116467f8ad3d0e7f20e590543937ae924ad9c45c65	per-atom confidence matrices
structures/alphafold/fbn1_cbegf12_13_d1113g_ca2/fold_fbn1_cbegf12_13_d1113g_ca2_full_data_3.json	72383	d812f4502d953805693afaa8f85004c89782dbff4f2981909a04bae343af6c54	per-atom confidence matrices
structures/alphafold/fbn1_cbegf12_13_d1113g_ca2/fold_fbn1_cbegf12_13_d1113g_ca2_full_data_4.json	72812	2a1cbb1fd535e849a9443fcee868a2b8491f5abe84b36f9080901fd3ea9b05ca	per-atom confidence matrices
structures/alphafold/fbn1_cbegf12_13_e1073k_ca2/fold_fbn1_cbegf12_13_e1073k_ca2_full_data_0.json	71855	57d3d297ffc1b8069dccf9403621e958325fb36975ab8ac2cd3e5d8abeaac044	per-atom confidence matrices
structures/alphafold/fbn1_cbegf12_13_e1073k_ca2/fold_fbn1_cbegf12_13_e1073k_ca2_full_data_1.json	71918	67e45f289357fbfaa9177480a386734041ee8cbd485431fcfd2e8f761bf4784d	per-atom confidence matrices
structures/alphafold/fbn1_cbegf12_13_e1073k_ca2/fold_fbn1_cbegf12_13_e1073k_ca2_full_data_2.json	72107	7a32959aa4295fb0ce16b1eabb5dca1c50c42b4f169a7ae52240d17a88a3e7b7	per-atom confidence matrices
structures/alphafold/fbn1_cbegf12_13_e1073k_ca2/fold_fbn1_cbegf12_13_e1073k_ca2_full_data_3.json	72347	2b5fa7ad7c2744b789363164490b9d279ce8fdd2b51f62ca276b746d913dd577	per-atom confidence matrices
structures/alphafold/fbn1_cbegf12_13_e1073k_ca2/fold_fbn1_cbegf12_13_e1073k_ca2_full_data_4.json	72291	d0f7824ad8621422c215b77da8389ed653b20d3d6780f84e4e18640d99f0defc	per-atom confidence matrices
structures/alphafold/fbn1_cbegf12_13_p1141l_ca2/fold_fbn1_cbegf12_13_p1141l_ca2_full_data_0.json	72361	83113e85949fd5c91cd15ab528f6e828e5604a7aa809504b101cbaa023460d31	per-atom confidence matrices
structures/alphafold/fbn1_cbegf12_13_p1141l_ca2/fold_fbn1_cbegf12_13_p1141l_ca2_full_data_1.json	72138	969cc6fb7be2166c1e92a80ab2016b2dec9da58d0a00fe5c1a8648714b3706ee	per-atom confidence matrices
structures/alphafold/fbn1_cbegf12_13_p1141l_ca2/fold_fbn1_cbegf12_13_p1141l_ca2_full_data_2.json	72728	95952f34373fbe51d6ce84f8daa575a89e85d5c4211439a79e9235a48809b9d7	per-atom confidence matrices
structures/alphafold/fbn1_cbegf12_13_p1141l_ca2/fold_fbn1_cbegf12_13_p1141l_ca2_full_data_3.json	72333	c39cbe48e14c5aa78531e28a79315ad64f6439a4e63fb415a6028de65f40b1fa	per-atom confidence matrices
structures/alphafold/fbn1_cbegf12_13_p1141l_ca2/fold_fbn1_cbegf12_13_p1141l_ca2_full_data_4.json	73705	5e2c660214a87ec4a7ae2b948841cbd6c1f03964113f11b3bdb4ba48f163705f	per-atom confidence matrices
structures/alphafold/fbn1_cbegf13_15_ca3/fold_fbn1_cbegf13_15_ca3_full_data_0.json	144268	02b0b747de31147429022f4fe70611db3163d76b99d258ddf07698b495ff41fa	per-atom confidence matrices
structures/alphafold/fbn1_cbegf13_15_ca3/fold_fbn1_cbegf13_15_ca3_full_data_1.json	144526	509656a8ad0c4772cc03bbf452b288366e291de5135510ab8b2f4c8241fd503c	per-atom confidence matrices
structures/alphafold/fbn1_cbegf13_15_ca3/fold_fbn1_cbegf13_15_ca3_full_data_2.json	144396	6493c145310f577c09e8b60b95bbb8f51148708237a4cd364f160e5743ee7365	per-atom confidence matrices
structures/alphafold/fbn1_cbegf13_15_ca3/fold_fbn1_cbegf13_15_ca3_full_data_3.json	144379	ca505dd901522a03301d0bed0b3fc76a9afce04a8c441858a9f5b26b3da5d054	per-atom confidence matrices
structures/alphafold/fbn1_cbegf13_15_ca3/fold_fbn1_cbegf13_15_ca3_full_data_4.json	144546	43b32b93a28ac3e4c11e2a615f2ab9cb5a7697c2910d9040b4657651955cbf63	per-atom confidence matrices
structures/alphafold/fbn1_cbegf15_17_ca3/fold_fbn1_cbegf15_17_ca3_full_data_0.json	145397	63f26fb1d10f7bc1fddb4d1f5fe0475f58e0f9691cdabd5d3b1cc8d3a543b9ce	per-atom confidence matrices
structures/alphafold/fbn1_cbegf15_17_ca3/fold_fbn1_cbegf15_17_ca3_full_data_1.json	145528	668aa8c8b330100a15a21351adb50ef9d0b1c4b3bd4e415f9a55cfb92d68e560	per-atom confidence matrices
structures/alphafold/fbn1_cbegf15_17_ca3/fold_fbn1_cbegf15_17_ca3_full_data_2.json	145430	a6d575b2ba1e84074f861a302fe06a2bf5d26fde4a3aa166100b1eb673090a43	per-atom confidence matrices
structures/alphafold/fbn1_cbegf15_17_ca3/fold_fbn1_cbegf15_17_ca3_full_data_3.json	145599	2dfdb1350aad7fc0b8c6969f515ebf08423e8a83ed0756223b2ff4a44193c9da	per-atom confidence matrices
structures/alphafold/fbn1_cbegf15_17_ca3/fold_fbn1_cbegf15_17_ca3_full_data_4.json	145904	4ea0cafb219b9a1fbbb0e6155f177be3df5caf879c21c0981b8a6dee34c492af	per-atom confidence matrices
structures/alphafold/fbn1_cbegf17_19_ca3/fold_fbn1_cbegf17_19_ca3_full_data_0.json	141854	d4debb3701ca6b53175a673ee5ac2b810bec57fd42e5a5ab4d8661ce1fbb84b1	per-atom confidence matrices
structures/alphafold/fbn1_cbegf17_19_ca3/fold_fbn1_cbegf17_19_ca3_full_data_1.json	141836	567a54cd42f7ea6fbf00504d56366475320198f1409dc363fac2e4eeb72da9fb	per-atom confidence matrices
structures/alphafold/fbn1_cbegf17_19_ca3/fold_fbn1_cbegf17_19_ca3_full_data_2.json	141796	3d1c56362b5dc6a2c3fa17d3f717a1fea5c6625d357f98168369d7fc71662b83	per-atom confidence matrices
structures/alphafold/fbn1_cbegf17_19_ca3/fold_fbn1_cbegf17_19_ca3_full_data_3.json	141943	0450670f7d608b9a4d7be8b047a72964398be2916cf970b7a8f965a1be5c1bfd	per-atom confidence matrices
structures/alphafold/fbn1_cbegf17_19_ca3/fold_fbn1_cbegf17_19_ca3_full_data_4.json	142047	8ffc7484ea8a6f7b98522365ca8bdbaba9c807f1148ce0cdf8a76f4217b3a795	per-atom confidence matrices
structures/alphafold/fbn1_cbegf19_21_ca3/fold_fbn1_cbegf19_21_ca3_full_data_0.json	142285	fe8a518287037a84f9c7005a9a29d32b464f73b8f20abfc5b5c0df9bd14374c8	per-atom confidence matrices
structures/alphafold/fbn1_cbegf19_21_ca3/fold_fbn1_cbegf19_21_ca3_full_data_1.json	142072	a5bc02c9ee36ac954132a644b25be73fe7e94bbc86d663aebef60cf9e29858c3	per-atom confidence matrices
structures/alphafold/fbn1_cbegf19_21_ca3/fold_fbn1_cbegf19_21_ca3_full_data_2.json	142111	4da71e1fd19c828ea6dcae30459ad4fccf305df6ed310f1fc7bc913face5b8ca	per-atom confidence matrices
structures/alphafold/fbn1_cbegf19_21_ca3/fold_fbn1_cbegf19_21_ca3_full_data_3.json	142193	ba42b7d96ba65ba296ad87b7e2d97dc08ded4c55ddcb1ff04ea0760d50a5da2c	per-atom confidence matrices
structures/alphafold/fbn1_cbegf19_21_ca3/fold_fbn1_cbegf19_21_ca3_full_data_4.json	142233	1427cbe8a51017c89205a57cfdd62c10f0d090c888b51fad06eb380992d42fa7	per-atom confidence matrices
structures/alphafold/fbn1_cbegf1_3_ca3/fold_fbn1_cbegf1_3_ca3_full_data_0.json	747726	09f7a26a2644a02e67de090a612934f5bdb3516aa5c99808471453dbb3df5ea0	per-atom confidence matrices
structures/alphafold/fbn1_cbegf1_3_ca3/fold_fbn1_cbegf1_3_ca3_full_data_1.json	747349	ca93b5f04817e5a634fd5e802d196e27a7bef0f30903afa3cebf6f823c49d00b	per-atom confidence matrices
structures/alphafold/fbn1_cbegf1_3_ca3/fold_fbn1_cbegf1_3_ca3_full_data_2.json	747651	c8fefa0fb438d9d08917926cc548fa1cd768a85abb2b051ed04fce302639b9ff	per-atom confidence matrices
structures/alphafold/fbn1_cbegf1_3_ca3/fold_fbn1_cbegf1_3_ca3_full_data_3.json	747267	7a9ffd86e64774ac1f4bb0cda3e49a3a31be9c1a5d7f7a002d28bf1e23585e2b	per-atom confidence matrices
structures/alphafold/fbn1_cbegf1_3_ca3/fold_fbn1_cbegf1_3_ca3_full_data_4.json	747367	ff3351b6edb60e54c1f0b16161e7f42b0a04723e1a33bfc9b25de0daf0cd67ca	per-atom confidence matrices
structures/alphafold/fbn1_cbegf21_23_ca3/fold_fbn1_cbegf21_23_ca3_full_data_0.json	359475	fcb9397f2d599fa168480cbb0c50df33a4ee7ee01ee8b959c4ab851c8d830a32	per-atom confidence matrices
structures/alphafold/fbn1_cbegf21_23_ca3/fold_fbn1_cbegf21_23_ca3_full_data_1.json	359819	abd912927f073f5481bca3ac17356d3f982efb36e1963a9846107a6e88a0feb9	per-atom confidence matrices
structures/alphafold/fbn1_cbegf21_23_ca3/fold_fbn1_cbegf21_23_ca3_full_data_2.json	359924	fca77f278ef1c0b20efff3dc3e60e9086eb3cb4fc0d01a972381644b84c50128	per-atom confidence matrices
structures/alphafold/fbn1_cbegf21_23_ca3/fold_fbn1_cbegf21_23_ca3_full_data_3.json	359821	bd8677e11e019d099a0cfe3f58465029d9730290f0410fd4ef31547b97fddc3c	per-atom confidence matrices
structures/alphafold/fbn1_cbegf21_23_ca3/fold_fbn1_cbegf21_23_ca3_full_data_4.json	360421	60c672e2c4f7732a7c90b908a752b3df8943e3cd9bcef26c7a0d25f72f7a5c00	per-atom confidence matrices
structures/alphafold/fbn1_cbegf22_tb4_cbegf23_d1487g_ca2/fold_fbn1_cbegf22_tb4_cbegf23_d1487g_ca2_full_data_0.json	231976	3a12eb7c6e9c192e684bbcf63557e082fd6eae971f25e1d9b952dd2d9c0b1aa3	per-atom confidence matrices
structures/alphafold/fbn1_cbegf22_tb4_cbegf23_d1487g_ca2/fold_fbn1_cbegf22_tb4_cbegf23_d1487g_ca2_full_data_1.json	232078	ad1d7147ae6d7699f5630fffc976e29712abf2901802276390eb3080d3134299	per-atom confidence matrices
structures/alphafold/fbn1_cbegf22_tb4_cbegf23_d1487g_ca2/fold_fbn1_cbegf22_tb4_cbegf23_d1487g_ca2_full_data_2.json	232105	159a1fc7a2eda7807d96fd8a52c4e58e47502d55b9d27fc1b29f0374156c03d3	per-atom confidence matrices
structures/alphafold/fbn1_cbegf22_tb4_cbegf23_d1487g_ca2/fold_fbn1_cbegf22_tb4_cbegf23_d1487g_ca2_full_data_3.json	232010	c869095cafd24e35248255aee1d47e16e0f68b4bfd2cdaa0dece9a77dc281f16	per-atom confidence matrices
structures/alphafold/fbn1_cbegf22_tb4_cbegf23_d1487g_ca2/fold_fbn1_cbegf22_tb4_cbegf23_d1487g_ca2_full_data_4.json	232085	5cbb26cb676cb0c0fceb8908d22d1ffd50665b3c61ea062e4cdee8a47551ed9d	per-atom confidence matrices
structures/alphafold/fbn1_cbegf23_25_ca3/fold_fbn1_cbegf23_25_ca3_full_data_0.json	359715	8194056d7a36a0fed4ab6deeb73a94371723a92238df8df0f760a5e43465a2ab	per-atom confidence matrices
structures/alphafold/fbn1_cbegf23_25_ca3/fold_fbn1_cbegf23_25_ca3_full_data_1.json	360176	b3173a7d3d7dabcee4c87413e6eef338ee0ef9fe77b8c1c1aa49cb389e989f6e	per-atom confidence matrices
structures/alphafold/fbn1_cbegf23_25_ca3/fold_fbn1_cbegf23_25_ca3_full_data_2.json	360363	57dba54e0de2435ee8402b90138c8b71ec9da59894237bf3fddd3d51e6ddc87a	per-atom confidence matrices
structures/alphafold/fbn1_cbegf23_25_ca3/fold_fbn1_cbegf23_25_ca3_full_data_3.json	361437	dc5cd15e35d7399270a21923b9950bcec62d7c11babf4d2389b6d8d9298d8c6e	per-atom confidence matrices
structures/alphafold/fbn1_cbegf23_25_ca3/fold_fbn1_cbegf23_25_ca3_full_data_4.json	361641	a9487910fb1fd5959f3eee70d997b19963b82a59e1841cb65013d147c03edf57	per-atom confidence matrices
structures/alphafold/fbn1_cbegf25_27_ca3/fold_fbn1_cbegf25_27_ca3_full_data_0.json	144470	2e8dfbd33ed17226ed7c81975f399f96dec0f636e850c10a696ae29c8ec6dfac	per-atom confidence matrices
structures/alphafold/fbn1_cbegf25_27_ca3/fold_fbn1_cbegf25_27_ca3_full_data_1.json	144627	692a21fde64cc765ee6ce0444aff82dd1b5e56d47bff6ce994904fa037409486	per-atom confidence matrices
structures/alphafold/fbn1_cbegf25_27_ca3/fold_fbn1_cbegf25_27_ca3_full_data_2.json	144774	d3f7187e92e0a664cac7b759806d3691a8aa211e9280b0614221354db70a178d	per-atom confidence matrices
structures/alphafold/fbn1_cbegf25_27_ca3/fold_fbn1_cbegf25_27_ca3_full_data_3.json	144650	70b9b55cc32338ea447c49ce2062de41918c91341b0b13ce82c8e38c048ccfeb	per-atom confidence matrices
structures/alphafold/fbn1_cbegf25_27_ca3/fold_fbn1_cbegf25_27_ca3_full_data_4.json	144703	79ec5d667013ef3fafef216ee21c06cde576eb60c8e8817cc73f15480a4514a7	per-atom confidence matrices
structures/alphafold/fbn1_cbegf27_29_ca3/fold_fbn1_cbegf27_29_ca3_full_data_0.json	142423	4aabfae5ed837acc4db9cc6909599863f74dc3dce9e075782c45e1ef269b7df5	per-atom confidence matrices
structures/alphafold/fbn1_cbegf27_29_ca3/fold_fbn1_cbegf27_29_ca3_full_data_1.json	142521	c776d52694d4376d3561d2302a380d687cf05a61d10e247f22c4745577d4445b	per-atom confidence matrices
structures/alphafold/fbn1_cbegf27_29_ca3/fold_fbn1_cbegf27_29_ca3_full_data_2.json	142544	4aae029419c3c373f4c044f6c677d847220c91eb4175550ef3db74b08f87608d	per-atom confidence matrices
structures/alphafold/fbn1_cbegf27_29_ca3/fold_fbn1_cbegf27_29_ca3_full_data_3.json	142640	41f621b488561b73b54c3f009a4e2bebbc3225bb8a7fb1394f4c9d5af9f8a95b	per-atom confidence matrices
structures/alphafold/fbn1_cbegf27_29_ca3/fold_fbn1_cbegf27_29_ca3_full_data_4.json	142637	84fc096428606a5ca0756fd01668676e57f4492eb1bed8ddbe726ea9057d6113	per-atom confidence matrices
structures/alphafold/fbn1_cbegf29_31_ca3/fold_fbn1_cbegf29_31_ca3_full_data_0.json	146083	4be62ea12957f737be64ea37165bb25ddd172091985a0327ed942e42c717fa2d	per-atom confidence matrices
structures/alphafold/fbn1_cbegf29_31_ca3/fold_fbn1_cbegf29_31_ca3_full_data_1.json	146316	6f3bdbf133855093852eafda95641a283b386a5ae1a93e87583830b54c72efd3	per-atom confidence matrices
structures/alphafold/fbn1_cbegf29_31_ca3/fold_fbn1_cbegf29_31_ca3_full_data_2.json	146122	5f1336914f1e9b0786b98d21827a27ad32cc9a55562e4b7e7f50610b1212d960	per-atom confidence matrices
structures/alphafold/fbn1_cbegf29_31_ca3/fold_fbn1_cbegf29_31_ca3_full_data_3.json	146258	2913f716fef2d3e1bbbea0e9e52617fc5b3cea0849b09eb72b7abe4c59017863	per-atom confidence matrices
structures/alphafold/fbn1_cbegf29_31_ca3/fold_fbn1_cbegf29_31_ca3_full_data_4.json	146483	e298c811636eeab8815021b242b12dcf9fdb14b186a463b1ef9550331c16bef3	per-atom confidence matrices
structures/alphafold/fbn1_cbegf31_33_ca3/fold_fbn1_cbegf31_33_ca3_full_data_0.json	333461	df2a1a7c6cfde7630c097afbdfb99a198c88353eed8a31d9c851ac5bac33682a	per-atom confidence matrices
structures/alphafold/fbn1_cbegf31_33_ca3/fold_fbn1_cbegf31_33_ca3_full_data_1.json	333389	bedeb5c81f5e2ea383ef7c60e061f7a6f67fcec28e1a24a8b6e989a3c806f782	per-atom confidence matrices
structures/alphafold/fbn1_cbegf31_33_ca3/fold_fbn1_cbegf31_33_ca3_full_data_2.json	333483	a10661a5ae006af10a377fea094c43a07a22458bd4dee962bd6ea8951e27eb99	per-atom confidence matrices
structures/alphafold/fbn1_cbegf31_33_ca3/fold_fbn1_cbegf31_33_ca3_full_data_3.json	333514	6ab39f2e16c9e031315548e9924bb7ac393be4188dc17ff242481769cf01c52b	per-atom confidence matrices
structures/alphafold/fbn1_cbegf31_33_ca3/fold_fbn1_cbegf31_33_ca3_full_data_4.json	333890	2d3abc83e7ce5d93d32cdd64cd9e67a553ebd017c35fb31a875ccaf85e1c33ea	per-atom confidence matrices
structures/alphafold/fbn1_cbegf32_33_e2130k_ca2/fold_fbn1_cbegf32_33_e2130k_ca2_full_data_0.json	61346	e273141fb951021ba07356dd441dc13378f89c12895f7b26b75bb0c381144681	per-atom confidence matrices
structures/alphafold/fbn1_cbegf32_33_e2130k_ca2/fold_fbn1_cbegf32_33_e2130k_ca2_full_data_1.json	61507	75333b8fcd89842ee218c0a39d8d8a4579984478e767a32bc6d4b2cb0e2dd310	per-atom confidence matrices
structures/alphafold/fbn1_cbegf32_33_e2130k_ca2/fold_fbn1_cbegf32_33_e2130k_ca2_full_data_2.json	61539	f6220a6baa4d91c484350d3e9a4a2d9806ae46c6560e96e764d0084ae3974284	per-atom confidence matrices
structures/alphafold/fbn1_cbegf32_33_e2130k_ca2/fold_fbn1_cbegf32_33_e2130k_ca2_full_data_3.json	61490	eb9cb498642a61789c90463b86879d8a50379ef77b1086e533422408941bee07	per-atom confidence matrices
structures/alphafold/fbn1_cbegf32_33_e2130k_ca2/fold_fbn1_cbegf32_33_e2130k_ca2_full_data_4.json	62072	26898955b3ebbd1e9fb8ad707aea6c33caccd0a031b5f4b4ee70b25445cd8b1e	per-atom confidence matrices
structures/alphafold/fbn1_cbegf32_33_n2144s_ca2/fold_fbn1_cbegf32_33_n2144s_ca2_full_data_0.json	61277	2001ad2d886febb6d4fa755c542e7337f6c569f922572bf125cbc3e5910f94ea	per-atom confidence matrices
structures/alphafold/fbn1_cbegf32_33_n2144s_ca2/fold_fbn1_cbegf32_33_n2144s_ca2_full_data_1.json	61949	31abedc64fa3f9178924228680f138228ac31b0a89cfedfa7602260309b79f11	per-atom confidence matrices
structures/alphafold/fbn1_cbegf32_33_n2144s_ca2/fold_fbn1_cbegf32_33_n2144s_ca2_full_data_2.json	62047	1dbfa7a104f06e7e93c09e34b72e459797ef545314781401db94151f4537fc3b	per-atom confidence matrices
structures/alphafold/fbn1_cbegf32_33_n2144s_ca2/fold_fbn1_cbegf32_33_n2144s_ca2_full_data_3.json	62350	1c01362e329da182a9aa4cc5a23147c0efc2a07586b623c4a8993e88447df7e7	per-atom confidence matrices
structures/alphafold/fbn1_cbegf32_33_n2144s_ca2/fold_fbn1_cbegf32_33_n2144s_ca2_full_data_4.json	62441	2aa0dc4b66aef4bf30caa90c501c533e63ba755b128068475c53b6d8b81074d7	per-atom confidence matrices
structures/alphafold/fbn1_cbegf32_33_n2183s_ca2/fold_fbn1_cbegf32_33_n2183s_ca2_full_data_0.json	61549	e89986c8e749d569a0e1d93b1484d632a9c8d80cb6a11a62aa72d7bce2bd9c3b	per-atom confidence matrices
structures/alphafold/fbn1_cbegf32_33_n2183s_ca2/fold_fbn1_cbegf32_33_n2183s_ca2_full_data_1.json	61554	0ff5d92469f8e4fc19892dbb224849d97bcf0185d0d903c55f549aaae8dfd15e	per-atom confidence matrices
structures/alphafold/fbn1_cbegf32_33_n2183s_ca2/fold_fbn1_cbegf32_33_n2183s_ca2_full_data_2.json	61657	eb4c725738b09dfc431ed863dcd43108e14ed24c7a7af3e8845b1e156bb942c9	per-atom confidence matrices
structures/alphafold/fbn1_cbegf32_33_n2183s_ca2/fold_fbn1_cbegf32_33_n2183s_ca2_full_data_3.json	61836	8e7ec9388d971826501bf1ab1a28cc80ccee5529977544c4d5bc96f38938e9a7	per-atom confidence matrices
structures/alphafold/fbn1_cbegf32_33_n2183s_ca2/fold_fbn1_cbegf32_33_n2183s_ca2_full_data_4.json	61766	cfe8f07795536a03710ae5a60cfae4ef108041b6b6e37f6ca87a62eaf86aac24	per-atom confidence matrices
structures/alphafold/fbn1_cbegf33_35_ca3/fold_fbn1_cbegf33_35_ca3_full_data_0.json	145613	a0379dad4b792e5360e416b79457b3443d5a47668f7389725b8773a69f00c04f	per-atom confidence matrices
structures/alphafold/fbn1_cbegf33_35_ca3/fold_fbn1_cbegf33_35_ca3_full_data_1.json	145573	02acb809031e1de627bf5adc23769adccff00efe7429dc949aacc37f800a2b61	per-atom confidence matrices
structures/alphafold/fbn1_cbegf33_35_ca3/fold_fbn1_cbegf33_35_ca3_full_data_2.json	145654	d2f36824dbf4d34998039fa3228c8f78b248a52c00b92e49bbd3295d30f145c3	per-atom confidence matrices
structures/alphafold/fbn1_cbegf33_35_ca3/fold_fbn1_cbegf33_35_ca3_full_data_3.json	145809	2698aeec1818d568c039003976acf5956e0d884d022fb09e72994db797c10590	per-atom confidence matrices
structures/alphafold/fbn1_cbegf33_35_ca3/fold_fbn1_cbegf33_35_ca3_full_data_4.json	145797	8bd682549bbab0508b2983708f2f9ed28a2cc2e9eb574e4d0cad171164375253	per-atom confidence matrices
structures/alphafold/fbn1_cbegf35_37_ca3/fold_fbn1_cbegf35_37_ca3_full_data_0.json	349154	2faef6fbf913b9025e8ed8b873088ee6083d5cfb7f0269620d927ecbb01fea5f	per-atom confidence matrices
structures/alphafold/fbn1_cbegf35_37_ca3/fold_fbn1_cbegf35_37_ca3_full_data_1.json	349343	b12209381228f8e0ddcfd837abdb4e327f1279a2c3e3b4e3f6a1301ccd0aa60d	per-atom confidence matrices
structures/alphafold/fbn1_cbegf35_37_ca3/fold_fbn1_cbegf35_37_ca3_full_data_2.json	349734	aae3a6aec776ae2bb9ff905b6bbfb504ca3c01634325265e3fd7d72bacb6cb75	per-atom confidence matrices
structures/alphafold/fbn1_cbegf35_37_ca3/fold_fbn1_cbegf35_37_ca3_full_data_3.json	349739	9e2f6567b164214b82666e06bf521c2a503a9be0129b180ab6cd059dc34c8af8	per-atom confidence matrices
structures/alphafold/fbn1_cbegf35_37_ca3/fold_fbn1_cbegf35_37_ca3_full_data_4.json	349515	40d0467e1a391b69e2161586cb6c52c93a1808fab5c2d418c3787b3cb54d9ac7	per-atom confidence matrices
structures/alphafold/fbn1_cbegf37_39_ca3/fold_fbn1_cbegf37_39_ca3_full_data_0.json	138598	877d9b5a69ce9069e5d033e141eaab9d813a2e11970068077679f731699b5417	per-atom confidence matrices
structures/alphafold/fbn1_cbegf37_39_ca3/fold_fbn1_cbegf37_39_ca3_full_data_1.json	138752	5b317c761c9ce498720654b9a0496abba580fea7280ab7fe292d91cde69f5462	per-atom confidence matrices
structures/alphafold/fbn1_cbegf37_39_ca3/fold_fbn1_cbegf37_39_ca3_full_data_2.json	138930	d2207db2f6aa6294a4ab7b54398154d5f20195049be7705082f9e42b3cf62d85	per-atom confidence matrices
structures/alphafold/fbn1_cbegf37_39_ca3/fold_fbn1_cbegf37_39_ca3_full_data_3.json	138748	3a702e2b58cf430519663b4a979be2f1d4a8b14591d1c6e3c493006543174781	per-atom confidence matrices
structures/alphafold/fbn1_cbegf37_39_ca3/fold_fbn1_cbegf37_39_ca3_full_data_4.json	138727	cf9be05bf4eb7b3be6d707a49b0b838329b202eb63cbd5f6d52c382277f45ddf	per-atom confidence matrices
structures/alphafold/fbn1_cbegf39_41_ca3/fold_fbn1_cbegf39_41_ca3_full_data_0.json	142943	767b3f16a5b77b1d4807c1747cab15113a68191cf1ffbe5d0cb2440466438a0a	per-atom confidence matrices
structures/alphafold/fbn1_cbegf39_41_ca3/fold_fbn1_cbegf39_41_ca3_full_data_1.json	142774	4a3fd13ea459f35e2d79842821b028f5255de9b97d95c7547e29ccf3eb2086d6	per-atom confidence matrices
structures/alphafold/fbn1_cbegf39_41_ca3/fold_fbn1_cbegf39_41_ca3_full_data_2.json	143322	6c092260905ac62025f2074f7944750ca317b3bb812e7095e7e259f46dbef1d6	per-atom confidence matrices
structures/alphafold/fbn1_cbegf39_41_ca3/fold_fbn1_cbegf39_41_ca3_full_data_3.json	143185	052c4873e15e0a0a8e44bc95829d565bce8760516c252b132a4e8f4bdbec21ea	per-atom confidence matrices
structures/alphafold/fbn1_cbegf39_41_ca3/fold_fbn1_cbegf39_41_ca3_full_data_4.json	143498	d74904142db0404e654139e85615ee661d9c50160e544259a4aaf5d76a980e8e	per-atom confidence matrices
structures/alphafold/fbn1_cbegf3_5_ca3/fold_fbn1_cbegf3_5_ca3_full_data_0.json	140443	618bf452dd8c57ad19e9b6ceab28c847cb7626ef4214b7a9940f2db2a2610543	per-atom confidence matrices
structures/alphafold/fbn1_cbegf3_5_ca3/fold_fbn1_cbegf3_5_ca3_full_data_1.json	140510	fccbceb398d7ec0a78c243c81baeb4aba20815cf3bd29afcea002e485325b9cf	per-atom confidence matrices
structures/alphafold/fbn1_cbegf3_5_ca3/fold_fbn1_cbegf3_5_ca3_full_data_2.json	140513	8d9762687c4369c156ed302275e467b43cdda2ba4b7ade9efa2bc6f3edba6cec	per-atom confidence matrices
structures/alphafold/fbn1_cbegf3_5_ca3/fold_fbn1_cbegf3_5_ca3_full_data_3.json	140526	e08ba117a459195b121f0a55956b900116dc775d8e224e3199211c76866f9e2b	per-atom confidence matrices
structures/alphafold/fbn1_cbegf3_5_ca3/fold_fbn1_cbegf3_5_ca3_full_data_4.json	140504	6608e3fa7919339bad59fb0a3b957a9ec03101b81705e4c4000f0603e11407ba	per-atom confidence matrices
structures/alphafold/fbn1_cbegf41_43_ca3/fold_fbn1_cbegf41_43_ca3_full_data_0.json	141379	f77b1f58afa9fc5fb3c6e88226bbad167f03d2768bcef9ed628e2b7216f71647	per-atom confidence matrices
structures/alphafold/fbn1_cbegf41_43_ca3/fold_fbn1_cbegf41_43_ca3_full_data_1.json	141510	f1dc77ec719f6ed7074ba0d2248d3b9e29b4b950fc1c0094a982ff5579a0f2a9	per-atom confidence matrices
structures/alphafold/fbn1_cbegf41_43_ca3/fold_fbn1_cbegf41_43_ca3_full_data_2.json	141039	5b29d79fd19626eb35092368cec12ff181bddbf1cb5ac34848da44730890f134	per-atom confidence matrices
structures/alphafold/fbn1_cbegf41_43_ca3/fold_fbn1_cbegf41_43_ca3_full_data_3.json	141481	bd28293adb17ac8d1796a57d232d625901234c5deca6bcaa0c4a45b11b864183	per-atom confidence matrices
structures/alphafold/fbn1_cbegf41_43_ca3/fold_fbn1_cbegf41_43_ca3_full_data_4.json	141795	6606d121078a92a0bc241c0780b8610e922636282a73b992cb285c01799d8582	per-atom confidence matrices
structures/alphafold/fbn1_cbegf5_7_ca3/fold_fbn1_cbegf5_7_ca3_full_data_0.json	342196	75fbaf92e311db058355bf77d595ea18487f9521b53b808c7221f58460a58cff	per-atom confidence matrices
structures/alphafold/fbn1_cbegf5_7_ca3/fold_fbn1_cbegf5_7_ca3_full_data_1.json	341721	aabd648534f659d835d194e0c9c6e1d6f07b6601d95aae653837fdae16756b76	per-atom confidence matrices
structures/alphafold/fbn1_cbegf5_7_ca3/fold_fbn1_cbegf5_7_ca3_full_data_2.json	342845	8939b2d1ae7ddfb8648f4efb1f8b9ddebd8cb10dab413abdb0ad4bfd9ee0d02f	per-atom confidence matrices
structures/alphafold/fbn1_cbegf5_7_ca3/fold_fbn1_cbegf5_7_ca3_full_data_3.json	343143	5988f02d345bd7362c62dd8866a27506b1750c36460808f2c3960c5a58fab0cf	per-atom confidence matrices
structures/alphafold/fbn1_cbegf5_7_ca3/fold_fbn1_cbegf5_7_ca3_full_data_4.json	345178	2f12349f473ad0052ee46b3b4b0ac82d13a2ca5e69e9559bd0cd7c4e748df1b0	per-atom confidence matrices
structures/alphafold/fbn1_cbegf5_7_d723a_ca3/fold_fbn1_cbegf5_7_d723a_ca3_full_data_0.json	341766	b53aa9997316fd192cf3699272e37ed7655ac20303d414889a9ca382f191fbfb	per-atom confidence matrices
structures/alphafold/fbn1_cbegf5_7_d723a_ca3/fold_fbn1_cbegf5_7_d723a_ca3_full_data_1.json	342577	deb20985a11010a27a0a4e81a203e649daee2075a3d5f9e8ebfef6f1682bad85	per-atom confidence matrices
structures/alphafold/fbn1_cbegf5_7_d723a_ca3/fold_fbn1_cbegf5_7_d723a_ca3_full_data_2.json	342992	4ee1d774070cb205c69ef54aaf95344c376222760fe4f92ccb1ed277de96dcce	per-atom confidence matrices
structures/alphafold/fbn1_cbegf5_7_d723a_ca3/fold_fbn1_cbegf5_7_d723a_ca3_full_data_3.json	343649	4b577bc218464512fde9493a61ed4613f499c7c3bb449b14fd83e7ae72668e38	per-atom confidence matrices
structures/alphafold/fbn1_cbegf5_7_d723a_ca3/fold_fbn1_cbegf5_7_d723a_ca3_full_data_4.json	344785	9c4dadbb858cd032a1f4920638e7975b6844d241d97471edb097f90130e5eb35	per-atom confidence matrices
structures/alphafold/fbn1_cbegf7_9_ca3/fold_fbn1_cbegf7_9_ca3_full_data_0.json	141791	b9a962d381bb22d526b89ce0f2df3a96bd90089c950948a05949e97cd910d707	per-atom confidence matrices
structures/alphafold/fbn1_cbegf7_9_ca3/fold_fbn1_cbegf7_9_ca3_full_data_1.json	141761	8f8c7de2e893a701792292326fab14cf99efde9d1b18c7c49108f7af1e143ae6	per-atom confidence matrices
structures/alphafold/fbn1_cbegf7_9_ca3/fold_fbn1_cbegf7_9_ca3_full_data_2.json	141812	775c9ce2901ead4e749bc40da12a79cbc1a86045c3c63babe01c6f2a768fcf31	per-atom confidence matrices
structures/alphafold/fbn1_cbegf7_9_ca3/fold_fbn1_cbegf7_9_ca3_full_data_3.json	142088	b365a0a2c3ec4601e2de35b5a7712e8c5d4f37e33b411c511e42eee860314b45	per-atom confidence matrices
structures/alphafold/fbn1_cbegf7_9_ca3/fold_fbn1_cbegf7_9_ca3_full_data_4.json	142294	4fc9475f02d98c44d0ac4bf3d1f8b42de7dc6727a9aa2f19c1c9aa2c55887f97	per-atom confidence matrices
structures/alphafold/fbn1_cbegf9_11_ca3/fold_fbn1_cbegf9_11_ca3_full_data_0.json	617924	16b76611a35332ba763cb937d6804fcca947270732152f3aee34d863e1b18aa8	per-atom confidence matrices
structures/alphafold/fbn1_cbegf9_11_ca3/fold_fbn1_cbegf9_11_ca3_full_data_1.json	617527	3782063472a0b41e4564829bffb73d9a66e5c3bf3726cd5996bb307f8a90526c	per-atom confidence matrices
structures/alphafold/fbn1_cbegf9_11_ca3/fold_fbn1_cbegf9_11_ca3_full_data_2.json	617133	c24bdee14e4728fa4810de4a2ac0977a67ba2f2755148a5f08c6e592bb952a33	per-atom confidence matrices
structures/alphafold/fbn1_cbegf9_11_ca3/fold_fbn1_cbegf9_11_ca3_full_data_3.json	617602	06e9f4ae9ae838809f5e93f7277138511d56d8c892ecea176fd10fbc56664da1	per-atom confidence matrices
structures/alphafold/fbn1_cbegf9_11_ca3/fold_fbn1_cbegf9_11_ca3_full_data_4.json	618216	8570d9f5f8e14689885bb9fc142a298b6c94cc6134483898bbeffaf8a98c218b	per-atom confidence matrices
structures/alphafold/fbn1_cbegf9_hyb2_cbegf10_e913k_ca2/fold_fbn1_cbegf9_hyb2_cbegf10_e913k_ca2_full_data_0.json	186722	ca952e7645661e54a7efdf60e35fbdd67b0319aaf469487fe2ae81c54ad45e92	per-atom confidence matrices
structures/alphafold/fbn1_cbegf9_hyb2_cbegf10_e913k_ca2/fold_fbn1_cbegf9_hyb2_cbegf10_e913k_ca2_full_data_1.json	186760	ab69af915d7e72e9d866194613d2d3db056874d0bfa260a24cdac894f08de503	per-atom confidence matrices
structures/alphafold/fbn1_cbegf9_hyb2_cbegf10_e913k_ca2/fold_fbn1_cbegf9_hyb2_cbegf10_e913k_ca2_full_data_2.json	186769	99e1306cf98ee812131538768e04a021de2eceefac48876fb20d85bfe148299e	per-atom confidence matrices
structures/alphafold/fbn1_cbegf9_hyb2_cbegf10_e913k_ca2/fold_fbn1_cbegf9_hyb2_cbegf10_e913k_ca2_full_data_3.json	186778	068fb06a6691b79a461052c41af118db16bbfa1a0a80cf683accc34d0fab1265	per-atom confidence matrices
structures/alphafold/fbn1_cbegf9_hyb2_cbegf10_e913k_ca2/fold_fbn1_cbegf9_hyb2_cbegf10_e913k_ca2_full_data_4.json	186740	1b7e18df3ffbb7853359c095dbc83d42707f775168d600602fca6f742686ef98	per-atom confidence matrices
structures/alphafold/fold_fbn1_cbegf12_13_ca2/fold_fbn1_cbegf12_13_ca2_full_data_0.json	72070	5a9cf6df67dd8baa74df572487759d5dc887277c9da925a4c87f48457a7544ce	per-atom confidence matrices
structures/alphafold/fold_fbn1_cbegf12_13_ca2/fold_fbn1_cbegf12_13_ca2_full_data_1.json	72210	d1eb5e1bece498b2b6599a1084c92e8d6d26f0050828c1bb1a15321a68c0905a	per-atom confidence matrices
structures/alphafold/fold_fbn1_cbegf12_13_ca2/fold_fbn1_cbegf12_13_ca2_full_data_2.json	72260	e18a03b87ad28d58698eb7cae7214a716c25b8e796f6a07c0234b9fa0fe57c35	per-atom confidence matrices
structures/alphafold/fold_fbn1_cbegf12_13_ca2/fold_fbn1_cbegf12_13_ca2_full_data_3.json	72199	6193b056eb1093694e23a4edcaa65568cbbe539078cfd9cc1cf1568074b2f4f8	per-atom confidence matrices
structures/alphafold/fold_fbn1_cbegf12_13_ca2/fold_fbn1_cbegf12_13_ca2_full_data_4.json	72434	5413a35e607e8cb8ba38faf6bc0fb099259f89af2f1b601120141c60930eca84	per-atom confidence matrices
structures/alphafold/fold_fbn1_cbegf22_tb4_cbegf23_ca2/fold_fbn1_cbegf22_tb4_cbegf23_ca2_full_data_0.json	231598	e198d87c6d2ae4ee27db42c4ee7f6b468d2afbc3351b94ddc33e3ac936e254b5	per-atom confidence matrices
structures/alphafold/fold_fbn1_cbegf22_tb4_cbegf23_ca2/fold_fbn1_cbegf22_tb4_cbegf23_ca2_full_data_1.json	231711	64ea8b37c793e699bc2ad40f4428971ea1c3d07e532067ef068b24f332034d75	per-atom confidence matrices
structures/alphafold/fold_fbn1_cbegf22_tb4_cbegf23_ca2/fold_fbn1_cbegf22_tb4_cbegf23_ca2_full_data_2.json	231665	273c80593f5457decc704471d225b71e1b1d570628b5f71341147de955c014ae	per-atom confidence matrices
structures/alphafold/fold_fbn1_cbegf22_tb4_cbegf23_ca2/fold_fbn1_cbegf22_tb4_cbegf23_ca2_full_data_3.json	231664	63a3ee9172b611b8f859471fe8f0a0f31f68911e55858bfb73227a79afe67947	per-atom confidence matrices
structures/alphafold/fold_fbn1_cbegf22_tb4_cbegf23_ca2/fold_fbn1_cbegf22_tb4_cbegf23_ca2_full_data_4.json	231574	73c6d3d002580718af347565f3e6f6dd737034bb47f57f27da22551e36afd0d8	per-atom confidence matrices
structures/alphafold/fold_fbn1_cbegf32_33_ca2/fold_fbn1_cbegf32_33_ca2_full_data_0.json	61892	14a6192a6eebfe7d563a44fd53aeb53eecd5a0f74ab5e14648c363fffefc44e7	per-atom confidence matrices
structures/alphafold/fold_fbn1_cbegf32_33_ca2/fold_fbn1_cbegf32_33_ca2_full_data_1.json	62052	560c2088fbf2c24d5ec4b54ef86da594f50384a8593de73f16cdd4517d0043fe	per-atom confidence matrices
structures/alphafold/fold_fbn1_cbegf32_33_ca2/fold_fbn1_cbegf32_33_ca2_full_data_2.json	62251	af056f1a69172450b9f731728a96aacf5c7201230b3981d37b21182827d2d860	per-atom confidence matrices
structures/alphafold/fold_fbn1_cbegf32_33_ca2/fold_fbn1_cbegf32_33_ca2_full_data_3.json	62456	740cce2235bf70df72774d31fb174f0f1d25722563eb4cbebd1be8ae9ebb2fc9	per-atom confidence matrices
structures/alphafold/fold_fbn1_cbegf32_33_ca2/fold_fbn1_cbegf32_33_ca2_full_data_4.json	62998	0744df2e26ceea6709211010c6924172504d1ba00b7b59b3a4c2c9b81640ca56	per-atom confidence matrices
structures/alphafold/fold_fbn1_cbegf9_hyb2_cbegf10_ca2/fold_fbn1_cbegf9_hyb2_cbegf10_ca2_full_data_0.json	186553	e7e8cba1561cabaa3e780893c6caf343a7bfcb8b0d567c587d8bc6d943244abf	per-atom confidence matrices
structures/alphafold/fold_fbn1_cbegf9_hyb2_cbegf10_ca2/fold_fbn1_cbegf9_hyb2_cbegf10_ca2_full_data_1.json	186564	3292f2dc1ea12c57de8cb04c5de8b2ca08516a1a8ac652772ea89ada569da5e1	per-atom confidence matrices
structures/alphafold/fold_fbn1_cbegf9_hyb2_cbegf10_ca2/fold_fbn1_cbegf9_hyb2_cbegf10_ca2_full_data_2.json	186536	dc2eea172d2d4e9a4192e0ad1269ac9f261a5bee4dd345a296d18517fe8b0ec5	per-atom confidence matrices
structures/alphafold/fold_fbn1_cbegf9_hyb2_cbegf10_ca2/fold_fbn1_cbegf9_hyb2_cbegf10_ca2_full_data_3.json	186570	49c1d1bbfd2312f60931c09c3bed6c42e98305cac5934c1e0ba823086bd06835	per-atom confidence matrices
structures/alphafold/fold_fbn1_cbegf9_hyb2_cbegf10_ca2/fold_fbn1_cbegf9_hyb2_cbegf10_ca2_full_data_4.json	186522	5b8873291099af31fa0858964d9efb35aebc599c28867448d0b6c0186e097236	per-atom confidence matrices
